point_key,delta2,alpha_dm,mu_X,mu_c,w0,success,message,residual_inf,temperature,mu,source,vev,rho,rho_d,epsilon,p_bar,Omega_ren,minus_p_bar,psi_abs,psi_sq,mu_minus_mu_c,accepted
d0.10_a0.0_nu0.0,0.1,0.0,0.0,3.730492119716248,0.02,True,,4.440892098500626e-16,0.17059454202568733,3.731406037163063,2.303929616531697e-17,0.061935014469105404,0.7463193579148116,0.0,2.882608434193571,0.954602459067246,-0.974089243522247,-0.954602459067246,0.061935014469105404,0.0038359460172882956,0.0009139174468151268,True
d0.10_a0.0_nu0.0,0.1,0.0,0.0,3.730492119716248,0.04,True,,4.440892098500626e-16,0.170600853422805,3.7316127582972403,-3.870601755773251e-17,0.12388095460213043,0.7464752013018771,0.0,2.8831778499124994,0.9547950976630091,-0.9742953106365526,-0.9547950976630091,0.12388095460213043,0.015346490913135101,0.001120638580992317,True
d0.10_a0.0_nu0.0,0.1,0.0,0.0,3.730492119716248,0.06,True,,4.440892098500626e-16,0.1706113703121635,3.7319573240100534,4.96564594998361e-17,0.1858487487481328,0.7467349829506339,0.0,2.8841271093933756,0.9551162421794288,-0.9746388345069261,-0.9551162421794288,0.1858487487481328,0.0345397574112466,0.0014652042938054777,True
d0.10_a0.0_nu0.0,0.1,0.0,0.0,3.730492119716248,0.08,True,,2.220446049250313e-16,0.17062609242212134,3.7324397453532767,1.8865117801247777e-17,0.24784933368861328,0.7470987769727911,0.0,2.885456541363965,0.9555660056003035,-0.9751199844422431,-0.9555660056003035,0.24784933368861328,0.061429292209889574,0.0019476256370287715,True
d0.10_a0.0_nu0.5,0.1,0.0,0.5,3.725430087442603,0.02,True,,3.5083047578154947e-14,0.16834320884732945,3.726336716830237,-1.4393868041917557e-14,0.06164155724446589,0.7453053575821578,0.10000077217315718,2.90367728106321,0.9615297610271227,-0.9813134006250569,-0.9615297610271227,0.06164155724446589,0.0037996815795227653,0.0009066293876336395,True
d0.10_a0.0_nu0.5,0.1,0.0,0.5,3.725430087442603,0.04,True,,1.6653345369377348e-15,0.16834947628999736,3.7265436414247075,1.1167282376600696e-17,0.12329404182597492,0.7454608345810223,0.100003093669999,2.9042457810510314,0.9617220474819987,-0.9815190547197221,-0.9617220474819987,0.12329404182597492,0.015201420749785253,0.0011135539821043317,True
d0.10_a0.0_nu0.5,0.1,0.0,0.5,3.725430087442603,0.06,True,,1.2212453270876722e-15,0.16835991918209464,3.726888555164174,4.206704429243757e-17,0.18496838276969482,0.7457200052460204,0.10000696193588257,2.905193521131878,0.9620426073443014,-0.9818618832673045,-0.9620426073443014,0.18496838276969482,0.03421330262443634,0.0014584677215707664,True
d0.10_a0.0_nu0.5,0.1,0.0,0.5,3.725430087442603,0.08,True,,5.551115123125783e-16,0.16837453808173586,3.7273714584168633,-4.3151246464923076e-17,0.24667551744852534,0.7460829363056402,0.10001237763485317,2.9065208198671826,0.9624915503454758,-0.9823420351260463,-0.9624915503454758,0.24667551744852534,0.06084881090849773,0.0019413709742601704,True
d0.10_a0.0_nu1.0,0.1,0.0,1.0,3.710025965175792,0.02,True,,6.439293542825908e-15,0.1616031095045405,3.7109106786124997,1.7406865879254774e-16,0.06074916842260734,0.7422197345943351,0.20000156067844171,2.9667535948992736,0.9822689617540163,-1.002941387995684,-0.9822689617540163,0.06074916842260734,0.0036904614640383125,0.000884713436707596,True
d0.10_a0.0_nu1.0,0.1,0.0,1.0,3.710025965175792,0.04,True,,1.021405182655144e-14,0.16160924261282425,3.7111182403437684,-4.206704429243757e-17,0.12150926950969798,0.7423741003896142,0.20000625468962702,2.967319328007761,0.9824601846157748,-1.0031458104858773,-0.9824601846157748,0.12150926950969798,0.014764502576780419,0.0010922751679762754,True
d0.10_a0.0_nu1.0,0.1,0.0,1.0,3.710025965175792,0.06,True,,6.661338147750939e-16,0.16161946369872454,3.7114641876755177,-1.734723475976807e-17,0.18229123498434435,0.742631398014484,0.200014072051812,2.9682624325278084,0.9827789641394702,-1.003486517564235,-0.9827789641394702,0.18229123498434435,0.03323009435211745,0.0014382224997255832,True
d0.10_a0.0_nu1.0,0.1,0.0,1.0,3.710025965175792,0.08,True,,1.1102230246251565e-15,0.1616337708494029,3.711948556163676,4.401860820291148e-17,0.24310601009041138,0.7429917241166374,0.2000250201896574,2.9695832557927133,0.9832254189977903,-1.0039637561182568,-0.9832254189977903,0.24310601009041138,0.0591005321420792,0.0019225909878839431,True
d0.10_a0.0_nu1.5,0.1,0.0,1.5,3.683584134198788,0.02,True,,4.076738946423575e-13,0.15041847872285308,3.684432087669695,-6.134415891922984e-15,0.05921936817045072,0.7369233082746391,0.3000023879962737,3.071422975317546,1.0166841427317195,-1.0388316652753877,-1.0166841427317195,0.05921936817045072,0.0035069335665073916,0.000847953470907381,True
d0.10_a0.0_nu1.5,0.1,0.0,1.5,3.683584134198788,0.04,True,,1.3322676295501878e-15,0.15042438481673093,3.684640729541116,-6.396792817664476e-18,0.1184496740464724,0.7370757228161834,0.3000095525806932,3.071983963974162,1.0168735476509028,-1.0390338784633566,-1.0168735476509028,0.1184496740464724,0.014030325281715557,0.0010565953423280483,True
d0.10_a0.0_nu1.5,0.1,0.0,1.5,3.683584134198788,0.06,True,,7.771561172376096e-16,0.1504342285265809,3.684988472180961,-4.336808689942018e-19,0.1777018636486809,0.7373298072467219,0.3000215006114216,3.0729191602667925,1.0171892961561753,-1.0393710649250292,-1.0171892961561753,0.1777018636486809,0.03157795234421438,0.0014043379821733204,True
d0.10_a0.0_nu1.5,0.1,0.0,1.5,3.683584134198788,0.08,True,,5.262457136723242e-14,0.15044800827665328,3.6854753396277786,6.261484386538285e-15,0.23698688310294902,0.737685606428,0.3000382229742579,3.074228895084161,1.017631502380027,-1.0398432653642833,-1.017631502380027,0.23698688310294902,0.056162782762850826,0.0018912054289907942,True
d0.10_a0.0_nu2.0,0.1,0.0,2.0,3.6447873612782926,0.02,True,,3.552713678800501e-15,0.13487262492863422,3.645583370116868,-1.406752318799942e-16,0.05697869990303504,0.729152494825295,0.4000032685511054,3.2169050646116375,1.06451927065973,-1.088717377197232,-1.06451927065973,0.05697869990303504,0.0032465722426401255,0.000796008838575446,True
d0.10_a0.0_nu2.0,0.1,0.0,2.0,3.6447873612782926,0.04,True,,1.3322676295501878e-15,0.13487820783858911,3.645793561861356,4.7704895589362195e-18,0.11396835150168072,0.729302041472064,0.40001309245518885,3.217459110465825,1.0647060262072046,-1.0889165356458852,-1.0647060262072046,0.11396835150168072,0.01298878514401065,0.0010062005830633325,True
d0.10_a0.0_nu2.0,0.1,0.0,2.0,3.6447873612782926,0.06,True,,8.881784197001252e-16,0.13488751206657687,3.6461438932493233,1.6479873021779667e-17,0.17097990776984567,0.7295513188450014,0.40002945932757283,3.2183827368262428,1.0650173600197377,-1.0892485017863196,-1.0650173600197377,0.17097990776984567,0.029234128860984934,0.0013565319710306945,True
d0.10_a0.0_nu2.0,0.1,0.0,2.0,3.6447873612782926,0.08,True,,4.529709940470639e-14,0.13490053652534645,3.646634387828698,2.14737082282479e-15,0.22802432921701313,0.7299003994312783,0.40005237171173336,3.2196762760959245,1.0654533860388256,-1.089713432610244,-1.0654533860388256,0.22802432921701313,0.05199509471486879,0.0018470265504055838,True
d0.10_a0.4_nu0.0,0.1,0.4,0.0,3.6661065168330986,0.02,True,,4.440892098500626e-16,0.17564888960375902,3.667026491909472,-1.9678269430611905e-17,0.06258581722391991,0.73344546736272,0.1466955081135331,2.8353124311070133,0.9390518684749622,-0.9578860504637527,-0.9390518684749622,0.06258581722391991,0.00391698451758591,0.0009199750763735359,True
d0.10_a0.4_nu0.0,0.1,0.4,0.0,3.6661065168330986,0.04,True,,1.4432899320127035e-15,0.17565763102601067,3.6672391022154014,-1.3552527156068805e-17,0.12518334083754662,0.7336085217057917,0.14674736521305454,2.835875926697554,0.9392425667256248,-0.958131376176965,-0.9392425667256248,0.12518334083754662,0.015670868823249366,0.0011325853823027643,True
d0.10_a0.4_nu0.0,0.1,0.4,0.0,3.6661065168330986,0.06,True,,1.1102230246251565e-15,0.17567219891443886,3.6675934469406615,-4.7704895589362195e-17,0.1878042796794369,0.733880319271894,0.14683380947167243,2.8368153041110418,0.9395604724932127,-0.9585403247884092,-0.9395604724932127,0.1878042796794369,0.03527044746591215,0.001486930107562845,True
d0.10_a0.4_nu0.0,0.1,0.4,0.0,3.6661065168330986,0.08,True,,1.5543122344752192e-15,0.17569258586795958,3.6680895886920535,-2.690989792109022e-16,0.25046034876742196,0.7342609448396572,0.14695486938727356,2.8381309513788437,0.9400057187558559,-0.9591130498766445,-0.9400057187558559,0.25046034876742196,0.06273038630469864,0.0019830718589548546,True
d0.10_a0.4_nu0.5,0.1,0.4,0.5,3.6551697608512406,0.02,True,,8.881784197001252e-16,0.16609164301045262,3.656056590868603,-8.131516293641283e-19,0.06134578997661968,0.7512511483315529,0.24625726167953033,2.924761333098104,0.9684620140178595,-0.9885685810054348,-0.9684620140178595,0.06134578997661968,0.0037633059478555313,0.0008868300173623389,True
d0.10_a0.4_nu0.5,0.1,0.4,0.5,3.6551697608512406,0.04,True,,1.3322676295501878e-15,0.16610209369990625,3.656272471130576,-1.5178830414797062e-18,0.12270362403567861,0.7514138668288183,0.24631090863398325,2.925328501271906,0.9686536097733551,-0.9888510233840883,-0.9686536097733551,0.12270362403567861,0.015056179351489165,0.0011027102793352839,True
d0.10_a0.4_nu0.5,0.1,0.4,0.5,3.6551697608512406,0.06,True,,6.661338147750939e-16,0.16611950638863482,3.6566323129223433,-8.239936510889834e-18,0.18408554931016374,0.7516851218344826,0.24640033993132693,2.926274042838486,0.9689730255277027,-0.9893218745471106,-0.9689730255277027,0.18408554931016374,0.03388748946482473,0.0014625520711026851,True
d0.10_a0.4_nu0.5,0.1,0.4,0.5,3.6551697608512406,0.08,True,,9.992007221626409e-16,0.16614387932725358,3.6571361016026818,6.938893903907228e-18,0.24550361653309627,0.7520649689280887,0.24652557703355993,2.927598290143578,0.96942037615554,-0.989981228457632,-0.96942037615554,0.24550361653309627,0.06027202573082958,0.001966340751441198,True
d0.10_a0.4_nu1.0,0.1,0.4,1.0,3.6333291786489754,0.02,True,,2.220446049250313e-16,0.15216309078252246,3.6341686117245886,-5.9631119486702744e-18,0.059462203612629945,0.7668728995172432,0.3453822025814859,3.055118140349805,1.011323003736834,-1.0332783791392492,-1.011323003736834,0.059462203612629945,0.0035357536584698615,0.0008394330756131829,True
d0.10_a0.4_nu1.0,0.1,0.4,1.0,3.6333291786489754,0.04,True,,1.3322676295501878e-15,0.15217520908382928,3.6343885208130984,3.5236570605778894e-17,0.11893683795656086,0.7670344647135703,0.3454373954009004,3.0556873892410295,1.0115148764580226,-1.0335962976153876,-1.0115148764580226,0.11893683795656086,0.014145971423105216,0.0010593421641229561,True
d0.10_a0.4_nu1.0,0.1,0.4,1.0,3.6333291786489754,0.06,True,,1.5543122344752192e-15,0.15219540381331229,3.634755040849258,5.355958732078392e-17,0.17843633930626568,0.7673037940021462,0.34552940335991766,3.056636374165464,1.0118347456536867,-1.0341262873665829,-1.0118347456536867,0.17843633930626568,0.031839527185020776,0.0014258622002825128,True
d0.10_a0.4_nu1.0,0.1,0.4,1.0,3.6333291786489754,0.08,True,,3.0753177782116836e-14,0.15222366965024509,3.6352681947067937,3.408514789859929e-15,0.23797314516433696,0.7676809512472212,0.3456582478793721,3.057965464246081,1.0122827383238473,-1.0348684539359503,-1.0122827383238473,0.23797314516433696,0.05663121781940659,0.0019390160578183213,True
d0.10_a0.4_nu1.5,0.1,0.4,1.5,3.5991539079429464,0.02,True,,8.881784197001252e-16,0.13403597376712242,3.5999316018055714,-5.4155898515650946e-17,0.05685384899916271,0.7800244732033182,0.44401309349604473,3.224765557883984,1.0671037379743211,-1.0914616946335434,-1.0671037379743211,0.05685384899916271,0.0032323601460195945,0.0007776938626249397,True
d0.10_a0.4_nu1.5,0.1,0.4,1.5,3.5991539079429464,0.04,True,,1.1102230246251565e-15,0.13404974536179615,3.6001564882766246,3.155028321932818e-17,0.11372060386354221,0.7801839622168493,0.44406960430271913,3.2253352128309416,1.0672952407021512,-1.0918129377358943,-1.0672952407021512,0.11372060386354221,0.012932375743088692,0.0010025803336781713,True
d0.10_a0.4_nu1.5,0.1,0.4,1.5,3.5991539079429464,0.06,True,,1.9984014443252818e-15,0.13407269440097036,3.600531308725107,-8.456776945386935e-18,0.17061317099653944,0.7804498180697051,0.4441638008326726,3.2262848845148255,1.0676144968183507,-1.092398405137126,-1.0676144968183507,0.17061317099653944,0.029108854117494407,0.0013774007821605316,True
d0.10_a0.4_nu1.5,0.1,0.4,1.5,3.5991539079429464,0.08,True,,1.9984014443252818e-15,0.1341048149618221,3.6010560869640895,-3.122502256758253e-17,0.2275444634898824,0.7808221294786144,0.4442957158122166,3.2276149554090807,1.068061637262872,-1.0932183034946292,-1.068061637262872,0.2275444634898824,0.051776482864898415,0.0019021790211430911,True
d0.10_a0.4_nu2.0,0.1,0.4,2.0,3.5502354084626218,0.02,True,,2.4424906541753444e-15,0.11196402661135435,3.5509366079821763,1.0489656018797255e-16,0.053381405289366954,0.7902239883314248,0.5420535721146837,3.431328149397814,1.1350239824714663,-1.162305010440416,-1.1350239824714663,0.053381405289366954,0.002849574430667654,0.0007011995195544962,True
d0.10_a0.4_nu2.0,0.1,0.4,2.0,3.5502354084626218,0.04,True,,2.0872192862952943e-14,0.11197946571988855,3.551167838741869,-2.62084191154921e-15,0.10677634109248246,0.790380281371016,0.5421111713117228,3.431896475542999,1.1352144490956562,-1.1626866363779715,-1.1352144490956562,0.10677634109248246,0.01140118701709816,0.000932430279247054,True
d0.10_a0.4_nu2.0,0.1,0.4,2.0,3.5502354084626218,0.06,True,,4.440892098500626e-16,0.11200519134529882,3.551553257203442,-4.9873299934333204e-18,0.16019834017310675,0.790640833674218,0.5422071923767866,3.4328439596647513,1.1355319869326195,-1.1633228257911554,-1.1355319869326195,0.16019834017310675,0.025663508194218428,0.0013178487408200823,True
d0.10_a0.4_nu2.0,0.1,0.4,2.0,3.5502354084626218,0.08,True,,9.992007221626409e-16,0.11204119875974679,3.5520928562924703,-2.883977778811442e-17,0.2136609388543929,0.7910057120822579,0.5423416546364406,3.4341709657292085,1.1359767210669816,-1.1642136965636283,-1.1359767210669816,0.2136609388543929,0.04565099679214063,0.0018574478298485353,True
d0.10_a0.8_nu0.0,0.1,0.8,0.0,3.4599435696228706,0.02,True,,4.440892098500626e-16,0.19124166411879515,3.460874632960614,3.843496701461113e-17,0.0645280633064844,0.6922220726814702,0.2769011841947448,2.689401693904074,0.891078047656265,-0.9078989319264317,-0.891078047656265,0.0645280633064844,0.004163870954085659,0.0009310633377435096,True
d0.10_a0.8_nu0.0,0.1,0.8,0.0,3.4599435696228706,0.04,True,,1.5543122344752192e-15,0.19125794997045645,3.461102240783784,-3.968179951296946e-17,0.12907019802825764,0.6924090603320705,0.27701304967358253,2.689943985366881,0.8912617804362526,-0.9082637060231027,-0.8912617804362526,0.12907019802825764,0.016659116019053642,0.0011586711609132827,True
d0.10_a0.8_nu0.0,0.1,0.8,0.0,3.4599435696228706,0.06,True,,1.1102230246251565e-15,0.19128508218482693,3.4614816126480847,8.088148206741863e-17,0.19364047716471405,0.692720772058955,0.27719953523496577,2.6908480891861473,0.8915680995296498,-0.9088717438616549,-0.8915680995296498,0.19364047716471405,0.037496634396578146,0.0015380430252140975,True
d0.10_a0.8_nu0.0,0.1,0.8,0.0,3.4599435696228706,0.08,True,,5.551115123125783e-16,0.1913230474832179,3.4620127478495104,-5.854691731421724e-18,0.2582529790127695,0.6931572992632358,0.2774607027002884,2.692114401210347,0.8919971414179599,-0.9097231659752905,-0.8919971414179599,0.2582529790127695,0.06669460116896997,0.0020691782266397674,True
d0.10_a0.8_nu0.5,0.1,0.8,0.5,3.465196928053538,0.02,True,,1.1546319456101628e-14,0.1734997075464892,3.4660706395245615,4.087442190270352e-17,0.06231048231591596,0.7332608427559452,0.37731699735052765,2.855459448151123,0.9456758544993136,-0.9648637419696148,-0.9456758544993136,0.06231048231591596,0.0038825962064420756,0.0008737114710233307,True
d0.10_a0.8_nu0.5,0.1,0.8,0.5,3.465196928053538,0.04,True,,5.551115123125783e-16,0.17352009639491106,3.46630655481892,2.3201926491189795e-17,0.12463593487755383,0.7334481995787312,0.3774299273798391,2.8560149497307066,0.9458633259600902,-0.9653152359479952,-0.9458633259600902,0.12463593487755383,0.015534116262801838,0.0011096267653818437,True
d0.10_a0.8_nu0.5,0.1,0.8,0.5,3.465196928053538,0.06,True,,4.996003610813204e-16,0.17355406918355532,3.4666997253101783,4.83554168928535e-17,0.18699133070048574,0.7337605155631395,0.37761818339253167,2.856941046542488,0.9461758685074528,-0.9660678003953124,-0.9461758685074528,0.18699133070048574,0.03496575775713842,0.0015027972566401537,True
d0.10_a0.8_nu0.5,0.1,0.8,0.5,3.465196928053538,0.08,True,,1.6653345369377348e-14,0.1736016086191117,3.467250178234066,2.239961688355052e-15,0.24939165002659422,0.7341979122792379,0.3778818433695484,2.858238178742795,0.9466136329065193,-0.9671216617295899,-0.9466136329065193,0.24939165002659422,0.06219619510298725,0.0020532501805279324,True
d0.10_a0.8_nu1.0,0.1,0.8,1.0,3.459038440285072,0.02,True,,6.661338147750939e-16,0.1513455084801809,3.4598410808932045,1.5173409403934635e-16,0.059348612727475894,0.7720140406647755,0.47681849122311665,3.0628082476941927,1.013851330444595,-1.035988011637567,-1.013851330444595,0.059348612727475894,0.003522257832675914,0.0008026406081325099,True
d0.10_a0.8_nu1.0,0.1,0.8,1.0,3.459038440285072,0.04,True,,6.661338147750939e-16,0.15137015496842848,3.460086953089319,3.903127820947816e-18,0.11871329784655055,0.7722007125015423,0.4769317912717033,3.0633764994418016,1.014042300708752,-1.0365236359658914,-1.014042300708752,0.11871329784655055,0.014092847085603823,0.0010485128042470038,True
d0.10_a0.8_nu1.0,0.1,0.8,1.0,3.459038440285072,0.06,True,,8.881784197001252e-16,0.1514112208157299,3.4604967359258856,5.421010862427522e-17,0.17811013431048278,0.7725119235471037,0.47712068537553604,3.06432387825771,1.0143606845585964,-1.037416554987924,-1.0143606845585964,0.17811013431048278,0.03172321994409821,0.0014582956408135672,True
d0.10_a0.8_nu1.0,0.1,0.8,1.0,3.459038440285072,0.08,True,,1.2212453270876722e-13,0.15146868659297616,3.4610704381499997,-5.8301887623235515e-15,0.23755519723192847,0.7729477614073531,0.477385233424243,3.065650831566927,1.0148066357960488,-1.0386668751973023,-1.0148066357960488,0.23755519723192847,0.056432471731900434,0.0020319978649276926,True
d0.10_a0.8_nu1.5,0.1,0.8,1.5,3.4390883438451336,0.02,True,,6.661338147750939e-16,0.12512411018786246,3.43980621826387,-1.0695654431569501e-16,0.05549549518118646,0.808005590941522,0.5752152193145702,3.308218203343131,1.0945435437733977,-1.1201652524476418,-1.0945435437733977,0.05549549518118646,0.0030797499854050897,0.0007178744187363861,True
d0.10_a0.8_nu1.5,0.1,0.8,1.5,3.4390883438451336,0.04,True,,2.220446049250313e-15,0.1251532506235877,3.4400645552182123,1.214306433183765e-17,0.11100851992034758,0.8081903668659958,0.5753280982552244,3.3087991955999314,1.094737928653558,-1.1207810521713115,-1.094737928653558,0.11100851992034758,0.012322891494906205,0.0009762113730786837,True
d0.10_a0.8_nu1.5,0.1,0.8,1.5,3.4390883438451336,0.06,True,,1.9984014443252818e-15,0.12520180265334516,3.4404951120496334,-1.0104764247564901e-16,0.1665565999851995,0.8084983889923685,0.5755162709832977,3.3097678269687094,1.09506201028762,-1.1218074617983809,-1.09506201028762,0.1665565999851995,0.02774110099862976,0.0014067682044998087,True
d0.10_a0.8_nu1.5,0.1,0.8,1.5,3.4390883438451336,0.08,True,,4.440892098500626e-16,0.12526974205391475,3.4410979064885816,-5.399326818977812e-17,0.22215726790690016,0.8089298037981771,0.5757798354893156,3.3111245805712315,1.095515953238646,-1.123244829716202,-1.095515953238646,0.22215726790690016,0.04935385168385821,0.002009562643447982,True
d0.10_a0.8_nu2.0,0.1,0.8,2.0,3.4012725886364477,0.02,True,,3.1086244689504383e-15,0.0953572037072653,3.401891759322198,2.763089236579308e-16,0.05049185302493455,0.8404204475699876,0.6721811447568553,3.5868065239992575,1.1861481105115672,-1.2157221417358874,-1.1861481105115672,0.05049185302493455,0.0025494272218915923,0.0006191706857503476,True
d0.10_a0.8_nu2.0,0.1,0.8,2.0,3.4012725886364477,0.04,True,,1.6653345369377348e-15,0.09539120115971328,3.402166634022365,-3.415236843329339e-17,0.10100336461879794,0.8406017419923295,0.6722925687342173,3.5874010961997556,1.1863461175280463,-1.2164118339369823,-1.1863461175280463,0.10100336461879794,0.010201679664317844,0.0008940453859174191,True
d0.10_a0.8_nu2.0,0.1,0.8,2.0,3.4012725886364477,0.06,True,,1.5543122344752192e-15,0.09544784031808647,3.402624786667313,2.45029690981724e-17,0.15155419252244579,0.8409040192625186,0.6724783559494808,3.588392413999827,1.1866762525442027,-1.2175616249385721,-1.1866762525442027,0.15155419252244579,0.02296867327113056,0.0013521980308652815,True
d0.10_a0.8_nu2.0,0.1,0.8,2.0,3.4012725886364477,0.08,True,,1.4432899320127035e-15,0.09552709016721546,3.4032662084705914,-1.2533377113932431e-16,0.2021639853237608,0.8413273995084416,0.6727385836046609,3.5897809768921434,1.1871386864013402,-1.2191717087009626,-1.1871386864013402,0.2021639853237608,0.040870276961985766,0.0019936198341437006,True
d0.10_a1.2_nu0.0,0.1,1.2,0.0,3.06402436507849,0.02,True,,6.661338147750939e-16,0.21865868346081518,3.064946809102478,1.9786689647860456e-17,0.06773378178408825,0.6130524206138757,0.3678483805294979,2.4328394188814855,0.8067254183206387,-0.8200066686997889,-0.8067254183206387,0.06773378178408825,0.004587865194774485,0.0009224440239878895,True
d0.10_a1.2_nu0.0,0.1,1.2,0.0,3.06402436507849,0.04,True,,2.220446049250313e-15,0.21868806594626397,3.065195157494878,1.3010426069826053e-17,0.1354860421924665,0.6132913092418534,0.3680425062447576,2.433338037968497,0.8068947623960412,-0.8205771560624122,-0.8068947623960412,0.1354860421924665,0.018356467628978808,0.0011707924163881778,True
d0.10_a1.2_nu0.0,0.1,1.2,0.0,3.06402436507849,0.06,True,,3.552713678800501e-15,0.2187370063146484,3.0656091064218494,1.0842021724855044e-18,0.20327526414195562,0.6136895657453695,0.36836614122703115,2.4341694468430433,0.8071771314562284,-0.821528018634679,-0.8071771314562284,0.20327526414195562,0.04132083301198183,0.001584741343359397,True
d0.10_a1.2_nu0.0,0.1,1.2,0.0,3.06402436507849,0.08,True,,1.2212453270876722e-15,0.2188054657253244,3.0661886030680265,-4.9873299934333204e-18,0.27111992525761464,0.6142473132316033,0.36881939960284205,2.4353341387768523,0.8075726955048594,-0.8228592598949906,-0.8075726955048594,0.27111992525761464,0.07350601387169454,0.002164237989536577,True
d0.10_a1.2_nu0.5,0.1,1.2,0.5,3.114161791158756,0.02,True,,1.3322676295501878e-15,0.19289779852454736,3.1150134453490104,-3.404394821604484e-17,0.06472909165952295,0.6830656314308023,0.47385644422068735,2.673965093694278,0.8860023841716611,-0.9027343678555504,-0.8860023841716611,0.06472909165952295,0.004189855307066924,0.0008516541902543473,True
d0.10_a1.2_nu0.5,0.1,1.2,0.5,3.114161791158756,0.04,True,,7.771561172376096e-15,0.19293581589176756,3.1152779139685425,-2.424276057677588e-16,0.12947863173291368,0.6833073896087075,0.4740527049637034,2.6744918648437306,0.8861800110407785,-0.9034783905774852,-0.8861800110407785,0.12947863173291368,0.016764716075427483,0.0011161228097864573,True
d0.10_a1.2_nu0.5,0.1,1.2,0.5,3.114161791158756,0.06,True,,6.8833827526759706e-15,0.19299914559725,3.115718674930806,5.117434254131581e-17,0.1942690718515682,0.6837104445579314,0.4743799138757007,2.6753701885400005,0.8864761829208874,-0.9047185646670954,-0.8864761829208874,0.1942690718515682,0.037740472278069766,0.0015568837720500994,True
d0.10_a1.2_nu0.5,0.1,1.2,0.5,3.114161791158756,0.08,True,,4.440892098500626e-16,0.1930877368853781,3.1163357148569313,9.324138683375338e-18,0.2591208523123416,0.6842749458271888,0.47483820617127415,2.676600635824798,0.8868910955698084,-0.9064549511186654,-0.8868910955698084,0.2591208523123416,0.06714361610307436,0.002173923698175262,True
d0.10_a1.2_nu1.0,0.1,1.2,1.0,3.154083988698336,0.02,True,,2.220446049250313e-15,0.1619580256774148,3.1548507908450802,-1.802486111757151e-16,0.06079686140651971,0.7510321714794269,0.5786363067064998,2.963558501543048,0.9812178067368222,-1.0020845326215668,-0.9812178067368222,0.06079686140651971,0.0036962583568835652,0.0007668021467441832,True
d0.10_a1.2_nu1.0,0.1,1.2,1.0,3.154083988698336,0.04,True,,2.5757174171303632e-14,0.1620055249817732,3.155135185030176,-8.53267109746092e-16,0.12161674323184082,0.7512751413038589,0.5788331130951974,2.964116260629453,0.9814045596322103,-1.0030022186794596,-0.9814045596322103,0.12161674323184082,0.014790632234319501,0.001051196331840032,True
d0.10_a1.2_nu1.0,0.1,1.2,1.0,3.154083988698336,0.06,True,,2.893241202173158e-13,0.1620846490573776,3.1556091485165774,2.4807629908640827e-14,0.18248265960965632,0.7516802130316776,0.5791612331141609,2.965046261484531,0.981715951962542,-1.0045318141079562,-0.981715951962542,0.18248265960965632,0.033299921058213694,0.0015251598182413062,True
d0.10_a1.2_nu1.0,0.1,1.2,1.0,3.154083988698336,0.08,True,,4.2743586448068527e-14,0.16219533493447927,3.1562726576635165,6.999826066000914e-15,0.24341762029718542,0.7522476038100078,0.5796208565269038,2.9663491231331136,0.9821521945796121,-1.0066736224456077,-0.9821521945796121,0.24341762029718542,0.059252137871144736,0.0021886689651804403,True
d0.10_a1.2_nu1.5,0.1,1.2,1.5,3.180408635230976,0.02,True,,4.440892098500626e-16,0.1263538358171899,3.181076961617476,6.808789643208968e-17,0.05568626514207255,0.8162753302433698,0.6817818631096056,3.2968046801042874,1.090790270260186,-1.116407326646351,-1.090790270260186,0.05568626514207255,0.003100960125473204,0.000668326386499718,True
d0.10_a1.2_nu1.5,0.1,1.2,1.5,3.180408635230976,0.04,True,,1.354472090042691e-14,0.12641197828620887,3.181387511127752,3.4510155150213606e-16,0.11139922379780512,0.8165173460966986,0.6819770912357985,3.297398403776242,1.090987724794104,-1.1174952051880815,-1.090987724794104,0.11139922379780512,0.012409787062753471,0.0009788758967759215,True
d0.10_a1.2_nu1.5,0.1,1.2,1.5,3.180408635230976,0.06,True,,1.2212453270876722e-15,0.12650882641354919,3.18190505969604,2.5153490401663703e-17,0.1671655555671447,0.8169208538556644,0.6823026034472666,3.2983883840815906,1.0913169658388142,-1.1193085186940022,-1.0913169658388142,0.1671655555671447,0.027944322968072147,0.001496424465063928,True
d0.10_a1.2_nu1.5,0.1,1.2,1.5,3.180408635230976,0.08,True,,4.296563105299356e-14,0.12664429644483013,3.182629560121459,1.0214268666985937e-14,0.2230119196748217,0.8174861037469832,0.6827586211328547,3.299775288208366,1.0917782199758221,-1.1218476649248352,-1.0917782199758221,0.2230119196748217,0.049734316317049124,0.002220924890482756,True
d0.10_a1.2_nu2.0,0.1,1.2,2.0,3.186847927197682,0.02,True,,6.661338147750939e-16,0.08695400119741982,3.187404764009203,-3.030345072096985e-17,0.04891447244503123,0.8775370520362326,0.7825381349333251,3.665574618997198,1.2120486052608612,-1.2429155338484361,-1.2120486052608612,0.04891447244503123,0.002392625614575719,0.0005568368115209665,True
d0.10_a1.2_nu2.0,0.1,1.2,2.0,3.186847927197682,0.04,True,,8.548717289613705e-15,0.08702447892844992,3.1877530609033613,-3.6179826495841283e-16,0.09786171205157429,0.8777750984444386,0.7827286986816776,3.6662140755852306,1.2122599630747573,-1.2441645059973292,-1.2122599630747573,0.09786171205157429,0.00957691468566524,0.0009051337056793507,True
d0.10_a1.2_nu2.0,0.1,1.2,2.0,3.186847927197682,0.06,True,,3.552713678800501e-15,0.08714185877741569,3.188333494649533,-2.710505431213761e-17,0.14687445959550366,0.8781720719419996,0.7830465088291415,3.6672803193241634,1.212612388875641,-1.2462465760831531,-1.212612388875641,0.14687445959550366,0.021572106881471237,0.001485567451851022,True
d0.10_a1.2_nu2.0,0.1,1.2,2.0,3.186847927197682,0.08,True,,6.661338147750939e-16,0.08730601434651288,3.189145991129807,4.4885969940899884e-17,0.19598539031954423,0.8787282667352827,0.7834918256129566,3.668774082279924,1.2131061305981348,-1.2491621646676796,-1.2131061305981348,0.19598539031954423,0.038410273218704105,0.0022980639321250607,True
d0.10_a1.6_nu0.0,0.1,1.6,0.0,2.3432586337731656,0.02,True,,2.220446049250313e-16,0.2600331942093628,2.3440863181861173,7.26415455565288e-17,0.07216371459772898,0.46892093254692774,0.3751546843422054,2.045654915875275,0.6794320404560494,-0.6873729716542976,-0.6794320404560494,0.07216371459772898,0.005207601704542483,0.0008276844129517791,True
d0.10_a1.6_nu0.0,0.1,1.6,0.0,2.3432586337731656,0.04,True,,3.3306690738754696e-16,0.26008176172229946,2.3443650232999476,-4.553649124439119e-18,0.1443555604880885,0.46928774672291107,0.37550196060723345,2.0460774852754184,0.6795762548845232,-0.6882461979239531,-0.6795762548845232,0.1443555604880885,0.02083852784383018,0.0011063895267819923,True
d0.10_a1.6_nu0.0,0.1,1.6,0.0,2.3432586337731656,0.06,True,,4.440892098500626e-16,0.2601626172496514,2.3448294569376995,-5.724587470723463e-17,0.2166036587177513,0.4698992742700609,0.3760809242050949,2.0467823630187922,0.6798168143841394,-0.6897012312636897,-0.6798168143841394,0.2166036587177513,0.04691714496991608,0.001570823164533941,True
d0.10_a1.6_nu0.0,0.1,1.6,0.0,2.3432586337731656,0.08,True,,6.661338147750939e-16,0.2602756250338123,2.3454795185086823,-1.8041124150158794e-16,0.28893611368172734,0.47075578931798717,0.3768918444188369,2.047770454768397,0.6801540259612011,-0.691737590325763,-0.6801540259612011,0.28893611368172734,0.08348407778950007,0.002220884735516737,True
d0.10_a1.6_nu0.5,0.1,1.6,0.5,2.475951851442363,0.02,True,,1.199040866595169e-14,0.22958363709498866,2.4767207185985387,7.534662997688013e-16,0.0689475311452918,0.5754512646060215,0.49637958437344754,2.3307100636338873,0.7731474861666356,-0.7852283335103827,-0.7731474861666356,0.0689475311452918,0.004753762051030982,0.0007688671561756344,True
d0.10_a1.6_nu0.5,0.1,1.6,0.5,2.475951851442363,0.04,True,,1.4432899320127035e-15,0.2296530316965169,2.4770267861721287,-1.2685165418080402e-17,0.13792762242939838,0.5758339230914233,0.4967414428077068,2.3311798318500223,0.7733055699382021,-0.7864994959426709,-0.7733055699382021,0.13792762242939838,0.019024029029026678,0.0010749347297656087,True
d0.10_a1.6_nu0.5,0.1,1.6,0.5,2.475951851442363,0.06,True,,1.4432899320127035e-15,0.22976856836821571,2.4775368083089595,-1.0798653637955624e-16,0.206972817301702,0.5764719167714918,0.4973447674056006,2.3319634521631087,0.7735692703608947,-0.7886178171203427,-0.7735692703608947,0.206972817301702,0.042837747101803714,0.001584956866596432,True
d0.10_a1.6_nu0.5,0.1,1.6,0.5,2.475951851442363,0.08,True,,5.662137425588298e-15,0.22993006649338674,2.478250640996659,1.2305694657710475e-15,0.27611562342653606,0.5773655872239565,0.49818989666878927,2.3330619293210475,0.7739389269427193,-0.7915828711106024,-0.7739389269427193,0.27611562342653606,0.07623983750022467,0.0022987895542958547,True
d0.10_a1.6_nu1.0,0.1,1.6,1.0,2.607554425363043,0.02,True,,1.0580425424677742e-13,0.19128626078415278,2.608248444022331,3.349810663230701e-14,0.06453443283313956,0.6817586348046328,0.6174258371805814,2.689223156665321,0.8910181390538128,-0.9082856021675443,-0.8910181390538128,0.06453443283313956,0.004164693021095001,0.000694018659288087,True
d0.10_a1.6_nu1.0,0.1,1.6,1.0,2.607554425363043,0.04,True,,5.440092820663267e-15,0.1913807093520668,2.608589739458203,-2.732189474663471e-16,0.12910763416663062,0.6821538441958862,0.6177988116629534,2.689750136445582,0.8911932136115865,-0.9099886549972427,-0.8911932136115865,0.12910763416663062,0.016668781200104527,0.0010353140951600004,True
d0.10_a1.6_nu1.0,0.1,1.6,1.0,2.607554425363043,0.06,True,,1.1102230246251565e-15,0.1915379568280743,2.609158421466308,5.4643789493269423e-17,0.19375834063993386,0.6828128335066649,0.6184207404924961,2.6906291715722546,0.8914852518792031,-0.9128268998587826,-0.8914852518792031,0.19375834063993386,0.03754229456754064,0.001603996103265004,True
d0.10_a1.6_nu1.0,0.1,1.6,1.0,2.607554425363043,0.08,True,,1.3322676295501878e-15,0.19175774945488264,2.6099543301158104,1.7564075194265172e-16,0.2585252251452323,0.6837360827871208,0.6192920971778952,2.6918614142705337,0.8918946409194177,-0.9168001067467726,-0.8918946409194177,0.2585252251452323,0.06683529203639305,0.0023999047527674122,True
d0.10_a1.6_nu1.5,0.1,1.6,1.5,2.7345148904497116,0.02,True,,7.65361623904226e-14,0.14547584085131665,2.735120037096101,-7.65361623904226e-14,0.05852281961844297,0.7871320387547907,0.7377244493656722,3.1180649803600318,1.0320184896409046,-1.0554739705135976,-1.0320184896409046,0.05852281961844297,0.003424920416092813,0.0006051466463894428,True
d0.10_a1.6_nu1.5,0.1,1.6,1.5,2.7345148904497116,0.04,True,,1.2656542480726785e-14,0.14560127154460098,2.7355104023809838,-7.600257229123386e-17,0.11709404852200325,0.7875343785655681,0.7381028056156477,3.118665969783251,1.0322159970473876,-1.0576364935146778,-1.0322159970473876,0.11709404852200325,0.013711016199273252,0.0009955119312721195,True
d0.10_a1.6_nu1.5,0.1,1.6,1.5,2.7345148904497116,0.06,True,,3.552713678800501e-15,0.1458100714751665,2.7361608235698234,-1.2663481374630692e-16,0.17576203072268048,0.7882054121654978,0.7387338611103225,3.1196684468022795,1.0325454520325366,-1.061240813287716,-1.0325454520325366,0.17576203072268048,0.03089229144376048,0.0016459331201117422,True
d0.10_a1.6_nu1.5,0.1,1.6,1.5,2.7345148904497116,0.08,True,,6.661338147750939e-16,0.1461018654586236,2.7370710129770153,-9.128982292327947e-17,0.2345749710288684,0.7891458024095598,0.7396182729256437,3.1210736424927745,1.0330072656643097,-1.0662869620845368,-1.0330072656643097,0.2345749710288684,0.05502541703319445,0.002556122527303639,True
d0.10_a1.6_nu2.0,0.1,1.6,2.0,2.849437715267863,0.02,True,,1.3850362913861436e-13,0.09300874981686655,2.8499443501123536,1.3850362913861436e-13,0.05005938496442522,0.8900908222078846,0.8560904833272879,3.609233055722143,1.1935210369701963,-1.2240484310591306,-1.1935210369701963,0.05005938496442522,0.0025059420230165216,0.0005066348444904278,True
d0.10_a1.6_nu2.0,0.1,1.6,2.0,2.849437715267863,0.04,True,,8.881784197001252e-16,0.09317433809644114,2.8504135787742815,-2.47198095326695e-17,0.10018528607873556,0.8904907820417309,0.8564639726768173,3.6099423889136233,1.1937523871893063,-1.2266842054788323,-1.1937523871893063,0.10018528607873556,0.010037091546678084,0.0009758635064183174,True
d0.10_a1.6_nu2.0,0.1,1.6,2.0,2.849437715267863,0.06,True,,1.5543122344752192e-15,0.09344988401507906,2.851195289481488,2.5847379792054426e-16,0.15044402680414148,0.8911581337920378,0.8570871995381399,3.6111254739762444,1.1941382541644998,-1.2310777365521886,-1.1941382541644998,0.15044402680414148,0.022633405201045242,0.0017575742136246575,True
d0.10_a1.6_nu2.0,0.1,1.6,2.0,2.849437715267863,0.08,True,,9.270709200315252e-14,0.09383473962630451,2.8522889881876514,9.270709200315252e-14,0.20090155036914542,0.8920939991348743,0.8579612742515745,3.6127836077803295,1.1946790636648075,-1.2372298882065245,-1.1946790636648075,0.20090155036914542,0.04036143294072628,0.0028512729197882614,True
d0.15_a0.0_nu0.0,0.15,0.0,0.0,3.586839248834604,0.02,True,,5.551115123125783e-16,0.11349705108713481,3.5875076303086453,4.87890977618477e-19,0.05363494803472631,1.0763081948313058,0.0,3.417039781290441,1.1303265550141077,-1.1573470840294888,-1.1303265550141077,0.05363494803472631,0.0028767076506877915,0.0006683814740413574,True
d0.15_a0.0_nu0.0,0.15,0.0,0.0,3.586839248834604,0.04,True,,1.4432899320127035e-15,0.11350495933271207,3.5877180640244637,5.149960319306146e-17,0.10728083430026662,1.0765390720362789,0.0,3.417853226985244,1.1306001138073043,-1.1576381411587602,-1.1306001138073043,0.10728083430026662,0.011509177408161264,0.0008788151898597718,True
d0.15_a0.0_nu0.0,0.15,0.0,0.0,3.586839248834604,0.06,True,,6.661338147750939e-16,0.11351813675467586,3.588068828647391,-4.9439619065339e-17,0.16094860109698295,1.0769239559999717,0.0,3.4192093520432536,1.1310561750169654,-1.1581234142592614,-1.1310561750169654,0.16094860109698295,0.02590445219507574,0.0012295798127870405,True
d0.15_a0.0_nu0.0,0.15,0.0,0.0,3.586839248834604,0.08,True,,1.7763568394002505e-15,0.11353658543913409,3.588559926590727,-7.546047120499111e-17,0.21464919876789976,1.0774629560825693,0.0,3.421108673162962,1.131694914878608,-1.1588031188794372,-1.131694914878608,0.21464919876789976,0.04607427853170134,0.0017206777561229458,True
d0.15_a0.0_nu0.5,0.15,0.0,0.5,3.578211205746497,0.02,True,,5.662137425588298e-15,0.11050356180907818,3.5788694041251214,1.0319436277717031e-15,0.05313792711398087,1.0737163688749445,0.15000192965394746,3.445052794080766,1.1395376803629915,-1.1669531879708808,-1.1395376803629915,0.05313792711398087,0.002823639297970743,0.0006581983786242418,True
d0.15_a0.0_nu0.5,0.15,0.0,0.5,3.578211205746497,0.04,True,,6.661338147750939e-16,0.11051136192462216,3.5790802298719386,-4.4777549723651333e-17,0.10628679484462722,1.073946329482551,0.15000772547539282,3.445864018039174,1.1398103966330382,-1.1672432860142476,-1.1398103966330382,0.10628679484462722,0.011296882758343875,0.000869024125441431,True
d0.15_a0.0_nu0.5,0.15,0.0,0.5,3.578211205746497,0.06,True,,2.220446049250313e-16,0.11052436203420626,3.5794316222371356,-4.358492733391728e-17,0.1594575486564454,1.074329681338018,0.15001738653994096,3.447216415425828,1.14026504537469,-1.1677269595521118,-1.14026504537469,0.1594575486564454,0.02542670982352265,0.0012204164906384207,True
d0.15_a0.0_nu0.5,0.15,0.0,0.5,3.578211205746497,0.08,True,,6.661338147750939e-16,0.11054256061561595,3.579923611900117,7.871307772244762e-17,0.21266113392135427,1.074866502568962,0.15003090789338386,3.4491105293864166,1.1409018121139525,-1.1684042894254474,-1.1409018121139525,0.21266113392135427,0.04522475788071618,0.0017124061536200053,True
d0.15_a0.0_nu1.0,0.15,0.0,1.0,3.551652366082867,0.02,True,,4.218847493575595e-15,0.10158514848224214,3.552279902030026,1.3459827870321295e-15,0.05160816101165954,1.0657384547470696,0.30000393890462196,3.5285108264270093,1.1669802080978116,-1.195572718467445,-1.1669802080978116,0.05160816101165954,0.002663402283005376,0.0006275359471592523,True
d0.15_a0.0_nu1.0,0.15,0.0,1.0,3.551652366082867,0.04,True,,8.881784197001252e-16,0.10159262499229829,3.5524918848774587,3.924811864397526e-17,0.10322726927185316,1.065965537377882,0.30001575965272864,3.5293151865234904,1.1672503296285868,-1.1958597828926176,-1.1672503296285868,0.10322726927185316,0.01065586912132368,0.0008395187945917648,True
d0.15_a0.0_nu1.0,0.15,0.0,1.0,3.551652366082867,0.06,True,,3.774758283725532e-15,0.10160508502365621,3.552845210175283,2.8020120945715377e-15,0.15486827319777188,1.0663440741913124,0.30003545794076664,3.530656149414426,1.167700655725639,-1.1963383222711104,-1.167700655725639,0.15486827319777188,0.023984182043259708,0.0011928440924160455,True
d0.15_a0.0_nu1.0,0.15,0.0,1.0,3.551652366082867,0.08,True,,1.5570010558629832e-14,0.10162252732847578,3.553339914806161,1.5570010558629832e-14,0.2065421341548883,1.0668742102328617,0.3000630418678715,3.5325342636151618,1.1683313725097833,-1.1970086641391715,-1.1683313725097833,0.2065421341548883,0.042659653181255884,0.001687548723293908,True
d0.15_a0.0_nu1.5,0.15,0.0,1.5,3.504895369685484,0.02,True,,2.4447111002245947e-13,0.08694935423160931,3.505471189701945,-2.0066852910241573e-13,0.048914030330012376,1.0516939193712136,0.45000611744338553,3.6654707567558944,1.2120157753870444,-1.2425400591264943,-1.2120157753870444,0.048914030330012376,0.002392582363125371,0.0005758200164609484,True
d0.15_a0.0_nu1.5,0.15,0.0,1.5,3.504895369685484,0.04,True,,4.440892098500626e-16,0.08695627480060458,3.5056852169560693,-7.15573433840433e-18,0.09783902144630088,1.0519158726965847,0.45002448537184064,3.6662631447607055,1.212281389407508,-1.2428218958851438,-1.212281389407508,0.09783902144630088,0.009572474117569724,0.0007898472705853976,True
d0.15_a0.0_nu1.5,0.15,0.0,1.5,3.504895369685484,0.06,True,,1.7763568394002505e-15,0.08696780925283279,3.506041942057874,5.2258544713801314e-17,0.1467859368553151,1.0522858588194715,0.4500550938581975,3.667584144479406,1.2127241996658995,-1.2432917136583437,-1.2127241996658995,0.1467859368553151,0.021546111258492553,0.0011465723723902421,True
d0.15_a0.0_nu1.5,0.15,0.0,1.5,3.504895369685484,0.08,True,,1.9317880628477724e-14,0.08698395697678085,3.5065413957055642,1.7993852935438426e-14,0.19576574814796277,1.0528039979951245,0.4500979447962652,3.6694342946784673,1.2133443890634226,-1.2439497434870035,-1.2133443890634226,0.19576574814796277,0.038324228147931585,0.001646026020080349,True
d0.15_a0.0_nu2.0,0.15,0.0,2.0,3.4331190475535736,0.02,True,,2.2426505097428162e-14,0.06703319173154461,3.4336209119321217,1.1217155676535029e-14,0.044767854329774426,1.0301358262505227,0.6000086217354584,3.8518414678665067,1.273300008426304,-1.306453656129673,-1.273300008426304,0.044767854329774426,0.0020041607812919028,0.0005018643785481558,True
d0.15_a0.0_nu2.0,0.15,0.0,2.0,3.4331190475535736,0.04,True,,1.1102230246251565e-15,0.06703930342447292,3.4338380084000977,4.358492733391728e-17,0.08954670073664191,1.0303496868106279,0.6000345171354589,3.852615685190358,1.27355882926895,-1.3067276318742334,-1.27355882926895,0.08954670073664191,0.008018611612817705,0.0007189608465241193,True
d0.15_a0.0_nu2.0,0.15,0.0,2.0,3.4331190475535736,0.06,True,,1.7763568394002505e-15,0.0670494902896197,3.4341998460470204,-2.7863995832877464e-17,0.13434753407481417,1.0307061757752878,0.6000776639391328,3.8539063903781425,1.273990314151888,-1.3071842999089482,-1.273990314151888,0.13434753407481417,0.018049259911983355,0.0010807984934468884,True
d0.15_a0.0_nu2.0,0.15,0.0,2.0,3.4331190475535736,0.08,True,,1.1102230246251565e-15,0.06706374899778743,3.4347064830530725,-6.288372600415926e-18,0.17918135449423062,1.0312054312979475,0.6001380690278301,3.8557141531864545,1.2745946555205592,-1.3078239274550836,-1.2745946555205592,0.17918135449423062,0.03210595779838714,0.0015874354994989126,True
d0.15_a0.4_nu0.0,0.15,0.4,0.0,3.531612837210202,0.02,True,,1.1102230246251565e-16,0.11975410508086347,3.5322984272605678,-3.577867169202165e-18,0.05464941643216088,1.0597480592739832,0.21195802833802618,3.358493722475032,1.1110757393380482,-1.1372899141094193,-1.1110757393380482,0.05464941643216088,0.002986558716375736,0.0006855900503657253,True
d0.15_a0.4_nu0.0,0.15,0.4,0.0,3.531612837210202,0.04,True,,8.881784197001252e-16,0.11976570111525688,3.532516314743208,1.8431436932253575e-18,0.10931084791461065,1.0599890578744264,0.21203148128946772,3.359301775086351,1.1113476209511646,-1.1376369588557869,-1.1113476209511646,0.10931084791461065,0.01194886147181114,0.0009034775330061251,True
d0.15_a0.4_nu0.0,0.15,0.4,0.0,3.531612837210202,0.06,True,,4.440892098500626e-16,0.11978502522292148,3.532879464605365,1.951563910473908e-18,0.16399631162539907,1.060390797804278,0.21215393060085133,3.36064889717818,1.1118008827361336,-1.1382154873418497,-1.1118008827361336,0.16399631162539907,0.026894790226735004,0.0012666273951631446,True
d0.15_a0.4_nu0.0,0.15,0.4,0.0,3.531612837210202,0.08,True,,1.5543122344752192e-15,0.11981206873733712,3.533387926176551,4.466912950640278e-17,0.21871782986252747,1.060953413995756,0.21232542217009157,3.3625356857810402,1.1124357280550612,-1.1390257273805826,-1.1124357280550612,0.21871782986252747,0.04783748909977351,0.0017750889663488145,True
d0.15_a0.4_nu0.5,0.15,0.4,0.5,3.506955549009173,0.02,True,,4.440892098500626e-16,0.10737980342864696,3.5075969023390643,6.938893903907228e-17,0.05261064622386957,1.0823366706172595,0.36047726528452456,3.4743058082731295,1.1491564886855485,-1.1770207807049147,-1.1491564886855485,0.05261064622386957,0.0027678800960931615,0.0006413533298914587,True
d0.15_a0.4_nu0.5,0.15,0.4,0.5,3.506955549009173,0.04,True,,1.1324274851176597e-14,0.10739387227633111,3.507820418597393,1.491862189340054e-16,0.10523394981092385,1.082576565281601,0.3605550437130181,3.4751179357335786,1.1494291316412273,-1.1774193668805288,-1.1494291316412273,0.10523394981092385,0.01107418419280804,0.0008648695882200741,True
d0.15_a0.4_nu0.5,0.15,0.4,0.5,3.506955549009173,0.06,True,,1.3322676295501878e-15,0.10741731465916068,3.5081929701294987,4.83554168928535e-17,0.15788256939160222,1.0829764785005462,0.3606847053026592,3.476471884885541,1.1498836740320257,-1.1780838296601301,-1.1498836740320257,0.15788256939160222,0.02492690571769409,0.0012374211203258767,True
d0.15_a0.4_nu0.5,0.15,0.4,0.5,3.506955549009173,0.08,True,,2.7755575615628914e-16,0.10745012449187716,3.5087145726821776,5.702903427273753e-17,0.2105691697042257,1.0835365364715261,0.3608662948806613,3.478368236535971,1.1505203139950027,-1.1790143899175571,-1.1505203139950027,0.2105691697042257,0.04433937522992701,0.0017590236730047337,True
d0.15_a0.4_nu1.0,0.15,0.4,1.0,3.4624539134527206,0.02,True,,4.780620344035924e-13,0.08950828680331908,3.4630314226778633,-5.35271696758266e-14,0.04940341414327663,1.0989652103755996,0.5078044633378543,3.6415600039817946,1.2041531970589858,-1.2343926678299808,-1.2041531970589858,0.04940341414327663,0.0024406973290121057,0.0005775092251427694,True
d0.15_a0.4_nu1.0,0.15,0.4,1.0,3.4624539134527206,0.04,True,,4.440892098500626e-16,0.08952471862183149,3.4632623700071883,-3.7947076036992655e-17,0.09882032091448506,1.099201876117397,0.5078860655320855,3.642372441425323,1.2044251540983169,-1.2348385153795252,-1.2044251540983169,0.09882032091448506,0.009765455825641813,0.0008084565544677069,True
d0.15_a0.4_nu1.0,0.15,0.4,1.0,3.4624539134527206,0.06,True,,4.440892098500626e-16,0.0895520973458182,3.4636473149621505,1.734723475976807e-18,0.14826421800708417,1.0995964473599962,0.5080221165101336,3.6437269332645883,1.2048785611805215,-1.2355818879562768,-1.2048785611805215,0.14826421800708417,0.02198227834125218,0.0011934015094299255,True
d0.15_a0.4_nu1.0,0.15,0.4,1.0,3.4624539134527206,0.08,True,,1.5543122344752192e-15,0.08959041476990938,3.4641862705414073,4.705437428587089e-17,0.1977486016077047,1.100149024297349,0.5082126474381826,3.64562408029542,1.2055136236213002,-1.2366228904095835,-1.2055136236213002,0.1977486016077047,0.039104509437802706,0.0017323570886866868,True
d0.15_a0.4_nu1.5,0.15,0.4,1.5,3.39311296264324,0.02,True,,9.934902293201597e-14,0.06683240863475012,3.3936067316411105,9.934902293201597e-14,0.04472216753358562,1.1081348260411907,0.6536399225489953,3.8537714206840974,1.273934502441989,-1.3071826763360153,-1.273934502441989,0.04472216753358562,0.0020000722689020997,0.0004937689978703474,True
d0.15_a0.4_nu1.5,0.15,0.4,1.5,3.39311296264324,0.04,True,,8.881784197001252e-16,0.06685114448301936,3.3938480695587505,-1.7564075194265172e-17,0.08945909974321942,1.1083657317717028,0.653725001551367,3.8545804802533894,1.2742043536536585,-1.3076700499959735,-1.2742043536536585,0.08945909974321942,0.00800293052686728,0.0007351069155103751,True
d0.15_a0.4_nu1.5,0.15,0.4,1.5,3.39311296264324,0.06,True,,1.7763568394002505e-15,0.06688236384692316,3.3942502993372123,-2.5587171270657905e-17,0.1342255612211642,1.108750651305532,0.6538668211432512,3.8559293233120115,1.274654245678903,-1.3084824243194237,-1.274654245678903,0.1342255612211642,0.018016501285136495,0.0011373366939722018,True
d0.15_a0.4_nu1.5,0.15,0.4,1.5,3.39311296264324,0.08,True,,2.220446049250313e-16,0.06692605028224652,3.3948134737178983,-7.697835424647081e-17,0.1790363148506971,1.1092897616706807,0.6540654436325599,3.857818633991883,1.275284410155109,-1.3096201364348734,-1.275284410155109,0.1790363148506971,0.03205400203531794,0.0017005110746581842,True
d0.15_a0.4_nu2.0,0.15,0.4,2.0,3.2885321462905592,0.02,True,,3.397282455352979e-14,0.04064788604389605,3.2889210953208194,-3.2074169709073175e-14,0.03788717268320235,1.1067244390485091,0.7973595761235839,4.098813714783319,1.35451392320374,-1.3912329921165094,-1.35451392320374,0.03788717268320235,0.0014354378539267946,0.00038894903026021055,True
d0.15_a0.4_nu2.0,0.15,0.4,2.0,3.2885321462905592,0.04,True,,8.881784197001252e-16,0.04066893812852042,3.2891785149598616,7.15573433840433e-18,0.0757915775076033,1.106946053315417,0.7974479798358087,4.099616245365723,1.3547804280551645,-1.391753364598292,-1.3547804280551645,0.0757915775076033,0.005744363221091039,0.000646368669302344,True
d0.15_a0.4_nu2.0,0.15,0.4,2.0,3.2885321462905592,0.06,True,,2.220446049250313e-15,0.040704010149391165,3.2896075603533323,-1.9905951886833861e-16,0.11373044766198044,1.107315547411254,0.7975953702088687,4.100954250590803,1.3552247562893172,-1.3926209248017276,-1.3552247562893172,0.11373044766198044,0.012934614725394472,0.0010754140627731168,True
d0.15_a0.4_nu2.0,0.15,0.4,2.0,3.2885321462905592,0.08,True,,1.1102230246251565e-15,0.04075307697730298,3.2902082652819846,5.833007687972014e-17,0.15172099718505094,1.107833078796908,0.7978017866605717,4.1028284445983445,1.3558471500100495,-1.3938358156193222,-1.3558471500100495,0.15172099718505094,0.023019260986826235,0.0016761189914253904,True
d0.15_a0.8_nu0.0,0.15,0.8,0.0,3.351353744537481,0.02,True,,1.84297022087776e-14,0.13950271438202583,3.3520846971651896,6.451545027374994e-16,0.05766098822248676,1.0056933896765206,0.40229397354121005,3.173706291212511,1.0503158251658533,-1.0739845356791564,-1.0503158251658533,0.05766098822248676,0.003324789562793757,0.0007309526277086142,True
d0.15_a0.8_nu0.0,0.15,0.8,0.0,3.351353744537481,0.04,True,,5.551115123125783e-16,0.13952573497516202,3.3523216563691,1.7780915628762273e-17,0.11533714819107742,1.005968498369766,0.40245387876902994,3.174492190240926,1.050580689936396,-1.0745038404385152,-1.050580689936396,0.11533714819107742,0.013302657752850553,0.0009679118316188173,True
d0.15_a0.8_nu0.0,0.15,0.8,0.0,3.351353744537481,0.06,True,,4.440892098500626e-16,0.13956408718848248,3.3527165887884616,4.228388472693467e-17,0.17304364977202508,1.0064271044472506,0.40272045324304684,3.175802450179617,1.051022278254095,-1.0753694203396216,-1.051022278254095,0.17304364977202508,0.029944104726423275,0.0013628442509805438,True
d0.15_a0.8_nu0.0,0.15,0.8,0.0,3.351353744537481,0.08,True,,4.440892098500626e-16,0.13961774931505466,3.3532694845039486,1.5612511283791264e-17,0.23079566479199107,1.0070693659995902,0.4030938038830915,3.177637702863649,1.0516408069925092,-1.0765814620393495,-1.0516408069925092,0.23079566479199107,0.05326663888677711,0.0019157399664675445,True
d0.15_a0.8_nu0.5,0.15,0.8,0.5,3.33440242636791,0.02,True,,3.3306690738754696e-16,0.11610893883072985,3.335056096803894,7.968885967768458e-18,0.054062176034603324,1.0605831763627205,0.5502504510304135,3.392659858918705,1.1223097975225755,-1.1491037335860874,-1.1223097975225755,0.054062176034603324,0.002922718877596438,0.0006536704359838552,True
d0.15_a0.8_nu0.5,0.15,0.8,0.5,3.33440242636791,0.04,True,,2.220446049250313e-16,0.11613799608317248,3.335306618248433,3.74049749507499e-17,0.10814122327434679,1.0608574791463075,0.5504117316041607,3.393464506480086,1.1225797278275422,-1.1497428811320924,-1.1225797278275422,0.10814122327434679,0.011694524171272124,0.00090419188052282,True
d0.15_a0.8_nu0.5,0.15,0.8,0.5,3.33440242636791,0.06,True,,7.993605777301127e-15,0.11618640464807939,3.3357241573784218,2.284413977426958e-15,0.16225400627301223,1.061314740855975,0.5506805980109917,3.3948060538205027,1.1230297722822797,-1.1508081754189234,-1.1230297722822797,0.16225400627301223,0.026326362551642692,0.0013217310105115843,True
d0.15_a0.8_nu0.5,0.15,0.8,0.5,3.33440242636791,0.08,True,,2.220446049250313e-16,0.11625413599278173,3.336308714447154,-4.7488055154865094e-17,0.21641739554870798,1.0619551777993295,0.55105719046335,3.3966851952463912,1.1236601678174338,-1.1522999931981674,-1.1236601678174338,0.21641739554870798,0.046836489096085926,0.0019062880792439785,True
d0.15_a0.8_nu1.0,0.15,0.8,1.0,3.2952166982594613,0.02,True,,2.4202861936828413e-14,0.0875912362259494,3.2957750457318222,1.2806596061398778e-15,0.049037212064325875,1.1087958849819006,0.695535862498469,3.659562915166134,1.2100727868710237,-1.2406667243583964,-1.2100727868710237,0.049037212064325875,0.002404648167041667,0.0005583474723609427,True
d0.15_a0.8_nu1.0,0.15,0.8,1.0,3.2952166982594613,0.04,True,,1.3322676295501878e-15,0.08762659031636454,3.2960439061216413,-1.2782743613604097e-16,0.09809378747795792,1.1090667292694818,0.6956967439498415,3.6603863092550455,1.2103476073480124,-1.2414171739797588,-1.2103476073480124,0.09809378747795792,0.009622391141770775,0.000827207862180046,True
d0.15_a0.8_nu1.0,0.15,0.8,1.0,3.2952166982594613,0.06,True,,9.636735853746359e-14,0.08768548869218498,3.296491990328678,5.5348520905385e-15,0.14718908820670273,1.1095182967024009,0.6959649872585403,3.6617591276017265,1.21080581003298,-1.2426682120629944,-1.21080581003298,0.14718908820670273,0.02166462768712052,0.0012752920692165048,True
d0.15_a0.8_nu1.0,0.15,0.8,1.0,3.2952166982594613,0.08,True,,4.440892098500626e-16,0.08776789104491305,3.2971192912342024,-1.1275702593849246e-17,0.19634245974990883,1.1101507609400225,0.6963407106744759,3.6636821226948086,1.2114476523611302,-1.2444200015088813,-1.2114476523611302,0.19634245974990883,0.038550361500644566,0.0019025929747411574,True
d0.15_a0.8_nu1.5,0.15,0.8,1.5,3.2248466795227917,0.02,True,,7.771561172376096e-16,0.0553822447415958,3.2252922478796138,4.22296746183104e-16,0.04198321291195875,1.1476460367060355,0.8370759486261012,3.961008638058047,1.3091977367785148,-1.3440760568178625,-1.3091977367785148,0.04198321291195875,0.00176259016641086,0.0004455683568220792,True
d0.15_a0.8_nu1.5,0.15,0.8,1.5,3.2248466795227917,0.04,True,,1.3322676295501878e-15,0.05542436475926284,3.2255887531943492,-1.4604203263379745e-16,0.08399030001514313,1.1479101371189138,0.8372342070977188,3.961854223276532,1.3094784383938531,-1.3449246696537598,-1.3094784383938531,0.08399030001514313,0.007054370496633751,0.0007420736715575416,True
d0.15_a0.8_nu1.5,0.15,0.8,1.5,3.2248466795227917,0.06,True,,5.551115123125783e-16,0.055494515350599447,3.2260829595294847,-1.8865117801247777e-17,0.12604511149573533,1.1483505093002853,0.8374981046488417,3.9632641536863957,1.3099464849065043,-1.3463393363874605,-1.3099464849065043,0.12604511149573533,0.01588737013197235,0.001236280006692958,True
d0.15_a0.8_nu1.5,0.15,0.8,1.5,3.2248466795227917,0.08,True,,8.881784197001252e-16,0.05559263300428752,3.2267748304581376,9.020562075079397e-17,0.1681714653251774,1.1489674291604406,0.8378678267600261,3.965239255576307,1.3106021569792574,-1.3483204808748015,-1.3106021569792574,0.1681714653251774,0.028281641749617347,0.0019281509353459292,True
d0.15_a0.8_nu2.0,0.15,0.8,2.0,3.101861535723792,0.02,True,,8.881784197001252e-16,0.022537459359027123,3.1021776911963848,7.933649397162679e-17,0.03127364389956293,1.170702869773503,0.9722982285624717,4.268407512799968,1.410284239507746,-1.4495243034617187,-1.410284239507746,0.03127364389956293,0.0009780408027566696,0.00031615547259278287,True
d0.15_a0.8_nu2.0,0.15,0.8,2.0,3.101861535723792,0.04,True,,1.887379141862766e-15,0.022586973320666885,3.102526821471691,-1.9900530875971434e-16,0.06258379063459658,1.1709564166316204,0.9724509246341734,4.269292700137157,1.410576481721364,-1.4504509774072434,-1.410576481721364,0.06258379063459658,0.003916730850195019,0.0006652857478988139,True
d0.15_a0.8_nu2.0,0.15,0.8,2.0,3.101861535723792,0.06,True,,2.220446049250313e-15,0.022669382505582255,3.103108692388649,-2.5890747878953846e-16,0.09396681721567922,1.1713792752219412,0.9727055977212827,4.270768732461875,1.411063795064365,-1.4519956050877203,-1.411063795064365,0.09396681721567922,0.008829762737644868,0.0012471566648568633,True
d0.15_a0.8_nu2.0,0.15,0.8,2.0,3.101861535723792,0.08,True,,3.3306690738754696e-15,0.022784521671818974,3.1039232562690726,-6.42715047849407e-16,0.12545886391836097,1.1719718906112464,0.9730625414471884,4.272836660958092,1.4117465338331385,-1.4541586006976541,-1.4117465338331385,0.12545886391836097,0.015739926535685816,0.002061720545280643,True
d0.15_a1.2_nu0.0,0.15,1.2,0.0,2.9933634358109944,0.02,True,,2.220446049250313e-16,0.17566026992798067,2.99414411632497,1.338989683019598e-17,0.06258730246064206,0.898333939869212,0.5390239333142026,2.8353689635896444,0.9390709280442024,-0.9580783440314744,-0.9390709280442024,0.06258730246064206,0.003917170429299892,0.0007806805139756179,True
d0.15_a1.2_nu0.0,0.15,1.2,0.0,2.9933634358109944,0.04,True,,6.661338147750939e-16,0.1757031403913644,2.994406266562401,8.998878031629687e-18,0.1251952256090748,0.8986848104955192,0.5393051783102515,2.8361021519067435,0.9393188371359429,-0.9589006664378159,-0.9393188371359429,0.1251952256090748,0.01567384451530714,0.0010428307514067647,True
d0.15_a1.2_nu0.0,0.15,1.2,0.0,2.9933634358109944,0.06,True,,1.5543122344752192e-15,0.17577454701987485,2.994843145325384,2.47198095326695e-17,0.18784438114049595,0.8992697313894965,0.5397740500046507,2.837324659531987,0.9397322005570459,-0.9602711825298711,-0.9397322005570459,0.18784438114049595,0.03528551152605591,0.0014797095143896932,True
d0.15_a1.2_nu0.0,0.15,1.2,0.0,2.9933634358109944,0.08,True,,2.220446049250313e-16,0.17587441969240836,2.9954547394279274,-6.049848122469115e-17,0.25055537308188897,0.9000889717697743,0.5404307820684777,2.8390373306392576,0.9403113078351453,-0.9621900154753991,-0.9403113078351453,0.25055537308188897,0.06277799498020457,0.0020913036169329935,True
d0.15_a1.2_nu0.5,0.15,1.2,0.5,3.0185687246334525,0.02,True,,2.220446049250313e-16,0.1404549181226246,3.0192516046827205,4.2934406030425976e-17,0.05779959934417979,0.9958640366370756,0.6935417704781206,3.164894084403386,1.0474178718704934,-1.0711451693671632,-1.0474178718704934,0.05779959934417979,0.0033407936843477086,0.0006828800492679754,True
d0.15_a1.2_nu0.5,0.15,1.2,0.5,3.0185687246334525,0.04,True,,5.551115123125783e-15,0.14051067041036183,3.019538730557728,3.4163210455018245e-16,0.11562333450461353,0.9962159062246848,0.6938229559289736,3.1656704505967355,1.047678266985713,-1.0722081200351916,-1.047678266985713,0.11562333450461353,0.013368755481965753,0.00097000592427543,True
d0.15_a1.2_nu0.5,0.15,1.2,0.5,3.0185687246334525,0.06,True,,8.881784197001252e-16,0.14060353386259059,3.020017217529144,1.474514954580286e-17,0.17349533674777257,0.9968025843512527,0.6942917987604028,3.166964975558585,1.048112457744537,-1.0739799491429032,-1.048112457744537,0.17349533674777257,0.030100631873223,0.001448492895691711,True
d0.15_a1.2_nu0.5,0.15,1.2,0.5,3.0185687246334525,0.08,True,,6.661338147750939e-16,0.14073341803734546,3.020687019660399,7.827939685345342e-17,0.23143970642786324,0.9976243427690191,0.6949485486536455,3.168778567243862,1.0487207557180227,-1.076460754223985,-1.0487207557180227,0.23143970642786324,0.05356433771141552,0.002118295026946715,True
d0.15_a1.2_nu1.0,0.15,1.2,1.0,3.0215091317030756,0.02,True,,1.454392162258955e-14,0.09937051500590852,3.0220769693262866,1.8131655031561333e-15,0.05121545508484676,1.0867069338718067,0.8440466627601332,3.5494397532947914,1.1738613065926984,-1.2030822665785053,-1.1738613065926984,0.05121545508484676,0.002623022839547956,0.0005678376232109983,True
d0.15_a1.2_nu1.0,0.15,1.2,1.0,3.0215091317030756,0.04,True,,5.10702591327572e-15,0.09944069526761007,3.0223996900529446,1.9981846038907847e-16,0.10246065875484181,1.0870554105301224,0.8443232879830235,3.5502683853201233,1.1741370393028774,-1.2043751539606888,-1.1741370393028774,0.10246065875484181,0.010498186592476142,0.0008905583498690639,True
d0.15_a1.2_nu1.0,0.15,1.2,1.0,3.0215091317030756,0.06,True,,7.771561172376096e-16,0.09955757412320505,3.022937507454251,-8.716985466783456e-17,0.15376533155139444,1.0876364736321802,0.8447845704547803,3.5516501165029695,1.1745968250870646,-1.2065302315191693,-1.1745968250870646,0.15376533155139444,0.023643777187110256,0.0014283757511752704,True
d0.15_a1.2_nu1.0,0.15,1.2,1.0,3.0215091317030756,0.08,True,,2.5475715287326395e-14,0.0997210224765409,3.023690323193307,2.5475715287326395e-14,0.20515914394886703,1.0884505415385535,0.8454308838808265,3.553585941514939,1.1752410030467217,-1.2095479753320535,-1.1752410030467217,0.20515914394886703,0.04209027434583194,0.0021811914902314378,True
d0.15_a1.2_nu1.5,0.15,1.2,1.5,2.989035330565,0.02,True,,1.3322676295501878e-15,0.05468249812259379,2.989473713269801,9.165303065106212e-16,0.04180414976776786,1.1669168360530042,0.9881706914978365,3.967716647155612,1.3114031794248149,-1.3465868658073215,-1.3114031794248149,0.04180414976776786,0.0017475869378059659,0.0004383827048006772,True
d0.15_a1.2_nu1.5,0.15,1.2,1.5,2.989035330565,0.04,True,,1.1324274851176597e-14,0.054769450879175896,2.9898563898982404,7.578573185673676e-17,0.08364975877924083,1.167255945903842,0.9884359653836058,3.9686215462243126,1.3117021302114154,-1.3480866594047451,-1.3117021302114154,0.08364975877924083,0.006997282143825178,0.0008210593332402816,True
d0.15_a1.2_nu1.5,0.15,1.2,1.5,2.989035330565,0.06,True,,4.440892098500626e-16,0.05491420642225035,2.9904941100145077,-1.235990476633475e-16,0.12557818706186002,1.1678215765062312,0.9888784851781997,3.970130528547088,1.3122006573403269,-1.3505868802576628,-1.3122006573403269,0.12557818706186002,0.015769881065743507,0.0014587794495075634,True
d0.15_a1.2_nu1.5,0.15,1.2,1.5,2.989035330565,0.08,True,,2.220446049250313e-16,0.055116526510392394,2.9913866897909247,1.4072944198861848e-16,0.1676306033538783,1.1686143090496877,0.9894987748636733,3.97224471941081,1.3128991428075096,-1.3540880820280252,-1.3128991428075096,0.1676306033538783,0.028100019180785276,0.002351359225924554,True
d0.15_a1.2_nu2.0,0.15,1.2,2.0,2.88145533532053,0.02,True,,7.771561172376096e-14,0.012478577625428323,2.8817633481050935,-3.441520614495819e-14,0.025903943837265256,1.224583825655679,1.1187664084469275,4.362782109054024,1.4413193652735572,-1.4821167088872755,-1.4413193652735572,0.025903943837265256,0.0006710143063241926,0.0003080127845636049,True
d0.15_a1.2_nu2.0,0.15,1.2,2.0,2.88145533532053,0.04,True,,1.1191048088221578e-13,0.012584815456786523,2.8823005095675893,7.321508850577363e-15,0.05190211626894955,1.2249098153502336,1.1190104447230753,4.363867573012612,1.441676203701718,-1.4837842289635055,-1.441676203701718,0.05190211626894955,0.0026938296731955575,0.0008451742470594326,True
d0.15_a1.2_nu2.0,0.15,1.2,2.0,2.88145533532053,0.06,True,,8.659739592076221e-15,0.012761220729725868,2.88319555582,-1.4386278626710158e-15,0.07808734271003187,1.2254541844047624,1.1194181046846925,4.36567785879015,1.4422713242129248,-1.4865635235067582,-1.4422713242129248,0.07808734271003187,0.006097633091513967,0.001740220499470091,True
d0.15_a1.2_nu2.0,0.15,1.2,2.0,2.88145533532053,0.08,True,,4.440892098500626e-16,0.013006842244054071,2.8844481563243165,1.4929463915125396e-16,0.1045497200486031,1.2262184709147677,1.1199907506233595,4.368214725055623,1.4431053086973407,-1.4904547839526638,-1.4431053086973407,0.1045497200486031,0.010930643962241282,0.0029928210037866165,True
d0.15_a1.6_nu0.0,0.15,1.6,0.0,2.3142921267802086,0.02,True,,2.9976021664879227e-15,0.233047390020692,2.315056333720607,5.406916234185211e-16,0.06932487419343428,0.6946681019820928,0.555760423435609,2.2983551394299866,0.7625113629901534,-0.7741205867518923,-0.7625113629901534,0.06932487419343428,0.00480593818193549,0.0007642069403983598,True
d0.15_a1.6_nu0.0,0.15,1.6,0.0,2.3142921267802086,0.04,True,,2.220446049250313e-16,0.2331194545851099,2.315350124126949,-1.745565497701662e-17,0.13868106774449118,0.6952099889558762,0.556271776555915,2.2989853421677253,0.7627257908425236,-0.775401923922439,-0.7627257908425236,0.13868106774449118,0.019232438550752153,0.0010579973467406134,True
d0.15_a1.6_nu0.0,0.15,1.6,0.0,2.3142921267802086,0.06,True,,2.220446049250313e-16,0.23323941789256228,2.3158396810517896,1.6479873021779667e-17,0.2080998770343593,0.6961134307690111,0.557124329171653,2.3000365996449545,0.7630834837718794,-0.777536989400686,-0.7630834837718794,0.2080998770343593,0.04330555882171547,0.001547554271581042,True
d0.15_a1.6_nu0.0,0.15,1.6,0.0,2.3142921267802086,0.08,True,,4.440892098500626e-16,0.23340706625411423,2.3165248362254074,-3.3393426912553537e-17,0.27761255205707264,0.6973788854088494,0.5583185374185459,2.301510273511667,0.7635849055550352,-0.7805250840768678,-0.7635849055550352,0.27761255205707264,0.07706872905964086,0.0022327094451988216,True
d0.15_a1.6_nu0.5,0.15,1.6,0.5,2.4285196301459058,0.02,True,,1.170175067954915e-13,0.18953621337302998,2.429199763001979,-1.4922958702090483e-15,0.06432069838713586,0.8489126951770993,0.7331564311423167,2.7056887233193265,0.896432683396597,-0.9139591612292894,-0.896432683396597,0.06432069838713586,0.004137152241008902,0.0006801328560732678,True
d0.15_a1.6_nu0.5,0.15,1.6,0.5,2.4285196301459058,0.04,True,,2.220446049250313e-16,0.18963970745054023,2.4295328714804016,4.9764879717084654e-17,0.12867982324456448,0.8494710849253274,0.7336819943438947,2.7063933705112504,0.8966688595728556,-0.915806974369969,-0.8966688595728556,0.12867982324456448,0.016558496910252355,0.0010132413344958735,True
d0.15_a1.6_nu0.5,0.15,1.6,0.5,2.4285196301459058,0.06,True,,1.887379141862766e-15,0.1898119937902732,2.4300879002502076,1.3032110113275763e-16,0.1931157600620462,0.8504021706372797,0.734558366932443,2.7075688072345656,0.8970628342958662,-0.9188863319533291,-0.8970628342958662,0.1931157600620462,0.0372936967843418,0.0015682701043018277,True
d0.15_a1.6_nu0.5,0.15,1.6,0.5,2.4285196301459058,0.08,True,,7.229460086133344e-16,0.19005276757906375,2.430864621799592,7.229460086133344e-16,0.2576668109020083,0.851706601551059,0.7357861953113477,2.7092165690801266,0.8976151287333778,-0.9231967312807683,-0.8976151287333778,0.2576668109020083,0.06639218544041131,0.0023449916536861792,True
d0.15_a1.6_nu1.0,0.15,1.6,1.0,2.5316885173347545,0.02,True,,1.176836406102666e-13,0.1359270190243459,2.532265910395567,1.8825164951191686e-14,0.05713508717669103,0.9998287847296173,0.9078887235921673,3.2075481109905013,1.061441622028724,-1.0862276091871945,-1.061441622028724,0.05713508717669103,0.003264418186688084,0.0005773930608126143,True
d0.15_a1.6_nu1.0,0.15,1.6,1.0,2.5316885173347545,0.04,True,,1.8207657603852567e-14,0.1360694387794759,2.5326574715600176,-3.2526065174565133e-19,0.11432043099729988,1.0003935678433735,0.9084176829976673,3.208352543192632,1.0617076854141487,-1.088668882399514,-1.0617076854141487,0.11432043099729988,0.013069160943408403,0.0009689542252631078,True
d0.15_a1.6_nu1.0,0.15,1.6,1.0,2.5316885173347545,0.06,True,,1.3322676295501878e-15,0.13630648413362603,2.53330983297533,1.2880321809127793e-16,0.17160619079632622,1.00133553120055,0.9092999381851045,3.2096943956048563,1.0621515066468419,-1.092737588259884,-1.0621515066468419,0.17160619079632622,0.02944868471962512,0.0016213156405755491,True
d0.15_a1.6_nu1.0,0.15,1.6,1.0,2.5316885173347545,0.08,True,,1.7690059486707987e-14,0.1366376763346635,2.5342226345780277,1.7690059486707987e-14,0.22904233775021984,1.0026556920679748,0.9105365003834905,3.211575369671664,1.0627736597125477,-1.0984337205921033,-1.0627736597125477,0.22904233775021984,0.05246039248208578,0.0025341172432731263,True
d0.15_a1.6_nu1.5,0.15,1.6,1.5,2.6109771669405575,0.02,True,,6.039613253960852e-14,0.07431197576247703,2.6114412438895913,1.3144325038128013e-15,0.04635745504578199,1.1435668366452747,1.0768767315514227,3.7843747994402293,1.2511128792657473,-1.2842138145050073,-1.2511128792657473,0.04635745504578199,0.002149013638321698,0.00046407694903383145,True
d0.15_a1.6_nu1.5,0.15,1.6,1.5,2.6109771669405575,0.04,True,,3.1086244689504383e-15,0.07450546328948202,2.61193974235754,-2.1326256732789872e-16,0.09279130022025783,1.1441202042605612,1.0773892871293114,3.785342177698112,1.251429780700164,-1.2872464167833222,-1.251429780700164,0.09279130022025783,0.008610225396566022,0.0009625754169824141,True
d0.15_a1.6_nu1.5,0.15,1.6,1.5,2.6109771669405575,0.06,True,,8.881784197001252e-16,0.07482730968526466,2.612770079154792,-1.367178939504221e-16,0.13937758304647252,1.1450437711029182,1.0782448269745988,3.786955636375751,1.2519583350203902,-1.2923015613366515,-1.2519583350203902,0.13937758304647252,0.019426110655876343,0.0017929122142343878,True
d0.15_a1.6_nu1.5,0.15,1.6,1.5,2.6109771669405575,0.08,True,,2.4424906541753444e-15,0.0752765787192662,2.6139314809598657,2.5999168096202396e-16,0.18619166225512698,1.1463393520871235,1.0794451632374005,3.789216875067723,1.252699107756598,-1.2993800834556861,-1.252699107756598,0.18619166225512698,0.03466733509332728,0.002954314019308235,True
d0.15_a1.6_nu2.0,0.15,1.6,2.0,2.617377777735177,0.02,True,,3.3737932152860806e-15,0.01240685550756707,2.6177754692245996,3.3737932152860806e-15,0.025845294896022303,1.2654176976321165,1.2283490066001301,4.364079705451331,1.4417453855048734,-1.483152287166401,-1.4417453855048734,0.025845294896022303,0.0006679792682623565,0.00039769148942259136,True
d0.15_a1.6_nu2.0,0.15,1.6,2.0,2.617377777735177,0.04,True,,1.3677947663381929e-13,0.012671391268878831,2.618649878811982,-3.4474918579607827e-15,0.05192440722307523,1.2659369339584543,1.2288092449227022,4.365555274373037,1.4422283847734434,-1.486725513608429,-1.4422283847734434,0.05192440722307523,0.0026961440654677473,0.0012721010768048657,True
d0.15_a1.6_nu2.0,0.15,1.6,2.0,2.617377777735177,0.06,True,,1.1102230246251565e-15,0.01310905526836882,2.6201048301219725,-1.6458188978329957e-16,0.07846252368240889,1.2668071252293307,1.2295811088429662,4.3680146389015135,1.4430333554719255,-1.4926816698839387,-1.4430333554719255,0.07846252368240889,0.0061563676226125755,0.002727052386795492,True
d0.15_a1.6_nu2.0,0.15,1.6,2.0,2.617377777735177,0.08,True,,2.0872192862952943e-14,0.01371542594745725,2.6221363357281584,-4.4116186398435175e-16,0.10566893502295394,1.2680349592685325,1.2306713234679794,4.371457315554835,1.4441600610925889,-1.5010224358474917,-1.4441600610925889,0.10566893502295394,0.01116592382888526,0.004758557992981416,True
d0.18_a0.0_nu0.0,0.18,0.0,0.0,3.4972447682048453,0.02,True,,1.6653345369377348e-15,0.08467426972234343,3.4977863254304853,1.6534083130403943e-17,0.04847139075274576,1.2592692228835538,0.0,3.6868175436220554,1.2190354906369976,-1.2498612516311023,-1.2190354906369976,0.04847139075274576,0.002349475721505367,0.000541557225639977,True
d0.18_a0.0_nu0.0,0.18,0.0,0.0,3.4972447682048453,0.04,True,,2.220446049250313e-16,0.08468257079920974,3.497999912170012,8.326672684688674e-17,0.09695373619843581,1.2595445984609623,0.0,3.6877651060622156,1.2193530324057065,-1.2501980733482334,-1.2193530324057065,0.09695373619843581,0.009400026962835883,0.000755143965166738,True
d0.18_a0.0_nu0.0,0.18,0.0,0.0,3.4972447682048453,0.06,True,,1.1102230246251565e-15,0.08469640549932982,3.49835591449589,-3.144186300207963e-17,0.14545799483618096,1.2600036519036886,0.0,3.689344833497671,1.2198824234756103,-1.2507596050303311,-1.2198824234756103,0.14545799483618096,0.021158028261762447,0.0011111462910444736,True
d0.18_a0.0_nu0.0,0.18,0.0,0.0,3.4972447682048453,0.08,True,,8.881784197001252e-16,0.08471577085677173,3.4988543847023594,-6.5052130349130266e-18,0.19399512850233835,1.2606465410847187,0.0,3.6915574416725576,1.2206239060351436,-1.2515461228952338,-1.2206239060351436,0.19399512850233835,0.037634109882638773,0.0016096164975141214,True
d0.18_a0.0_nu0.5,0.18,0.0,0.5,3.4859916787957794,0.02,True,,1.554312234475219e-14,0.08140236318688913,3.4865216024018193,-3.636685137059503e-15,0.047822273299497946,1.255213371840423,0.1800029791467861,3.7174351291869243,1.2291033820110897,-1.260361029277289,-1.2291033820110897,0.047822273299497946,0.002286969823531874,0.0005299236060398727,True
d0.18_a0.0_nu0.5,0.18,0.0,0.5,3.4859916787957794,0.04,True,,6.661338147750939e-16,0.08141049957480519,3.48673574272745,-3.3393426912553537e-17,0.09565550404782355,1.2554873291597979,0.1800119244710274,3.7183793440717636,1.2294196648572324,-1.2606964180652063,-1.2294196648572324,0.09565550404782355,0.009149975454643189,0.0007440639316707021,True
d0.18_a0.0_nu0.5,0.18,0.0,0.5,3.4859916787957794,0.06,True,,6.661338147750939e-16,0.08142406516239108,3.487092625180979,-5.117434254131581e-17,0.14351065332855711,1.2559439835994748,0.18002682986506732,3.7199534421342833,1.2299469415538624,-1.2612554655275683,-1.2299469415538624,0.14351065332855711,0.0205953076187893,0.0011009463851996415,True
d0.18_a0.0_nu0.5,0.18,0.0,0.5,3.4859916787957794,0.08,True,,7.771561172376096e-16,0.08144305285645362,3.487592336422823,4.7704895589362195e-18,0.19139868732731968,1.2565835262813445,0.18004769896739298,3.7221581779422195,1.2306854665703213,-1.262038540954981,-1.2306854665703213,0.19139868732731968,0.03663345751062108,0.0016006576270437556,True
d0.18_a0.0_nu1.0,0.18,0.0,1.0,3.4510332759970006,0.02,True,,2.298161660974074e-14,0.07171568904217789,3.451528150417647,-2.0275339566999673e-14,0.04580314879653968,1.242614041064791,0.3600061249400378,3.808079864100364,1.2589100556660924,-1.2914465673631015,-1.2589100556660924,0.04580314879653968,0.002097928439677955,0.0004948744206463296,True
d0.18_a0.0_nu1.0,0.18,0.0,1.0,3.4510332759970006,0.04,True,,1.5543122344752192e-15,0.07172333399145986,3.4517439202989944,-3.5344990823027445e-17,0.09161726667576041,1.242883484278811,0.36002450501468236,3.8090136357477604,1.2592224268619248,-1.291777378083413,-1.2592224268619248,0.09161726667576041,0.0083937235531374,0.0007106443019937458,True
d0.18_a0.0_nu1.0,0.18,0.0,1.0,3.4510332759970006,0.06,True,,9.992007221626409e-16,0.07173607559355263,3.4521035592398017,-3.2959746043559335e-17,0.13745332638792446,1.2433326516962027,0.360055137516617,3.810570375977477,1.2597431992780912,-1.2923288899427956,-1.2597431992780912,0.13745332638792446,0.01889341693510529,0.0010702832428011178,True
d0.18_a0.0_nu1.0,0.18,0.0,1.0,3.4510332759970006,0.08,True,,6.661338147750939e-16,0.07175391149305647,3.4526071181139577,-5.767955557622884e-17,0.1833223053705351,1.243961701909334,0.3600980237047235,3.812750794861131,1.2604726127156027,-1.2931013779427498,-1.2604726127156027,0.1833223053705351,0.03360706764636772,0.0015738421169571026,True
d0.18_a0.0_nu1.5,0.18,0.0,1.5,3.3881624397852446,0.02,True,,6.661338147750939e-16,0.056064056805889675,3.388597944326269,-4.098284211995207e-17,0.042156316013889625,1.2199560606170923,0.5400096602774594,3.9545411691915433,1.3070715967423894,-1.3416747783837462,-1.3070715967423894,0.042156316013889625,0.0017771549798629269,0.00043550454102447844,True
d0.18_a0.0_nu1.5,0.18,0.0,1.5,3.3881624397852446,0.04,True,,1.3322676295501878e-15,0.056070849546828415,3.38881666551593,4.662069341687669e-18,0.08432363375326885,1.220217240100029,0.5400386456155414,3.9554564388026847,1.3073770736427832,-1.3419975864551688,-1.3073770736427832,0.08432363375326885,0.007110475209355421,0.0006542257306856314,True
d0.18_a0.0_nu1.5,0.18,0.0,1.5,3.3881624397852446,0.06,True,,2.886579864025407e-15,0.05608216624932308,3.3891812605010037,4.466912950640278e-17,0.12651295443330007,1.2206526695217397,0.5400869618075484,3.9569823957235712,1.307886372406756,-1.342535843083906,-1.307886372406756,0.12651295443330007,0.01600552763944226,0.0010188207157590945,True
d0.18_a0.0_nu1.5,0.18,0.0,1.5,3.3881624397852446,0.08,True,,2.886579864025407e-15,0.056098009097113495,3.3896917494143386,-1.968911145233676e-16,0.16873528982787167,1.2212624761384911,0.5401546006559585,3.9591196994970232,1.3085997161970226,-1.3432897272438937,-1.3085997161970226,0.16873528982787167,0.028471598033295853,0.0015293096290940333,True
d0.18_a0.0_nu2.0,0.18,0.0,2.0,3.287457639274481,0.02,True,,6.661338147750939e-16,0.03549407324314614,3.2878071683835826,6.380529785077194e-17,0.03623799462721104,1.183666235263574,0.7200140087573259,4.147022764385838,1.3703675524739083,-1.4076874258952925,-1.3703675524739083,0.03623799462721104,0.0013131922546017764,0.00034952910910135415,True
d0.18_a0.0_nu2.0,0.18,0.0,2.0,3.287457639274481,0.04,True,,1.9984014443252818e-15,0.03549959129702465,3.288030660957587,4.9981720151581754e-17,0.07248709202093001,1.183913724133289,0.7200560587514221,4.147909264391274,1.3706623975413095,-1.4079979884386529,-1.3706623975413095,0.07248709202093001,0.005254378509650775,0.00057302168310569,True
d0.18_a0.0_nu2.0,0.18,0.0,2.0,3.287457639274481,0.06,True,,1.9984014443252818e-15,0.035508791646862735,3.2884031515227043,-1.3953681959888442e-16,0.10875840543166812,1.1843263141906917,0.7201261494601009,4.149387192032918,1.371153949758991,-1.4085158088544916,-1.371153949758991,0.10875840543166812,0.011828390752039097,0.0009455122482231459,True
d0.18_a0.0_nu2.0,0.18,0.0,2.0,3.287457639274481,0.08,True,,6.928051882182373e-16,0.03552166790389586,3.2889247315589514,-6.928051882182373e-16,0.14506304117780647,1.1849041655061643,0.7202242711683053,4.1514573023287085,1.3718424629360015,-1.4092410763286178,-1.3718424629360015,0.14506304117780647,0.021043285915753975,0.0014670922844701728,True
d0.18_a0.4_nu0.0,0.18,0.4,0.0,3.447901148483874,0.02,True,,1.1102230246251565e-16,0.09121877872478279,3.4484647797576726,-1.1817803680091998e-17,0.049726043732899856,1.241516302770898,0.2483124177741579,3.6255850720954186,1.1989006661815438,-1.228884661727407,-1.1989006661815438,0.049726043732899856,0.002472679425326269,0.0005636312737986593,True
d0.18_a0.4_nu0.0,0.18,0.4,0.0,3.447901148483874,0.04,True,,1.3322676295501878e-15,0.09123154275985798,3.4486868519014156,5.421010862427522e-18,0.09946436468801731,1.24180323878458,0.2483972814346401,3.6265286889265553,1.1992170789853844,-1.2292865023384856,-1.1992170789853844,0.09946436468801731,0.009893159842790905,0.0007857034175415833,True
d0.18_a0.4_nu0.0,0.18,0.4,0.0,3.447901148483874,0.06,True,,6.661338147750939e-16,0.09125280348835262,3.44905704816356,5.941427905220564e-17,0.1492272371185515,1.2422815930248718,0.2485387623673269,3.628101940588749,1.1997446220584607,-1.229956417754504,-1.1997446220584607,0.1492272371185515,0.022268768298036392,0.001155899679686101,True
d0.18_a0.4_nu0.0,0.18,0.4,0.0,3.447901148483874,0.08,True,,8.881784197001252e-16,0.09128256326469046,3.44957532658754,1.452830911130576e-17,0.19902695217810268,1.2429515270084204,0.24873691687099497,3.6303054557001815,1.20048350955949,-1.230894724318766,-1.20048350955949,0.19902695217810268,0.03961172769330477,0.0016741781036659908,True
d0.18_a0.4_nu0.5,0.18,0.4,0.5,3.4135299816706146,0.02,True,,4.440892098500626e-16,0.07791697335053353,3.414044666481566,1.0408340855860843e-17,0.047113179480322565,1.2651235647264991,0.4258361856254784,3.750076735057519,1.2398367806554234,-1.2715964984858463,-1.2398367806554234,0.047113179480322565,0.002219651680745087,0.0005146848109514046,True
d0.18_a0.4_nu0.5,0.18,0.4,0.5,3.4135299816706146,0.04,True,,3.552713678800501e-15,0.07793261743150186,3.4142743847127135,5.843849709696869e-17,0.09423957704547123,1.2654088057927333,0.42592766455965303,3.7510245335579384,1.2401538061731117,-1.2720572473255825,-1.2401538061731117,0.09423957704547123,0.008881097881709307,0.0007444030420988845,True
d0.18_a0.4_nu0.5,0.18,0.4,0.5,3.4135299816706146,0.06,True,,4.440892098500626e-16,0.07795868171321507,3.414657284025542,-2.6454533008646308e-17,0.14139240795925592,1.2658843232086605,0.4260801687656551,3.7526047319188365,1.240682363120868,-1.2728253209497498,-1.240682363120868,0.14139240795925592,0.01999181302851666,0.0011273023549271954,True
d0.18_a0.4_nu0.5,0.18,0.4,0.5,3.4135299816706146,0.08,True,,1.1102230246251565e-15,0.07799516145482668,3.4151933565976202,-1.0993810029003015e-16,0.1885848978192028,1.2665502714506836,0.4262937538403413,3.754818030995011,1.2414226899463756,-1.2739009712645135,-1.2414226899463756,0.1885848978192028,0.03556426368547916,0.0016633749270056342,True
d0.18_a0.4_nu1.0,0.18,0.4,1.0,3.3519687406880374,0.02,True,,5.4882313971216234e-15,0.05899051847066089,3.352412495061245,-5.4882313971216234e-15,0.04288114554734595,1.2789330464997424,0.6014004193886581,3.9272015148490027,1.2980811862953487,-1.3323583888898982,-1.2980811862953487,0.04288114554734595,0.0018387926434526674,0.0004437543732076499,True
d0.18_a0.4_nu1.0,0.18,0.4,1.0,3.3519687406880374,0.04,True,,1.4432899320127035e-15,0.05900886023546691,3.352652900416483,-4.2392304944183223e-17,0.0857768916557448,1.2792132837401367,0.6014979052403481,3.9281481965672356,1.298396791680716,-1.3328714382806752,-1.298396791680716,0.0857768916557448,0.007357675142121382,0.0006841597284457102,True
d0.18_a0.4_nu1.0,0.18,0.4,1.0,3.3519687406880374,0.06,True,,1.9984014443252818e-15,0.059039415765196085,3.3530536248477314,-1.0083080204115191e-16,0.12870183423547824,1.2796804951836191,0.601660432408693,3.9297265804507333,1.2989229967652136,-1.3337267646606805,-1.2989229967652136,0.12870183423547824,0.01656416213557652,0.0010848841596939884,True
d0.18_a0.4_nu1.0,0.18,0.4,1.0,3.3519687406880374,0.08,True,,6.661338147750939e-16,0.05908217307835481,3.353614677117604,-3.686287386450715e-17,0.17167057377976613,1.280334871422407,0.601888067552478,3.931937441588161,1.2996600642445628,-1.3349246841941413,-1.2996600642445628,0.17167057377976613,0.029470785901874127,0.0016459364295666745,True
d0.18_a0.4_nu1.5,0.18,0.4,1.5,3.2533704050662853,0.02,True,,1.5543122344752192e-15,0.03589761866547608,3.253720989066565,-1.8447699964840858e-16,0.03637170675724864,1.2793990568696243,0.7742961764273613,4.143312621758923,1.3691473585977292,-1.406490597772438,-1.3691473585977292,0.03637170675724864,0.0013229010524352866,0.00035058400027976333,True
d0.18_a0.4_nu1.5,0.18,0.4,1.5,3.2533704050662853,0.04,True,,2.220446049250313e-15,0.03591851542457822,3.2539780804384937,-3.133344278483108e-17,0.0727606695847115,1.2796701952234026,0.7743995210800481,4.1442539205108915,1.3694598580786987,-1.4070468149279938,-1.3694598580786987,0.0727606695847115,0.005294115038415562,0.000607675372208405,True
d0.18_a0.4_nu1.5,0.18,0.4,1.5,3.2533704050662853,0.06,True,,1.7763568394002505e-15,0.03595332723055975,3.2544065676201135,-1.472346550235315e-16,0.10918414155526128,1.2801222458158779,0.774571815317566,4.145823311635468,1.369980879616378,-1.4079740728799561,-1.369980879616378,0.10918414155526128,0.011921176767159333,0.0010361625538282127,True
d0.18_a0.4_nu1.5,0.18,0.4,1.5,3.2533704050662853,0.08,True,,2.220446049250313e-15,0.03600202315712891,3.255006499417443,-5.035034889022683e-16,0.1456593523900791,1.2807554377399748,0.7748131315745261,4.148021704462735,1.370710730167957,-1.4092726498365153,-1.370710730167957,0.1456593523900791,0.021216646938697244,0.0016360943511575243,True
d0.18_a0.4_nu2.0,0.18,0.4,2.0,3.0924960251831797,0.02,True,,4.884981308350689e-15,0.012023455549552016,3.092730018069164,-9.036011956037315e-16,0.025608811600129185,1.257433442564564,0.9427063679121687,4.366732438685176,1.4426189492542107,-1.4831280499331083,-1.4426189492542107,0.025608811600129185,0.0006558112315709111,0.0002339928859842466,True
d0.18_a0.4_nu2.0,0.18,0.4,2.0,3.0924960251831797,0.04,True,,8.881784197001252e-16,0.012046659398316893,3.0930200943217705,-2.190088388420719e-16,0.051243991445686005,1.2576899101168995,0.9428167428915764,4.3676704885328945,1.4429287814809868,-1.4837145549996715,-1.4429287814809868,0.051243991445686005,0.0026259466592855403,0.0005240691385908214,True
d0.18_a0.4_nu2.0,0.18,0.4,2.0,3.0924960251831797,0.06,True,,1.7985612998927536e-14,0.012085268487793812,3.0935035742776424,-1.4505540865683564e-15,0.07693181783174567,1.2581175427903823,0.9430007399850308,4.3692346189982345,1.443445409373453,-1.4846919578511064,-1.443445409373453,0.07693181783174567,0.0059185045948969015,0.0010075490944627674,True
d0.18_a0.4_nu2.0,0.18,0.4,2.0,3.0924960251831797,0.08,True,,1.3322676295501878e-15,0.012139192510570017,3.094180465535734,1.1806961658367143e-16,0.1026984141061852,1.258716696741497,0.9432584791333768,4.371425867382641,1.4441691813208308,-1.4860605016087576,-1.4441691813208308,0.1026984141061852,0.0105469642599255,0.0016844403525544394,True
d0.18_a0.8_nu0.0,0.18,0.8,0.0,3.2841553175134277,0.02,True,,1.1102230246251565e-15,0.11227169744935567,3.2847799218752787,-1.1763593571467723e-17,0.05343225925878016,1.182600302570958,0.4730585862360528,3.428602106704602,1.1341286202487026,-1.1614035026100131,-1.1341286202487026,0.05343225925878016,0.002855006329497498,0.0006246043618509667,True
d0.18_a0.8_nu0.0,0.18,0.8,0.0,3.2841553175134277,0.04,True,,2.220446049250313e-15,0.11229825517608338,3.2850237180143766,-1.1427490897997217e-16,0.10688054835005353,1.1829267516423403,0.47324457301802814,3.4295261556471814,1.1344390784988718,-1.1620070271158793,-1.1344390784988718,0.10688054835005353,0.011423451615608132,0.0008684005009489404,True
d0.18_a0.8_nu0.0,0.18,0.8,0.0,3.2841553175134277,0.06,True,,1.5543122344752192e-15,0.11234249600792491,3.285430057818922,-3.3176586478056436e-17,0.16036089449849017,1.1834709713677272,0.47355464459176183,3.4310667924482914,1.1349566986536956,-1.1630130297282717,-1.1349566986536956,0.16036089449849017,0.025715616484355896,0.0012747403054942374,True
d0.18_a0.8_nu0.0,0.18,0.8,0.0,3.2841553175134277,0.08,True,,1.1102230246251565e-15,0.11240439221395303,3.285998919641171,-3.0357660829594124e-18,0.2138893249488413,1.1842331769032235,0.473988944650508,3.4332248057598918,1.1356817505384242,-1.1644217597684934,-1.1356817505384242,0.2138893249488413,0.04574864332707103,0.0018436021277432602,True
d0.18_a0.8_nu0.5,0.18,0.8,0.5,3.2517829298515006,0.02,True,,2.220446049250313e-16,0.08670878318467089,3.252321482625618,-1.235990476633475e-17,0.04886710135383134,1.2429124812045065,0.6483842053965619,3.66785697969226,1.2128004693640833,-1.2434934391602916,-1.2128004693640833,0.04886710135383134,0.002387993594725625,0.0005385527741172957,True
d0.18_a0.8_nu0.5,0.18,0.8,0.5,3.2517829298515006,0.04,True,,4.440892098500626e-16,0.08674245603212515,3.2525833701880664,3.2742905609062234e-17,0.09775272386230464,1.2432370540785955,0.6485716870057104,3.668803713600937,1.2131169545164084,-1.2442332224492803,-1.2131169545164084,0.09775272386230464,0.009555595022499985,0.0008004403365657886,True
d0.18_a0.8_nu0.5,0.18,0.8,0.5,3.2517829298515006,0.06,True,,2.220446049250313e-16,0.08679855274690967,3.253019824991561,-6.028164079019405e-17,0.1466753899502076,1.2437782078933939,0.6488842862928551,3.6703821739611158,1.2136446240165242,-1.2454665286588318,-1.2136446240165242,0.1466753899502076,0.02151367001704546,0.0012368951400603123,True
d0.18_a0.8_nu0.5,0.18,0.8,0.5,3.2517829298515006,0.08,True,,1.1102230246251565e-15,0.08687703095308265,3.25363084203356,8.304988641238964e-17,0.19565360362462353,1.2445361401992023,0.6493221440743896,3.6725932525696408,1.214383782900768,-1.2471934736608765,-1.214383782900768,0.19565360362462353,0.038280332611301295,0.0018479121820593747,True
d0.18_a0.8_nu1.0,0.18,0.8,1.0,3.1876967117209043,0.02,True,,2.3645961490931233e-14,0.056421445818579385,3.1881300598903337,2.3645961490931233e-14,0.0422452061787214,1.2917984249083823,0.8191389513247397,3.9513224395723228,1.3060128188317321,-1.3407443008989435,-1.3060128188317321,0.0422452061787214,0.0017846574450826806,0.000433348169429415,True
d0.18_a0.8_nu1.0,0.18,0.8,1.0,3.1876967117209043,0.04,True,,6.661338147750939e-16,0.05646253792345291,3.188418694704889,-2.3527187142935446e-17,0.08451326101257094,1.2921172178827833,0.8193252320354382,3.952293931069107,1.306335787034186,-1.3416065829005772,-1.306335787034186,0.08451326101257094,0.007142491286978942,0.000721982983984848,True
d0.18_a0.8_nu1.0,0.18,0.8,1.0,3.1876967117209043,0.06,True,,1.3322676295501878e-15,0.05653097495570998,3.188899771338445,-4.401860820291148e-17,0.12682698900739897,1.2926487620069367,0.8196358461324966,3.953913801411545,1.3068743107796763,-1.3430439775480496,-1.3068743107796763,0.12682698900739897,0.0160850851406829,0.001203059617540525,True
d0.18_a0.8_nu1.0,0.18,0.8,1.0,3.1876967117209043,0.08,True,,1.6653345369377348e-15,0.056626692187801315,3.1895732518837745,-2.736526283353413e-16,0.169209186358229,1.2933933864888334,0.8200710156339265,3.956183028810301,1.3076287225530905,-1.345056936880356,-1.3076287225530905,0.169209186358229,0.028631748748013875,0.0018765401628701994,True
d0.18_a0.8_nu1.5,0.18,0.8,1.5,3.073065579987391,0.02,True,,1.1102230246251565e-15,0.02455262587094164,3.0733768779678163,1.3986208025063007e-17,0.03214772437469725,1.322478032520253,0.982610624809433,4.249589830818877,1.4040961790615256,-1.4430682112883664,-1.4040961790615256,0.03214772437469725,0.0010334761824715036,0.00031129798042517365,True
d0.18_a0.8_nu1.5,0.18,0.8,1.5,3.073065579987391,0.04,True,,4.440892098500626e-16,0.02460155138857249,3.073714209470838,8.082727195879436e-17,0.06432957984835738,1.3227866828107369,0.9827923600354889,4.250601106339673,1.4044304290873697,-1.4440317629862183,-1.4044304290873697,0.06432957984835738,0.004138294843466188,0.0006486294834466833,True
d0.18_a0.8_nu1.5,0.18,0.8,1.5,3.073065579987391,0.06,True,,1.7763568394002505e-15,0.02468298663077517,3.0742763740477375,-2.2551405187698492e-17,0.09657959417515612,1.3233013824038917,0.9830954391759527,4.252287362885909,1.4049877826746524,-1.445637750482812,-1.4049877826746524,0.09657959417515612,0.009327618011037849,0.0012107940603462986,True
d0.18_a0.8_nu1.5,0.18,0.8,1.5,3.073065579987391,0.08,True,,2.6645352591003757e-15,0.024796767300784197,3.0750633353729935,-4.711942641622002e-16,0.12893158608522615,1.3240226437654612,0.9835202033605029,4.254649848829104,1.4057686610631208,-1.447886627228277,-1.4057686610631208,0.12893158608522615,0.01662335389045208,0.001997755385602318,True
d0.18_a0.8_nu2.0,0.18,0.8,2.0,2.841893884682931,0.002,True,,4.440892098500626e-15,0.0008419553561933085,2.8419226733559437,-1.7745340244977592e-17,0.0011177099895131816,1.3110925813704748,1.129237212642458,4.47098826079764,1.4769039964376134,-1.5188000598761358,-1.4769039964376134,0.0011177099895131816,1.2492756206575565e-06,2.8788673012591914e-05,True
d0.18_a0.8_nu2.0,0.18,0.8,2.0,2.841893884682931,0.005,True,,3.6837199957062694e-13,0.0008428865149336424,2.841931416751759,1.5660178909930947e-14,0.0027947822962636785,1.31109796235905,1.1292403261007897,4.471008771666675,1.4769107432202873,-1.5188183823685546,-1.4769107432202873,0.0027947822962636785,7.81080808350888e-06,3.753206882795013e-05,True
d0.18_a0.8_nu2.0,0.18,0.8,2.0,2.841893884682931,0.01,True,,3.9968028886505635e-15,0.0008462068509512575,2.8419626629088364,-8.908076099684026e-17,0.00559317744963609,1.3111171886415731,1.129251449196047,4.4710820416312345,1.4769348444278876,-1.5188838280309431,-1.4769348444278876,0.00559317744963609,3.128363398311768e-05,6.877822590523053e-05,True
d0.18_a0.8_nu2.0,0.18,0.8,2.0,2.841893884682931,0.015,True,,1.5543122344752192e-15,0.0008517293029742186,2.842014749310285,4.072534410398676e-17,0.008398764619735898,1.311149231802102,1.1292699841344944,4.471204187619151,1.47697502304527,-1.5189928090204043,-1.47697502304527,0.008398764619735898,7.053924713772747e-05,0.0001208646273540559,True
d0.18_a0.8_nu2.0,0.18,0.8,2.0,2.841893884682931,0.02,True,,1.3322676295501878e-14,0.0008594365708724296,2.842087698730904,1.2923689896027213e-16,0.011215055199643234,1.3111941342934876,1.129295961576206,4.471375258661283,1.4770312947393904,-1.519145383449326,-1.4770312947393904,0.011215055199643234,0.00012577746313104473,0.0001938140479729178,True
d0.18_a0.8_nu2.0,0.18,0.8,2.0,2.841893884682931,0.03,True,,6.150635556423367e-14,0.0008813083946100186,2.8422962801964036,1.2909595267784901e-15,0.016893279630809284,1.311322585871566,1.129370274981821,4.471864434191957,1.4771922031932263,-1.5195808476880739,-1.4771922031932263,0.016893279630809284,0.00028538289668471583,0.0004023955134724311,True
d0.18_a0.8_nu2.0,0.18,0.8,2.0,2.841893884682931,0.04,True,,1.2434497875801753e-14,0.000911580426653285,2.8425886391372726,6.280241084122284e-17,0.02265356252432774,1.3115027470216394,1.1294744936185126,4.472550194533142,1.4774177774133932,-1.5201892303279805,-1.4774177774133932,0.02265356252432774,0.0005131838950436262,0.0006947544543414175,True
d0.18_a1.2_nu0.0,0.18,1.2,0.0,2.9500166896068336,0.02,True,,2.220446049250313e-16,0.15206031794610408,2.950719571617104,2.2442984970449942e-17,0.05944778206229818,1.0623650055709437,0.6374459104471218,3.05630001308964,1.0117124852085908,-1.033864356573675,-1.0117124852085908,0.05944778206229818,0.003534038792126501,0.000702882010270578,True
d0.18_a1.2_nu0.0,0.18,1.2,0.0,2.9500166896068336,0.04,True,,6.661338147750939e-16,0.1521108559609617,2.950991152700811,-3.5128150388530344e-17,0.11891770619152289,1.0627807285237016,0.6377760849080331,3.0571698894154906,1.0120058476313716,-1.0348273329553002,-1.0120058476313716,0.11891770619152289,0.014141420845853361,0.0009744630939771959,True
d0.18_a1.2_nu0.0,0.18,1.2,0.0,2.9500166896068336,0.06,True,,6.661338147750939e-16,0.15219503050869823,2.951443730483954,1.212138028838794e-16,0.1784319084047038,1.0634738202994056,0.6383265723575614,3.058620330177291,1.0124950074950902,-1.03643238879721,-1.0124950074950902,0.1784319084047038,0.031837945936944605,0.0014270408771204224,True
d0.18_a1.2_nu0.0,0.18,1.2,0.0,2.9500166896068336,0.08,True,,6.661338147750939e-16,0.1523127549123499,2.9520772477748687,7.741203511546502e-17,0.2380125053649938,1.0644446109294081,0.6390976675893307,3.060652343102447,1.0131803109543398,-1.0386796381001533,-1.0131803109543398,0.2380125053649938,0.0566499527101212,0.002060558168035076,True
d0.18_a1.2_nu0.5,0.18,1.2,0.5,2.9584246743054488,0.02,True,,3.2400297722556815e-15,0.11245124436576805,2.959016842923168,3.2400297722556815e-15,0.05346168410306547,1.1733477613998162,0.8192349235008656,3.427044513526198,1.1336159597030928,-1.1610807431855408,-1.1336159597030928,0.05346168410306547,0.002858151667135963,0.0005921686177190466,True
d0.18_a1.2_nu0.5,0.18,1.2,0.5,2.9584246743054488,0.04,True,,8.881784197001252e-16,0.11251714622437155,2.9593206393631135,-2.233456475320139e-17,0.10695045205705238,1.173762320365447,0.8195624851215859,3.4279682602045796,1.1339248284939458,-1.162318122683168,-1.1339248284939458,0.10695045205705238,0.011438399195207859,0.0008959650576647604,True
d0.18_a1.2_nu0.5,0.18,1.2,0.5,2.9584246743054488,0.06,True,,6.217248937900877e-15,0.1126268981067555,2.9598269342171886,1.4094628242311558e-16,0.1604933681287415,1.1744535672372272,0.8201086977058546,3.4295086193060342,1.1344398766923405,-1.1643807022206742,-1.1344398766923405,0.1604933681287415,0.025758121213307734,0.0014022599117398116,True
d0.18_a1.2_nu0.5,0.18,1.2,0.5,2.9584246743054488,0.08,True,,2.220446049250313e-16,0.1127803810960174,2.960535611586183,5.594483210025203e-17,0.21411744916782605,1.1754218754684687,0.8208739089042001,3.431666681271963,1.1351614790200983,-1.1672686275825692,-1.1351614790200983,0.21411744916782605,0.04584628203813657,0.002110937280734415,True
d0.18_a1.2_nu1.0,0.18,1.2,1.0,2.9339534614650264,0.02,True,,4.5075542690758974e-14,0.06756387047938082,2.9344177902572546,-4.5075542690758974e-14,0.044885822409070075,1.2724832995975106,0.9939144885731307,3.8471900152735543,1.2717699579498003,-1.3052384237359935,-1.2717699579498003,0.044885822409070075,0.0020147370533385774,0.0004643287922281303,True
d0.18_a1.2_nu1.0,0.18,1.2,1.0,2.9339534614650264,0.04,True,,1.9984014443252818e-15,0.06764711811206864,2.9347729619128837,-3.5344990823027445e-17,0.08980809139540294,1.2728900460148893,0.9942321120560912,3.8481862998505676,1.2721003350807223,-1.306728481332859,-1.2721003350807223,0.08980809139540294,0.008065493280085047,0.0008195004478572798,True
d0.18_a1.2_nu1.0,0.18,1.2,1.0,2.9339534614650264,0.06,True,,9.992007221626409e-16,0.06778572575844885,2.9353648021853496,-4.130810277169772e-17,0.1348031863118556,1.2735683395748154,0.9947618345156896,3.8498476204558756,1.2726512526705847,-1.3092121673473565,-1.2726512526705847,0.1348031863118556,0.01817189903982885,0.0014113407203231176,True
d0.18_a1.2_nu1.0,0.18,1.2,1.0,2.9339534614650264,0.08,True,,1.1102230246251565e-15,0.06797948223402996,2.9361931810020745,-1.5439038936193583e-16,0.17990735220343768,1.2745188187808327,0.995504228372418,3.8521753016102593,1.2734231615659155,-1.3126900754877913,-1.2734231615659155,0.17990735220343768,0.03236665537685177,0.002239719537048046,True
d0.18_a1.2_nu1.5,0.18,1.2,1.5,2.8481087642721636,0.02,True,,2.7755575615628914e-15,0.022532145445930015,2.848437701746604,6.071532165918825e-17,0.03126839397208579,1.3495120985018716,1.1553276903410397,4.268709137165388,1.410383234750043,-1.4498571838871805,-1.410383234750043,0.03126839397208579,0.000977712461593571,0.000328937474440405,True
d0.18_a1.2_nu1.5,0.18,1.2,1.5,2.8481087642721636,0.04,True,,1.9984014443252818e-15,0.022635361210834645,2.8489042295772085,-1.6485294032642095e-16,0.06260394905189784,1.3499039414068066,1.15562417560072,4.269846756747029,1.4107579063620506,-1.4515587238334655,-1.4107579063620506,0.06260394905189784,0.003919254436892621,0.0007954653050448179,True
d0.18_a1.2_nu1.5,0.18,1.2,1.5,2.8481087642721636,0.06,True,,8.881784197001252e-16,0.02280697598117156,2.84968155859778,-1.0180658399638887e-16,0.09407329784947163,1.3505578443802344,1.156119066315791,4.271743927311036,1.4113827416149434,-1.4543949114986703,-1.4113827416149434,0.09407329784947163,0.008849785368275404,0.0015727943256163002,True
d0.18_a1.2_nu1.5,0.18,1.2,1.5,2.8481087642721636,0.08,True,,7.05919767085561e-11,0.023046390229057297,2.850769332321941,-4.9823452438410576e-11,0.1257420492868886,1.3514750667026674,1.1568134982380602,4.274402307843957,1.4122582979762228,-1.458366353537587,-1.4122582979762228,0.1257420492868886,0.01581106295886632,0.0026605680497775452,True
d0.18_a1.6_nu0.0,0.18,1.6,0.0,2.2967106244381132,0.02,True,,5.10702591327572e-15,0.2175468008286033,2.297438649539404,3.27006217243353e-15,0.06760877662844919,0.8272562026459528,0.6618353803972976,2.4435067436979807,0.8102334963177782,-0.8239504919222369,-0.8102334963177782,0.06760877662844919,0.004570946677195538,0.0007280251012908856,True
d0.18_a1.6_nu0.0,0.18,1.6,0.0,2.2967106244381132,0.04,True,,1.1102230246251565e-14,0.21763269747228833,2.2977420732613614,4.683753385137379e-17,0.135250942582144,0.827900447879663,0.6624420553899381,2.444260609810044,0.8104895447368108,-0.8254676488747243,-0.8104895447368108,0.135250942582144,0.018292817469358416,0.0010314488232481267,True
d0.18_a1.6_nu0.0,0.18,1.6,0.0,2.2967106244381132,0.06,True,,2.220446049250313e-16,0.21777567610954024,2.298247701398484,1.496198998029996e-16,0.20295986511869324,0.8289746286348708,0.6634536111629238,2.445518205792723,0.8109166846861626,-0.8279957573775942,-0.8109166846861626,0.20295986511869324,0.04119270684899815,0.0015370769603708645,True
d0.18_a1.6_nu0.0,0.18,1.6,0.0,2.2967106244381132,0.08,True,,2.4424906541753444e-15,0.21797547249605734,2.2989553147342616,-3.0054084221298183e-16,0.2707688416702041,0.8304793280428086,0.6648706337228335,2.4472811682044266,0.8115154750275906,-0.8315339828892818,-0.8115154750275906,0.2707688416702041,0.07331576561942406,0.0022446902961483772,True
d0.18_a1.6_nu0.5,0.18,1.6,0.5,2.3990316555874585,0.02,True,,1.1102230246251565e-15,0.16695705385729856,2.399662230600637,1.5769720598801662e-16,0.061459872491090264,1.0080556662388138,0.8712748541288249,2.917109105489544,0.9659458703763448,-0.9865435379172806,-0.9659458703763448,0.061459872491090264,0.003777315926621074,0.0006305750131785359,True
d0.18_a1.6_nu0.5,0.18,1.6,0.5,2.3990316555874585,0.04,True,,4.440892098500626e-16,0.16708077593861503,2.4000139073125704,-3.7838655819744105e-17,0.12296234816970278,1.008714317876881,0.8718927782781966,2.917956124758348,0.9662291081885996,-0.9887181322802481,-0.9662291081885996,0.12296234816970278,0.015119739067407208,0.0009822517251119045,True
d0.18_a1.6_nu0.5,0.18,1.6,0.5,2.3990316555874585,0.06,True,,4.440892098500626e-16,0.1672867125811689,2.4005998545765426,-1.214306433183765e-17,0.18454996617879998,1.009812672214935,0.8729232519616453,2.9193690817228344,0.9667015991399239,-0.9923421129030858,-0.9667015991399239,0.18454996617879998,0.03405869001659622,0.001568198989084113,True
d0.18_a1.6_nu0.5,0.18,1.6,0.5,2.3990316555874585,0.08,True,,5.551115123125783e-16,0.16757446784094746,2.401419777780394,-6.396792817664476e-17,0.24626514471240926,1.011351655740083,0.8743671963699967,2.921349844245924,0.9673639783859471,-0.997415056520937,-0.9673639783859471,0.24626514471240926,0.06064652150022388,0.0023881221929356045,True
d0.18_a1.6_nu1.0,0.18,1.6,1.0,2.482154634482258,0.02,True,,1.4777068457760834e-13,0.10571745660964872,2.4826696284479426,8.76826822954202e-15,0.05232526815995891,1.1819280382261976,1.07517105466523,3.490410840131517,1.154450646746227,-1.1833394281310932,-1.154450646746227,0.05232526815995891,0.0027379336880116096,0.0005149939656847735,True
d0.18_a1.6_nu1.0,0.18,1.6,1.0,2.482154634482258,0.04,True,,5.084821452783217e-14,0.10588888157363571,2.483100840185831,-1.2718775685427453e-15,0.10471062712215269,1.182584555561405,1.075782203926803,3.4913941677023104,1.1547751166708622,-1.186184204626952,-1.1547751166708622,0.10471062712215269,0.010964315432314499,0.0009462057035731775,True
d0.18_a1.6_nu1.0,0.18,1.6,1.0,2.482154634482258,0.06,True,,6.661338147750939e-16,0.10617412700419358,2.483819180329424,-4.83554168928535e-17,0.15721598960726402,1.1836797806230879,1.0768018130126744,3.493034410391374,1.1553163605949521,-1.190925659896419,-1.1553163605949521,0.15721598960726402,0.024716867388191347,0.0016645458471660213,True
d0.18_a1.6_nu1.0,0.18,1.6,1.0,2.482154634482258,0.08,True,,1.3322676295501878e-15,0.10657250530923433,2.4848241157001705,1.1145598333150986e-16,0.2099009165652317,1.1852152442230093,1.0782314101405885,3.4953335965701626,1.1560750638946047,-1.1975640342195264,-1.1560750638946047,0.2099009165652317,0.044058394774924355,0.0026694812179126615,True
d0.18_a1.6_nu1.5,0.18,1.6,1.5,2.5198261577929153,0.02,True,,4.440892098500626e-16,0.038638575341436714,2.520228310566238,-3.8949963046541747e-16,0.037254153324031904,1.339416111823074,1.2659558976041267,4.118444740288396,1.3609680399058561,-1.398896839638526,-1.3609680399058561,0.037254153324031904,0.0013878719398904772,0.00040215277332267263,True
d0.18_a1.6_nu1.5,0.18,1.6,1.5,2.5198261577929153,0.04,True,,5.551115123125783e-16,0.0388746738170601,2.520847670054466,-3.5128150388530344e-17,0.07462428010879847,1.3400417483261147,1.2665255890211145,4.119714977179683,1.3613839376903343,-1.4023713047443387,-1.3613839376903343,0.07462428010879847,0.005568783181756415,0.0010215122615506722,True
d0.18_a1.6_nu1.5,0.18,1.6,1.5,2.5198261577929153,0.06,True,,1.5543122344752192e-15,0.039266909222488745,2.5218788625353206,-7.589415207398531e-17,0.11222511219376852,1.3410869615362528,1.2674775666615201,4.121833118801078,1.362077451643927,-1.4081633593962928,-1.362077451643927,0.11222511219376852,0.012594475806903932,0.0020527047424052647,True
d0.18_a1.6_nu1.5,0.18,1.6,1.5,2.5198261577929153,0.08,True,,2.4424906541753444e-15,0.039813427046393776,2.523320325685875,6.700369425960417e-17,0.15016893575270324,1.3425553843084035,1.2688154735103243,4.124800840976604,1.3630491278809131,-1.4162747987196558,-1.3630491278809131,0.15016893575270324,0.022550709265099514,0.003494167892959865,True
d0.20_a0.0_nu0.0,0.2,0.0,0.0,3.4359301369086217,0.02,True,,4.440892098500626e-16,0.06774738280854216,3.436395486999008,4.754226526348937e-17,0.04492838244698944,1.3746309961831877,0.0,3.8452507639376563,1.2711332376384235,-1.3041943478977038,-1.2711332376384235,0.04492838244698944,0.002018559549302949,0.00046535009038617403,True
d0.20_a0.0_nu0.0,0.2,0.0,0.0,3.4359301369086217,0.04,True,,8.881784197001252e-16,0.06775568950026217,3.4366116641343423,0.0,0.08986773550737631,1.3749359760344564,0.0,3.846282901941777,1.2714783226301734,-1.3045596634820416,-1.2714783226301734,0.08986773550737631,0.008076209885223746,0.0006815272257205685,True
d0.20_a0.0_nu0.0,0.2,0.0,0.0,3.4359301369086217,0.06,True,,7.771561172376096e-16,0.06776953055929902,3.436972005985973,-3.491130995403324e-17,0.13482902698655275,1.375444375855368,0.0,3.8480036950231806,1.2720536544120478,-1.3051686392672135,-1.2720536544120478,0.13482902698655275,0.01817886651814057,0.001041869077351265,True
d0.20_a0.0_nu0.0,0.2,0.0,0.0,3.4359301369086217,0.08,True,,7.771561172376096e-16,0.06778890758748127,3.4374765426207734,1.734723475976807e-18,0.1798232369578152,1.3761563865821047,0.0,3.8504139247779676,1.2728594966374658,-1.306021641219199,-1.2728594966374658,0.1798232369578152,0.03233639654998656,0.0015464057121516994,True
d0.20_a0.0_nu0.5,0.2,0.0,0.5,3.422670053971771,0.02,True,,1.1435297153639112e-14,0.06437433630348684,3.4231229741315707,5.843849709696869e-16,0.04416013231211961,1.369321282755751,0.2000038645739863,3.876814149958591,1.2815123372001835,-1.3150188083184324,-1.2815123372001835,0.04416013231211961,0.0019501172858239107,0.0004529201597995858,True
d0.20_a0.0_nu0.5,0.2,0.0,0.5,3.422670053971771,0.04,True,,3.4416913763379853e-15,0.0643824326909986,3.4233398339259495,9.942133921692076e-17,0.08833123838867571,1.3696244144222742,0.20001546955647848,3.877842026166036,1.2818558285989639,-1.3153822791460388,-1.2818558285989639,0.08833123838867571,0.007802407675277057,0.0006697799541783844,True
d0.20_a0.0_nu0.5,0.2,0.0,0.5,3.422670053971771,0.06,True,,4.440892098500626e-16,0.06439592983670454,3.423701269497444,-1.1492543028346347e-17,0.13252429492436618,1.370129708215746,0.20003480663845033,3.879555649863505,1.2824284826547228,-1.315988135042281,-1.2824284826547228,0.13252429492436618,0.017562688745200387,0.0010312155256726463,True
d0.20_a0.0_nu0.5,0.2,0.0,0.5,3.422670053971771,0.08,True,,8.881784197001252e-16,0.0644148222591559,3.4242073598639204,-1.8496489062602706e-16,0.17675028296299922,1.3708373869855817,0.2000618808525288,3.8819558757513732,1.283230586701393,-1.3168367991508585,-1.283230586701393,0.17675028296299922,0.031240662527500292,0.0015373058921492877,True
d0.20_a0.0_nu1.0,0.2,0.0,1.0,3.381170130327887,0.02,True,,1.9984014443252818e-15,0.05445722686937299,3.3815854892078723,-6.217899459204368e-17,0.04174819650812228,1.3527040666965775,0.40000799644678003,3.9696132199524072,1.3120280223038208,-1.346844067363387,-1.3120280223038208,0.04174819650812228,0.0017429119116807936,0.0004153588799851171,True
d0.20_a0.0_nu1.0,0.2,0.0,1.0,3.381170130327887,0.04,True,,1.5543122344752192e-15,0.05446468965518067,3.381804416382394,1.5395670849294163e-17,0.08350738682171792,1.353001291217428,0.4000319884096991,3.97062776423536,1.3123665486009486,-1.3472017039860464,-1.3123665486009486,0.08350738682171792,0.006973483653792027,0.0006342860545069939,True
d0.20_a0.0_nu1.0,0.2,0.0,1.0,3.381170130327887,0.06,True,,1.1102230246251565e-15,0.05447712249448801,3.382169360234091,-1.5612511283791264e-17,0.12528856495488694,1.3534968276674184,0.40007198398879185,3.9723192596757144,1.312930956364653,-1.3477980796586517,-1.312930956364653,0.12528856495488694,0.015697224508454923,0.0009992299062040466,True
d0.20_a0.0_nu1.0,0.2,0.0,1.0,3.381170130327887,0.08,True,,9.992007221626409e-16,0.05449452889171411,3.3826803373963665,-2.955535122195485e-16,0.167102734151149,1.3541908117373087,0.40012797439383274,3.9746884659325588,1.3137215023452882,-1.348633363661984,-1.3137215023452882,0.167102734151149,0.027923323760789584,0.0015102070684793745,True
d0.20_a0.0_nu1.5,0.2,0.0,1.5,3.3051760801222656,0.02,True,,4.389821839367869e-13,0.038724912053894146,3.3055276002086487,4.1473926072968514e-13,0.03728829094895497,1.3222767160576097,0.6000127758056686,4.116825826407876,1.360437572833689,-1.3973313157811595,-1.360437572833689,0.03728829094895497,0.0013904166418939174,0.0003515200863830614,True
d0.20_a0.0_nu1.5,0.2,0.0,1.5,3.3051760801222656,0.04,True,,1.9984014443252818e-15,0.038731259826830323,3.305750416005212,-1.7997756063259374e-17,0.07458763803362341,1.3225629505473768,0.6000511248836279,4.1178165767678365,1.3607672858679507,-1.397678817195172,-1.3607672858679507,0.07458763803362341,0.005563315747434825,0.0005743358829461975,True
d0.20_a0.0_nu1.5,0.2,0.0,1.5,3.3051760801222656,0.06,True,,1.7763568394002505e-15,0.03874183688648306,3.306121825904966,-1.6046192152785466e-16,0.1119090978637265,1.3230401516858687,0.6001150469001616,4.119468394513206,1.3613169976806603,-1.3982582381726025,-1.3613169976806603,0.1119090978637265,0.012523646184673116,0.0009457457827002358,True
d0.20_a0.0_nu1.5,0.2,0.0,1.5,3.3051760801222656,0.08,True,,8.881784197001252e-16,0.03875664743167534,3.3066418470590104,-7.199102425303749e-16,0.1492637397875764,1.3237084631188325,0.6002045301201162,4.121782039262143,1.3620869642172693,-1.3990697510711736,-1.3620869642172693,0.1492637397875764,0.02227966401537332,0.0014657669367448278,True
d0.20_a0.0_nu2.0,0.2,0.0,2.0,3.178508789130738,0.02,True,,3.552713678800501e-15,0.019031669826709004,3.1787669275021155,2.595308950387176e-16,0.029627066465800617,1.271565180355557,0.8000190695209786,4.301097112637763,1.4210347715643366,-1.4605298761079721,-1.4210347715643366,0.029627066465800617,0.0008777630673689674,0.0002581383713775587,True
d0.20_a0.0_nu2.0,0.2,0.0,2.0,3.178508789130738,0.04,True,,1.1102230246251565e-15,0.01903632033881871,3.178996400182629,-7.209944447028604e-18,0.059265468719583894,1.2718322863532376,0.8000763125315056,4.302050130092539,1.4213506393480202,-1.460861483179087,-1.4213506393480202,0.059265468719583894,0.003512395782551977,0.0004876110518909904,True
d0.20_a0.0_nu2.0,0.2,0.0,2.0,3.178508789130738,0.06,True,,3.9968028886505635e-15,0.019044065673439164,3.1793789360549516,-6.82505267579625e-16,0.08892653411752859,1.2722776137422223,0.8001717203726298,4.30363909512198,1.4218772868207452,-1.4614143851978751,-1.4218772868207452,0.08892653411752859,0.007907928470155975,0.0008701469242136106,True
d0.20_a0.0_nu2.0,0.2,0.0,2.0,3.178508789130738,0.08,True,,7.105427357601002e-15,0.01905491092131567,3.1799145577124945,-9.030319894631766e-16,0.11862160985134063,1.2729013336612875,0.8003052876979153,4.305864781349555,1.422614973112104,-1.4621888118178794,-1.422614973112104,0.11862160985134063,0.014071086323723671,0.0014057685817565613,True
d0.20_a0.4_nu0.0,0.2,0.4,0.0,3.390697182941388,0.02,True,,4.440892098500626e-16,0.07429900823093526,3.3911871237811693,1.1221492485224971e-17,0.04635680014496147,1.3565505632515291,0.2713195476598811,3.7839542893034377,1.250976971919954,-1.2831969504078682,-1.250976971919954,0.04635680014496147,0.0021489529196799,0.0004899408397811555,True
d0.20_a0.4_nu0.0,0.2,0.4,0.0,3.390697182941388,0.04,True,,4.440892098500626e-16,0.0743122975027315,3.391412574838659,-1.745565497701662e-17,0.09272610041553826,1.3568679416010025,0.27141133390174893,3.784983994108188,1.2513214785221862,-1.2836329412448206,-1.2513214785221862,0.09272610041553826,0.008598129698272484,0.0007153918972711004,True
d0.20_a0.4_nu0.0,0.2,0.4,0.0,3.390697182941388,0.06,True,,2.220446049250313e-16,0.07433444063770302,3.391788346439242,-4.412702842016003e-17,0.13912040325350516,1.3573970290752437,0.2715643541617353,3.786700720411318,1.2518958430619023,-1.2843597695295714,-1.2518958430619023,0.13912040325350516,0.019354486601417892,0.0010911634978540974,True
d0.20_a0.4_nu0.0,0.2,0.4,0.0,3.390697182941388,0.08,True,,6.661338147750939e-16,0.0743654269001712,3.3923144821820403,-1.5287250632045613e-16,0.18555221133285618,1.3581380262446812,0.27177867626997615,3.7891053260154877,1.2527003557133867,-1.2853777268777695,-1.2527003557133867,0.18555221133285618,0.03442962313051292,0.0016172992406522368,True
d0.20_a0.4_nu0.5,0.2,0.4,0.5,3.349076578524302,0.02,True,,3.774758283725532e-15,0.06074137426551078,3.349515358263492,-9.547484330907352e-16,0.04330455994689515,1.3798798852621459,0.4679883992721761,3.9108398955813755,1.292701100859631,-1.3267324826220888,-1.292701100859631,0.04330455994689515,0.0018752849121942358,0.00043877973919004276,True
d0.20_a0.4_nu0.5,0.2,0.4,0.5,3.349076578524302,0.04,True,,1.4455103780619538e-13,0.060757791595515656,3.349750118396705,4.438832114372904e-15,0.08662285143979655,1.3801951289478016,0.46808873104876464,3.9118739165423904,1.2930461369951445,-1.3272317090350692,-1.2930461369951445,0.08662285143979655,0.007503518391561063,0.0006735398724031505,True
d0.20_a0.4_nu0.5,0.2,0.4,0.5,3.349076578524302,0.06,True,,1.1102230246251565e-15,0.06078514248303922,3.350141421776432,4.358492733391728e-17,0.12996860029879098,1.380720656514897,0.4682559916588042,3.913597901197136,1.2936214058254336,-1.3280638720694213,-1.2936214058254336,0.12996860029879098,0.016891837063626892,0.0010648432521298545,True
d0.20_a0.4_nu0.5,0.2,0.4,0.5,3.349076578524302,0.08,True,,6.661338147750939e-16,0.060823415805263056,3.350689290625153,-2.0144476364780672e-16,0.1733555401285291,1.381456708793937,0.46849026429061835,3.9160127216809997,1.2944272019312848,-1.3292294026025278,-1.2944272019312848,0.1733555401285291,0.030052143293254067,0.0016127121008508993,True
d0.20_a0.4_nu1.0,0.2,0.4,1.0,3.2741571547591874,0.02,True,,2.0976547322054673e-14,0.04179110690812062,3.274521671215775,2.0976547322054673e-14,0.03823510680362208,1.3898784773519448,0.6619911978875872,4.088186447835142,1.3510195845537964,-1.3875732133936474,-1.3510195845537964,0.03823510680362208,0.0014619233922843877,0.00036451645658752696,True
d0.20_a0.4_nu1.0,0.2,0.4,1.0,3.2741571547591874,0.04,True,,1.9539925233402755e-14,0.04181038656305775,3.2747701700636047,5.165139149720943e-16,0.07648596632528182,1.3901873607897786,0.6620994916865897,4.089218736361545,1.351362813884407,-1.3881272617793652,-1.351362813884407,0.07648596632528182,0.005850103044712144,0.0006130153044172637,True
d0.20_a0.4_nu1.0,0.2,0.4,1.0,3.2741571547591874,0.06,True,,8.881784197001252e-16,0.04184249924547643,3.2751843936561222,-3.7947076036992655e-18,0.11476832529459388,1.390702367865094,0.6622800508418453,4.090939903043363,1.3519350933220267,-1.3890510157257046,-1.3519350933220267,0.11476832529459388,0.013171768490925717,0.00102723889693479,True
d0.20_a0.4_nu1.0,0.2,0.4,1.0,3.2741571547591874,0.08,True,,1.1102230246251565e-15,0.0418874264012643,3.2757643442403075,-4.824699667560495e-16,0.1530979216751304,1.3914236947606382,0.6625329386981491,4.093350869939059,1.352736734879727,-1.3903446579070882,-1.352736734879727,0.1530979216751304,0.02343897362124436,0.0016071894811200416,True
d0.20_a0.4_nu1.5,0.2,0.4,1.5,3.150501988119981,0.02,True,,4.884981308350689e-15,0.019820195966444337,3.1507693455929715,5.566022902997458e-16,0.030012840406666734,1.3803705013523382,0.8520931638855588,4.293796697243124,1.4186339085345026,-1.4581060738887457,-1.4186339085345026,0.030012840406666734,0.0009007705892760474,0.0002673574729903372,True
d0.20_a0.4_nu1.5,0.2,0.4,1.5,3.150501988119981,0.04,True,,2.220446049250313e-15,0.019842053227257402,3.1510416093886198,-2.3180242447740085e-16,0.06004643536139057,1.3806678002103865,0.8522098405159476,4.294824364770648,1.4189740522524517,-1.4587033805110343,-1.4189740522524517,0.06004643536139057,0.003605574399609656,0.0005396212686386015,True
d0.20_a0.4_nu1.5,0.2,0.4,1.5,3.150501988119981,0.06,True,,1.5126897130735006e-13,0.01987844491824762,3.1514953993666497,-1.5126897130735006e-13,0.09012150812324521,1.3811635000260454,0.8524043653453891,4.296537870139218,1.4195412028411738,-1.459699047023999,-1.4195412028411738,0.09012150812324521,0.008121886226408153,0.0009934112466685185,True
d0.20_a0.4_nu1.5,0.2,0.4,1.5,3.150501988119981,0.08,True,,6.217248937900877e-15,0.019929317683971434,3.152130729951797,-9.492190020110591e-16,0.12025872417745645,1.3818579013288232,0.8526768347513675,4.2989382844889406,1.4203357208152738,-1.4610933188974367,-1.4203357208152738,0.12025872417745645,0.014462160740789548,0.0016287418318157165,True
d0.20_a0.4_nu2.0,0.2,0.4,2.0,2.9295956695555776,0.002,True,,2.1249668691325496e-13,0.0015794399145049858,2.9296362008825927,2.7806380651805226e-15,0.0013610795370874878,1.3318549648433944,1.034371235135493,4.46408561791668,1.474633984897082,-1.5164312853491175,-1.474633984897082,0.0013610795370874878,1.85253750627829e-06,4.053132701509199e-05,True
d0.20_a0.4_nu2.0,0.2,0.4,2.0,2.9295956695555776,0.005,True,,1.5543122344752192e-15,0.0015798406241199438,2.929642078533088,8.649900457360915e-18,0.0034028557250006296,1.3318598802388366,1.0343735015400344,4.464103965468894,1.4746400257390633,-1.5164422168660652,-1.4746400257390633,0.0034028557250006296,1.1579427085169561e-05,4.6408977510292715e-05,True
d0.20_a0.4_nu2.0,0.2,0.4,2.0,2.9295956695555776,0.01,True,,3.9968028886505635e-15,0.0015812679207187787,2.9296630984087733,7.186227524505484e-17,0.006806827600724283,1.331877497854308,1.0343816376711599,4.464169529574974,1.4746616113034179,-1.516481502198296,-1.4746616113034179,0.006806827600724283,4.6332901985981907e-05,6.742885319566128e-05,True
d0.20_a0.4_nu2.0,0.2,0.4,2.0,2.9295956695555776,0.015,True,,1.3322676295501878e-15,0.0015836456608149673,2.9296981235426593,-8.402566836762659e-19,0.010213030361810184,1.3319068268265615,1.034395172526236,4.464278794894199,1.474697585258582,-1.5165468205935193,-1.474697585258582,0.010213030361810184,0.00010430598917125666,0.00010245398708175202,True
d0.20_a0.4_nu2.0,0.2,0.4,2.0,2.9295956695555776,0.02,True,,5.284661597215745e-14,0.0015869698342946964,2.9297471663751824,-2.5329673254692597e-16,0.013622571012159213,1.331947929381945,1.0344141500391093,4.464431791401694,1.4747479564148307,-1.5166384060883473,-1.4747479564148307,0.013622571012159213,0.00018557444098132048,0.00015149681960480166,True
d0.20_a0.4_nu2.0,0.2,0.4,2.0,2.9295956695555776,0.03,True,,1.5543122344752192e-15,0.001596442213872567,2.929887284521428,3.2146594414195206e-17,0.020456058457333105,1.3320653449850541,1.0344683430573705,4.464868999541977,1.4748919001831382,-1.5168997452580886,-1.4748919001831382,0.020456058457333105,0.00041845032760982925,0.0002916149658505063,True
d0.20_a0.4_nu2.0,0.2,0.4,2.0,2.9295956695555776,0.04,True,,1.2145839889399213e-13,0.0016096408545854077,2.9300834602005192,1.0038085813957043e-15,0.027315950183846652,1.3322298152826615,1.0345442457435707,4.465481295235804,1.4750934894045713,-1.5172654149644234,-1.4750934894045713,0.027315950183846652,0.0007461611344463919,0.0004877906449416436,True
d0.20_a0.8_nu0.0,0.2,0.8,0.0,3.2384257911635546,0.02,True,,4.440892098500626e-16,0.09571775879516457,3.2389851285615476,-3.8977068100853884e-17,0.050557469015273256,1.295680873575116,0.5182917206297293,3.5835552763119267,1.1850803743081997,-1.2145482202574462,-1.1850803743081997,0.050557469015273256,0.0025560576732303153,0.000559337397993076,True
d0.20_a0.8_nu0.0,0.2,0.8,0.0,3.2384257911635546,0.04,True,,1.1102230246251565e-16,0.09574644638923929,3.239234122650441,1.3010426069826053e-18,0.1011316588201371,1.2960409966089474,0.5184938971658886,3.5845683884435857,1.1854200627840328,-1.215204497293528,-1.1854200627840328,0.1011316588201371,0.010227612415712614,0.0008083314868865266,True
d0.20_a0.8_nu0.0,0.2,0.8,0.0,3.2384257911635546,0.06,True,,1.5543122344752192e-15,0.09579423393003005,3.2396491179687317,-7.37257477290143e-18,0.1517392903276522,1.2966413985150964,0.518830982539971,3.586257538244354,1.1859864246471261,-1.2162985479185098,-1.1859864246471261,0.1517392903276522,0.02302481222913953,0.0012233268051771162,True
d0.20_a0.8_nu0.0,0.2,0.8,0.0,3.2384257911635546,0.08,True,,1.2212453270876722e-15,0.095861083937488,3.240230113375148,-5.442694905877232e-17,0.20239707074838587,1.297482295628954,0.5193031318590624,3.5886236660671784,1.1867797813047218,-1.2178304939272087,-1.1867797813047218,0.20239707074838587,0.040964574247527114,0.0018043222115933233,True
d0.20_a0.8_nu0.5,0.2,0.8,0.5,3.194695701896981,0.02,True,,7.771561172376096e-16,0.06928009303142148,3.1951646418725117,-1.1600963245594897e-17,0.04526924172696799,1.358148863461269,0.7112797921008938,3.8309976201562677,1.2664460428122766,-1.299451165440026,-1.2664460428122766,0.04526924172696799,0.0020493042465346595,0.00046893997553087985,True
d0.20_a0.8_nu0.5,0.2,0.8,0.5,3.194695701896981,0.04,True,,6.661338147750939e-16,0.06931656836849906,3.1954355363052436,1.6263032587282567e-17,0.0905584680144982,1.358506353257283,0.7114835511259644,3.8320366982943597,1.2667926065851134,-1.3002533986804516,-1.2667926065851134,0.0905584680144982,0.008200836129132893,0.0007398344082627517,True
d0.20_a0.8_nu0.5,0.2,0.8,0.5,3.194695701896981,0.06,True,,5.551115123125783e-16,0.06937732709381947,3.1958870016393375,-1.1709383462843448e-17,0.135887656442721,1.359102382135535,0.7118232924509671,3.833769167939863,1.267370441833009,-1.3015907174969152,-1.267370441833009,0.135887656442721,0.018465455173494974,0.0011912997423566551,True
d0.20_a0.8_nu0.5,0.2,0.8,0.5,3.194695701896981,0.08,True,,4.440892098500626e-16,0.06946231176709941,3.196519045985666,-5.811323644522304e-17,0.18127675576911867,1.3599372333534478,0.7122992095399118,3.8361961031059764,1.2681799143938406,-1.303463346121095,-1.2681799143938406,0.18127675576911867,0.0328612621821767,0.0018233440886850083,True
d0.20_a0.8_nu1.0,0.2,0.8,1.0,3.1110194493591234,0.02,True,,1.208087449522388e-13,0.0388852337619139,3.1113789978084827,1.208087449522388e-13,0.037337529952266704,1.404627474773943,0.897871604119966,4.115471332743255,1.3599918338013595,-1.3970518255722224,-1.3599918338013595,0.037337529952266704,0.0013940911429364132,0.00035954844935925934,True
d0.20_a0.8_nu1.0,0.2,0.8,1.0,3.1110194493591234,0.04,True,,8.459899447643693e-14,0.03892975941183156,3.1116849072664503,1.3232687515185582e-15,0.0747016375939587,1.4049775989325126,0.8980735304858465,4.116542107727582,1.3603469080735522,-1.3979819047524757,-1.3603469080735522,0.0747016375939587,0.005580334659219144,0.0006654579073268607,True
d0.20_a0.8_nu1.0,0.2,0.8,1.0,3.1110194493591234,0.06,True,,3.3306690738754696e-16,0.03900390400052712,3.112194706455174,6.03900610074426e-17,0.11211886585674126,1.4055614195454114,0.898410265577196,4.118327504646913,1.3609389604262105,-1.399532326975887,-1.3609389604262105,0.11211886585674126,0.01257064008100194,0.001175257096050597,True
d0.20_a0.8_nu1.0,0.2,0.8,1.0,3.1110194493591234,0.08,True,,1.5543122344752192e-15,0.039107561254802296,3.1129083796239785,-3.5778671692021646e-16,0.1496156628811044,1.4063793121193575,0.8988820616471391,4.120828767812782,1.3617684132668728,-1.4017032937363119,-1.3617684132668728,0.1496156628811044,0.022384846579352278,0.0018889302648550377,True
d0.20_a0.8_nu1.5,0.2,0.8,1.5,2.956061161678014,0.02,True,,1.1213252548714081e-13,0.009874855178539114,2.95629892972431,-2.75780104048301e-14,0.02406759536767769,1.422581724550084,1.0730529044855956,4.386997553577203,1.4492831479474262,-1.4902041778522905,-1.4492831479474262,0.02406759536767769,0.0005792491467822606,0.00023776804629571657,True
d0.20_a0.8_nu1.5,0.2,0.8,1.5,2.956061161678014,0.04,True,,8.415490526658687e-14,0.009927282561038779,2.956681339924741,7.730686750473392e-15,0.048188912400497975,1.4229213343517986,1.0732494413059466,4.388137733003532,1.4496590455901242,-1.4912363423419024,-1.4496590455901242,0.048188912400497975,0.0023221712783428675,0.0006201782467267769,True
d0.20_a0.8_nu1.5,0.2,0.8,1.5,2.956061161678014,0.06,True,,1.3322676295501878e-15,0.010014377254980793,2.95731864928644,6.01732205729455e-17,0.07241712761908398,1.4234878830116846,1.0735773515188072,4.390039240801343,1.4502859483491193,-1.4929562379696453,-1.4502859483491193,0.07241712761908398,0.005244240372598696,0.0012574876084259223,True
d0.20_a0.8_nu1.5,0.2,0.8,1.5,2.956061161678014,0.08,True,,2.886579864025407e-15,0.010135726794249905,2.9582107902696078,1.6263032587282567e-17,0.09680435747794068,1.4242821882488432,1.0740371745095723,4.392703875347252,1.45116446074735,-1.4953634737548611,-1.45116446074735,0.09680435747794068,0.00937108362671693,0.002149628591593622,True
d0.20_a1.2_nu0.0,0.2,1.2,0.0,2.920697303515629,0.02,True,,6.661338147750939e-16,0.13724741424686585,2.9213513535834443,3.155028321932818e-17,0.05733000879703625,1.168656059960093,0.7012224805796067,3.194971498201994,1.0573083319968646,-1.0814344010802164,-1.0573083319968646,0.05733000879703625,0.003286729908668254,0.0006540500678151595,True
d0.20_a1.2_nu0.0,0.2,1.2,0.0,2.920697303515629,0.04,True,,1.1102230246251565e-16,0.13730287848086192,2.9216297554109207,8.66277535815918e-17,0.11468330630687006,1.1691141179101046,0.7015838724176193,3.1959309917820065,1.0576313649571603,-1.082487031279563,-1.0576313649571603,0.11468330630687006,0.013152260745475382,0.0009324518952915639,True
d0.20_a1.2_nu0.0,0.2,1.2,0.0,2.920697303515629,0.06,True,,1.1102230246251565e-15,0.1373952512169306,2.922093709624958,-8.608565249534905e-17,0.1720831651814261,1.1698777827014748,0.7021864105578942,3.197530905263193,1.0581700138882297,-1.084241428321247,-1.0581700138882297,0.1720831651814261,0.029612615738857984,0.001396406109329007,True
d0.20_a1.2_nu0.0,0.2,1.2,0.0,2.920697303515629,0.08,True,,1.1102230246251565e-15,0.1375244320212655,2.9227431391122627,-7.37257477290143e-18,0.22955283231228013,1.1709474380718738,0.7030304413485949,3.1997723709637285,1.0589246680110591,-1.0866977105761548,-1.0589246680110591,0.22955283231228013,0.0526945028225898,0.0020458355966335162,True
d0.20_a1.2_nu0.5,0.2,1.2,0.5,2.916997827666407,0.02,True,,8.881784197001252e-16,0.09527912390702008,2.9175340032304655,-2.4990860075790877e-17,0.05047688765508166,1.287123021653235,0.9003016276610947,3.587799540182459,1.18647546387092,-1.216232847075676,-1.18647546387092,0.05047688765508166,0.0025479161873437355,0.0005361755640587162,True
d0.20_a1.2_nu0.5,0.2,1.2,0.5,2.916997827666407,0.04,True,,8.881784197001252e-16,0.09535155060239163,2.9178506126210273,-1.448494102440634e-16,0.10098327983996833,1.2875780454869494,0.9006581184421917,3.5888213878943134,1.1868164492198048,-1.2175795219100005,-1.1868164492198048,0.10098327983996833,0.010197622807237353,0.0008527849546204891,True
d0.20_a1.2_nu0.5,0.2,1.2,0.5,2.916997827666407,0.06,True,,7.771561172376096e-16,0.09547215914896263,2.918378233212648,3.7730235602495554e-17,0.15154865182257837,1.2883368063580942,0.9012526122023162,3.5905253476666985,1.1873850589227004,-1.2198243187660933,-1.1873850589227004,0.15154865182257837,0.022966993869241087,0.0013804055462411924,True
d0.20_a1.2_nu0.5,0.2,1.2,0.5,2.916997827666407,0.08,True,,1.9984014443252818e-15,0.09564079909017886,2.9191167437552465,-1.0560129160008813e-16,0.2022024085075707,1.2893997768515928,0.9020855472411163,3.5929127003919348,1.1881817325493103,-1.2229674148407128,-1.1881817325493103,0.2022024085075707,0.040885814006262504,0.0021189160888397396,True
d0.20_a1.2_nu1.0,0.2,1.2,1.0,2.8712100844382937,0.02,True,,1.887379141862766e-14,0.04904077794303966,2.8716128684427074,1.2226656319336282e-14,0.040313148042479506,1.3887419384381465,1.0892703354133955,4.020596709111487,1.3287926277462248,-1.3647351430913235,-1.3287926277462248,0.040313148042479506,0.0016251499050948693,0.0004027840044136255,True
d0.20_a1.2_nu1.0,0.2,1.2,1.0,2.8712100844382937,0.04,True,,2.6645352591003757e-15,0.049132380529943745,2.871996024371757,1.7759231585312563e-16,0.08066950627968962,1.3891857754763521,1.0896122092798777,4.021711128780225,1.3291613916881033,-1.3663449562340304,-1.3291613916881033,0.08066950627968962,0.006507569243408883,0.0007859399334630979,True
d0.20_a1.2_nu1.0,0.2,1.2,1.0,2.8712100844382937,0.06,True,,1.1102230246251565e-15,0.04928484825367375,2.8726344943625604,-1.22514845490862e-17,0.12111215305618783,1.389926072298497,1.0901825120353983,4.023569548545311,1.3297763564805791,-1.3690283778026784,-1.3297763564805791,0.12111215305618783,0.014668153617905468,0.001424409924266623,True
d0.20_a1.2_nu1.0,0.2,1.2,1.0,2.8712100844382937,0.08,True,,8.881784197001252e-16,0.04949788455716539,2.873528056791833,8.023096076392733e-18,0.16168391506491997,1.3909636417720332,1.0909819842824122,4.026173482420745,1.3306380376843663,-1.3727859334570018,-1.3306380376843663,0.16168391506491997,0.026141688390720254,0.002317972353539144,True
d0.20_a1.2_nu1.5,0.2,1.2,1.5,2.7343342359612683,0.002,True,,7.720633994048789e-13,0.007467018297264624,2.734423663362279,7.720633994048789e-13,0.002205547940514402,1.4537701345672778,1.2562622639603778,4.408994143246673,1.4565165989588422,-1.4975393693978374,-1.4565165989588422,0.002205547940514402,4.8644417179073205e-06,8.942740101058888e-05,True
d0.20_a1.2_nu1.5,0.2,1.2,1.5,2.7343342359612683,0.005,True,,6.774580896262705e-13,0.007468981146657842,2.7344336372439577,2.94263243871655e-14,0.005514146619047133,1.45377767628803,1.2562677611357125,4.409017918785139,1.4565244189252553,-1.4975712946350586,-1.4565244189252553,0.005514146619047133,3.0405812936348928e-05,9.940128268937087e-05,True
d0.20_a1.2_nu1.5,0.2,1.2,1.5,2.7343342359612683,0.01,True,,7.682743330406083e-14,0.007475981006142491,2.7344693147816717,6.929420687425136e-15,0.011030265095242037,1.4538046209157225,1.2562873965204695,4.409102915498806,1.4565523752789886,-1.49768527887829,-1.4565523752789886,0.011030265095242037,0.00012166674807131484,0.00013507882040331154,True
d0.20_a1.2_nu1.5,0.2,1.2,1.5,2.7343342359612683,0.015,True,,6.84674539286334e-13,0.007487640049802168,2.7345287969604772,8.220679725053776e-14,0.01655032238922357,1.4538495795414412,1.256320164169495,4.40924461009854,1.4565989795501082,-1.4978754078070222,-1.4565989795501082,0.01655032238922357,0.00027391317118723494,0.00019456099920889258,True
d0.20_a1.2_nu1.5,0.2,1.2,1.5,2.7343342359612683,0.02,True,,5.332845276484477e-12,0.007503950140393378,2.734612082781463,3.81268150731473e-13,0.022076275851709192,1.4539125088711344,1.2563660269018286,4.409443024234861,1.4566642399458942,-1.4981414394519252,-1.4566642399458942,0.022076275851709192,0.00048736195548075844,0.0002778468201944939,True
d0.20_a1.2_nu1.5,0.2,1.2,1.5,2.7343342359612683,0.03,True,,1.3322676295501878e-12,0.007550486508678239,2.734850033748179,1.6199677233333376e-13,0.033153662935875496,1.4540924456926092,1.256497185204978,4.410010031458114,1.4568507337389747,-1.4989016264181423,-1.4568507337389747,0.033153662935875496,0.0010991653660656446,0.0005157977869107988,True
d0.20_a1.2_nu1.5,0.2,1.2,1.5,2.7343342359612683,0.04,True,,7.185363415374013e-13,0.007615476215161415,2.735183158888503,1.101403039951987e-14,0.04427783575698035,1.4543446023007012,1.2566810220459976,4.410804147821182,1.4571119264992376,-1.4999656969433683,-1.4571119264992376,0.04427783575698035,0.0019605267393221276,0.0008489229272345966,True
d0.20_a1.6_nu0.0,0.2,1.6,0.0,2.2849028736445867,0.02,True,,8.881784197001252e-16,0.20750149111641625,2.285607541843214,-5.4752209710517974e-18,0.06645900479603585,0.9144387416899652,0.731584255922899,2.5375742401738535,0.8411609387421777,-0.8562441645868717,-0.8411609387421777,0.06645900479603585,0.004416799318479516,0.0007046681986273562,True
d0.20_a1.6_nu0.0,0.2,1.6,0.0,2.2849028736445867,0.04,True,,4.440892098500626e-15,0.20759649132400423,2.2859176844321833,-4.552564922266633e-16,0.13295285808426838,0.9151501433056914,0.732253193440736,2.5384102690895816,0.8414445599964893,-0.8579148515125634,-0.8414445599964893,0.13295285808426838,0.017676462472775607,0.0010148107875966872,True
d0.20_a1.6_nu0.0,0.2,1.6,0.0,2.2849028736445867,0.06,True,,4.440892098500626e-16,0.20775461900746423,2.2864344766010425,1.0907073855204175e-16,0.19951637545514805,0.9163363195877506,0.7333685898013813,2.539804925396311,0.8419176970473927,-0.8606987975172256,-0.8419176970473927,0.19951637545514805,0.039806784074759606,0.0015316029564558242,True
d0.20_a1.6_nu0.0,0.2,1.6,0.0,2.2849028736445867,0.08,True,,2.220446049250313e-15,0.20797557232146588,2.287157683765644,-2.250803710079907e-16,0.2661842912647703,0.917997950910199,0.734931131429909,2.541760045271076,0.8425809778691473,-0.8645950820968022,-0.8425809778691473,0.2661842912647703,0.07085407691612806,0.002254810121057549,True
d0.20_a1.6_nu0.5,0.2,1.6,0.5,2.3789007221310063,0.02,True,,8.881784197001252e-16,0.15252733307097563,2.3794998607679694,1.8285069638968032e-16,0.059512483399863154,1.1119922459561662,0.9616265566483453,3.052224009303245,1.0103714409460736,-1.0329321615435276,-1.0103714409460736,0.059512483399863154,0.0035417356804189875,0.0005991386369630369,True
d0.20_a1.6_nu0.5,0.2,1.6,0.5,2.3789007221310063,0.04,True,,1.5543122344752192e-15,0.15266442846723047,2.3798650927492857,9.302454639925628e-17,0.11907070163237816,1.1127155503164337,0.9623035277220918,3.0531670311747803,1.0106863076653099,-1.0353165229179286,-1.0106863076653099,0.11907070163237816,0.014177831987226825,0.0009643706182793643,True
d0.20_a1.6_nu0.5,0.2,1.6,0.5,2.3789007221310063,0.06,True,,4.3576253716537394e-14,0.15289260721622555,2.380473593014405,-1.955683878729353e-15,0.17872030917147802,1.1139218117365803,0.9634325641607828,3.0547401395506313,1.0112115641322816,-1.0392901832888208,-1.0112115641322816,0.17872030917147802,0.03194094891034869,0.001572870883398636,True
d0.20_a1.6_nu0.5,0.2,1.6,0.5,2.3789007221310063,0.08,True,,4.440892098500626e-16,0.15321140172377318,2.3813250228622667,-8.044780119842443e-17,0.2385067930689165,1.115612115734469,0.9650147531792002,3.0569454293336094,1.0119479242002853,-1.0448526224659975,-1.0119479242002853,0.2385067930689165,0.05688549034001896,0.0024243007312603204,True
d0.20_a1.6_nu1.0,0.2,1.6,1.0,2.4470379421625394,0.02,True,,2.886579864025407e-15,0.08696870778833539,2.4475150766193003,-6.19079440489223e-17,0.04891555306850364,1.2991818582512065,1.183375486871014,3.6659700680947935,1.2121785304925652,-1.2436131110763906,-1.2121785304925652,0.04891555306850364,0.002392731331997596,0.00047713445676089705,True
d0.20_a1.6_nu1.0,0.2,1.6,1.0,2.4470379421625394,0.04,True,,5.10702591327572e-15,0.08715951414704885,2.4479785586833915,-1.2533377113932431e-16,0.0978997897214366,1.2998952526536074,1.1840362910569369,3.6670815595571185,1.212544781017641,-1.246709817199828,-1.212544781017641,0.0978997897214366,0.009584368827501504,0.0009406165208520889,True
d0.20_a1.6_nu1.0,0.2,1.6,1.0,2.4470379421625394,0.06,True,,1.1102230246251565e-15,0.08747693191791317,2.4487505653839503,3.924811864397526e-17,0.14702111765573334,1.3010855816594251,1.1851389718135317,3.668935534670709,1.2131557022621564,-1.251871264188027,-1.2131557022621564,0.14702111765573334,0.021615209036740985,0.0017126232214108583,True
d0.20_a1.6_nu1.0,0.2,1.6,1.0,2.4470379421625394,0.08,True,,4.440892098500626e-14,0.08792008057472261,2.4498304021398036,2.409682696435933e-14,0.19634740244648316,1.302754861794097,1.186685547023573,3.671534221130969,1.2140120473804927,-1.2590979513243636,-1.2140120473804927,0.19634740244648316,0.03855230244748122,0.0027924599772641834,True
d0.20_a1.6_nu1.5,0.2,1.6,1.5,2.4463164216248274,0.02,True,,1.3100631690576847e-14,0.01906556895082322,2.4466985263813075,7.203520549156628e-15,0.029629023281816467,1.458800896594157,1.3830614201506004,4.301796118407765,1.421263171899227,-1.461834518503622,-1.421263171899227,0.029629023281816467,0.0008778790206344223,0.0003821047564800395,True
d0.20_a1.6_nu1.5,0.2,1.6,1.5,2.4463164216248274,0.04,True,,7.438494264988549e-14,0.01932906911829919,2.447461713328307,1.102416768983261e-15,0.05943741615212471,1.4594722724746765,1.3836609163244897,4.303368582834082,1.421778327332504,-1.465573423284238,-1.421778327332504,0.05943741615212471,0.003532806438840855,0.0011452917034797672,True
d0.20_a1.6_nu1.5,0.2,1.6,1.5,2.4463164216248274,0.06,True,,4.618527782440651e-14,0.019765777947433966,2.4487318686694364,2.770570231569458e-15,0.08960015759856343,1.4605956974677798,1.3846645611558515,4.305990284739892,1.4226372017201356,-1.4718058342089924,-1.4226372017201356,0.08960015759856343,0.008028188241687405,0.0024154470446089427,True
d0.20_a1.6_nu1.5,0.2,1.6,1.5,2.4463164216248274,0.08,True,,1.7763568394002505e-15,0.020372231631976934,2.4505060754385,-2.710505431213761e-17,0.12028395254205247,1.4621775750436774,1.386078806675494,4.309662256515367,1.4238401016100397,-1.480533490976836,-1.4238401016100397,0.12028395254205247,0.01446822923913873,0.004189653813672756,True
d0.22_a0.0_nu0.0,0.22,0.0,0.0,3.3732362690973727,0.02,True,,5.551115123125783e-16,0.05266730697975224,3.3736320048766513,-1.2793585635328952e-17,0.041284786522705716,1.484477445496509,0.0,3.9863982621827745,1.3175477483691793,-1.352600807845679,-1.3175477483691793,0.041284786522705716,0.0017044335982253835,0.00039573577927853876,True
d0.22_a0.0_nu0.0,0.22,0.0,0.0,3.3732362690973727,0.04,True,,1.2212453270876722e-15,0.05267539521459296,3.3738512675228596,1.3552527156068805e-17,0.08258055740353665,1.4848120968575673,0.0,3.9875113988227895,1.317919067105322,-1.3529930454555972,-1.317919067105322,0.08258055740353665,0.006819548461078811,0.0006149984254868457,True
d0.22_a0.0_nu0.0,0.22,0.0,0.0,3.3732362690973727,0.06,True,,2.220446049250313e-15,0.052688875575314785,3.374216737197097,-4.889751797909625e-17,0.12389830028319149,1.4853699764940245,0.0,3.989367237575607,1.3185381372513802,-1.3536469669072195,-1.3185381372513802,0.12389830028319149,0.015350788813063888,0.0009804680997240744,True
d0.22_a0.0_nu0.0,0.22,0.0,0.0,3.3732362690973727,0.08,True,,4.440892098500626e-16,0.0527077492483897,3.374728454283341,-3.1051550219984847e-16,0.16524901080255394,1.4861512950214968,0.0,3.9919666901205346,1.3194052653143444,-1.3545629282105347,-1.3194052653143444,0.16524901080255394,0.02730723557122259,0.0014921851859681645,True
d0.22_a0.0_nu0.5,0.22,0.0,0.5,3.3577228088126856,0.02,True,,6.661338147750939e-16,0.04927153018247084,3.358105452193835,2.8514517136368767e-17,0.04037838556922714,1.477644861361283,0.22000493200913698,4.018173632444814,1.327996734550652,-1.3634982534080389,-1.327996734550652,0.04037838556922714,0.0016304140211771706,0.00038264338114935015,True
d0.22_a0.0_nu0.5,0.22,0.0,0.5,3.3577228088126856,0.04,True,,2.220446049250313e-16,0.04927935824819335,3.3583255375227505,-2.8189256484623115e-18,0.0807677651365727,1.4779771423414527,0.22001973102634864,4.019281422527456,1.328366066808485,-1.3638881636782036,-1.328366066808485,0.0807677651365727,0.006523431885156569,0.0006027287100649481,True
d0.22_a0.0_nu0.5,0.22,0.0,0.5,3.3577228088126856,0.06,True,,8.881784197001252e-16,0.04929240105903828,3.3586924041632735,3.8163916471489756e-17,0.12117913144637453,1.478531104824424,0.22004439827060346,4.021128395813321,1.3289818407793064,-1.3645382845046592,-1.3289818407793064,0.12117913144637453,0.014684381898097716,0.0009695953505879373,True
d0.22_a0.0_nu0.5,0.22,0.0,0.5,3.3577228088126856,0.08,True,,8.881784197001252e-16,0.04931066191175699,3.359206080256025,-3.8012128167341785e-16,0.16162348892532347,1.4793069363449571,0.22007893288637648,4.023715439589068,1.3298443550384036,-1.365448908400264,-1.3298443550384036,0.16162348892532347,0.026122152172394157,0.0014832714433392624,True
d0.22_a0.0_nu1.0,0.22,0.0,1.0,3.30874428619513,0.02,True,,1.887379141862766e-15,0.0393935042496679,3.3090872467266204,-1.0775885392333429e-15,0.03749866899864978,1.456073943805212,0.4400102752716753,4.110604693203641,1.358391922562987,-1.3951979869046252,-1.358391922562987,0.03749866899864978,0.001406150176670298,0.00034296053149018846,True
d0.22_a0.0_nu1.0,0.22,0.0,1.0,3.30874428619513,0.04,True,,2.886579864025407e-15,0.039400517500231345,3.309310040546394,1.214306433183765e-17,0.07500836219155477,1.4563987243952814,0.4400411158526883,4.111695973368114,1.3587551338705453,-1.3955808168175654,-1.3587551338705453,0.07500836219155477,0.005626254398659463,0.0005657543512640473,True
d0.22_a0.0_nu1.0,0.22,0.0,1.0,3.30874428619513,0.06,True,,1.9984014443252818e-15,0.03941221212947852,3.3096813636161566,-1.249000902703301e-16,0.11254011782974054,1.4569401658379633,0.4400925222622839,4.113515333857322,1.3593606740669202,-1.396219135358086,-1.3593606740669202,0.11254011782974054,0.012665278121131884,0.0009370774210264443,True
d0.22_a0.0_nu1.0,0.22,0.0,1.0,3.30874428619513,0.08,True,,9.992007221626409e-16,0.03942858243043636,3.3102013027577835,-8.471955775801732e-16,0.15010496663946502,1.4576984825967967,0.4401644922620332,4.1160637630073325,1.3602088746356458,-1.3971132351844977,-1.3602088746356458,0.15010496663946502,0.022531501009834906,0.0014570165626532905,True
d0.22_a0.0_nu1.5,0.22,0.0,1.5,3.2170379137294924,0.02,True,,1.3322676295501878e-15,0.024196682471097127,3.2173132786728775,1.2082620060721583e-15,0.031999046716885894,1.4156878329438307,0.6600167078075287,4.252802142445944,1.4051530461056245,-1.4439664224360538,-1.4051530461056245,0.031999046716885894,0.001023938990789446,0.00027536494338509243,True
d0.22_a0.0_nu1.5,0.22,0.0,1.5,3.2170379137294924,0.04,True,,1.9984014443252818e-15,0.02420225974668002,3.2175412428290158,1.3265213580360147e-16,0.06400925357260707,1.4159981902529015,0.6600668518382804,4.2538635332102785,1.4055052497806173,-1.444336604297984,-1.4055052497806173,0.06400925357260707,0.0040971845429223115,0.0005033290995233308,True
d0.22_a0.0_nu1.5,0.22,0.0,1.5,3.2170379137294924,0.06,True,,1.3322676295501878e-15,0.024211555807848593,3.21792122072555,-7.688077605094712e-16,0.09604178434952426,1.4165155924988149,0.6601504239018924,4.255633139115162,1.4060924637888093,-1.4449537730440714,-1.4060924637888093,0.09604178434952426,0.009224024341040523,0.0008833069960574313,True
d0.22_a0.0_nu1.5,0.22,0.0,1.5,3.2170379137294924,0.08,True,,4.440892098500626e-15,0.024224571205974512,3.218453270105787,-1.3876703605641971e-15,0.1281078105586038,1.4172402802915245,0.6602674359431111,4.258111910385196,1.4069150055320279,-1.4458183280334747,-1.4069150055320279,0.1281078105586038,0.016411611126119118,0.0014153563762944188,True
d0.22_a0.0_nu2.0,0.22,0.0,2.0,3.0555612269731194,0.02,True,,1.9984014443252818e-15,0.0070067489374453715,3.0557367399730877,1.0787811616230769e-16,0.021622952850635705,1.3445838527911063,0.8800260100726401,4.413641429919153,1.4580453810449399,-1.4991295711493289,-1.4580453810449399,0.021622952850635705,0.0004675520899808148,0.00017551299996831915,True
d0.22_a0.0_nu2.0,0.22,0.0,2.0,3.0555612269731194,0.04,True,,7.37188088351104e-14,0.007009996610689209,3.0559749659224913,-3.8591092127449045e-15,0.043257938062099,1.3448677873122759,0.8801040484675673,4.4146557248486715,1.4583803832210833,-1.4994797702960123,-1.4583803832210833,0.043257938062099,0.0018712492053843935,0.00041373894937191125,True
d0.22_a0.0_nu2.0,0.22,0.0,2.0,3.0555612269731194,0.06,True,,1.9984014443252818e-15,0.007015411456021291,3.0563720607106886,4.28801959218017e-17,0.06491699097487102,1.3453411881606427,0.8802341237650708,4.416346867651555,1.4589389364900853,-1.500063729680389,-1.4589389364900853,0.06491699097487102,0.004214215717231486,0.0008108337375691832,True
d0.22_a0.0_nu2.0,0.22,0.0,2.0,3.0555612269731194,0.08,True,,1.84297022087776e-14,0.007022997486557741,3.05692809171847,-6.258014939586332e-16,0.08661215583781091,1.346004289909054,0.880416235827614,4.418715824685933,1.4597213623001153,-1.5008817669857533,-1.4597213623001153,0.08661215583781091,0.007501665538873243,0.0013668647453504157,True
d0.22_a0.4_nu0.0,0.22,0.4,0.0,3.3322840589472698,0.02,True,,2.886579864025407e-15,0.05907582181286135,3.332706334344434,-6.21247844834194e-17,0.04290203250008914,1.4664730467115838,0.293304132178578,3.9264437310976064,1.297832415949415,-1.3320646164475995,-1.297832415949415,0.04290203250008914,0.0018405843926387051,0.0004222753971641069,True
d0.22_a0.4_nu0.0,0.22,0.4,0.0,3.3322840589472698,0.04,True,,1.1102230246251565e-16,0.05908942749547002,3.3329356641111674,-5.2909066017292616e-17,0.08581684661726952,1.466820786813495,0.293402255067362,3.9275562549337337,1.2982038106820255,-1.3325328809457582,-1.2982038106820255,0.08581684661726952,0.007364531163331962,0.0006516051638976172,True
d0.22_a0.4_nu0.0,0.22,0.4,0.0,3.3322840589472698,0.06,True,,1.5543122344752192e-15,0.059112090744603975,3.3333179400192234,8.955509944730267e-17,0.12875721976718782,1.4674005320802714,0.29356585009442904,3.929411159857409,1.298823036990143,-1.333313578962676,-1.298823036990143,0.12875721976718782,0.016578421642175902,0.0010338810719536795,True
d0.22_a0.4_nu0.0,0.22,0.4,0.0,3.3322840589472698,0.08,True,,1.205632815803881e-15,0.05914380559928476,3.333853166499738,-1.205632815803881e-15,0.17173593682788899,1.468212486906033,0.29379498993111547,3.9320093575806823,1.299690403189743,-1.3344069813375623,-1.299690403189743,0.17173593682788899,0.029493231998152677,0.0015691075524681963,True
d0.22_a0.4_nu0.5,0.22,0.4,0.5,3.2826787837951583,0.02,True,,3.175237850427948e-14,0.04558443316586067,3.2830484849788575,-6.5156213757688874e-15,0.039349119483378825,1.488621072915704,0.5089375298562842,4.052709354723447,1.339353393201236,-1.3753900090520437,-1.339353393201236,0.039349119483378825,0.001548353204117223,0.00036970118369916705,True
d0.22_a0.4_nu0.5,0.22,0.4,0.5,3.2826787837951583,0.04,True,,8.881784197001252e-16,0.045601380782629604,3.2832891997632125,-2.0491421059976034e-17,0.07871266209459198,1.488966266093477,0.5090465232281182,4.053826645185836,1.3397253375351283,-1.3759254024252132,-1.3397253375351283,0.07871266209459198,0.006195683174017416,0.0006104159680542232,True
d0.22_a0.4_nu0.5,0.22,0.4,0.5,3.2826787837951583,0.06,True,,6.661338147750939e-16,0.04562960703762909,3.283690466167213,-1.3064636178450328e-16,0.11810504309914518,1.4895418125719122,0.5092282522136365,4.055689563896522,1.3403455024908908,-1.3768180876213238,-1.3403455024908908,0.11810504309914518,0.013948801205450941,0.001011682372054512,True
d0.22_a0.4_nu0.5,0.22,0.4,0.5,3.2826787837951583,0.08,True,,1.3322676295501878e-15,0.045669101735391016,3.284252268671618,-4.453902524570452e-16,0.15754067892472876,1.4903478877043035,0.509482779676294,4.0582990640350545,1.3412142109464185,-1.378068186121803,-1.3412142109464185,0.15754067892472876,0.024819065516064474,0.0015734848764594744,True
d0.22_a0.4_nu1.0,0.22,0.4,1.0,3.1923523376852927,0.02,True,,1.4432899320127035e-15,0.027262799044235342,3.192645775882971,-2.254327367140485e-16,0.033255136626218096,1.4928386869238817,0.7209850638181299,4.224172335572803,1.395738066571539,-1.4342150745148687,-1.395738066571539,0.033255136626218096,0.0011059041120284323,0.00029343819767824186,True
d0.22_a0.4_nu1.0,0.22,0.4,1.0,3.1923523376852927,0.04,True,,1.5543122344752192e-15,0.027282698116057456,3.1929043979154774,-2.417770844642675e-17,0.06652784219989677,1.4931761828736219,0.7211045527081585,4.225288187810293,1.3961081167017255,-1.434807414000727,-1.3961081167017255,0.06652784219989677,0.0044259537877743655,0.0005520602301847255,True
d0.22_a0.4_nu1.0,0.22,0.4,1.0,3.1923523376852927,0.06,True,,1.9984014443252818e-15,0.027315833747103876,3.193335487696298,-4.0245584642661925e-16,0.09983566441423528,1.4937389192880044,0.7213037844469393,4.227148757820032,1.3967251406511423,-1.4357949721955707,-1.3967251406511423,0.09983566441423528,0.009967159889031805,0.0009831500110051294,True
d0.22_a0.4_nu1.0,0.22,0.4,1.0,3.1923523376852927,0.08,True,,2.220446049250313e-15,0.027362178066852285,3.1939390218300585,-8.811311055789695e-16,0.133196139000541,1.494527127008873,0.7215828325947631,4.229755092521373,1.3975894921240979,-1.4371778854126753,-1.3975894921240979,0.133196139000541,0.01774121144465144,0.0015866841447658153,True
d0.22_a0.4_nu1.5,0.22,0.4,1.5,3.0368505001662927,0.02,True,,4.218847493575595e-13,0.007989217245730717,3.0370460218564594,-5.5905340036119244e-14,0.02252473192430836,1.468365029136295,0.9272953558031339,4.40454120357208,1.45505264899748,-1.4960917329183911,-1.45505264899748,0.02252473192430836,0.0005073635482619563,0.00019552169016678889,True
d0.22_a0.4_nu1.5,0.22,0.4,1.5,3.0368505001662927,0.04,True,,1.2878587085651816e-14,0.008011420653995792,3.0373402795155235,-1.0706496453294356e-16,0.04507892846112681,1.468688947485408,0.9274272067393645,4.405658756247249,1.4554214835825405,-1.496727392681308,-1.4554214835825405,0.04507892846112681,0.0020321097912033887,0.00048977934923089,True
d0.22_a0.4_nu1.5,0.22,0.4,1.5,3.0368505001662927,0.06,True,,4.218847493575595e-15,0.008048329530297785,3.037830695616302,4.548228113576691e-17,0.06769189530702151,1.4692290829446828,0.9276470372423977,4.407522266602427,1.456036517956818,-1.4977866421748227,-1.456036517956818,0.06769189530702151,0.00458219269025676,0.0009801954500092691,True
d0.22_a0.4_nu1.5,0.22,0.4,1.5,3.0368505001662927,0.08,True,,1.3322676295501878e-15,0.008099799885197432,3.0385172685764923,2.1662359406260379e-16,0.09039261827978849,1.4699859046264607,0.9279550019615411,4.410133146448061,1.4568982253049398,-1.4992694558955553,-1.4568982253049398,0.09039261827978849,0.008170825439475553,0.0016667684101996372,True
d0.22_a0.8_nu0.0,0.22,0.8,0.0,3.1919011523269014,0.02,True,,4.440892098500626e-16,0.08045161337954554,3.1923996718243206,-1.271227047239254e-16,0.047630304432752374,1.4047495999284845,0.5619198363214649,3.726454511144766,1.232069412319106,-1.2635600457875271,-1.232069412319106,0.047630304432752374,0.0022686459003566704,0.000498519497419192,True
d0.22_a0.8_nu0.0,0.22,0.8,0.0,3.1919011523269014,0.04,True,,4.440892098500626e-16,0.08048223691827605,3.1926544605215557,4.2609145378680324e-17,0.09527815157764752,1.405143057541891,0.5621372246821701,3.727554470753603,1.2324374804129548,-1.2642665880722714,-1.2324374804129548,0.09527815157764752,0.009077926168053176,0.0007533081946542453,True
d0.22_a0.8_nu0.0,0.22,0.8,0.0,3.1919011523269014,0.06,True,,3.3306690738754696e-16,0.08053324390692884,3.1930791185379355,-5.746271514173174e-17,0.14296107286093182,1.4057990081413694,0.5624996679751542,3.7293884751070436,1.2330511787140495,-1.2654442775060297,-1.2330511787140495,0.14296107286093182,0.020437868353548657,0.0011779662110340539,True
d0.22_a0.8_nu0.0,0.22,0.8,0.0,3.1919011523269014,0.08,True,,1.3322676295501878e-15,0.08060459236299511,3.1936736257119924,2.47198095326695e-17,0.19069659515081314,1.4067177618812539,0.5630073715127946,3.7319575663932483,1.2339108622200001,-1.2670934389738857,-1.2339108622200001,0.19069659515081314,0.036365191402113126,0.0017724733850910113,True
d0.22_a0.8_nu0.5,0.22,0.8,0.5,3.135802572419197,0.02,True,,1.3693039757622927e-14,0.05364031420322957,3.13620766953816,1.3693039757622927e-14,0.041536996658024926,1.4680200930709566,0.7720290411026393,3.977394990832181,1.314586835144837,-1.3496674387186252,-1.314586835144837,0.041536996658024926,0.001725322091368774,0.0004050971189633046,True
d0.22_a0.8_nu0.5,0.22,0.8,0.5,3.135802572419197,0.04,True,,1.3322676295501878e-15,0.05367934509296155,3.1364890192397104,4.662069341687669e-18,0.08309588724464576,1.4684101311329258,0.7722480902456333,3.97852513804537,1.314962935699441,-1.3505284315033301,-1.314962935699441,0.08309588724464576,0.006904926476974881,0.0006864468205134422,True
d0.22_a0.8_nu0.5,0.22,0.8,0.5,3.135802572419197,0.06,True,,3.3306690738754696e-16,0.05374434193478694,3.1369579627063398,5.312590645178972e-18,0.12469853983167103,1.4690604701366072,0.7726133525929053,3.980409590732961,1.3155900661313353,-1.35196368464433,-1.3155900661313353,0.12469853983167103,0.015549725836150847,0.0011553902871428434,True
d0.22_a0.8_nu0.5,0.22,0.8,0.5,3.135802572419197,0.08,True,,2.220446049250313e-16,0.053835238192033376,3.1376144454280754,-9.82287168271867e-17,0.16636679294752432,1.4699714859181348,0.7731250842941649,3.9830495146998146,1.3164686227637503,-1.3539735736480774,-1.3164686227637503,0.16636679294752432,0.02767790979564443,0.0018118730088785284,True
d0.22_a0.8_nu1.0,0.22,0.8,1.0,3.029366593349728,0.02,True,,7.771561172376096e-16,0.024182520404353,3.02966067757277,-1.1221492485224971e-17,0.0319906416185205,1.5091296977595614,0.9732732141221815,4.253102946555373,1.4052516767678753,-1.4442644271214324,-1.4052516767678753,0.0319906416185205,0.001023401151164616,0.00029408422304211257,True
d0.22_a0.8_nu1.0,0.22,0.8,1.0,3.029366593349728,0.04,True,,1.5543122344752192e-15,0.024230065309632617,3.0299886845231705,-7.43762690325056e-17,0.06401401502832288,1.509511177785136,0.9734898521897378,4.254276213192497,1.405639804551356,-1.445257417192932,-1.405639804551356,0.06401401502832288,0.004097794120046347,0.0006220911734424739,True
d0.22_a0.8_nu1.0,0.22,0.8,1.0,3.029366593349728,0.06,True,,1.1102230246251565e-15,0.02430919071562883,3.0305353225844662,-1.0495077029659683e-16,0.0961027453102455,1.5101473521884476,0.973851168984424,4.256232660698515,1.4062870233956346,-1.4469125513342695,-1.4062870233956346,0.0961027453102455,0.009235737656165914,0.0011687292347382083,True
d0.22_a0.8_nu1.0,0.22,0.8,1.0,3.029366593349728,0.08,True,,1.887379141862766e-15,0.024419726494781115,3.0313005206462162,-5.732176885930862e-16,0.12828925120085224,1.511038761575246,0.9743575321032295,4.258973764885923,1.4071938328452234,-1.4492300186143172,-1.4071938328452234,0.12828925120085224,0.01645813197367537,0.0019339272964882248,True
d0.22_a0.8_nu1.5,0.22,0.8,1.5,2.818837862904831,0.002,True,,4.1366909897533333e-13,0.0013658513990553187,2.818871674970546,4.4649952680476945e-15,0.0013007892101581514,1.5043041142536466,1.156121849050737,4.466086195201569,1.4752918967415098,-1.5171187340281311,-1.4752918967415098,0.0013007892101581514,1.6920525692638673e-06,3.381206571484441e-05,True
d0.22_a0.8_nu1.5,0.22,0.8,1.5,2.818837862904831,0.005,True,,8.970602038971265e-14,0.0013667886682101863,2.81887974639276,6.0968889442278296e-15,0.0032523406531633787,1.5043107401455604,1.1561255831240398,4.466109207184672,1.475299468560479,-1.517138031656927,-1.475299468560479,0.0032523406531633787,1.0577719724219193e-05,4.188348792899532e-05,True
d0.22_a0.8_nu1.5,0.22,0.8,1.5,2.818837862904831,0.01,True,,1.13464793116691e-13,0.0013701296397918032,2.8189085990560043,-1.7509322984554654e-15,0.0065072984461437885,1.5043343974492878,1.1561389095901908,4.466191431403786,1.475326523851436,-1.5172068802287013,-1.475326523851436,0.0065072984461437885,4.2344933067185365e-05,7.073615117336729e-05,True
d0.22_a0.8_nu1.5,0.22,0.8,1.5,2.818837862904831,0.015,True,,4.951594689828198e-14,0.0013756896761210119,2.818956694704379,8.721457800744958e-16,0.009767474909795426,1.5043738635045818,1.1561611469987894,4.466328494314439,1.4753716229570273,-1.5173217132085193,-1.4753716229570273,0.009767474909795426,9.540356611348318e-05,0.0001188317995479693,True
d0.22_a0.8_nu1.5,0.22,0.8,1.5,2.818837862904831,0.02,True,,4.39648317751562e-14,0.001383456654122617,2.819024039159254,2.0406853290522164e-15,0.013035440609603864,1.5044291344655085,1.1561922904158333,4.466520426931311,1.475434776433758,-1.5174824184845601,-1.475434776433758,0.013035440609603864,0.00016992271188650957,0.00018617625442285402,True
d0.22_a0.8_nu1.5,0.22,0.8,1.5,2.818837862904831,0.03,True,,2.90878432451791e-14,0.001405542340158641,2.8192165093594084,-2.200930410145574e-16,0.019604789597298708,1.5045871679766596,1.1562813425490261,4.4670690648126765,1.4756153007128887,-1.5179412157212822,-1.4756153007128887,0.019604789597298708,0.0003843477751543516,0.00037864645457741375,True
d0.22_a0.8_nu1.5,0.22,0.8,1.5,2.818837862904831,0.04,True,,7.327471962526033e-15,0.0014362070233664016,2.8194861108271465,1.5758878577076807e-16,0.026234782570661433,1.5048086829351701,1.1564061755438286,4.4678378126582174,1.4758682518959176,-1.5185825865126126,-1.4758682518959176,0.026234782570661433,0.0006882638165298809,0.000648247922315548,True
d0.22_a1.2_nu0.0,0.22,1.2,0.0,2.891024805674097,0.02,True,,2.220446049250313e-16,0.12317345581118487,2.891632413502973,-9.025983085941824e-17,0.05519020924627243,1.272442854141843,0.7634962529331991,3.32672587842535,1.1006305282217,-1.1266327707288104,-1.1006305282217,0.05519020924627243,0.0030459591966473347,0.0006076078288761444,True
d0.22_a1.2_nu0.0,0.22,1.2,0.0,2.891024805674097,0.04,True,,2.220446049250313e-16,0.12323368722271716,2.8919181371601037,-1.973247953923618e-17,0.11040497439789385,1.2729425153175815,0.7638876986853018,3.3277739481436583,1.1009827881716774,-1.1277716923728,-1.1009827881716774,0.11040497439789385,0.012189258371799596,0.0008933314860066766,True
d0.22_a1.2_nu0.0,0.22,1.2,0.0,2.891024805674097,0.06,True,,6.661338147750939e-16,0.12333399320894932,2.8923942915200875,3.122502256758253e-17,0.16566883035618632,1.2737755640828954,0.7645403686408153,3.329521591399498,1.101570184027878,-1.129669912837905,-1.101570184027878,0.16566883035618632,0.027446161351586843,0.0013694858459905035,True
d0.22_a1.2_nu0.0,0.22,1.2,0.0,2.891024805674097,0.08,True,,5.551115123125783e-16,0.12347425630233369,2.8930607874831433,4.564491146163974e-16,0.2210062754133069,1.274942446184011,0.7654546684937604,3.3319700870879387,1.102393155354548,-1.132327543278611,-1.102393155354548,0.2210062754133069,0.048843773772062456,0.0020359818090462944,True
d0.22_a1.2_nu0.5,0.22,1.2,0.5,2.8743891779153867,0.02,True,,8.507463396950632e-15,0.07934156518701023,2.874873048502359,-8.507463396950632e-15,0.0474041297678783,1.3970603621936644,0.9790652308206214,3.7369995371918776,1.235536384418083,-1.2674220172515964,-1.235536384418083,0.0474041297678783,0.0022471515190498454,0.00048387058697230145,True
d0.22_a1.2_nu0.5,0.22,1.2,0.5,2.8743891779153867,0.04,True,,6.661338147750939e-16,0.07942030065367715,2.875204106755024,3.2634485391813683e-17,0.09484069407423135,1.3975548918010883,0.9794490350418485,3.7381199723740792,1.2359095387910202,-1.2688725756278765,-1.2359095387910202,0.09484069407423135,0.00899475725248194,0.0008149288396372967,True
d0.22_a1.2_nu0.5,0.22,1.2,0.5,2.8743891779153867,0.06,True,,7.771561172376096e-16,0.07955139832507384,2.875755783866365,1.8865117801247777e-17,0.14234207386350142,1.398379519536847,0.980089086499266,3.739988367569822,1.2365318063139057,-1.2712903441498615,-1.2365318063139057,0.14234207386350142,0.020261265991762496,0.0013666059509782613,True
d0.22_a1.2_nu0.5,0.22,1.2,0.5,2.8743891779153867,0.08,True,,7.771561172376096e-16,0.07973466998850932,2.8765279366635848,-1.444157293750692e-16,0.18994055836340135,1.3995349146677976,0.9809859883289194,3.742606195407461,1.2374036908859125,-1.2746757860796194,-1.2374036908859125,0.18994055836340135,0.036077415711400676,0.002138758748198022,True
d0.22_a1.2_nu1.0,0.22,1.2,1.0,2.804077256311816,0.02,True,,2.9976021664879227e-15,0.03289826260398239,2.8044253458992348,2.3382988253994874e-15,0.03534579015782681,1.4980456895572338,1.1804525843728997,4.171726379470783,1.3784907680237666,-1.4165893862365975,-1.3784907680237666,0.03534579015782681,0.0012493248818811265,0.0003480895874186096,True
d0.22_a1.2_nu1.0,0.22,1.2,1.0,2.804077256311816,0.04,True,,1.4432899320127035e-15,0.032997759078147726,2.804844196445711,6.678685382510707e-17,0.07074515025051484,1.4985258995583837,1.1808163033274155,4.172968753982786,1.37890107032581,-1.4183102569542194,-1.37890107032581,0.07074515025051484,0.00500487628396792,0.0007669401338947779,True
d0.22_a1.2_nu1.0,0.22,1.2,1.0,2.804077256311816,0.06,True,,1.1102230246251565e-15,0.03316328336618139,2.805542058321372,-1.2891163830852648e-16,0.10625138113066658,1.499327020470941,1.1814232070384059,4.175040577518303,1.3795853148167225,-1.4211786994132212,-1.3795853148167225,0.10625138113066658,0.01128935599217417,0.00146480200955601,True
d0.22_a1.2_nu1.0,0.22,1.2,1.0,2.804077256311816,0.08,True,,1.5543122344752192e-15,0.0333943805412569,2.806518641174419,-1.702197410802242e-16,0.14191723746321655,1.5004501886708197,1.182274333506695,4.177943698516174,1.3805441292633986,-1.42519514080804,-1.3805441292633986,0.14191723746321655,0.020140502289190995,0.0024413848626028134,True
d0.22_a1.2_nu1.5,0.22,1.2,1.5,2.591053807040894,0.002,True,,2.6645352591003757e-15,0.00022555600668975305,2.5910674947884007,3.621912882459388e-18,0.0007291694630426941,1.5360702095165921,1.3440422669166807,4.4767601183111765,1.4788021384401873,-1.5207820818422735,-1.4788021384401873,0.0007291694630426941,5.316881058339709e-07,1.3687747506541115e-05,True
d0.22_a1.2_nu1.5,0.22,1.2,1.5,2.591053807040894,0.005,True,,2.886579864025407e-15,0.00022743698993890602,2.591081369650965,-4.390273409572709e-16,0.0018254013450958628,1.5360790428635347,1.3440483196509592,4.476791003807193,1.4788122944009956,-1.5208162946977302,-1.4788122944009956,0.0018254013450958628,3.332090070677785e-06,2.756261007075267e-05,True
d0.22_a1.2_nu1.5,0.22,1.2,1.5,2.591053807040894,0.01,True,,7.771561172376096e-15,0.00023411783656201586,2.591131005582043,-6.084068253538188e-17,0.0036682514405152163,1.5361106454910816,1.3440699746845375,4.476901468401593,1.4788486180141263,-1.5209384209126355,-1.4788486180141263,0.0036682514405152163,1.3456068630841959e-05,7.719854114895952e-05,True
d0.22_a1.2_nu1.5,0.22,1.2,1.5,2.591053807040894,0.015,True,,1.021405182655144e-14,0.00024513160620893824,2.5912140025267445,9.255698421237191e-17,0.005544773909825406,1.536163471909894,1.3441061698414247,4.477086079982655,1.4789093232848245,-1.5211416806689564,-1.4789093232848245,0.005544773909825406,3.0744517711080524e-05,0.00016019548585033405,True
d0.22_a1.2_nu1.5,0.22,1.2,1.5,2.591053807040894,0.02,True,,5.773159728050814e-15,0.0002603206095946049,2.591330707357191,-2.9449641510137514e-17,0.00746906401996867,1.5362377838158532,1.3441570924017365,4.477345485021033,1.4789946219407284,-1.521425939215311,-1.4789946219407284,0.00746906401996867,5.578691733439055e-05,0.00027690031629701295,True
d0.22_a1.2_nu1.5,0.22,1.2,1.5,2.591053807040894,0.03,True,,6.106226635438361e-14,0.0003024902905604355,2.591666739940991,2.391614467231462e-16,0.011504580481454661,1.5364518723808895,1.3443038218872714,4.47809155656887,1.4792399464568007,-1.5222359939808627,-1.4792399464568007,0.011504580481454661,0.00013235537205426756,0.0006129329000970074,True
d0.22_a1.2_nu1.5,0.22,1.2,1.5,2.591053807040894,0.04,True,,6.394884621840902e-14,0.00035921021225780703,2.5921417239823605,2.5078951502305324e-16,0.015838509966573898,1.53675488356426,1.344511574523363,4.479144909988463,1.4795863087883845,-1.5233658893450004,-1.4795863087883845,0.015838509966573898,0.0002508583979612607,0.0010879169414663714,True
d0.22_a1.6_nu0.0,0.22,1.6,0.0,2.27302410469993,0.02,True,,2.1094237467877974e-15,0.19768723807681693,2.2737060542684304,6.722053469410127e-17,0.06530443796778262,1.0006433178376697,0.8005506465707048,2.629478557384573,0.8713775188371073,-0.8877957622473551,-0.8713775188371073,0.06530443796778262,0.004264669618287969,0.0006819495685004284,True
d0.22_a1.6_nu0.0,0.22,1.6,0.0,2.27302410469993,0.04,True,,4.440892098500626e-16,0.19779124769409565,2.274023132986318,2.0003530082357557e-16,0.13064524798545335,1.0014209946959796,0.8012807985142322,2.6303965445003996,0.8716885818121227,-0.8896170246966868,-0.8716885818121227,0.13064524798545335,0.0170681808211806,0.0009990282863880928,True
d0.22_a1.6_nu0.0,0.22,1.6,0.0,2.27302410469993,0.06,True,,6.661338147750939e-16,0.1979643645795778,2.2745514682211945,1.0234868508263162e-16,0.19605875989007246,1.0027177074482445,0.8024982978818669,2.6319279351046134,0.8722075026844323,-0.8926518854547276,-0.8722075026844323,0.19605875989007246,0.03843903732963309,0.0015273635212644798,True
d0.22_a1.6_nu0.0,0.22,1.6,0.0,2.27302410469993,0.08,True,,1.1763593571467723e-15,0.19820624811097004,2.2752907995306026,-1.1763593571467723e-15,0.26158120943084395,1.0045342596513074,0.8042039547204611,2.634074766179765,0.8729349788873151,-0.8968993785401786,-0.8729349788873151,0.26158120943084395,0.06842472912730305,0.0022666948306726553,True
d0.22_a1.6_nu0.5,0.22,1.6,0.5,2.358363541295964,0.02,True,,3.569274866985217e-14,0.13860826965883358,2.3589325666598873,3.569274866985217e-14,0.0575296452943096,1.2141365624264484,1.0505442282446635,3.1825591656161123,1.053226148073918,-1.077680669360423,-1.053226148073918,0.0575296452943096,0.003309660087689079,0.0005690253639234477,True
d0.22_a1.6_nu0.5,0.22,1.6,0.5,2.358363541295964,0.04,True,,4.440892098500626e-16,0.13875863838670277,2.359312425462851,-3.621235256101585e-17,0.11510849253801318,1.2149227763873265,1.0512781931563158,3.1835993965196394,1.053572962970975,-1.0802683403225388,-1.053572962970975,0.11510849253801318,0.013249965054373836,0.0009488841668869874,True
d0.22_a1.6_nu0.5,0.22,1.6,0.5,2.358363541295964,0.06,True,,3.3306690738754696e-16,0.13900888610634057,2.359945257691131,-9.540979117872439e-18,0.17278563515172385,1.216234010880656,1.0525023492012842,3.1853346627576684,1.0541515162440191,-1.0845807888142005,-1.0541515162440191,0.17278563515172385,0.029854875714784627,0.001581716395167021,True
d0.22_a1.6_nu0.5,0.22,1.6,0.5,2.358363541295964,0.08,True,,6.661338147750939e-16,0.1393584662161593,2.360830661423097,-7.134050294954619e-17,0.23060995669947507,1.2180716163393908,1.0542180466770017,3.1877672828677532,1.0549625988314801,-1.090617627494427,-1.0549625988314801,0.23060995669947507,0.05318095212893376,0.0024671201271333487,True
d0.22_a1.6_nu1.0,0.22,1.6,1.0,2.841806796577467,0.002,True,,4.6629367034256575e-15,0.0003362800785542729,2.841816631378467,9.571514655620957e-17,-0.0003773429330630228,1.602399737566071,1.4403198330261808,4.47572799178306,1.478462711604152,-1.520430975623542,-1.478462711604152,0.0003773429330630228,1.4238768913260491e-07,9.83480099980838e-06,True
d0.22_a1.6_nu1.0,0.22,1.6,1.0,2.841806796577467,0.005,True,,4.578781798159071e-12,0.000339420631007115,2.841836791832587,-1.8509631795218893e-13,-0.0009452904393073149,1.6024108564030661,1.4403289581377496,4.475768139306638,1.4784759140566166,-1.5204835889110067,-1.4784759140566166,0.0009452904393073149,8.935740146458164e-07,2.999525511970802e-05,True
d0.22_a1.6_nu1.0,0.22,1.6,1.0,2.841806796577467,0.01,True,,2.4580337765200966e-13,0.0003505394426688755,2.841909006421948,-3.4298837370532603e-15,-0.0019041818860694947,1.60245070192292,1.4403616606965952,4.475911972560425,1.4785232131771409,-1.5206712745538524,-1.4785232131771409,0.0019041818860694947,3.6259086552351783e-06,0.00010220984448094939,True
d0.22_a1.6_nu1.0,0.22,1.6,1.0,2.841806796577467,0.015,True,,6.328271240363392e-15,0.0003687601987092953,2.8420300221433545,-1.1256051429472946e-16,-0.0028893142681782474,1.6025174935338562,1.4404164815739473,4.4761530534324265,1.4786024918912517,-1.5209832444370623,-1.4786024918912517,0.0028893142681782474,8.3481369402984e-06,0.00022322556588738607,True
d0.22_a1.6_nu1.0,0.22,1.6,1.0,2.841806796577467,0.02,True,,6.661338147750939e-16,0.0003936884316955564,2.8422006355864977,6.576024989303486e-17,-0.003911699781781939,1.6026117188900395,1.440493826574737,4.47649307510801,1.4787143067933357,-1.5214184148640035,-1.4787143067933357,0.003911699781781939,1.530139518279287e-05,0.000393839009030561,True
d0.22_a1.6_nu1.0,0.22,1.6,1.0,2.841806796577467,0.03,True,,1.0524914273446484e-13,0.00046185973282537304,2.84269412331646,-1.2054972905323202e-16,-0.006102753034278999,1.6028846528273335,1.4407179109279966,4.47747757329671,1.4790380546710367,-1.5226530708649577,-1.4790380546710367,0.006102753034278999,3.724359459740152e-05,0.000887326738992833,True
d0.22_a1.6_nu1.0,0.22,1.6,1.0,2.841806796577467,0.04,True,,3.3306690738754696e-15,0.0005516029329144112,2.843395525520015,-1.4052615408127744e-16,-0.00852933961346135,1.60327367600913,1.441037427972194,4.47887965308837,1.4794991195058174,-1.524364794875696,-1.4794991195058174,0.00852933961346135,7.2749634241761e-05,0.0015887289425480233,True
d0.22_a1.6_nu1.5,0.22,1.6,1.5,2.3536491959942833,0.002,True,,2.888541575390589e-13,0.004630843744991819,2.3537094329165504,2.888541575390589e-13,0.00190070688817758,1.5636330480751355,1.4885065886810884,4.435542673450982,1.4652473286405439,-1.506651513823532,-1.4652473286405439,0.00190070688817758,3.6126866747656995e-06,6.023692226708732e-05,True
d0.22_a1.6_nu1.5,0.22,1.6,1.5,2.3536491959942833,0.005,True,,1.6500134591979077e-12,0.004635824283398655,2.353727939690122,5.035213443567964e-13,0.004752700354303259,1.563645933527639,1.4885176903058621,4.435579737678381,1.4652594923863944,-1.5067216623313757,-1.4652594923863944,0.004752700354303259,2.2588160657794324e-05,7.874369583849017e-05,True
d0.22_a1.6_nu1.5,0.22,1.6,1.5,2.3536491959942833,0.01,True,,1.4678258608569195e-12,0.0046535652511222455,2.353794257292554,1.4073886099499194e-13,0.009512031628770807,1.5636921362585607,1.488557498942725,4.435712463248819,1.4653030493036567,-1.5069725684760473,-1.4653030493036567,0.009512031628770807,9.047874570673621e-05,0.00014506129827074332,True
d0.22_a1.6_nu1.5,0.22,1.6,1.5,2.3536491959942833,0.015,True,,2.2093438190040615e-13,0.004683094940530781,2.353904798347409,3.310069232598245e-15,0.014284575563015886,1.5637691829746703,1.4886238872887196,4.435933715885767,1.4653756582192727,-1.5073906516816664,-1.4653756582192727,0.014284575563015886,0.00020404909901551062,0.0002556023531257168,True
d0.22_a1.6_nu1.5,0.22,1.6,1.5,2.3536491959942833,0.02,True,,1.5469847625126931e-12,0.004724359691426988,2.354059560856798,-5.231996476687262e-14,0.019076821847364697,1.5638771742183384,1.4887169530692157,4.436243540789292,1.4654773330430544,-1.5079759301879285,-1.4654773330430544,0.019076821847364697,0.000363925131796091,0.00041036486251444515,True
d0.22_a1.6_nu1.5,0.22,1.6,1.5,2.3536491959942833,0.03,True,,1.3484768857097151e-12,0.004841776097634532,2.3545017700675346,3.685715469804729e-14,0.02874565054299246,1.564186441789677,1.488983556525897,4.437129183000252,1.4657679676965927,-1.5096476741353375,-1.4657679676965927,0.02874565054299246,0.0008263124251398428,0.0008525740732512332,True
d0.22_a1.6_nu1.5,0.22,1.6,1.5,2.3536491959942833,0.04,True,,1.0793588245405772e-12,0.005005015475011434,2.35512084408932,1.0377354357771207e-13,0.038567019836386884,1.5646210924873942,1.489358439115479,4.438369988647537,1.4661751413932507,-1.5119868577393456,-1.4661751413932507,0.038567019836386884,0.0014874150190602594,0.0014716480950367483,True
d0.25_a0.0_nu0.0,0.25,0.0,0.0,3.276367195230967,0.02,True,,4.440892098500626e-16,0.033546042590771624,3.276670783917213,3.073713158996405e-16,0.03557516265614853,1.6384243998122803,0.0,4.165372038859459,1.3764020515645825,-1.4139813255828915,-1.3764020515645825,0.03557516265614853,0.001265592198011425,0.0003035886862461368,True
d0.25_a0.0_nu0.0,0.25,0.0,0.0,3.276367195230967,0.04,True,,3.774758283725532e-15,0.03355336009783522,3.2768957383302775,-1.334652874329656e-16,0.07116133441822795,1.6388040416580891,0.0,4.166600526743423,1.3768104830787706,-1.4144114324976278,-1.3768104830787706,0.07116133441822795,0.005063935516182873,0.0005285430993104967,True
d0.25_a0.0_nu0.0,0.25,0.0,0.0,3.276367195230967,0.06,True,,7.771561172376096e-16,0.03356555557614905,3.2772707060492583,-4.679416576447437e-16,0.10676952530632541,1.6394369486797167,0.0,4.168648769144966,1.3774914574350987,-1.4151285228012305,-1.3774914574350987,0.10676952530632541,0.011399731534138063,0.0009035108182913199,True
d0.25_a0.0_nu0.0,0.25,0.0,0.0,3.276367195230967,0.08,True,,2.220446049250313e-15,0.03358263293762299,3.277795728568042,-2.218060804470845e-15,0.1424107570310493,1.640323370912506,0.0,4.171517864273483,1.3784453421303624,-1.41613298022394,-1.3784453421303624,0.1424107570310493,0.02028082371815656,0.0014285333370751552,True
d0.25_a0.0_nu0.5,0.25,0.0,0.5,3.256912685723818,0.02,True,,1.5543122344752192e-15,0.03028883397427462,3.2572024441661274,3.8082601308553343e-17,0.03441083189698864,1.6286889573789292,0.25000693976860094,4.195849516034286,1.3864244485848758,-1.4244339632098082,-1.3864244485848758,0.03441083189698864,0.0011841053518428107,0.00028975844230938463,True
d0.25_a0.0_nu0.5,0.25,0.0,0.5,3.256912685723818,0.04,True,,9.547918011776346e-15,0.030295785441152048,3.2574286033352196,5.906733435701028e-16,0.06883268980565152,1.6290653485275388,0.2500277685218687,4.197070952666763,1.3868302759465223,-1.4248610285433458,-1.3868302759465223,0.06883268980565152,0.004737939185881042,0.0005159176114015729,True
d0.25_a0.0_nu0.5,0.25,0.0,0.5,3.256912685723818,0.06,True,,1.0547118733938987e-15,0.03030736897142434,3.2578055905126155,-7.160071147094271e-16,0.10327659727710574,1.6296928505844275,0.25006248445478757,4.199107468581133,1.3875069182940933,-1.4255730685191728,-1.3875069182940933,0.10327659727710574,0.010666055545137484,0.000892904788797555,True
d0.25_a0.0_nu0.5,0.25,0.0,0.5,3.256912685723818,0.08,True,,3.885780586188048e-15,0.030323592583341462,3.2583334283412593,-3.0610279935783247e-15,0.13775360147597676,1.6305717344460235,0.25011109351559774,4.201960126969425,1.3884547309007758,-1.42657056082279,-1.3884547309007758,0.13775360147597676,0.018976054719602228,0.0014207426174412952,True
d0.25_a0.0_nu1.0,0.25,0.0,1.0,3.194481947411996,0.02,True,,1.5543122344752192e-15,0.02108634491218952,3.194729869294727,3.5339569812165017e-16,0.030614932387890575,1.5974485052889695,0.5000146825475,4.281955295593434,1.4147401857535442,-1.4539652539953427,-1.4147401857535442,0.030614932387890575,0.0009372740851151113,0.0002479218827309282,True
d0.25_a0.0_nu1.0,0.25,0.0,1.0,3.194481947411996,0.04,True,,1.6653345369377348e-15,0.021092150480909153,3.1949600268414424,2.330492569757592e-16,0.06124097484316748,1.5978144002203265,0.5000587487128896,4.283154779661345,1.4151379294653452,-1.4543829980655913,-1.4151379294653452,0.06124097484316748,0.0037504569997414716,0.00047807942944633197,True
d0.25_a0.0_nu1.0,0.25,0.0,1.0,3.194481947411996,0.06,True,,3.1086244689504383e-15,0.021101827365205543,3.195343666160598,-1.5624437507688604e-15,0.0918892407215833,1.5984244093498052,0.5001321961782689,4.285154686565875,1.4158010913852195,-1.4550795135204888,-1.4158010913852195,0.0918892407215833,0.008443632560389084,0.0008617187486019695,True
d0.25_a0.0_nu1.0,0.25,0.0,1.0,3.194481947411996,0.08,True,,1.4432899320127035e-15,0.02111537842547144,3.1958808441732107,-8.207410445715269e-16,0.12257085315255004,1.5992788040525852,0.500235030416205,4.2879561512691,1.4167300500166675,-1.4560552089894627,-1.4167300500166675,0.12257085315255004,0.015023614042543985,0.0013988967612146297,True
d0.25_a0.0_nu1.5,0.25,0.0,1.5,3.0722597243487724,0.02,True,,1.1102230246251565e-14,0.008259361259336965,3.072436486660556,7.123479323772886e-16,0.022762671099722468,1.5362934048085544,0.7500247710279231,4.401969587090207,1.4542071172545548,-1.4951265779128105,-1.4542071172545548,0.022762671099722468,0.0005181391955941405,0.00017676231178365143,True
d0.25_a0.0_nu1.5,0.25,0.0,1.5,3.0722597243487724,0.04,True,,3.774758283725532e-15,0.00826304174736915,3.0726752337696865,-4.977030072794708e-16,0.04553691350335458,1.536638324142538,0.7500990909519348,4.403129810511928,1.454590482927415,-1.4955275702697883,-1.454590482927415,0.04553691350335458,0.0020736104914119966,0.000415509420914173,True
d0.25_a0.0_nu1.5,0.25,0.0,1.5,3.0722597243487724,0.06,True,,2.220446049250313e-15,0.008269179623864495,3.073073192310861,-1.406752318799942e-16,0.0683343070456934,1.5372133991860715,0.7502229713118048,4.405064295508055,1.4552296843285148,-1.4961962372745172,-1.4552296843285148,0.0683343070456934,0.004669577519415103,0.0008134679620885876,True
d0.25_a0.0_nu1.5,0.25,0.0,1.5,3.0722597243487724,0.08,True,,4.440892098500626e-15,0.008277778894296184,3.0736304369040472,-2.5630539357557325e-16,0.09116643757365063,1.5380189233332056,0.7503964214876326,4.407774234715362,1.4561251175136931,-1.4971329915321432,-1.4561251175136931,0.09116643757365063,0.008311319339870338,0.0013707125552748778,True
d0.25_a0.4_nu0.0,0.25,0.4,0.0,3.2421976644029127,0.02,True,,1.1102230246251565e-16,0.03945225126806551,3.242529628116444,-1.6696713456276768e-17,0.03751675163756864,1.6213565473685132,0.3242805679973511,4.110122326258534,1.3582334522852761,-1.39506012182712,-1.3582334522852761,0.03751675163756864,0.001407506653435009,0.0003319637135312803,True
d0.25_a0.4_nu0.0,0.25,0.4,0.0,3.2421976644029127,0.04,True,,6.661338147750939e-16,0.039465893935905806,3.2427660225300503,1.2218958483911635e-16,0.07504686828355095,1.6217500665654914,0.32438705516752636,4.11135374107198,1.3586432091387906,-1.395573796735234,-1.3586432091387906,0.07504686828355095,0.005632032439168645,0.0005683581271376248,True
d0.25_a0.4_nu0.0,0.25,0.4,0.0,3.2421976644029127,0.06,True,,1.3322676295501878e-15,0.03948862166840177,3.243160035498985,-2.627021863932377e-16,0.11260370987210136,1.6224060911385185,0.32456459149438965,4.113406881648189,1.3593264006394747,-1.3964300419500546,-1.3593264006394747,0.11260370987210136,0.012679595476960378,0.0009623710960724452,True
d0.25_a0.4_nu0.0,0.25,0.4,0.0,3.2421976644029127,0.08,True,,1.5543122344752192e-15,0.03952041984963756,3.243711706537736,-1.3491811834409617e-15,0.15020064034004127,1.6233249653686546,0.32481328462120357,4.116282919259902,1.3602834196153708,-1.397629395754179,-1.3602834196153708,0.15020064034004127,0.022560232358558432,0.0015140421348234234,True
d0.25_a0.4_nu0.5,0.25,0.4,0.5,3.178954427722923,0.02,True,,4.440892098500626e-16,0.026739492757186508,3.1792333944589326,1.6181717424346154e-16,0.03304732055806697,1.6397048843135675,0.5679555315736871,4.229101788325352,1.3973592892107263,-1.435889690741996,-1.3973592892107263,0.03304732055806697,0.001092125396067636,0.00027896673600968924,True
d0.25_a0.4_nu0.5,0.25,0.4,0.5,3.178954427722923,0.04,True,,2.6645352591003757e-15,0.0267567171553868,3.179485321220747,-1.40241551011e-16,0.06611070809541617,1.6400954969147348,0.5680773310890131,4.230339800302318,1.3977700114810432,-1.436475835181921,-1.3977700114810432,0.06611070809541617,0.004370625724877324,0.000530893497824092,True
d0.25_a0.4_nu0.5,0.25,0.4,0.5,3.178954427722923,0.06,True,,2.4424906541753444e-15,0.02678540368964262,3.179905221660966,-8.416661465004971e-16,0.09920621928898209,1.6407467361876846,0.5682804041878039,4.232404010303071,1.3984548362823261,-1.437452960526873,-1.3984548362823261,0.09920621928898209,0.0098418739456136,0.0009507939380428709,True
d0.25_a0.4_nu0.5,0.25,0.4,0.5,3.178954427722923,0.08,True,,3.885780586188048e-15,0.026825521545734605,3.180493126771992,-1.3952597757715957e-15,0.13234988823884053,1.6416589355050168,0.5685648639891477,4.235295711187064,1.399414197664555,-1.4388214045186294,-1.399414197664555,0.13234988823884053,0.01751649291683358,0.0015386990490688923,True
d0.25_a0.4_nu1.0,0.25,0.4,1.0,3.060393411078745,0.02,True,,1.4654943925052066e-14,0.010877297833844442,3.0605967180778237,-3.569274866985217e-15,0.02481355018403255,1.6303788783600175,0.8060962432938403,4.377549376871684,1.4461763686558697,-1.4868231886856575,-1.4461763686558697,0.02481355018403255,0.0006157122727355017,0.00020330699907855632,True
d0.25_a0.4_nu1.0,0.25,0.4,1.0,3.060393411078745,0.04,True,,1.3322676295501878e-15,0.010897380067650106,3.060876156518278,-1.122149248522497e-16,0.04965070775289505,1.6307603179890378,0.8062339678542481,4.378790577278778,1.4465864659123326,-1.4874690232320917,-1.4465864659123326,0.04965070775289505,0.0024651927803633926,0.00048274543953263915,True
d0.25_a0.4_nu1.0,0.25,0.4,1.0,3.060393411078745,0.06,True,,1.4432899320127035e-15,0.010930781293746755,3.0613419009382468,-3.0791341698588326e-17,0.07453498869563752,1.6313963053206024,0.8064635858602889,4.380860275125997,1.4472703073079174,-1.488545301668961,-1.4472703073079174,0.07453498869563752,0.005555464539858813,0.0009484898595015778,True
d0.25_a0.4_nu1.0,0.25,0.4,1.0,3.060393411078745,0.08,True,,6.661338147750939e-16,0.010977407471620185,3.06199393584141,1.1806961658367143e-16,0.09948976717609703,1.6322873076024034,0.8067852605902089,4.383759940184973,1.4482283850775275,-1.4900522431713052,-1.4482283850775275,0.09948976717609703,0.009898213772753994,0.0016005247626647012,True
d0.25_a0.8_nu0.0,0.25,0.8,0.0,3.1205160236394716,0.02,True,,8.881784197001252e-16,0.05998383800219425,3.1209316582557687,9.324138683375338e-18,0.04312184446957724,1.5605693003653303,0.6242480822977255,3.918045369633546,1.2950708245298301,-1.329274334382296,-1.2950708245298301,0.04312184446957724,0.001859493470458409,0.0004156346162971225,True
d0.25_a0.8_nu0.0,0.25,0.8,0.0,3.1205160236394716,0.04,True,,6.661338147750939e-16,0.06001697711681418,3.121196436887038,1.0332446703786857e-16,0.0862627972053061,1.5610121950343767,0.6244863475759619,3.9192719582224527,1.2954800600027738,-1.330051531657758,-1.2954800600027738,0.0862627972053061,0.007441270181683765,0.0006804132475664026,True
d0.25_a0.8_nu0.0,0.25,0.8,0.0,3.1205160236394716,0.06,True,,2.220446049250313e-16,0.06007216267382368,3.121637760156721,-1.0180658399638887e-16,0.12944194782990526,1.5617506262051046,0.6248836355375164,3.9213171911769678,1.2961624305762598,-1.3313470654159625,-1.2961624305762598,0.12944194782990526,0.016755217857999914,0.0011217365172493388,True
d0.25_a0.8_nu0.0,0.25,0.8,0.0,3.1205160236394716,0.08,True,,2.239744847920555e-15,0.06014934004914382,3.1222555806883685,-2.239744847920555e-15,0.17267836966804742,1.5627849738835105,0.6254402028048971,3.9241823046313584,1.2971183565050524,-1.3331612511256874,-1.2971183565050524,0.17267836966804742,0.02981781935121484,0.0017395570488969447,True
d0.25_a0.8_nu0.5,0.25,0.8,0.5,3.0436101377326623,0.02,True,,5.972327667136401e-16,0.03365440085360944,3.043930509417256,5.972327667136401e-16,0.03561114300762059,1.6220613337310457,0.8588460872757968,4.164479839012529,1.3761083844410678,-1.413842023480676,-1.3761083844410678,0.03561114300762059,0.0012681535063092048,0.0003203716845936455,True
d0.25_a0.8_nu0.5,0.25,0.8,0.5,3.0436101377326623,0.04,True,,2.220446049250313e-16,0.033696711728393273,3.0442311939030104,5.2692225582795515e-17,0.07124846615712656,1.6225000660871594,0.8590862767657408,4.165746155792476,1.376528452770799,-1.4147849799147272,-1.376528452770799,0.07124846615712656,0.005076343929743208,0.0006210561703481332,True
d0.25_a0.8_nu0.5,0.25,0.8,0.5,3.0436101377326623,0.06,True,,9.992007221626409e-16,0.03376715453625846,3.0447322792442617,-3.6331614799989254e-16,0.10693810521468455,1.6232316266104192,0.8594868273751035,4.167857663677751,1.3772288988611763,-1.416356769488195,-1.3772288988611763,0.10693810521468455,0.011435758346906943,0.001122141511599395,True
d0.25_a0.8_nu0.5,0.25,0.8,0.5,3.0436101377326623,0.08,True,,1.4432899320127035e-15,0.03386560966301152,3.0454337259187407,-7.068998164605489e-16,0.14270609157307146,1.6242565083073937,0.8600480793096525,4.170815893356121,1.378210241628949,-1.4185575972943683,-1.378210241628949,0.14270609157307146,0.020365028572061857,0.0018235881860784176,True
d0.25_a0.8_nu1.0,0.25,0.8,1.0,2.8947846894960265,0.02,True,,1.3322676295501878e-15,0.00809434750294372,2.8949989718827602,-2.9441509993843873e-16,0.02261315554827666,1.6475804564722973,1.0790539184877013,4.403722408667818,1.4547833392753091,-1.4959335227030153,-1.4547833392753091,0.02261315554827666,0.0005113548038505555,0.0002142823867337107,True
d0.25_a0.8_nu1.0,0.25,0.8,1.0,2.8947846894960265,0.04,True,,5.551115123125783e-16,0.008145151015263443,2.8953751667788907,8.673617379884035e-17,0.04528250457172578,1.6480117030163843,1.0792916881836803,4.405066771615566,1.4552266384125687,-1.4970145692266037,-1.4552266384125687,0.04528250457172578,0.002050505220288366,0.0005904772828642102,True
d0.25_a0.8_nu1.0,0.25,0.8,1.0,2.8947846894960265,0.06,True,,1.3322676295501878e-15,0.008229464826257889,2.8960020718886037,3.469446951953614e-17,0.06806352126273196,1.6487311058592122,1.07968842265625,4.407308911633663,1.4559659873903001,-1.498815462060349,-1.4559659873903001,0.06806352126273196,0.0046326429266823664,0.001217382392577182,True
d0.25_a0.8_nu1.0,0.25,0.8,1.0,2.8947846894960265,0.08,True,,8.881784197001252e-16,0.008346769720704791,2.896879570846933,2.1803305688683494e-16,0.09101027757261798,1.649739691906474,1.0802448226998422,4.410451132051094,1.457002161310811,-1.5013352022194708,-1.457002161310811,0.09101027757261798,0.008282870623844972,0.002094881350906519,True
d0.25_a1.2_nu0.0,0.25,1.2,0.0,2.8458215133736307,0.02,True,,6.661338147750939e-16,0.10345354038508264,2.8463639389551942,5.708324438136181e-17,0.05193421775831253,1.4233192214684243,0.854024139630984,3.511336749178554,1.1613336677091866,-1.1899655213542117,-1.1613336677091866,0.05193421775831253,0.0026971629741678244,0.0005424255815635881,True
d0.25_a1.2_nu0.0,0.25,1.2,0.0,2.8458215133736307,0.04,True,,1.1102230246251565e-15,0.10352061204434215,2.846661671525401,1.3335686721571705e-17,0.10389517461714738,1.4238799878226047,0.8544584553623102,3.5125160032939675,1.1617290386629975,-1.1912277714799444,-1.1617290386629975,0.10389517461714738,0.010794207308727545,0.0008401581517705203,True
d0.25_a1.2_nu0.0,0.25,1.2,0.0,2.8458215133736307,0.06,True,,6.392456008974534e-16,0.10363229248395033,2.847157862461989,-6.392456008974534e-16,0.1559095766576025,1.4248149928526699,0.8551826703721868,3.514482501987004,1.1623883588035824,-1.1933316049516915,-1.1623883588035824,0.1559095766576025,0.024307796093552828,0.0013363490883584461,True
d0.25_a1.2_nu0.0,0.25,1.2,0.0,2.8458215133736307,0.08,True,,9.992007221626409e-16,0.10378844211451595,2.8478523503835556,7.979727989493313e-17,0.20800408503613182,1.4261247980946354,0.856197299501892,3.517237676516743,1.1633121207942168,-1.1962771962263234,-1.1633121207942168,0.20800408503613182,0.04326569939171836,0.002030837009924902,True
d0.25_a1.2_nu0.5,0.25,1.2,0.5,2.807992938819738,0.02,True,,3.3306690738754696e-15,0.05783282711693938,2.808405551250947,2.476317761956892e-15,0.04259517422010378,1.554327334801875,1.092626492776384,3.938359920941366,1.3017504536601336,-1.3365092105793113,-1.3017504536601336,0.04259517422010378,0.0018143488668409939,0.00041261243120915836,True
d0.25_a1.2_nu0.5,0.25,1.2,0.5,2.807992938819738,0.04,True,,2.6645352591003757e-15,0.057920553321065424,2.8087621086107637,-8.348356728138384e-17,0.08522856806543616,1.5548794977038016,1.093048123230258,3.939630805662091,1.3021725307271481,-1.3381054421698428,-1.3021725307271481,0.08522856806543616,0.007263908814484685,0.0007691697910257034,True
d0.25_a1.2_nu0.5,0.25,1.2,0.5,2.807992938819738,0.06,True,,1.5543122344752192e-15,0.05806657731838429,2.80935626442287,-5.865533753146579e-17,0.12793830118411703,1.5558003778291347,1.0937513929267726,3.9417501950983933,1.3028764187292836,-1.3407661044558206,-1.3028764187292836,0.12793830118411703,0.016368208909877842,0.0013633256031320151,True
d0.25_a1.2_nu0.5,0.25,1.2,0.5,2.807992938819738,0.08,True,,9.992007221626409e-16,0.05827063284207243,2.810187793538912,-2.7517051137682103e-16,0.1707623115435573,1.5570908548468148,1.0947371096200746,3.9447198473217213,1.303862719362769,-1.34449160532327,-1.303862719362769,0.1707623115435573,0.029159767043698926,0.002194854719173911,True
d0.25_a1.2_nu1.0,0.25,1.2,1.0,2.692546957190609,0.02,True,,3.1885605267234496e-13,0.013804961596049298,2.69282939583234,2.439673896931227e-13,0.026743732817175916,1.646510664131724,1.3079299724984819,4.3505090749322335,1.4372836266902596,-1.4779323463580591,-1.4372836266902596,0.026743732817175916,0.0007152272449964921,0.0002824386417308311,True
d0.25_a1.2_nu1.0,0.25,1.2,1.0,2.692546957190609,0.04,True,,3.219646771412954e-15,0.013914694061857939,2.6933256766951104,2.9918558949737495e-16,0.05357414772805856,1.647047256859438,1.3083228011526964,4.3519793058094365,1.4377679919716684,-1.4798067642563957,-1.4377679919716684,0.05357414772805856,0.002870189304787842,0.0007787195045012574,True
d0.25_a1.2_nu1.0,0.25,1.2,1.0,2.692546957190609,0.06,True,,7.771561172376096e-16,0.014096838813024811,2.694152546374064,-9.128982292327947e-17,0.08057662929934492,1.6479430347124469,1.3089788417766022,4.354431623711207,1.4385759180850073,-1.4829301918230133,-1.4385759180850073,0.08057662929934492,0.006492593189244051,0.0016055891834549918,True
d0.25_a1.2_nu1.0,0.25,1.2,1.0,2.692546957190609,0.08,True,,8.881784197001252e-16,0.014350341816000027,2.6953095083815106,8.933825901280557e-17,0.10783411287316232,1.6492001409192338,1.3099000562318872,4.3578687089884625,1.4397083079402364,-1.4873020251384597,-1.4397083079402364,0.10783411287316232,0.011628195899141911,0.002762551190901519,True
d0.25_a1.6_nu0.0,0.25,1.6,0.0,3.35851860220834,0.002,True,,1.1102230246251565e-15,0.019042154058924385,3.3589938935790538,-8.927727264060326e-18,-0.0033561962188717676,1.6794978815436377,1.3435983856889797,4.300677885095865,1.4208960945643412,-1.4603906258882535,-1.4208960945643412,0.0033561962188717676,1.126405305956915e-05,0.00047529137071355976,True
d0.25_a1.6_nu0.0,0.25,1.6,0.0,3.35851860220834,0.005,True,,1.5543122344752192e-15,0.019044975951836424,3.3590056826015116,-3.02153592944554e-17,-0.008390832074558027,1.679508740044965,1.3436074949067807,4.300709262570308,1.4209064604056039,-1.4604332522958021,-1.4209064604056039,0.008390832074558027,7.040606290343176e-05,0.00048708039317135743,True
d0.25_a1.6_nu0.0,0.25,1.6,0.0,3.35851860220834,0.01,True,,1.5213454940266047e-09,0.019055050552407207,3.359047792958131,-8.833844341248585e-12,-0.01678409393003001,1.6795475041287313,1.3436400152540193,4.300821342858399,1.4209434886715826,-1.4605854077120028,-1.4209434886715826,0.01678409393003001,0.0002817058090520703,0.0005291907497908532,True
d0.25_a1.6_nu0.0,0.25,1.6,0.0,3.35851860220834,0.015,True,,1.7541523789077473e-13,0.019071832861240597,3.3591179944957745,-1.0300327214426974e-14,-0.025182212940942972,1.6796121659619594,1.3436942614129812,4.301008200814067,1.4210052180651473,-1.4608391096575062,-1.4210052180651473,0.025182212940942972,0.0006341438486029957,0.0005993922874343305,True
d0.25_a1.6_nu0.0,0.25,1.6,0.0,3.35851860220834,0.02,True,,2.4424906541753444e-15,0.01909531716007284,3.3592162602874103,-7.800834631033204e-17,-0.033587611434453775,1.6797026983415515,1.3437702139569152,4.3012698149177595,1.421091645598608,-1.4611942180159234,-1.421091645598608,0.033587611434453775,0.00112812764187185,0.0006976580790700737,True
d0.25_a1.6_nu0.0,0.25,1.6,0.0,3.35851860220834,0.03,True,,1.3322676295501878e-15,0.019162327576588613,3.3594970220326035,1.6859343782149594e-17,-0.05042989141402077,1.679961531976853,1.3439873779727756,4.302017601841726,1.4213386888632158,-1.4622086170444257,-1.4213386888632158,0.05042989141402077,0.0025431739480299255,0.000978419824263277,True
d0.25_a1.6_nu0.0,0.25,1.6,0.0,3.35851860220834,0.04,True,,8.881784197001252e-16,0.019255929215474244,3.359890075115134,-5.5077470362263625e-17,-0.06733010839887266,1.6803242798053597,1.3442917642917798,4.30306524385378,1.4216848001497056,-1.4636281983619917,-1.4216848001497056,0.06733010839887266,0.004533343497003942,0.001371472906793958,True
d0.25_a1.6_nu0.5,0.25,1.6,0.5,2.3267350932302597,0.02,True,,9.992007221626409e-16,0.1187128718230704,2.3272615435986004,1.4094628242311558e-17,0.05448151148218126,1.3638556775356065,1.18112240642361,3.368859603169767,1.1144836660805595,-1.1416454414010782,-1.1144836660805595,0.05448151148218126,0.0029682350933830483,0.0005264503683406474,True
d0.25_a1.6_nu0.5,0.25,1.6,0.5,2.3267350932302597,0.04,True,,9.992007221626409e-15,0.11888293863248776,2.3276656454440237,1.863743534502582e-16,0.109018190099946,1.3647329496119305,1.1819378961204032,3.37004866951429,1.1148792626090653,-1.1445258138530714,-1.1148792626090653,0.109018190099946,0.011884965772667963,0.0009305522137639244,True
d0.25_a1.6_nu0.5,0.25,1.6,0.5,2.3267350932302597,0.06,True,,9.992007221626409e-16,0.11916592061002024,2.3283388110453846,6.049848122469115e-17,0.16366504351287958,1.3661962272448147,1.183298210801863,3.3720322278768435,1.1155391994689126,-1.1493261384153781,-1.1155391994689126,0.16366504351287958,0.026786246468072768,0.0016037178151249165,True
d0.25_a1.6_nu0.5,0.25,1.6,0.5,2.3267350932302597,0.08,True,,1.3322676295501878e-15,0.1195611287963804,2.3292805349333405,9.324138683375338e-18,0.21847677268825128,1.3682473002526057,1.1852051435246769,3.3748129482783042,1.1164643890842854,-1.1560461547007461,-1.1164643890842854,0.21847677268825128,0.04773210020427382,0.0025454417030807974,True
d0.25_a1.6_nu1.0,0.25,1.6,1.0,2.349548956490187,0.02,True,,1.4432899320127035e-15,0.04569493990637051,2.349948782891897,-1.0037001611784557e-15,0.039374572099359066,1.5751583066934838,1.4401574956250753,4.052492316833195,1.3392804074765081,-1.3763162995004548,-1.3392804074765081,0.039374572099359066,0.0015503569280076255,0.0003998264017099906,True
d0.25_a1.6_nu1.0,0.25,1.6,1.0,2.349548956490187,0.04,True,,8.43769498715119e-15,0.045933752448392755,2.3505264102316747,-1.2555061157382141e-16,0.07885359664149173,1.5759998713071683,1.4409234751962972,4.053981581539119,1.3397698329881678,-1.3799814921737634,-1.3397698329881678,0.07885359664149173,0.006217889703299076,0.0009774537414877216,True
d0.25_a1.6_nu1.0,0.25,1.6,1.0,2.349548956490187,0.06,True,,5.551115123125783e-16,0.04633055966102377,2.351488204659041,-4.553649124439119e-18,0.11854053057065124,1.577405315468222,1.4422029596852772,4.05646548488312,1.3405861461014865,-1.3860909598277071,-1.3405861461014865,0.11854053057065124,0.014051857387971501,0.0019392481688540464,True
d0.25_a1.6_nu1.0,0.25,1.6,1.0,2.349548956490187,0.08,True,,6.661338147750939e-16,0.04688359564469675,2.3528326995470943,3.963843142607004e-16,0.15853690515550672,1.5793787856424715,1.444000128919485,4.059946551455141,1.3417301972549467,-1.3946459485974392,-1.3417301972549467,0.15853690515550672,0.025133950296286133,0.0032837430569072623,True
d0.30_a0.0_nu0.0,0.3,0.0,0.0,3.106285532509305,0.02,True,,4.440892098500626e-16,0.011171945863205324,3.1064681883294694,-8.673617379884035e-19,0.025024666015261737,1.8639858493281953,0.0,4.374799815941515,1.445272393812047,-1.4858083345931092,-1.445272393812047,0.025024666015261737,0.0006262339091753958,0.00018265582016452342,True
d0.30_a0.0_nu0.0,0.3,0.0,0.0,3.106285532509305,0.04,True,,7.327471962526033e-15,0.011176662212388623,3.106706416043959,1.6755260373590986e-15,0.05006029684435204,1.8644437416733066,0.0,4.376208206364936,1.44573818812205,-1.4862961680407203,-1.44573818812205,0.05006029684435204,0.0025060333201446425,0.00042088353465397077,True
d0.30_a0.0_nu0.0,0.3,0.0,0.0,3.106285532509305,0.06,True,,1.2212453270876722e-15,0.011184525794349708,3.1071035182717552,7.762887554996212e-17,0.07511786031814752,1.8652071644901602,0.0,4.378556579213182,1.4465148618946841,-1.4871096120187088,-1.4465148618946841,0.07511786031814752,0.005642692938776722,0.0008179857624504017,True
d0.30_a0.0_nu0.0,0.3,0.0,0.0,3.106285532509305,0.08,True,,4.440892098500626e-16,0.011195540857104702,3.107659579180411,1.0104764247564901e-16,0.10020832870761762,1.8662765165467197,0.0,4.3818465223248495,1.4476029416400706,-1.488249229540302,-1.4476029416400706,0.10020832870761762,0.01004170914237394,0.0013740466711062993,True
d0.30_a0.0_nu0.5,0.3,0.0,0.5,3.078250493883087,0.02,True,,7.549516567451064e-15,0.00873615967159311,3.078419320433866,-7.377724733220736e-16,0.023165782184724627,1.8471544192933769,0.3000118194589424,4.397588473957512,1.4527664980450936,-1.4936241980392164,-1.4527664980450936,0.023165782184724627,0.0005366534642301049,0.00016882655077887776,True
d0.30_a0.0_nu0.5,0.3,0.0,0.5,3.078250493883087,0.04,True,,4.3076653355456074e-14,0.008740257926165448,3.0786598652058945,-5.043383245750821e-15,0.046342571859364676,1.8476073147614231,0.30004728247231555,4.398987033685444,1.4532286833973558,-1.494107754350184,-1.4532286833973558,0.046342571859364676,0.002147633966540379,0.00040937132280749466,True
d0.30_a0.0_nu0.5,0.3,0.0,0.5,3.078250493883087,0.06,True,,1.887379141862766e-15,0.00874709185846821,3.079060833954134,9.524716085285156e-17,0.0695413793551812,1.8483624264663168,0.30010639608272516,4.401319036161112,1.4539993464177314,-1.4949141152107916,-1.4539993464177314,0.0695413793551812,0.004836003442621223,0.0008103400710468556,True
d0.30_a0.0_nu0.5,0.3,0.0,0.5,3.078250493883087,0.08,True,,6.661338147750939e-15,0.008756668799126911,3.079622305621242,-3.4336682802615925e-16,0.09277322946665845,1.849420173277543,0.30018917270421214,4.404586071064841,1.4550790135535863,-1.4960439061172015,-1.4550790135535863,0.09277322946665845,0.008606872105673263,0.0013718117381551487,True
d0.30_a0.0_nu1.0,0.3,0.0,1.0,2.9847104424967115,0.002,True,,8.881784197001252e-16,0.00292295954925484,2.984756635179332,-5.319366908757006e-18,0.0016478653930087773,1.79085492804582,0.6000002569735965,4.451513542324392,1.4704995226811661,-1.5121183402709295,-1.4704995226811661,0.0016478653930087773,2.715460353475972e-06,4.619268262073817e-05,True
d0.30_a0.0_nu1.0,0.3,0.0,1.0,2.9847104424967115,0.005,True,,6.772360450213455e-15,0.0029229965271543347,2.984760983567847,7.862159816414416e-17,0.0041196888845528475,1.7908625609214155,0.6000016236409317,4.451537489798284,1.4705074180437805,-1.5121265614456378,-1.4705074180437805,0.0041196888845528475,1.6971836505508285e-05,5.05410711353349e-05,True
d0.30_a0.0_nu1.0,0.3,0.0,1.0,2.9847104424967115,0.01,True,,3.3084646133829665e-14,0.0029231264012643788,2.9847765267146955,1.5521641589209823e-15,0.008239557227083198,1.790889806089927,0.600006496809173,4.451623024541732,1.470535618640497,-1.512155872272741,-1.470535618640497,0.008239557227083198,6.789030329837895e-05,6.608421798404152e-05,True
d0.30_a0.0_nu1.0,0.3,0.0,1.0,2.9847104424967115,0.015,True,,4.6074255521943996e-14,0.002923339441665105,2.98480245278914,-2.9081012771492443e-16,0.012359780052231237,1.7909352820988362,0.6000146368871225,4.451765626621636,1.4705826333820369,-1.5122049164884714,-1.4705826333820369,0.012359780052231237,0.0001527641629395332,9.20102924286681e-05,True
d0.30_a0.0_nu1.0,0.3,0.0,1.0,2.9847104424967115,0.02,True,,9.992007221626409e-15,0.002923638512064049,2.9848387433983694,1.667719781717203e-15,0.016480536754284993,1.790998902136954,0.6000260180942213,4.451965270769506,1.4706484551388712,-1.5122734223495455,-1.4706484551388712,0.016480536754284993,0.00027160809170933853,0.00012830090165794061,True
d0.30_a0.0_nu1.0,0.3,0.0,1.0,2.9847104424967115,0.03,True,,7.904787935331115e-14,0.002924492680434699,2.984942444404791,9.379975095258342e-16,0.024724360168330788,1.791180749203698,0.6000585548752388,4.452535753986012,1.4708365399656032,-1.512469374228779,-1.4708365399656032,0.024724360168330788,0.000611293985733342,0.00023200190807948218,True
d0.30_a0.0_nu1.0,0.3,0.0,1.0,2.9847104424967115,0.04,True,,1.0325074129013956e-14,0.0029256896927715684,2.98508763913504,-2.6400322900022033e-16,0.03297244563368626,1.791435366451503,0.6001041054026299,4.4533345867166645,1.4710999104927396,-1.512743737880687,-1.4710999104927396,0.03297244563368626,0.001087182171066396,0.00037719663832858075,True
d0.30_a0.4_nu0.0,0.3,0.4,0.0,3.0845761783039474,0.02,True,,9.992007221626409e-16,0.015447790105041558,3.084787425823023,-1.56396163381034e-17,0.027722169076514824,1.8509792403191936,0.37020340862524576,4.334814322524835,1.4321230668156204,-1.4721244912876559,-1.4321230668156204,0.027722169076514824,0.0007685186583068748,0.00021124751907564132,True
d0.30_a0.4_nu0.0,0.3,0.4,0.0,3.0845761783039474,0.04,True,,7.216449660063518e-15,0.015460215459101511,3.085039817780365,-1.0797569435783139e-15,0.0554596776049993,1.8514511789687391,0.3703204890581738,4.336233102014376,1.4325927716545266,-1.4727069043990424,-1.4325927716545266,0.0554596776049993,0.003075775840050461,0.0004636394764174767,True
d0.30_a0.4_nu0.0,0.3,0.4,0.0,3.0845761783039474,0.06,True,,7.993605777301127e-15,0.015480899747711496,3.0854604965773507,1.6002824065886045e-15,0.08322784548914368,1.8522380326357493,0.3705157176670849,4.338598830845513,1.433375978967888,-1.473677810946982,-1.433375978967888,0.08322784548914368,0.006926874264764774,0.000884318273403295,True
d0.30_a0.4_nu0.0,0.3,0.4,0.0,3.0845761783039474,0.08,True,,1.1102230246251565e-16,0.015509810567725785,3.086049482491488,-4.911435841359335e-17,0.11104196853561282,1.8533402038283593,0.3707892299419939,4.341913096644021,1.4344732191320873,-1.47503749413743,-1.4344732191320873,0.11104196853561282,0.012330318776264029,0.0014733041875407693,True
d0.30_a0.4_nu0.5,0.3,0.4,0.5,2.9927087173599456,0.002,True,,3.169796188902266e-13,0.006216745442529,2.992780448477909,3.169796188902266e-13,0.002083058357957682,1.8556692686128122,0.6591340169148631,4.420691330020418,1.4603633309434372,-1.5015473480057122,-1.4603633309434372,0.002083058357957682,4.339132122657355e-06,7.173111796321407e-05,True
d0.30_a0.4_nu0.5,0.3,0.4,0.5,2.9927087173599456,0.005,True,,4.631850458736153e-13,0.006217043800145974,2.992785252897717,6.270727210058724e-15,0.005207705065398185,1.8556774527507462,0.6591365188790249,4.4207162988177515,1.460371571511132,-1.5015589136081633,-1.460371571511132,0.005207705065398185,2.7120192048173914e-05,7.653553777142719e-05,True
d0.30_a0.4_nu0.5,0.3,0.4,0.5,2.9927087173599456,0.01,True,,9.00390872971002e-14,0.006218050942000409,2.9928027054140744,4.821948504547813e-15,0.010415797086759264,1.855706831438084,0.6591454802410631,4.420806022040779,1.460401183157046,-1.5016003099811017,-1.460401183157046,0.010415797086759264,0.00010848882895254277,9.398805412885736e-05,True
d0.30_a0.4_nu0.5,0.3,0.4,0.5,2.9927087173599456,0.015,True,,2.1316282072803006e-14,0.006219727664310305,2.9928318020988964,1.6295829703000253e-15,0.01562466191728485,1.8557558452780267,0.6591604325092463,4.420955584153489,1.4604505429897472,-1.5016694442551843,-1.4604505429897472,0.01562466191728485,0.0002441300600294515,0.0001230847389508405,True
d0.30_a0.4_nu0.5,0.3,0.4,0.5,2.9927087173599456,0.02,True,,9.869882688917642e-14,0.006222073303051742,2.9928725432230214,7.599471182548334e-15,0.020834684978591964,1.8558244895673917,0.6591813739642206,4.421164991761543,1.4605196533257185,-1.5017662946456212,-1.4605196533257185,0.020834684978591964,0.0004340840981571656,0.00016382586307583935,True
d0.30_a0.4_nu0.5,0.3,0.4,0.5,2.9927087173599456,0.03,True,,1.6420198534206065e-13,0.006228770216743188,2.9929889396206857,7.603509835640843e-16,0.03125974687471361,1.8560205529026979,0.6592411846661814,4.421763360587647,1.4607171331554127,-1.502042735799527,-1.4607171331554127,0.03125974687471361,0.0009771717746711675,0.0002802222607400928,True
d0.30_a0.4_nu0.5,0.3,0.4,0.5,2.9927087173599456,0.04,True,,2.2071233729548112e-13,0.006238132423879853,2.9931518974592723,1.0769922280384758e-15,0.0416940582470226,1.8562951233451144,0.659324947899944,4.422601252397726,1.460993663019508,-1.5024298342270321,-1.460993663019508,0.0416940582470226,0.0017383944931061135,0.0004431800993267565,True
d0.30_a0.8_nu0.0,0.3,0.8,0.0,2.9968029229671065,0.02,True,,6.661338147750939e-16,0.03243150873288263,2.997102485930764,-3.117081245895825e-17,0.03518376166071635,1.7983792114792134,0.7193709134959317,4.1759593051392585,1.3798837208696568,-1.417740679391414,-1.3798837208696568,0.03518376166071635,0.0012378970845980937,0.0002995629636575181,True
d0.30_a0.8_nu0.0,0.3,0.8,0.0,2.9968029229671065,0.04,True,,1.1102230246251565e-15,0.0324676762382618,2.99738843110169,1.485356976305141e-17,0.07039085365629766,1.7989041242110364,0.7196385980800224,4.177390064210158,1.3803588526525346,-1.4186247726596304,-1.3803588526525346,0.07039085365629766,0.004954872278462313,0.0005855081345833568,True
d0.30_a0.8_nu0.0,0.3,0.8,0.0,2.9968029229671065,0.06,True,,7.771561172376096e-15,0.032527879551461504,2.9978649821250882,-2.667137344314341e-16,0.10564455932806067,1.7997793555149393,0.7200849988925494,4.179775845017502,1.3811511389012594,-1.4200983553038444,-1.3811511389012594,0.10564455932806067,0.011160772915620131,0.0010620591579817429,True
d0.30_a0.8_nu0.0,0.3,0.8,0.0,2.9968029229671065,0.08,True,,2.220446049250313e-15,0.032612011460167636,2.998532075593419,9.057424948943904e-16,0.1409680825850828,1.801005449618402,0.7207104969437448,4.183118354481849,1.3822611576997588,-1.4221615657615745,-1.3822611576997588,0.1409680825850828,0.019872000307714726,0.001729152626312569,True
d0.30_a0.8_nu0.5,0.3,0.8,0.5,2.877312649147644,0.002,True,,1.4654943925052066e-14,0.010190517052220951,2.877409332012739,2.6458327716250007e-15,0.002431094336913066,1.8464466353332458,0.9905788588372775,4.383506319159096,1.4481347218525116,-1.488794796846025,-1.4481347218525116,0.002431094336913066,5.91021967497078e-06,9.668286509523227e-05,True
d0.30_a0.8_nu0.5,0.3,0.8,0.5,2.877312649147644,0.005,True,,1.723066134218243e-13,0.010191380546241371,2.8774151151403924,1.064435811628378e-15,0.006077847380052086,1.8464556034048987,0.9905835287607746,4.383532070976798,1.448143224029991,-1.488813288584538,-1.448143224029991,0.006077847380052086,3.694022877520601e-05,0.00010246599274843504,True
d0.30_a0.8_nu0.5,0.3,0.8,0.5,2.877312649147644,0.01,True,,1.4377388168895777e-13,0.01019425618443398,2.8774368280736287,1.265744507903538e-13,0.012156396213308596,1.8464882642458988,0.9906004595294527,4.383625998911157,1.4481742327579923,-1.488879965676129,-1.4481742327579923,0.012156396213308596,0.00014777796889494358,0.00012417892598470814,True
d0.30_a0.8_nu0.5,0.3,0.8,0.5,2.877312649147644,0.015,True,,3.1158932313653243e-13,0.01019904507456897,2.8774730285279726,3.1158932313653243e-13,0.018236345424344776,1.8465426859996688,0.9906286699278163,4.383782576570411,1.4482259246451576,-1.4889910235429356,-1.4482259246451576,0.018236345424344776,0.00033256429443602063,0.00016037938032864574,True
d0.30_a0.8_nu0.5,0.3,0.8,0.5,2.877312649147644,0.02,True,,7.761569165154469e-13,0.010205749171227714,2.877523700376501,7.112528881830782e-15,0.024318397227263765,1.846618908571941,0.9906681833104956,4.384001781149891,1.448298291536048,-1.4891465987259223,-1.448298291536048,0.024318397227263765,0.00059138444370299,0.00021105122885689553,True
d0.30_a0.8_nu0.5,0.3,0.8,0.5,2.877312649147644,0.03,True,,3.829159211932165e-13,0.010224889684565206,2.877668468940129,-8.281461454096029e-15,0.03649160035744803,1.846836729774268,0.9907811077324028,4.384628159456042,1.448505080792529,-1.4895910955956637,-1.448505080792529,0.03649160035744803,0.0013316368966477012,0.0003558197924848905,True
d0.30_a0.8_nu0.5,0.3,0.8,0.5,2.877312649147644,0.04,True,,3.5083047578154947e-14,0.010251646348597146,2.8778711483587816,3.3133218391157016e-16,0.048681563542204646,1.8471417476330725,0.9909392521652051,4.38550533450416,1.44879466871771,-1.4902132277325864,-1.44879466871771,0.048681563542204646,0.0023698946289137084,0.0005584992111375975,True
d0.30_a1.2_nu0.0,0.3,1.2,0.0,2.7684926568331303,0.02,True,,4.440892098500626e-16,0.07432044698495487,2.7689383656781237,-2.7484525072507537e-17,0.046359955898479126,1.661518603395857,0.9969458312576251,3.7840759684750083,1.2510173894324907,-1.2835357782746026,-1.2510173894324907,0.046359955898479126,0.0021492455109089295,0.0004457088449933977,True
d0.30_a1.2_nu0.0,0.3,1.2,0.0,2.7684926568331303,0.04,True,,6.661338147750939e-16,0.07439800987579227,2.769259431899563,7.426784881525705e-17,0.09275133365492048,1.662178185565522,0.9974456419335207,3.7854709358125547,1.2514832267979727,-1.2849881645974492,-1.2514832267979727,0.09275133365492048,0.008602809894766385,0.0007667750664328565,True
d0.30_a1.2_nu0.0,0.3,1.2,0.0,2.7684926568331303,0.06,True,,1.1102230246251565e-15,0.07452713707812238,2.769794426571726,-2.1358782797964437e-17,0.13920550326455805,1.6632780859517111,0.9982791966414792,3.7877971723901283,1.2522600651418543,-1.2874090125932272,-1.2522600651418543,0.13920550326455805,0.019378172139138884,0.0013017697385957483,True
d0.30_a1.2_nu0.0,0.3,1.2,0.0,2.7684926568331303,0.08,True,,5.551115123125783e-16,0.07470760916488246,2.7705431924667177,6.201636426617085e-17,0.18575371185010256,1.6648190667045684,0.9994472202090096,3.7910566409073,1.2533485790354462,-1.290798243279141,-1.2533485790354462,0.18575371185010256,0.034504441466090933,0.0020505356335873692,True
d0.30_a1.2_nu0.5,0.3,1.2,0.5,2.689383780607904,0.002,True,,1.624435856011422e-13,0.028746073151265202,2.689561861737058,1.624435856011422e-13,0.003383058778981969,1.7937384108965533,1.268243339188683,4.2098661893996905,1.39103245710794,-1.429242804537996,-1.39103245710794,0.003383058778981969,1.1445086702046972e-05,0.00017808112915407293,True
d0.30_a1.2_nu0.5,0.3,1.2,0.5,2.689383780607904,0.005,True,,1.2378986724570495e-13,0.02874784101212549,2.6895691188645428,2.63328651961027e-14,0.00845776763097388,1.7937497154907502,1.2682516752470334,4.2098931265691135,1.3910413654366494,-1.4292745650709064,-1.3910413654366494,0.00845776763097388,7.153383329954953e-05,0.00018533825663880066,True
d0.30_a1.2_nu0.5,0.3,1.2,0.5,2.689383780607904,0.01,True,,1.462069668892868e-14,0.028754165422628656,2.6895949788934974,1.462069668892868e-14,0.01691640046680616,1.7937900658817776,1.2682814345002045,4.209989232022053,1.3910731483174459,-1.4293879893163854,-1.3910731483174459,0.01691640046680616,0.0002861646047533597,0.00021119828559346132,True
d0.30_a1.2_nu0.5,0.3,1.2,0.5,2.689383780607904,0.015,True,,1.5876189252139739e-13,0.02876471603529317,2.6896380185902156,4.3226950881616877e-14,0.025376767971573823,1.7938572897993088,1.2683310190916992,4.21014930592537,1.3911260863005737,-1.4295770113480544,-1.3911260863005737,0.025376767971573823,0.000643980352683095,0.00025423798231161143,True
d0.30_a1.2_nu0.5,0.3,1.2,0.5,2.689383780607904,0.02,True,,4.53859172466764e-13,0.02877946493150936,2.6896983697973815,8.907363236755617e-14,0.03383972521441041,1.7939514575126967,1.268400471522767,4.210373600554703,1.3912002627030233,-1.4298416571803667,-1.3912002627030233,0.03383972521441041,0.0011451270025868035,0.0003145891894775765,True
d0.30_a1.2_nu0.5,0.3,1.2,0.5,2.689383780607904,0.03,True,,6.306066779870889e-14,0.02882158787203819,2.6898707718133164,8.050743231791113e-15,0.05077687277655904,1.794220577963719,1.2685989699424365,4.211014501293903,1.3914122154519646,-1.4305978519750946,-1.3914122154519646,0.05077687277655904,0.0025782908089668627,0.0004869912054124015,True
d0.30_a1.2_nu0.5,0.3,1.2,0.5,2.689383780607904,0.04,True,,6.838973831690964e-14,0.02888050651719733,2.690112117680527,1.185244393950291e-14,0.06773472698177697,1.7945974796784965,1.268876991725121,4.21191201900001,1.3917090365912372,-1.431656477517366,-1.3917090365912372,0.06773472698177697,0.0045879932392958655,0.0007283370726232086,True
d0.30_a1.6_nu0.0,0.3,1.6,0.0,2.2247691403534877,0.02,True,,4.440892098500626e-16,0.1607469222169757,2.2253665314934903,-1.2701428450667684e-16,0.0606337022775774,1.335495033818158,1.0684417447453913,2.9754073851627254,0.9851161036167468,-1.0065612659200116,-0.9851161036167468,0.0606337022775774,0.003676445851885895,0.0005973911400025678,True
d0.30_a1.6_nu0.0,0.3,1.6,0.0,2.2247691403534877,0.04,True,,6.661338147750939e-16,0.16088596921524304,2.2257138813375827,-3.5561831257524545e-17,0.12131063131876565,1.3365291302170743,1.0694062345338997,2.976652117633421,0.985535974483355,-1.0089556782073295,-0.985535974483355,0.12131063131876565,0.014716269270957486,0.0009447409840950272,True
d0.30_a1.6_nu0.0,0.3,1.6,0.0,2.2247691403534877,0.06,True,,6.661338147750939e-16,0.16111736317300795,2.226292561625687,-1.8431436932253575e-17,0.1820739304241082,1.3382536097909246,1.071014704340113,2.9787286198097718,0.9862364287673699,-1.0129456862566486,-0.9862364287673699,0.1820739304241082,0.03315091614008299,0.0015234212721990659,True
d0.30_a1.6_nu0.0,0.3,1.6,0.0,2.2247691403534877,0.08,True,,2.220446049250313e-16,0.16144058138300282,2.2271022056482535,-8.218252467440124e-17,0.24296657237022667,1.3406699118295513,1.0732686021202447,2.9816397950717146,0.987218464646503,-1.0185302115383423,-0.987218464646503,0.24296657237022667,0.059032755289336596,0.002333065294765735,True
d0.30_a1.6_nu0.5,0.3,1.6,0.5,2.7451516029985434,0.002,True,,1.5543122344752192e-15,0.0005916479587463081,2.7451633863332394,4.586683409382036e-19,-0.0005137203322797067,1.8870986810384904,1.617678986650364,4.473339251484504,1.4776771465913043,-1.5196118811867083,-1.4776771465913043,0.0005137203322797067,2.6390857979757233e-07,1.1783334695980585e-05,True
d0.30_a1.6_nu0.5,0.3,1.6,0.5,2.7451516029985434,0.005,True,,2.2019727197175598e-07,0.0005949602248248642,2.7451810577348157,-5.099179458754579e-10,-0.0012858629005762143,1.8871127497915767,1.6176904645535652,4.4733828392963915,1.4776914806798231,-1.5196668128610638,-1.4776914806798231,0.0012858629005762143,1.6534433990782753e-06,2.9454736272249704e-05,True
d0.30_a1.6_nu0.5,0.3,1.6,0.5,2.7451516029985434,0.01,True,,2.55351295663786e-15,0.0006066921203011867,2.745244415942426,2.485533480423019e-17,-0.002582672777426404,1.8871631800010367,1.617731607757571,4.473539061273186,1.4777428555607912,-1.5198628834918544,-1.4777428555607912,0.002582672777426404,6.670198675259415e-06,9.281294388241434e-05,True
d0.30_a1.6_nu0.5,0.3,1.6,0.5,2.7451516029985434,0.015,True,,4.218847493575595e-15,0.0006260302385081055,2.7453502846389832,9.054443392969569e-17,-0.0039009553311041786,1.8872474995453015,1.6178004040818388,4.473800228295659,1.477828742273232,-1.5201888978026075,-1.477828742273232,0.0039009553311041786,1.5217452495270112e-05,0.00019868164043979064,True
d0.30_a1.6_nu0.5,0.3,1.6,0.5,2.7451516029985434,0.02,True,,3.6637359812630166e-15,0.0006526675946364664,2.7454990996845026,-1.2628244804024913e-16,-0.005250331379541695,1.8873660896141449,1.6178971694949287,4.474167552269137,1.477949539887959,-1.520643763730115,-1.477949539887959,0.005250331379541695,2.7565979595000204e-05,0.00034749668595912553,True
d0.30_a1.6_nu0.5,0.3,1.6,0.5,2.7451516029985434,0.03,True,,7.105427357601002e-15,0.00072633154142784,2.7459275469433444,-2.587380722000876e-16,-0.008075265977573342,1.8877082238823406,1.6181763997330918,4.475226510824541,1.4782977859131279,-1.5219353772612592,-1.4782977859131279,0.008075265977573342,6.520992060855353e-05,0.0007759439448009608,True
d0.30_a1.6_nu0.5,0.3,1.6,0.5,2.7451516029985434,0.04,True,,7.993605777301127e-15,0.000824518493879594,2.7465336022981406,2.4443337978685697e-16,-0.011111534887812247,1.888193651184128,1.6185727114677684,4.476728038917827,1.4787915747019724,-1.5237262299255212,-1.4787915747019724,0.011111534887812247,0.00012346620756306873,0.0013819992995971475,True
d0.30_a1.6_nu1.0,0.3,1.6,1.0,2.230635964800446,0.02,True,,1.6149118175524946e-13,0.014584185839253447,2.231001659197281,1.6149118175524946e-13,0.02720039357215004,1.818762259456551,1.6710358805417014,4.343954956840207,1.4351275983153755,-1.476377684416829,-1.4351275983153755,0.02720039357215004,0.0007398614104798611,0.0003656943968350923,True
d0.30_a1.6_nu1.0,0.3,1.6,1.0,2.230635964800446,0.04,True,,2.398081733190338e-14,0.014865868185092876,2.231799204791613,-8.952799439299053e-16,0.05461168682746721,1.8197272130049609,1.6718865303051975,4.346021422342346,1.435806035025962,-1.4805358594440257,-1.435806035025962,0.05461168682746721,0.002982436338141356,0.0011632399911669644,True
d0.30_a1.6_nu1.0,0.3,1.6,1.0,2.230635964800446,0.06,True,,1.887379141862766e-15,0.015331766636484159,2.2331264688440835,2.723515857283587e-16,0.08243741189429667,1.821342893988219,1.6733117505625499,4.349467966949305,1.436937554159158,-1.4874651398828833,-1.436937554159158,0.08243741189429667,0.006795926879829926,0.002490504043637376,True
d0.30_a1.6_nu1.0,0.3,1.6,1.0,2.230635964800446,0.08,True,,1.021405182655144e-14,0.015976982526122594,2.2349801576522395,-3.6017196169968457e-16,0.1108675227950196,1.8236197102803064,1.675322069416395,4.354297405417128,1.4385230696425424,-1.4971648734404754,-1.4385230696425424,0.1108675227950196,0.012291607610704192,0.004344192851793327,True
