D,scan,x,case,mu_c_visible,mu_c_value,mu_ratio
3,theta,0.0,vis,12.79379359574271,12.79379359574271,1.0
3,theta,0.0,I,12.79379359574271,12.79379359574271,1.0
3,theta,0.0,II,12.79379359574271,10.733615299159132,0.8389704913428393
3,theta,0.0,III-a,12.79379359574271,12.79379359574271,1.0
3,theta,0.0,III-b,12.79379359574271,12.79379359574271,1.0
3,theta,0.025,vis,12.671407781579616,12.671407781579616,1.0
3,theta,0.025,I,12.671407781579616,12.671407781579616,1.0
3,theta,0.025,II,12.671407781579616,10.630937212517328,0.8389704913428393
3,theta,0.025,III-a,12.671407781579616,12.671407781579616,1.0
3,theta,0.025,III-b,12.671407781579616,12.671407781579616,1.0
3,theta,0.05,vis,12.550830586656708,12.550830586656708,1.0
3,theta,0.05,I,12.550830586656708,12.550830586656708,1.0
3,theta,0.05,II,12.550830586656708,10.529776504048115,0.8389704913428393
3,theta,0.05,III-a,12.550830586656708,12.550830586656708,1.0
3,theta,0.05,III-b,12.550830586656708,12.550830586656708,1.0
3,theta,0.07500000000000001,vis,12.43223992383543,12.43223992383543,1.0
3,theta,0.07500000000000001,I,12.43223992383543,12.43223992383543,1.0
3,theta,0.07500000000000001,II,12.43223992383543,10.430282437392274,0.8389704913428393
3,theta,0.07500000000000001,III-a,12.43223992383543,12.43223992383543,1.0
3,theta,0.07500000000000001,III-b,12.43223992383543,12.43223992383543,1.0
3,theta,0.1,vis,12.315813705977218,12.315813705977218,1.0
3,theta,0.1,I,12.315813705977218,12.315813705977218,1.0
3,theta,0.1,II,12.315813705977218,10.332604276190581,0.8389704913428393
3,theta,0.1,III-a,12.315813705977218,12.315813705977218,1.0
3,theta,0.1,III-b,12.315813705977218,12.315813705977218,1.0
3,theta,0.125,vis,12.20172984594351,12.20172984594351,1.0
3,theta,0.125,I,12.20172984594351,12.20172984594351,1.0
3,theta,0.125,II,12.20172984594351,10.236891284083812,0.8389704913428393
3,theta,0.125,III-a,12.20172984594351,12.20172984594351,1.0
3,theta,0.125,III-b,12.20172984594351,12.20172984594351,1.0
3,theta,0.15000000000000002,vis,12.090166256595749,12.090166256595749,1.0
3,theta,0.15000000000000002,I,12.090166256595749,12.090166256595749,1.0
3,theta,0.15000000000000002,II,12.090166256595749,10.143292724712751,0.8389704913428393
3,theta,0.15000000000000002,III-a,12.090166256595749,12.090166256595749,1.0
3,theta,0.15000000000000002,III-b,12.090166256595749,12.090166256595749,1.0
3,theta,0.17500000000000002,vis,11.981300850795375,11.981300850795375,1.0
3,theta,0.17500000000000002,I,11.981300850795375,11.981300850795375,1.0
3,theta,0.17500000000000002,II,11.981300850795375,10.051957861718174,0.8389704913428393
3,theta,0.17500000000000002,III-a,11.981300850795375,11.981300850795375,1.0
3,theta,0.17500000000000002,III-b,11.981300850795375,11.981300850795375,1.0
3,theta,0.2,vis,11.875311541403825,11.875311541403825,1.0
3,theta,0.2,I,11.875311541403825,11.875311541403825,1.0
3,theta,0.2,II,11.875311541403825,9.963035958740857,0.8389704913428393
3,theta,0.2,III-a,11.875311541403825,11.875311541403825,1.0
3,theta,0.2,III-b,11.875311541403825,11.875311541403825,1.0
3,theta,0.225,vis,11.772376241282544,11.772376241282544,1.0
3,theta,0.225,I,11.772376241282544,11.772376241282544,1.0
3,theta,0.225,II,11.772376241282544,9.876676279421583,0.8389704913428393
3,theta,0.225,III-a,11.772376241282544,11.772376241282544,1.0
3,theta,0.225,III-b,11.772376241282544,11.772376241282544,1.0
3,theta,0.25,vis,11.672672863292965,11.672672863292965,1.0
3,theta,0.25,I,11.672672863292965,11.672672863292965,1.0
3,theta,0.25,II,11.672672863292965,9.793028087401126,0.8389704913428393
3,theta,0.25,III-a,11.672672863292965,11.672672863292965,1.0
3,theta,0.25,III-b,11.672672863292965,11.672672863292965,1.0
3,theta,0.275,vis,11.576379320296533,11.576379320296533,1.0
3,theta,0.275,I,11.576379320296533,11.576379320296533,1.0
3,theta,0.275,II,11.576379320296533,9.712240646320266,0.8389704913428393
3,theta,0.275,III-a,11.576379320296533,11.576379320296533,1.0
3,theta,0.275,III-b,11.576379320296533,11.576379320296533,1.0
3,theta,0.30000000000000004,vis,11.483673525154682,11.483673525154682,1.0
3,theta,0.30000000000000004,I,11.483673525154682,11.483673525154682,1.0
3,theta,0.30000000000000004,II,11.483673525154682,9.634463219819779,0.8389704913428393
3,theta,0.30000000000000004,III-a,11.483673525154682,11.483673525154682,1.0
3,theta,0.30000000000000004,III-b,11.483673525154682,11.483673525154682,1.0
3,theta,0.325,vis,11.39473339072886,11.39473339072886,1.0
3,theta,0.325,I,11.39473339072886,11.39473339072886,1.0
3,theta,0.325,II,11.39473339072886,9.55984507154045,0.8389704913428393
3,theta,0.325,III-a,11.39473339072886,11.39473339072886,1.0
3,theta,0.325,III-b,11.39473339072886,11.39473339072886,1.0
3,theta,0.35000000000000003,vis,11.309736829880503,11.309736829880503,1.0
3,theta,0.35000000000000003,I,11.309736829880503,11.309736829880503,1.0
3,theta,0.35000000000000003,II,11.309736829880503,9.488535465123052,0.8389704913428393
3,theta,0.35000000000000003,III-a,11.309736829880503,11.309736829880503,1.0
3,theta,0.35000000000000003,III-b,11.309736829880503,11.309736829880503,1.0
3,theta,0.375,vis,11.228861755471048,11.228861755471048,1.0
3,theta,0.375,I,11.228861755471048,11.228861755471048,1.0
3,theta,0.375,II,11.228861755471048,9.420683664208362,0.8389704913428393
3,theta,0.375,III-a,11.228861755471048,11.228861755471048,1.0
3,theta,0.375,III-b,11.228861755471048,11.228861755471048,1.0
3,theta,0.4,vis,11.152286080361938,11.152286080361938,1.0
3,theta,0.4,I,11.152286080361938,11.152286080361938,1.0
3,theta,0.4,II,11.152286080361938,9.356438932437163,0.8389704913428393
3,theta,0.4,III-a,11.152286080361938,11.152286080361938,1.0
3,theta,0.4,III-b,11.152286080361938,11.152286080361938,1.0
3,theta,0.42500000000000004,vis,11.080187717414612,11.080187717414612,1.0
3,theta,0.42500000000000004,I,11.080187717414612,11.080187717414612,1.0
3,theta,0.42500000000000004,II,11.080187717414612,9.29595053345023,0.8389704913428393
3,theta,0.42500000000000004,III-a,11.080187717414612,11.080187717414612,1.0
3,theta,0.42500000000000004,III-b,11.080187717414612,11.080187717414612,1.0
3,theta,0.45,vis,11.012744579490509,11.012744579490509,1.0
3,theta,0.45,I,11.012744579490509,11.012744579490509,1.0
3,theta,0.45,II,11.012744579490509,9.239367730888342,0.8389704913428393
3,theta,0.45,III-a,11.012744579490509,11.012744579490509,1.0
3,theta,0.45,III-b,11.012744579490509,11.012744579490509,1.0
3,theta,0.47500000000000003,vis,10.95013457945107,10.95013457945107,1.0
3,theta,0.47500000000000003,I,10.95013457945107,10.95013457945107,1.0
3,theta,0.47500000000000003,II,10.95013457945107,9.18683978839228,0.8389704913428393
3,theta,0.47500000000000003,III-a,10.95013457945107,10.95013457945107,1.0
3,theta,0.47500000000000003,III-b,10.95013457945107,10.95013457945107,1.0
3,theta,0.5,vis,10.892535630157733,10.892535630157733,1.0
3,theta,0.5,I,10.892535630157733,10.892535630157733,1.0
3,theta,0.5,II,10.892535630157733,9.138515969602818,0.8389704913428393
3,theta,0.5,III-a,10.892535630157733,10.892535630157733,1.0
3,theta,0.5,III-b,10.892535630157733,10.892535630157733,1.0
3,theta,0.525,vis,10.838344395587248,10.838344395587248,1.0
3,theta,0.525,I,10.838344395587248,10.838344395587248,1.0
3,theta,0.525,II,10.838344395587248,9.093051122908742,0.8389704913428393
3,theta,0.525,III-a,10.838344395587248,10.838344395587248,1.0
3,theta,0.525,III-b,10.838344395587248,10.838344395587248,1.0
3,theta,0.55,vis,10.785833134958223,10.785833134958223,1.0
3,theta,0.55,I,10.785833134958223,10.785833134958223,1.0
3,theta,0.55,II,10.785833134958223,9.048995724777777,0.8389704913428393
3,theta,0.55,III-a,10.785833134958223,10.785833134958223,1.0
3,theta,0.55,III-b,10.785833134958223,10.785833134958223,1.0
3,theta,0.5750000000000001,vis,10.734993153994882,10.734993153994882,1.0
3,theta,0.5750000000000001,I,10.734993153994882,10.734993153994882,1.0
3,theta,0.5750000000000001,II,10.734993153994882,9.006342480969103,0.8389704913428393
3,theta,0.5750000000000001,III-a,10.734993153994882,10.734993153994882,1.0
3,theta,0.5750000000000001,III-b,10.734993153994882,10.734993153994882,1.0
3,theta,0.6000000000000001,vis,10.685815758421457,10.685815758421457,1.0
3,theta,0.6000000000000001,I,10.685815758421457,10.685815758421457,1.0
3,theta,0.6000000000000001,II,10.685815758421457,8.965084097241904,0.8389704913428393
3,theta,0.6000000000000001,III-a,10.685815758421457,10.685815758421457,1.0
3,theta,0.6000000000000001,III-b,10.685815758421457,10.685815758421457,1.0
3,theta,0.625,vis,10.638292253962176,10.638292253962176,1.0
3,theta,0.625,I,10.638292253962176,10.638292253962176,1.0
3,theta,0.625,II,10.638292253962176,8.925213279355368,0.8389704913428393
3,theta,0.625,III-a,10.638292253962176,10.638292253962176,1.0
3,theta,0.625,III-b,10.638292253962176,10.638292253962176,1.0
3,theta,0.65,vis,10.592413946341257,10.592413946341257,1.0
3,theta,0.65,I,10.592413946341257,10.592413946341257,1.0
3,theta,0.65,II,10.592413946341257,8.886722733068668,0.8389704913428393
3,theta,0.65,III-a,10.592413946341257,10.592413946341257,1.0
3,theta,0.65,III-b,10.592413946341257,10.592413946341257,1.0
3,theta,0.675,vis,10.548172141282937,10.548172141282937,1.0
3,theta,0.675,I,10.548172141282937,10.548172141282937,1.0
3,theta,0.675,II,10.548172141282937,8.849605164140995,0.8389704913428393
3,theta,0.675,III-a,10.548172141282937,10.548172141282937,1.0
3,theta,0.675,III-b,10.548172141282937,10.548172141282937,1.0
3,theta,0.7000000000000001,vis,10.50555814451144,10.50555814451144,1.0
3,theta,0.7000000000000001,I,10.50555814451144,10.50555814451144,1.0
3,theta,0.7000000000000001,II,10.50555814451144,8.81385327833153,0.8389704913428393
3,theta,0.7000000000000001,III-a,10.50555814451144,10.50555814451144,1.0
3,theta,0.7000000000000001,III-b,10.50555814451144,10.50555814451144,1.0
3,theta,0.7250000000000001,vis,10.46456326175099,10.46456326175099,1.0
3,theta,0.7250000000000001,I,10.46456326175099,10.46456326175099,1.0
3,theta,0.7250000000000001,II,10.46456326175099,8.779459781399455,0.8389704913428393
3,theta,0.7250000000000001,III-a,10.46456326175099,10.46456326175099,1.0
3,theta,0.7250000000000001,III-b,10.46456326175099,10.46456326175099,1.0
3,theta,0.75,vis,10.425178798725822,10.425178798725822,1.0
3,theta,0.75,I,10.425178798725822,10.425178798725822,1.0
3,theta,0.75,II,10.425178798725822,8.746417379103955,0.8389704913428393
3,theta,0.75,III-a,10.425178798725822,10.425178798725822,1.0
3,theta,0.75,III-b,10.425178798725822,10.425178798725822,1.0
3,theta,0.775,vis,10.387396061160159,10.387396061160159,1.0
3,theta,0.775,I,10.387396061160159,10.387396061160159,1.0
3,theta,0.775,II,10.387396061160159,8.714718777204212,0.8389704913428393
3,theta,0.775,III-a,10.387396061160159,10.387396061160159,1.0
3,theta,0.775,III-b,10.387396061160159,10.387396061160159,1.0
3,theta,0.8,vis,10.351206354778226,10.351206354778226,1.0
3,theta,0.8,I,10.351206354778226,10.351206354778226,1.0
3,theta,0.8,II,10.351206354778226,8.684356681459409,0.8389704913428393
3,theta,0.8,III-a,10.351206354778226,10.351206354778226,1.0
3,theta,0.8,III-b,10.351206354778226,10.351206354778226,1.0
3,theta,0.8250000000000001,vis,10.316600985304255,10.316600985304255,1.0
3,theta,0.8250000000000001,I,10.316600985304255,10.316600985304255,1.0
3,theta,0.8250000000000001,II,10.316600985304255,8.65532379762873,0.8389704913428393
3,theta,0.8250000000000001,III-a,10.316600985304255,10.316600985304255,1.0
3,theta,0.8250000000000001,III-b,10.316600985304255,10.316600985304255,1.0
3,theta,0.8500000000000001,vis,10.28357125846247,10.28357125846247,1.0
3,theta,0.8500000000000001,I,10.28357125846247,10.28357125846247,1.0
3,theta,0.8500000000000001,II,10.28357125846247,8.627612831471358,0.8389704913428393
3,theta,0.8500000000000001,III-a,10.28357125846247,10.28357125846247,1.0
3,theta,0.8500000000000001,III-b,10.28357125846247,10.28357125846247,1.0
3,theta,0.875,vis,10.2521084799771,10.2521084799771,1.0
3,theta,0.875,I,10.2521084799771,10.2521084799771,1.0
3,theta,0.875,II,10.2521084799771,8.601216488746477,0.8389704913428393
3,theta,0.875,III-a,10.2521084799771,10.2521084799771,1.0
3,theta,0.875,III-b,10.2521084799771,10.2521084799771,1.0
3,theta,0.9,vis,10.22220395557237,10.22220395557237,1.0
3,theta,0.9,I,10.22220395557237,10.22220395557237,1.0
3,theta,0.9,II,10.22220395557237,8.576127475213267,0.8389704913428393
3,theta,0.9,III-a,10.22220395557237,10.22220395557237,1.0
3,theta,0.9,III-b,10.22220395557237,10.22220395557237,1.0
3,theta,0.925,vis,10.193848990972512,10.193848990972512,1.0
3,theta,0.925,I,10.193848990972512,10.193848990972512,1.0
3,theta,0.925,II,10.193848990972512,8.552338496630915,0.8389704913428393
3,theta,0.925,III-a,10.193848990972512,10.193848990972512,1.0
3,theta,0.925,III-b,10.193848990972512,10.193848990972512,1.0
3,theta,0.9500000000000001,vis,10.16703489190175,10.16703489190175,1.0
3,theta,0.9500000000000001,I,10.16703489190175,10.16703489190175,1.0
3,theta,0.9500000000000001,II,10.16703489190175,8.529842258758602,0.8389704913428393
3,theta,0.9500000000000001,III-a,10.16703489190175,10.16703489190175,1.0
3,theta,0.9500000000000001,III-b,10.16703489190175,10.16703489190175,1.0
3,theta,0.9750000000000001,vis,10.141752964084311,10.141752964084311,1.0
3,theta,0.9750000000000001,I,10.141752964084311,10.141752964084311,1.0
3,theta,0.9750000000000001,II,10.141752964084311,8.508631467355512,0.8389704913428393
3,theta,0.9750000000000001,III-a,10.141752964084311,10.141752964084311,1.0
3,theta,0.9750000000000001,III-b,10.141752964084311,10.141752964084311,1.0
3,theta,1.0,vis,10.117994513244424,10.117994513244424,1.0
3,theta,1.0,I,10.117994513244424,10.117994513244424,1.0
3,theta,1.0,II,10.117994513244424,8.488698828180826,0.8389704913428393
3,theta,1.0,III-a,10.117994513244424,10.117994513244424,1.0
3,theta,1.0,III-b,10.117994513244424,10.117994513244424,1.0
3,theta,1.0250000000000001,vis,10.095245006057713,10.095245006057713,1.0
3,theta,1.0250000000000001,I,10.095245006057713,10.095245006057713,1.0
3,theta,1.0250000000000001,II,10.095245006057713,8.469612662958584,0.8389704913428393
3,theta,1.0250000000000001,III-a,10.095245006057713,10.095245006057713,1.0
3,theta,1.0250000000000001,III-b,10.095245006057713,10.095245006057713,1.0
3,theta,1.05,vis,10.073012975263483,10.073012975263483,1.0
3,theta,1.05,I,10.073012975263483,10.073012975263483,1.0
3,theta,1.05,II,10.073012975263483,8.450960645159599,0.8389704913428393
3,theta,1.05,III-a,10.073012975263483,10.073012975263483,1.0
3,theta,1.05,III-b,10.073012975263483,10.073012975263483,1.0
3,theta,1.075,vis,10.051324325681493,10.051324325681493,1.0
3,theta,1.075,I,10.051324325681493,10.051324325681493,1.0
3,theta,1.075,II,10.051324325681493,8.432764508163235,0.8389704913428393
3,theta,1.075,III-a,10.051324325681493,10.051324325681493,1.0
3,theta,1.075,III-b,10.051324325681493,10.051324325681493,1.0
3,theta,1.1,vis,10.030204962131503,10.030204962131503,1.0
3,theta,1.1,I,10.030204962131503,10.030204962131503,1.0
3,theta,1.1,II,10.030204962131503,8.415045985348852,0.8389704913428393
3,theta,1.1,III-a,10.030204962131503,10.030204962131503,1.0
3,theta,1.1,III-b,10.030204962131503,10.030204962131503,1.0
3,theta,1.125,vis,10.009680789433263,10.009680789433263,1.0
3,theta,1.125,I,10.009680789433263,10.009680789433263,1.0
3,theta,1.125,II,10.009680789433263,8.397826810095804,0.8389704913428393
3,theta,1.125,III-a,10.009680789433263,10.009680789433263,1.0
3,theta,1.125,III-b,10.009680789433263,10.009680789433263,1.0
3,theta,1.1500000000000001,vis,9.989777712406534,9.989777712406534,1.0
3,theta,1.1500000000000001,I,9.989777712406534,9.989777712406534,1.0
3,theta,1.1500000000000001,II,9.989777712406534,8.381128715783454,0.8389704913428393
3,theta,1.1500000000000001,III-a,9.989777712406534,9.989777712406534,1.0
3,theta,1.1500000000000001,III-b,9.989777712406534,9.989777712406534,1.0
3,theta,1.175,vis,9.970521635871073,9.970521635871073,1.0
3,theta,1.175,I,9.970521635871073,9.970521635871073,1.0
3,theta,1.175,II,9.970521635871073,8.364973435791164,0.8389704913428393
3,theta,1.175,III-a,9.970521635871073,9.970521635871073,1.0
3,theta,1.175,III-b,9.970521635871073,9.970521635871073,1.0
3,theta,1.2000000000000002,vis,9.951938464646627,9.951938464646627,1.0
3,theta,1.2000000000000002,I,9.951938464646627,9.951938464646627,1.0
3,theta,1.2000000000000002,II,9.951938464646627,8.349382703498282,0.8389704913428393
3,theta,1.2000000000000002,III-a,9.951938464646627,9.951938464646627,1.0
3,theta,1.2000000000000002,III-b,9.951938464646627,9.951938464646627,1.0
3,theta,1.225,vis,9.934054103552965,9.934054103552965,1.0
3,theta,1.225,I,9.934054103552965,9.934054103552965,1.0
3,theta,1.225,II,9.934054103552965,8.33437825228418,0.8389704913428393
3,theta,1.225,III-a,9.934054103552965,9.934054103552965,1.0
3,theta,1.225,III-b,9.934054103552965,9.934054103552965,1.0
3,theta,1.25,vis,9.916894457409839,9.916894457409839,1.0
3,theta,1.25,I,9.916894457409839,9.916894457409839,1.0
3,theta,1.25,II,9.916894457409839,8.319981815528212,0.8389704913428393
3,theta,1.25,III-a,9.916894457409839,9.916894457409839,1.0
3,theta,1.25,III-b,9.916894457409839,9.916894457409839,1.0
3,theta,1.2750000000000001,vis,9.900485431037003,9.900485431037003,1.0
3,theta,1.2750000000000001,I,9.900485431037003,9.900485431037003,1.0
3,theta,1.2750000000000001,II,9.900485431037003,8.306215126609736,0.8389704913428393
3,theta,1.2750000000000001,III-a,9.900485431037003,9.900485431037003,1.0
3,theta,1.2750000000000001,III-b,9.900485431037003,9.900485431037003,1.0
3,theta,1.3,vis,9.884852929254217,9.884852929254217,1.0
3,theta,1.3,I,9.884852929254217,9.884852929254217,1.0
3,theta,1.3,II,9.884852929254217,8.293099918908116,0.8389704913428393
3,theta,1.3,III-a,9.884852929254217,9.884852929254217,1.0
3,theta,1.3,III-b,9.884852929254217,9.884852929254217,1.0
3,theta,1.3250000000000002,vis,9.870022856881233,9.870022856881233,1.0
3,theta,1.3250000000000002,I,9.870022856881233,9.870022856881233,1.0
3,theta,1.3250000000000002,II,9.870022856881233,8.280657925802702,0.8389704913428393
3,theta,1.3250000000000002,III-a,9.870022856881233,9.870022856881233,1.0
3,theta,1.3250000000000002,III-b,9.870022856881233,9.870022856881233,1.0
3,theta,1.35,vis,9.856021118737807,9.856021118737807,1.0
3,theta,1.35,I,9.856021118737807,9.856021118737807,1.0
3,theta,1.35,II,9.856021118737807,8.268910880672859,0.8389704913428393
3,theta,1.35,III-a,9.856021118737807,9.856021118737807,1.0
3,theta,1.35,III-b,9.856021118737807,9.856021118737807,1.0
3,theta,1.375,vis,9.842873619643703,9.842873619643703,1.0
3,theta,1.375,I,9.842873619643703,9.842873619643703,1.0
3,theta,1.375,II,9.842873619643703,8.257880516897949,0.8389704913428393
3,theta,1.375,III-a,9.842873619643703,9.842873619643703,1.0
3,theta,1.375,III-b,9.842873619643703,9.842873619643703,1.0
3,theta,1.4000000000000001,vis,9.830606264418671,9.830606264418671,1.0
3,theta,1.4000000000000001,I,9.830606264418671,9.830606264418671,1.0
3,theta,1.4000000000000001,II,9.830606264418671,8.247588567857326,0.8389704913428393
3,theta,1.4000000000000001,III-a,9.830606264418671,9.830606264418671,1.0
3,theta,1.4000000000000001,III-b,9.830606264418671,9.830606264418671,1.0
3,theta,1.425,vis,9.81924495788247,9.81924495788247,1.0
3,theta,1.425,I,9.81924495788247,9.81924495788247,1.0
3,theta,1.425,II,9.81924495788247,8.238056766930352,0.8389704913428393
3,theta,1.425,III-a,9.81924495788247,9.81924495788247,1.0
3,theta,1.425,III-b,9.81924495788247,9.81924495788247,1.0
3,theta,1.4500000000000002,vis,9.808815604854855,9.808815604854855,1.0
3,theta,1.4500000000000002,I,9.808815604854855,9.808815604854855,1.0
3,theta,1.4500000000000002,II,9.808815604854855,8.229306847496387,0.8389704913428393
3,theta,1.4500000000000002,III-a,9.808815604854855,9.808815604854855,1.0
3,theta,1.4500000000000002,III-b,9.808815604854855,9.808815604854855,1.0
3,theta,1.475,vis,9.79934411015558,9.79934411015558,1.0
3,theta,1.475,I,9.79934411015558,9.79934411015558,1.0
3,theta,1.475,II,9.79934411015558,8.221360542934786,0.8389704913428393
3,theta,1.475,III-a,9.79934411015558,9.79934411015558,1.0
3,theta,1.475,III-b,9.79934411015558,9.79934411015558,1.0
3,theta,1.5,vis,9.790856378604408,9.790856378604408,1.0
3,theta,1.5,I,9.790856378604408,9.790856378604408,1.0
3,theta,1.5,II,9.790856378604408,8.214239586624913,0.8389704913428393
3,theta,1.5,III-a,9.790856378604408,9.790856378604408,1.0
3,theta,1.5,III-b,9.790856378604408,9.790856378604408,1.0
3,theta,1.5250000000000001,vis,9.782881791069387,9.782881791069387,1.0
3,theta,1.5250000000000001,I,9.782881791069387,9.782881791069387,1.0
3,theta,1.5250000000000001,II,9.782881791069387,8.2075491430024,0.8389704913428393
3,theta,1.5250000000000001,III-a,9.782881791069387,9.782881791069387,1.0
3,theta,1.5250000000000001,III-b,9.782881791069387,9.782881791069387,1.0
3,theta,1.55,vis,9.774958258935118,9.774958258935118,1.0
3,theta,1.55,I,9.774958258935118,9.774958258935118,1.0
3,theta,1.55,II,9.774958258935118,8.200901533354541,0.8389704913428393
3,theta,1.55,III-a,9.774958258935118,9.774958258935118,1.0
3,theta,1.55,III-b,9.774958258935118,9.774958258935118,1.0
3,theta,1.5750000000000002,vis,9.767124482796167,9.767124482796167,1.0
3,theta,1.5750000000000002,I,9.767124482796167,9.767124482796167,1.0
3,theta,1.5750000000000002,II,9.767124482796167,8.194329226338175,0.8389704913428393
3,theta,1.5750000000000002,III-a,9.767124482796167,9.767124482796167,1.0
3,theta,1.5750000000000002,III-b,9.767124482796167,9.767124482796167,1.0
3,theta,1.6,vis,9.759419163247097,9.759419163247097,1.0
3,theta,1.6,I,9.759419163247097,9.759419163247097,1.0
3,theta,1.6,II,9.759419163247097,8.187864690610139,0.8389704913428393
3,theta,1.6,III-a,9.759419163247097,9.759419163247097,1.0
3,theta,1.6,III-b,9.759419163247097,9.759419163247097,1.0
3,theta,1.625,vis,9.751881000882484,9.751881000882484,1.0
3,theta,1.625,I,9.751881000882484,9.751881000882484,1.0
3,theta,1.625,II,9.751881000882484,8.181540394827277,0.8389704913428393
3,theta,1.625,III-a,9.751881000882484,9.751881000882484,1.0
3,theta,1.625,III-b,9.751881000882484,9.751881000882484,1.0
3,theta,1.6500000000000001,vis,9.744548696296889,9.744548696296889,1.0
3,theta,1.6500000000000001,I,9.744548696296889,9.744548696296889,1.0
3,theta,1.6500000000000001,II,9.744548696296889,8.175388807646424,0.8389704913428393
3,theta,1.6500000000000001,III-a,9.744548696296889,9.744548696296889,1.0
3,theta,1.6500000000000001,III-b,9.744548696296889,9.744548696296889,1.0
3,theta,1.675,vis,9.737460950084884,9.737460950084884,1.0
3,theta,1.675,I,9.737460950084884,9.737460950084884,1.0
3,theta,1.675,II,9.737460950084884,8.169442397724426,0.8389704913428393
3,theta,1.675,III-a,9.737460950084884,9.737460950084884,1.0
3,theta,1.675,III-b,9.737460950084884,9.737460950084884,1.0
3,theta,1.7000000000000002,vis,9.730656462841035,9.730656462841035,1.0
3,theta,1.7000000000000002,I,9.730656462841035,9.730656462841035,1.0
3,theta,1.7000000000000002,II,9.730656462841035,8.163733633718117,0.8389704913428393
3,theta,1.7000000000000002,III-a,9.730656462841035,9.730656462841035,1.0
3,theta,1.7000000000000002,III-b,9.730656462841035,9.730656462841035,1.0
3,theta,1.725,vis,9.72417393515991,9.72417393515991,1.0
3,theta,1.725,I,9.72417393515991,9.72417393515991,1.0
3,theta,1.725,II,9.72417393515991,8.15829498428434,0.8389704913428393
3,theta,1.725,III-a,9.72417393515991,9.72417393515991,1.0
3,theta,1.725,III-b,9.72417393515991,9.72417393515991,1.0
3,theta,1.75,vis,9.718052067636076,9.718052067636076,1.0
3,theta,1.75,I,9.718052067636076,9.718052067636076,1.0
3,theta,1.75,II,9.718052067636076,8.153158918079935,0.8389704913428393
3,theta,1.75,III-a,9.718052067636076,9.718052067636076,1.0
3,theta,1.75,III-b,9.718052067636076,9.718052067636076,1.0
3,theta,1.7750000000000001,vis,9.712329560864106,9.712329560864106,1.0
3,theta,1.7750000000000001,I,9.712329560864106,9.712329560864106,1.0
3,theta,1.7750000000000001,II,9.712329560864106,8.148357903761742,0.8389704913428393
3,theta,1.7750000000000001,III-a,9.712329560864106,9.712329560864106,1.0
3,theta,1.7750000000000001,III-b,9.712329560864106,9.712329560864106,1.0
3,theta,1.8,vis,9.70704511543856,9.70704511543856,1.0
3,theta,1.8,I,9.70704511543856,9.70704511543856,1.0
3,theta,1.8,II,9.70704511543856,8.143924409986598,0.8389704913428393
3,theta,1.8,III-a,9.70704511543856,9.70704511543856,1.0
3,theta,1.8,III-b,9.70704511543856,9.70704511543856,1.0
3,theta,1.8250000000000002,vis,9.702237431954016,9.702237431954016,1.0
3,theta,1.8250000000000002,I,9.702237431954016,9.702237431954016,1.0
3,theta,1.8250000000000002,II,9.702237431954016,8.139890905411349,0.8389704913428393
3,theta,1.8250000000000002,III-a,9.702237431954016,9.702237431954016,1.0
3,theta,1.8250000000000002,III-b,9.702237431954016,9.702237431954016,1.0
3,theta,1.85,vis,9.697945211005031,9.697945211005031,1.0
3,theta,1.85,I,9.697945211005031,9.697945211005031,1.0
3,theta,1.85,II,9.697945211005031,8.136289858692827,0.8389704913428393
3,theta,1.85,III-a,9.697945211005031,9.697945211005031,1.0
3,theta,1.85,III-b,9.697945211005031,9.697945211005031,1.0
3,theta,1.875,vis,9.694207153186179,9.694207153186179,1.0
3,theta,1.875,I,9.694207153186179,9.694207153186179,1.0
3,theta,1.875,II,9.694207153186179,8.133153738487875,0.8389704913428393
3,theta,1.875,III-a,9.694207153186179,9.694207153186179,1.0
3,theta,1.875,III-b,9.694207153186179,9.694207153186179,1.0
3,theta,1.9000000000000001,vis,9.691061959092027,9.691061959092027,1.0
3,theta,1.9000000000000001,I,9.691061959092027,9.691061959092027,1.0
3,theta,1.9000000000000001,II,9.691061959092027,8.130515013453337,0.8389704913428393
3,theta,1.9000000000000001,III-a,9.691061959092027,9.691061959092027,1.0
3,theta,1.9000000000000001,III-b,9.691061959092027,9.691061959092027,1.0
3,theta,1.925,vis,9.688548329317143,9.688548329317143,1.0
3,theta,1.925,I,9.688548329317143,9.688548329317143,1.0
3,theta,1.925,II,9.688548329317143,8.128406152246049,0.8389704913428393
3,theta,1.925,III-a,9.688548329317143,9.688548329317143,1.0
3,theta,1.925,III-b,9.688548329317143,9.688548329317143,1.0
3,theta,1.9500000000000002,vis,9.686704964456093,9.686704964456093,1.0
3,theta,1.9500000000000002,I,9.686704964456093,9.686704964456093,1.0
3,theta,1.9500000000000002,II,9.686704964456093,8.126859623522849,0.8389704913428393
3,theta,1.9500000000000002,III-a,9.686704964456093,9.686704964456093,1.0
3,theta,1.9500000000000002,III-b,9.686704964456093,9.686704964456093,1.0
3,theta,1.975,vis,9.685570565103447,9.685570565103447,1.0
3,theta,1.975,I,9.685570565103447,9.685570565103447,1.0
3,theta,1.975,II,9.685570565103447,8.12590789594058,0.8389704913428393
3,theta,1.975,III-a,9.685570565103447,9.685570565103447,1.0
3,theta,1.975,III-b,9.685570565103447,9.685570565103447,1.0
3,theta,2.0,vis,9.685183831853772,9.685183831853772,1.0
3,theta,2.0,I,9.685183831853772,9.685183831853772,1.0
3,theta,2.0,II,9.685183831853772,8.125583438156083,0.8389704913428393
3,theta,2.0,III-a,9.685183831853772,9.685183831853772,1.0
3,theta,2.0,III-b,9.685183831853772,9.685183831853772,1.0
3,theta,2.025,vis,9.68529266231432,9.68529266231432,1.0
3,theta,2.025,I,9.68529266231432,9.68529266231432,1.0
3,theta,2.025,II,9.68529266231432,8.12567474370104,0.8389704913428393
3,theta,2.025,III-a,9.68529266231432,9.68529266231432,1.0
3,theta,2.025,III-b,9.68529266231432,9.68529266231432,1.0
3,theta,2.0500000000000003,vis,9.68561539272181,9.68561539272181,1.0
3,theta,2.0500000000000003,I,9.68561539272181,9.68561539272181,1.0
3,theta,2.0500000000000003,II,9.68561539272181,8.125945504989584,0.8389704913428393
3,theta,2.0500000000000003,III-a,9.68561539272181,9.68561539272181,1.0
3,theta,2.0500000000000003,III-b,9.68561539272181,9.68561539272181,1.0
3,theta,2.075,vis,9.686146381615021,9.686146381615021,1.0
3,theta,2.075,I,9.686146381615021,9.686146381615021,1.0
3,theta,2.075,II,9.686146381615021,8.12639098900222,0.8389704913428393
3,theta,2.075,III-a,9.686146381615021,9.686146381615021,1.0
3,theta,2.075,III-b,9.686146381615021,9.686146381615021,1.0
3,theta,2.1,vis,9.68687998753273,9.68687998753273,1.0
3,theta,2.1,I,9.68687998753273,9.68687998753273,1.0
3,theta,2.1,II,9.68687998753273,8.127006462719452,0.8389704913428393
3,theta,2.1,III-a,9.68687998753273,9.68687998753273,1.0
3,theta,2.1,III-b,9.68687998753273,9.68687998753273,1.0
3,theta,2.125,vis,9.687810569013715,9.687810569013715,1.0
3,theta,2.125,I,9.687810569013715,9.687810569013715,1.0
3,theta,2.125,II,9.687810569013715,8.127787193121788,0.8389704913428393
3,theta,2.125,III-a,9.687810569013715,9.687810569013715,1.0
3,theta,2.125,III-b,9.687810569013715,9.687810569013715,1.0
3,theta,2.15,vis,9.688932484596753,9.688932484596753,1.0
3,theta,2.15,I,9.688932484596753,9.688932484596753,1.0
3,theta,2.15,II,9.688932484596753,8.128728447189735,0.8389704913428393
3,theta,2.15,III-a,9.688932484596753,9.688932484596753,1.0
3,theta,2.15,III-b,9.688932484596753,9.688932484596753,1.0
3,theta,2.1750000000000003,vis,9.690240092820622,9.690240092820622,1.0
3,theta,2.1750000000000003,I,9.690240092820622,9.690240092820622,1.0
3,theta,2.1750000000000003,II,9.690240092820622,8.129825491903798,0.8389704913428393
3,theta,2.1750000000000003,III-a,9.690240092820622,9.690240092820622,1.0
3,theta,2.1750000000000003,III-b,9.690240092820622,9.690240092820622,1.0
3,theta,2.2,vis,9.6917277522241,9.6917277522241,1.0
3,theta,2.2,I,9.6917277522241,9.6917277522241,1.0
3,theta,2.2,II,9.6917277522241,8.131073594244485,0.8389704913428393
3,theta,2.2,III-a,9.6917277522241,9.6917277522241,1.0
3,theta,2.2,III-b,9.6917277522241,9.6917277522241,1.0
3,theta,2.225,vis,9.693389821345962,9.693389821345962,1.0
3,theta,2.225,I,9.693389821345962,9.693389821345962,1.0
3,theta,2.225,II,9.693389821345962,8.132468021192299,0.8389704913428393
3,theta,2.225,III-a,9.693389821345962,9.693389821345962,1.0
3,theta,2.225,III-b,9.693389821345962,9.693389821345962,1.0
3,theta,2.25,vis,9.695220658724985,9.695220658724985,1.0
3,theta,2.25,I,9.695220658724985,9.695220658724985,1.0
3,theta,2.25,II,9.695220658724985,8.134004039727747,0.8389704913428393
3,theta,2.25,III-a,9.695220658724985,9.695220658724985,1.0
3,theta,2.25,III-b,9.695220658724985,9.695220658724985,1.0
3,theta,2.275,vis,9.697214622899951,9.697214622899951,1.0
3,theta,2.275,I,9.697214622899951,9.697214622899951,1.0
3,theta,2.275,II,9.697214622899951,8.135676916831338,0.8389704913428393
3,theta,2.275,III-a,9.697214622899951,9.697214622899951,1.0
3,theta,2.275,III-b,9.697214622899951,9.697214622899951,1.0
3,theta,2.3000000000000003,vis,9.69936607240963,9.69936607240963,1.0
3,theta,2.3000000000000003,I,9.69936607240963,9.69936607240963,1.0
3,theta,2.3000000000000003,II,9.69936607240963,8.137481919483573,0.8389704913428393
3,theta,2.3000000000000003,III-a,9.69936607240963,9.69936607240963,1.0
3,theta,2.3000000000000003,III-b,9.69936607240963,9.69936607240963,1.0
3,theta,2.325,vis,9.701669365792805,9.701669365792805,1.0
3,theta,2.325,I,9.701669365792805,9.701669365792805,1.0
3,theta,2.325,II,9.701669365792805,8.139414314664961,0.8389704913428393
3,theta,2.325,III-a,9.701669365792805,9.701669365792805,1.0
3,theta,2.325,III-b,9.701669365792805,9.701669365792805,1.0
3,theta,2.35,vis,9.704118861588253,9.704118861588253,1.0
3,theta,2.35,I,9.704118861588253,9.704118861588253,1.0
3,theta,2.35,II,9.704118861588253,8.141469369356011,0.8389704913428393
3,theta,2.35,III-a,9.704118861588253,9.704118861588253,1.0
3,theta,2.35,III-b,9.704118861588253,9.704118861588253,1.0
3,theta,2.375,vis,9.706708918334748,9.706708918334748,1.0
3,theta,2.375,I,9.706708918334748,9.706708918334748,1.0
3,theta,2.375,II,9.706708918334748,8.143642350537224,0.8389704913428393
3,theta,2.375,III-a,9.706708918334748,9.706708918334748,1.0
3,theta,2.375,III-b,9.706708918334748,9.706708918334748,1.0
3,theta,2.4000000000000004,vis,9.709433894571067,9.709433894571067,1.0
3,theta,2.4000000000000004,I,9.709433894571067,9.709433894571067,1.0
3,theta,2.4000000000000004,II,9.709433894571067,8.145928525189106,0.8389704913428393
3,theta,2.4000000000000004,III-a,9.709433894571067,9.709433894571067,1.0
3,theta,2.4000000000000004,III-b,9.709433894571067,9.709433894571067,1.0
3,theta,2.4250000000000003,vis,9.712288148835992,9.712288148835992,1.0
3,theta,2.4250000000000003,I,9.712288148835992,9.712288148835992,1.0
3,theta,2.4250000000000003,II,9.712288148835992,8.148323160292167,0.8389704913428393
3,theta,2.4250000000000003,III-a,9.712288148835992,9.712288148835992,1.0
3,theta,2.4250000000000003,III-b,9.712288148835992,9.712288148835992,1.0
3,theta,2.45,vis,9.715266039668297,9.715266039668297,1.0
3,theta,2.45,I,9.715266039668297,9.715266039668297,1.0
3,theta,2.45,II,9.715266039668297,8.150821522826911,0.8389704913428393
3,theta,2.45,III-a,9.715266039668297,9.715266039668297,1.0
3,theta,2.45,III-b,9.715266039668297,9.715266039668297,1.0
3,theta,2.475,vis,9.71836192560676,9.71836192560676,1.0
3,theta,2.475,I,9.71836192560676,9.71836192560676,1.0
3,theta,2.475,II,9.71836192560676,8.153418879773845,0.8389704913428393
3,theta,2.475,III-a,9.71836192560676,9.71836192560676,1.0
3,theta,2.475,III-b,9.71836192560676,9.71836192560676,1.0
3,theta,2.5,vis,9.721570165190158,9.721570165190158,1.0
3,theta,2.5,I,9.721570165190158,9.721570165190158,1.0
3,theta,2.5,II,9.721570165190158,8.156110498113474,0.8389704913428393
3,theta,2.5,III-a,9.721570165190158,9.721570165190158,1.0
3,theta,2.5,III-b,9.721570165190158,9.721570165190158,1.0
3,theta,2.5250000000000004,vis,9.724885116957271,9.724885116957271,1.0
3,theta,2.5250000000000004,I,9.724885116957271,9.724885116957271,1.0
3,theta,2.5250000000000004,II,9.724885116957271,8.158891644826307,0.8389704913428393
3,theta,2.5250000000000004,III-a,9.724885116957271,9.724885116957271,1.0
3,theta,2.5250000000000004,III-b,9.724885116957271,9.724885116957271,1.0
3,theta,2.5500000000000003,vis,9.728301139446872,9.728301139446872,1.0
3,theta,2.5500000000000003,I,9.728301139446872,9.728301139446872,1.0
3,theta,2.5500000000000003,II,9.728301139446872,8.161757586892845,0.8389704913428393
3,theta,2.5500000000000003,III-a,9.728301139446872,9.728301139446872,1.0
3,theta,2.5500000000000003,III-b,9.728301139446872,9.728301139446872,1.0
3,theta,2.575,vis,9.731812591197741,9.731812591197741,1.0
3,theta,2.575,I,9.731812591197741,9.731812591197741,1.0
3,theta,2.575,II,9.731812591197741,8.164703591293598,0.8389704913428393
3,theta,2.575,III-a,9.731812591197741,9.731812591197741,1.0
3,theta,2.575,III-b,9.731812591197741,9.731812591197741,1.0
3,theta,2.6,vis,9.735413830748653,9.735413830748653,1.0
3,theta,2.6,I,9.735413830748653,9.735413830748653,1.0
3,theta,2.6,II,9.735413830748653,8.167724925009072,0.8389704913428393
3,theta,2.6,III-a,9.735413830748653,9.735413830748653,1.0
3,theta,2.6,III-b,9.735413830748653,9.735413830748653,1.0
3,theta,2.625,vis,9.739099216638387,9.739099216638387,1.0
3,theta,2.625,I,9.739099216638387,9.739099216638387,1.0
3,theta,2.625,II,9.739099216638387,8.170816855019769,0.8389704913428393
3,theta,2.625,III-a,9.739099216638387,9.739099216638387,1.0
3,theta,2.625,III-b,9.739099216638387,9.739099216638387,1.0
3,theta,2.6500000000000004,vis,9.74286310740572,9.74286310740572,1.0
3,theta,2.6500000000000004,I,9.74286310740572,9.74286310740572,1.0
3,theta,2.6500000000000004,II,9.74286310740572,8.1739746483062,0.8389704913428393
3,theta,2.6500000000000004,III-a,9.74286310740572,9.74286310740572,1.0
3,theta,2.6500000000000004,III-b,9.74286310740572,9.74286310740572,1.0
3,theta,2.6750000000000003,vis,9.746699861589432,9.746699861589432,1.0
3,theta,2.6750000000000003,I,9.746699861589432,9.746699861589432,1.0
3,theta,2.6750000000000003,II,9.746699861589432,8.17719357184887,0.8389704913428393
3,theta,2.6750000000000003,III-a,9.746699861589432,9.746699861589432,1.0
3,theta,2.6750000000000003,III-b,9.746699861589432,9.746699861589432,1.0
3,theta,2.7,vis,9.750603837728294,9.750603837728294,1.0
3,theta,2.7,I,9.750603837728294,9.750603837728294,1.0
3,theta,2.7,II,9.750603837728294,8.180468892628282,0.8389704913428393
3,theta,2.7,III-a,9.750603837728294,9.750603837728294,1.0
3,theta,2.7,III-b,9.750603837728294,9.750603837728294,1.0
3,theta,2.725,vis,9.75456939436109,9.75456939436109,1.0
3,theta,2.725,I,9.75456939436109,9.75456939436109,1.0
3,theta,2.725,II,9.75456939436109,8.183795877624945,0.8389704913428393
3,theta,2.725,III-a,9.75456939436109,9.75456939436109,1.0
3,theta,2.725,III-b,9.75456939436109,9.75456939436109,1.0
3,theta,2.75,vis,9.758590890026591,9.758590890026591,1.0
3,theta,2.75,I,9.758590890026591,9.758590890026591,1.0
3,theta,2.75,II,9.758590890026591,8.187169793819365,0.8389704913428393
3,theta,2.75,III-a,9.758590890026591,9.758590890026591,1.0
3,theta,2.75,III-b,9.758590890026591,9.758590890026591,1.0
3,theta,2.7750000000000004,vis,9.76266268326358,9.76266268326358,1.0
3,theta,2.7750000000000004,I,9.76266268326358,9.76266268326358,1.0
3,theta,2.7750000000000004,II,9.76266268326358,8.190585908192046,0.8389704913428393
3,theta,2.7750000000000004,III-a,9.76266268326358,9.76266268326358,1.0
3,theta,2.7750000000000004,III-b,9.76266268326358,9.76266268326358,1.0
3,theta,2.8000000000000003,vis,9.76677913261083,9.76677913261083,1.0
3,theta,2.8000000000000003,I,9.76677913261083,9.76677913261083,1.0
3,theta,2.8000000000000003,II,9.76677913261083,8.194039487723499,0.8389704913428393
3,theta,2.8000000000000003,III-a,9.76677913261083,9.76677913261083,1.0
3,theta,2.8000000000000003,III-b,9.76677913261083,9.76677913261083,1.0
3,theta,2.825,vis,9.770934596607123,9.770934596607123,1.0
3,theta,2.825,I,9.770934596607123,9.770934596607123,1.0
3,theta,2.825,II,9.770934596607123,8.197525799394226,0.8389704913428393
3,theta,2.825,III-a,9.770934596607123,9.770934596607123,1.0
3,theta,2.825,III-b,9.770934596607123,9.770934596607123,1.0
3,theta,2.85,vis,9.775123433791233,9.775123433791233,1.0
3,theta,2.85,I,9.775123433791233,9.775123433791233,1.0
3,theta,2.85,II,9.775123433791233,8.201040110184733,0.8389704913428393
3,theta,2.85,III-a,9.775123433791233,9.775123433791233,1.0
3,theta,2.85,III-b,9.775123433791233,9.775123433791233,1.0
3,theta,2.875,vis,9.779340002701934,9.779340002701934,1.0
3,theta,2.875,I,9.779340002701934,9.779340002701934,1.0
3,theta,2.875,II,9.779340002701934,8.204577687075526,0.8389704913428393
3,theta,2.875,III-a,9.779340002701934,9.779340002701934,1.0
3,theta,2.875,III-b,9.779340002701934,9.779340002701934,1.0
3,theta,2.9000000000000004,vis,9.78357866187801,9.78357866187801,1.0
3,theta,2.9000000000000004,I,9.78357866187801,9.78357866187801,1.0
3,theta,2.9000000000000004,II,9.78357866187801,8.208133797047113,0.8389704913428393
3,theta,2.9000000000000004,III-a,9.78357866187801,9.78357866187801,1.0
3,theta,2.9000000000000004,III-b,9.78357866187801,9.78357866187801,1.0
3,theta,2.9250000000000003,vis,9.787833769858237,9.787833769858237,1.0
3,theta,2.9250000000000003,I,9.787833769858237,9.787833769858237,1.0
3,theta,2.9250000000000003,II,9.787833769858237,8.21170370708,0.8389704913428393
3,theta,2.9250000000000003,III-a,9.787833769858237,9.787833769858237,1.0
3,theta,2.9250000000000003,III-b,9.787833769858237,9.787833769858237,1.0
3,theta,2.95,vis,9.792099685181388,9.792099685181388,1.0
3,theta,2.95,I,9.792099685181388,9.792099685181388,1.0
3,theta,2.95,II,9.792099685181388,8.21528268415469,0.8389704913428393
3,theta,2.95,III-a,9.792099685181388,9.792099685181388,1.0
3,theta,2.95,III-b,9.792099685181388,9.792099685181388,1.0
3,theta,2.975,vis,9.796370766386243,9.796370766386243,1.0
3,theta,2.975,I,9.796370766386243,9.796370766386243,1.0
3,theta,2.975,II,9.796370766386243,8.218865995251694,0.8389704913428393
3,theta,2.975,III-a,9.796370766386243,9.796370766386243,1.0
3,theta,2.975,III-b,9.796370766386243,9.796370766386243,1.0
3,theta,3.0,vis,9.80064137201158,9.80064137201158,1.0
3,theta,3.0,I,9.80064137201158,9.80064137201158,1.0
3,theta,3.0,II,9.80064137201158,8.222448907351513,0.8389704913428393
3,theta,3.0,III-a,9.80064137201158,9.80064137201158,1.0
3,theta,3.0,III-b,9.80064137201158,9.80064137201158,1.0
3,theta,3.0250000000000004,vis,9.805038841327837,9.805038841327837,1.0
3,theta,3.0250000000000004,I,9.805038841327837,9.805038841327837,1.0
3,theta,3.0250000000000004,II,9.805038841327837,8.22613825434444,0.8389704913428393
3,theta,3.0250000000000004,III-a,9.805038841327837,9.805038841327837,1.0
3,theta,3.0250000000000004,III-b,9.805038841327837,9.805038841327837,1.0
3,theta,3.0500000000000003,vis,9.809691100436863,9.809691100436863,1.0
3,theta,3.0500000000000003,I,9.809691100436863,9.809691100436863,1.0
3,theta,3.0500000000000003,II,9.809691100436863,8.230041362454992,0.8389704913428393
3,theta,3.0500000000000003,III-a,9.809691100436863,9.809691100436863,1.0
3,theta,3.0500000000000003,III-b,9.809691100436863,9.809691100436863,1.0
3,theta,3.075,vis,9.814593388124536,9.814593388124536,1.0
3,theta,3.075,I,9.814593388124536,9.814593388124536,1.0
3,theta,3.075,II,9.814593388124536,8.234154237165024,0.8389704913428393
3,theta,3.075,III-a,9.814593388124536,9.814593388124536,1.0
3,theta,3.075,III-b,9.814593388124536,9.814593388124536,1.0
3,theta,3.1,vis,9.819740943176745,9.819740943176745,1.0
3,theta,3.1,I,9.819740943176745,9.819740943176745,1.0
3,theta,3.1,II,9.819740943176745,8.23847288395639,0.8389704913428393
3,theta,3.1,III-a,9.819740943176745,9.819740943176745,1.0
3,theta,3.1,III-b,9.819740943176745,9.819740943176745,1.0
3,theta,3.125,vis,9.82512900437937,9.82512900437937,1.0
3,theta,3.125,I,9.82512900437937,9.82512900437937,1.0
3,theta,3.125,II,9.82512900437937,8.242993308310941,0.8389704913428393
3,theta,3.125,III-a,9.82512900437937,9.82512900437937,1.0
3,theta,3.125,III-b,9.82512900437937,9.82512900437937,1.0
3,theta,3.1500000000000004,vis,9.830752810518296,9.830752810518296,1.0
3,theta,3.1500000000000004,I,9.830752810518296,9.830752810518296,1.0
3,theta,3.1500000000000004,II,9.830752810518296,8.247711515710533,0.8389704913428393
3,theta,3.1500000000000004,III-a,9.830752810518296,9.830752810518296,1.0
3,theta,3.1500000000000004,III-b,9.830752810518296,9.830752810518296,1.0
3,theta,3.1750000000000003,vis,9.836607600379404,9.836607600379404,1.0
3,theta,3.1750000000000003,I,9.836607600379404,9.836607600379404,1.0
3,theta,3.1750000000000003,II,9.836607600379404,8.252623511637015,0.8389704913428393
3,theta,3.1750000000000003,III-a,9.836607600379404,9.836607600379404,1.0
3,theta,3.1750000000000003,III-b,9.836607600379404,9.836607600379404,1.0
3,theta,3.2,vis,9.842688612748585,9.842688612748585,1.0
3,theta,3.2,I,9.842688612748585,9.842688612748585,1.0
3,theta,3.2,II,9.842688612748585,8.25772530157225,0.8389704913428393
3,theta,3.2,III-a,9.842688612748585,9.842688612748585,1.0
3,theta,3.2,III-b,9.842688612748585,9.842688612748585,1.0
3,theta,3.225,vis,9.848991086411713,9.848991086411713,1.0
3,theta,3.225,I,9.848991086411713,9.848991086411713,1.0
3,theta,3.225,II,9.848991086411713,8.26301289099808,0.8389704913428393
3,theta,3.225,III-a,9.848991086411713,9.848991086411713,1.0
3,theta,3.225,III-b,9.848991086411713,9.848991086411713,1.0
3,theta,3.25,vis,9.855510260154679,9.855510260154679,1.0
3,theta,3.25,I,9.855510260154679,9.855510260154679,1.0
3,theta,3.25,II,9.855510260154679,8.268482285396365,0.8389704913428393
3,theta,3.25,III-a,9.855510260154679,9.855510260154679,1.0
3,theta,3.25,III-b,9.855510260154679,9.855510260154679,1.0
3,theta,3.2750000000000004,vis,9.862241372763362,9.862241372763362,1.0
3,theta,3.2750000000000004,I,9.862241372763362,9.862241372763362,1.0
3,theta,3.2750000000000004,II,9.862241372763362,8.274129490248956,0.8389704913428393
3,theta,3.2750000000000004,III-a,9.862241372763362,9.862241372763362,1.0
3,theta,3.2750000000000004,III-b,9.862241372763362,9.862241372763362,1.0
3,theta,3.3000000000000003,vis,9.86917966302365,9.86917966302365,1.0
3,theta,3.3000000000000003,I,9.86917966302365,9.86917966302365,1.0
3,theta,3.3000000000000003,II,9.86917966302365,8.279950511037708,0.8389704913428393
3,theta,3.3000000000000003,III-a,9.86917966302365,9.86917966302365,1.0
3,theta,3.3000000000000003,III-b,9.86917966302365,9.86917966302365,1.0
3,theta,3.325,vis,9.876320369721421,9.876320369721421,1.0
3,theta,3.325,I,9.876320369721421,9.876320369721421,1.0
3,theta,3.325,II,9.876320369721421,8.285941353244473,0.8389704913428393
3,theta,3.325,III-a,9.876320369721421,9.876320369721421,1.0
3,theta,3.325,III-b,9.876320369721421,9.876320369721421,1.0
3,theta,3.35,vis,9.883658731642566,9.883658731642566,1.0
3,theta,3.35,I,9.883658731642566,9.883658731642566,1.0
3,theta,3.35,II,9.883658731642566,8.292098022351107,0.8389704913428393
3,theta,3.35,III-a,9.883658731642566,9.883658731642566,1.0
3,theta,3.35,III-b,9.883658731642566,9.883658731642566,1.0
3,theta,3.375,vis,9.89118998757296,9.89118998757296,1.0
3,theta,3.375,I,9.89118998757296,9.89118998757296,1.0
3,theta,3.375,II,9.89118998757296,8.298416523839458,0.8389704913428393
3,theta,3.375,III-a,9.89118998757296,9.89118998757296,1.0
3,theta,3.375,III-b,9.89118998757296,9.89118998757296,1.0
3,theta,3.4000000000000004,vis,9.898909376298493,9.898909376298493,1.0
3,theta,3.4000000000000004,I,9.898909376298493,9.898909376298493,1.0
3,theta,3.4000000000000004,II,9.898909376298493,8.304892863191386,0.8389704913428393
3,theta,3.4000000000000004,III-a,9.898909376298493,9.898909376298493,1.0
3,theta,3.4000000000000004,III-b,9.898909376298493,9.898909376298493,1.0
3,theta,3.4250000000000003,vis,9.906812136605048,9.906812136605048,1.0
3,theta,3.4250000000000003,I,9.906812136605048,9.906812136605048,1.0
3,theta,3.4250000000000003,II,9.906812136605048,8.311523045888741,0.8389704913428393
3,theta,3.4250000000000003,III-a,9.906812136605048,9.906812136605048,1.0
3,theta,3.4250000000000003,III-b,9.906812136605048,9.906812136605048,1.0
3,theta,3.45,vis,9.914893507278505,9.914893507278505,1.0
3,theta,3.45,I,9.914893507278505,9.914893507278505,1.0
3,theta,3.45,II,9.914893507278505,8.318303077413374,0.8389704913428393
3,theta,3.45,III-a,9.914893507278505,9.914893507278505,1.0
3,theta,3.45,III-b,9.914893507278505,9.914893507278505,1.0
3,theta,3.475,vis,9.923148727104751,9.923148727104751,1.0
3,theta,3.475,I,9.923148727104751,9.923148727104751,1.0
3,theta,3.475,II,9.923148727104751,8.325228963247143,0.8389704913428393
3,theta,3.475,III-a,9.923148727104751,9.923148727104751,1.0
3,theta,3.475,III-b,9.923148727104751,9.923148727104751,1.0
3,theta,3.5,vis,9.931573034869668,9.931573034869668,1.0
3,theta,3.5,I,9.931573034869668,9.931573034869668,1.0
3,theta,3.5,II,9.931573034869668,8.3322967088719,0.8389704913428393
3,theta,3.5,III-a,9.931573034869668,9.931573034869668,1.0
3,theta,3.5,III-b,9.931573034869668,9.931573034869668,1.0
3,theta,3.5250000000000004,vis,9.940161669359142,9.940161669359142,1.0
3,theta,3.5250000000000004,I,9.940161669359142,9.940161669359142,1.0
3,theta,3.5250000000000004,II,9.940161669359142,8.339502319769498,0.8389704913428393
3,theta,3.5250000000000004,III-a,9.940161669359142,9.940161669359142,1.0
3,theta,3.5250000000000004,III-b,9.940161669359142,9.940161669359142,1.0
3,theta,3.5500000000000003,vis,9.948909869359051,9.948909869359051,1.0
3,theta,3.5500000000000003,I,9.948909869359051,9.948909869359051,1.0
3,theta,3.5500000000000003,II,9.948909869359051,8.346841801421785,0.8389704913428393
3,theta,3.5500000000000003,III-a,9.948909869359051,9.948909869359051,1.0
3,theta,3.5500000000000003,III-b,9.948909869359051,9.948909869359051,1.0
3,theta,3.575,vis,9.957812873655287,9.957812873655287,1.0
3,theta,3.575,I,9.957812873655287,9.957812873655287,1.0
3,theta,3.575,II,9.957812873655287,8.354311159310626,0.8389704913428393
3,theta,3.575,III-a,9.957812873655287,9.957812873655287,1.0
3,theta,3.575,III-b,9.957812873655287,9.957812873655287,1.0
3,theta,3.6,vis,9.966865921033728,9.966865921033728,1.0
3,theta,3.6,I,9.966865921033728,9.966865921033728,1.0
3,theta,3.6,II,9.966865921033728,8.361906398917867,0.8389704913428393
3,theta,3.6,III-a,9.966865921033728,9.966865921033728,1.0
3,theta,3.6,III-b,9.966865921033728,9.966865921033728,1.0
3,theta,3.625,vis,9.976064250280256,9.976064250280256,1.0
3,theta,3.625,I,9.976064250280256,9.976064250280256,1.0
3,theta,3.625,II,9.976064250280256,8.36962352572536,0.8389704913428393
3,theta,3.625,III-a,9.976064250280256,9.976064250280256,1.0
3,theta,3.625,III-b,9.976064250280256,9.976064250280256,1.0
3,theta,3.6500000000000004,vis,9.985403100180761,9.985403100180761,1.0
3,theta,3.6500000000000004,I,9.985403100180761,9.985403100180761,1.0
3,theta,3.6500000000000004,II,9.985403100180761,8.377458545214964,0.8389704913428393
3,theta,3.6500000000000004,III-a,9.985403100180761,9.985403100180761,1.0
3,theta,3.6500000000000004,III-b,9.985403100180761,9.985403100180761,1.0
3,theta,3.6750000000000003,vis,9.99487770952112,9.99487770952112,1.0
3,theta,3.6750000000000003,I,9.99487770952112,9.99487770952112,1.0
3,theta,3.6750000000000003,II,9.99487770952112,8.385407462868526,0.8389704913428393
3,theta,3.6750000000000003,III-a,9.99487770952112,9.99487770952112,1.0
3,theta,3.6750000000000003,III-b,9.99487770952112,9.99487770952112,1.0
3,theta,3.7,vis,10.004483317087223,10.004483317087223,1.0
3,theta,3.7,I,10.004483317087223,10.004483317087223,1.0
3,theta,3.7,II,10.004483317087223,8.393466284167905,0.8389704913428393
3,theta,3.7,III-a,10.004483317087223,10.004483317087223,1.0
3,theta,3.7,III-b,10.004483317087223,10.004483317087223,1.0
3,theta,3.725,vis,10.014215161664948,10.014215161664948,1.0
3,theta,3.725,I,10.014215161664948,10.014215161664948,1.0
3,theta,3.725,II,10.014215161664948,8.401631014594953,0.8389704913428393
3,theta,3.725,III-a,10.014215161664948,10.014215161664948,1.0
3,theta,3.725,III-b,10.014215161664948,10.014215161664948,1.0
3,theta,3.75,vis,10.02406848204018,10.02406848204018,1.0
3,theta,3.75,I,10.02406848204018,10.02406848204018,1.0
3,theta,3.75,II,10.02406848204018,8.409897659631518,0.8389704913428393
3,theta,3.75,III-a,10.02406848204018,10.02406848204018,1.0
3,theta,3.75,III-b,10.02406848204018,10.02406848204018,1.0
3,theta,3.7750000000000004,vis,10.034038516998805,10.034038516998805,1.0
3,theta,3.7750000000000004,I,10.034038516998805,10.034038516998805,1.0
3,theta,3.7750000000000004,II,10.034038516998805,8.418262224759463,0.8389704913428393
3,theta,3.7750000000000004,III-a,10.034038516998805,10.034038516998805,1.0
3,theta,3.7750000000000004,III-b,10.034038516998805,10.034038516998805,1.0
3,theta,3.8000000000000003,vis,10.044120505326706,10.044120505326706,1.0
3,theta,3.8000000000000003,I,10.044120505326706,10.044120505326706,1.0
3,theta,3.8000000000000003,II,10.044120505326706,8.426720715460634,0.8389704913428393
3,theta,3.8000000000000003,III-a,10.044120505326706,10.044120505326706,1.0
3,theta,3.8000000000000003,III-b,10.044120505326706,10.044120505326706,1.0
3,theta,3.825,vis,10.054309685809766,10.054309685809766,1.0
3,theta,3.825,I,10.054309685809766,10.054309685809766,1.0
3,theta,3.825,II,10.054309685809766,8.435269137216888,0.8389704913428393
3,theta,3.825,III-a,10.054309685809766,10.054309685809766,1.0
3,theta,3.825,III-b,10.054309685809766,10.054309685809766,1.0
3,theta,3.85,vis,10.064601297233866,10.064601297233866,1.0
3,theta,3.85,I,10.064601297233866,10.064601297233866,1.0
3,theta,3.85,II,10.064601297233866,8.443903495510074,0.8389704913428393
3,theta,3.85,III-a,10.064601297233866,10.064601297233866,1.0
3,theta,3.85,III-b,10.064601297233866,10.064601297233866,1.0
3,theta,3.875,vis,10.074990578384893,10.074990578384893,1.0
3,theta,3.875,I,10.074990578384893,10.074990578384893,1.0
3,theta,3.875,II,10.074990578384893,8.45261979582205,0.8389704913428393
3,theta,3.875,III-a,10.074990578384893,10.074990578384893,1.0
3,theta,3.875,III-b,10.074990578384893,10.074990578384893,1.0
3,theta,3.9000000000000004,vis,10.085472768048731,10.085472768048731,1.0
3,theta,3.9000000000000004,I,10.085472768048731,10.085472768048731,1.0
3,theta,3.9000000000000004,II,10.085472768048731,8.46141404363467,0.8389704913428393
3,theta,3.9000000000000004,III-a,10.085472768048731,10.085472768048731,1.0
3,theta,3.9000000000000004,III-b,10.085472768048731,10.085472768048731,1.0
3,theta,3.9250000000000003,vis,10.096043105011262,10.096043105011262,1.0
3,theta,3.9250000000000003,I,10.096043105011262,10.096043105011262,1.0
3,theta,3.9250000000000003,II,10.096043105011262,8.470282244429784,0.8389704913428393
3,theta,3.9250000000000003,III-a,10.096043105011262,10.096043105011262,1.0
3,theta,3.9250000000000003,III-b,10.096043105011262,10.096043105011262,1.0
3,theta,3.95,vis,10.106696828058372,10.106696828058372,1.0
3,theta,3.95,I,10.106696828058372,10.106696828058372,1.0
3,theta,3.95,II,10.106696828058372,8.479220403689247,0.8389704913428393
3,theta,3.95,III-a,10.106696828058372,10.106696828058372,1.0
3,theta,3.95,III-b,10.106696828058372,10.106696828058372,1.0
3,theta,3.975,vis,10.117429175975937,10.117429175975937,1.0
3,theta,3.975,I,10.117429175975937,10.117429175975937,1.0
3,theta,3.975,II,10.117429175975937,8.48822452689491,0.8389704913428393
3,theta,3.975,III-a,10.117429175975937,10.117429175975937,1.0
3,theta,3.975,III-b,10.117429175975937,10.117429175975937,1.0
3,theta,4.0,vis,10.12823538754985,10.12823538754985,1.0
3,theta,4.0,I,10.12823538754985,10.12823538754985,1.0
3,theta,4.0,II,10.12823538754985,8.49729061952863,0.8389704913428393
3,theta,4.0,III-a,10.12823538754985,10.12823538754985,1.0
3,theta,4.0,III-b,10.12823538754985,10.12823538754985,1.0
4,theta,0.0,vis,10.117994513244424,10.117994513244424,1.0
4,theta,0.0,I,10.117994513244424,10.117994513244424,1.0
4,theta,0.0,II,10.117994513244424,8.488698828180826,0.8389704913428393
4,theta,0.0,III-a,10.117994513244424,10.117994513244424,1.0
4,theta,0.0,III-b,10.117994513244424,10.117994513244424,1.0
4,theta,0.025,vis,10.082955752057902,10.082955752057902,1.0
4,theta,0.025,I,10.082955752057902,10.082955752057902,1.0
4,theta,0.025,II,10.082955752057902,8.459302341492126,0.8389704913428393
4,theta,0.025,III-a,10.082955752057902,10.082955752057902,1.0
4,theta,0.025,III-b,10.082955752057902,10.082955752057902,1.0
4,theta,0.05,vis,10.048613286000132,10.048613286000132,1.0
4,theta,0.05,I,10.048613286000132,10.048613286000132,1.0
4,theta,0.05,II,10.048613286000132,8.430490025869714,0.8389704913428393
4,theta,0.05,III-a,10.048613286000132,10.048613286000132,1.0
4,theta,0.05,III-b,10.048613286000132,10.048613286000132,1.0
4,theta,0.07500000000000001,vis,10.015086122499072,10.015086122499072,1.0
4,theta,0.07500000000000001,I,10.015086122499072,10.015086122499072,1.0
4,theta,0.07500000000000001,II,10.015086122499072,8.402361725033899,0.8389704913428393
4,theta,0.07500000000000001,III-a,10.015086122499072,10.015086122499072,1.0
4,theta,0.07500000000000001,III-b,10.015086122499072,10.015086122499072,1.0
4,theta,0.1,vis,9.982493268982692,9.982493268982692,1.0
4,theta,0.1,I,9.982493268982692,9.982493268982692,1.0
4,theta,0.1,II,9.982493268982692,8.375017282704995,0.8389704913428393
4,theta,0.1,III-a,9.982493268982692,9.982493268982692,1.0
4,theta,0.1,III-b,9.982493268982692,9.982493268982692,1.0
4,theta,0.125,vis,9.950953732878949,9.950953732878949,1.0
4,theta,0.125,I,9.950953732878949,9.950953732878949,1.0
4,theta,0.125,II,9.950953732878949,8.348556542603312,0.8389704913428393
4,theta,0.125,III-a,9.950953732878949,9.950953732878949,1.0
4,theta,0.125,III-b,9.950953732878949,9.950953732878949,1.0
4,theta,0.15000000000000002,vis,9.920586521615805,9.920586521615805,1.0
4,theta,0.15000000000000002,I,9.920586521615805,9.920586521615805,1.0
4,theta,0.15000000000000002,II,9.920586521615805,8.323079348449161,0.8389704913428393
4,theta,0.15000000000000002,III-a,9.920586521615805,9.920586521615805,1.0
4,theta,0.15000000000000002,III-b,9.920586521615805,9.920586521615805,1.0
4,theta,0.17500000000000002,vis,9.891510642621226,9.891510642621226,1.0
4,theta,0.17500000000000002,I,9.891510642621226,9.891510642621226,1.0
4,theta,0.17500000000000002,II,9.891510642621226,8.298685543962854,0.8389704913428393
4,theta,0.17500000000000002,III-a,9.891510642621226,9.891510642621226,1.0
4,theta,0.17500000000000002,III-b,9.891510642621226,9.891510642621226,1.0
4,theta,0.2,vis,9.86384510332317,9.86384510332317,1.0
4,theta,0.2,I,9.86384510332317,9.86384510332317,1.0
4,theta,0.2,II,9.86384510332317,8.2754749728647,0.8389704913428393
4,theta,0.2,III-a,9.86384510332317,9.86384510332317,1.0
4,theta,0.2,III-b,9.86384510332317,9.86384510332317,1.0
4,theta,0.225,vis,9.837708911149603,9.837708911149603,1.0
4,theta,0.225,I,9.837708911149603,9.837708911149603,1.0
4,theta,0.225,II,9.837708911149603,8.253547478875012,0.8389704913428393
4,theta,0.225,III-a,9.837708911149603,9.837708911149603,1.0
4,theta,0.225,III-b,9.837708911149603,9.837708911149603,1.0
4,theta,0.25,vis,9.813221073528487,9.813221073528487,1.0
4,theta,0.25,I,9.813221073528487,9.813221073528487,1.0
4,theta,0.25,II,9.813221073528487,8.2330029057141,0.8389704913428393
4,theta,0.25,III-a,9.813221073528487,9.813221073528487,1.0
4,theta,0.25,III-b,9.813221073528487,9.813221073528487,1.0
4,theta,0.275,vis,9.790500597887782,9.790500597887782,1.0
4,theta,0.275,I,9.790500597887782,9.790500597887782,1.0
4,theta,0.275,II,9.790500597887782,8.213941097102275,0.8389704913428393
4,theta,0.275,III-a,9.790500597887782,9.790500597887782,1.0
4,theta,0.275,III-b,9.790500597887782,9.790500597887782,1.0
4,theta,0.30000000000000004,vis,9.769666491655453,9.769666491655453,1.0
4,theta,0.30000000000000004,I,9.769666491655453,9.769666491655453,1.0
4,theta,0.30000000000000004,II,9.769666491655453,8.196461896759848,0.8389704913428393
4,theta,0.30000000000000004,III-a,9.769666491655453,9.769666491655453,1.0
4,theta,0.30000000000000004,III-b,9.769666491655453,9.769666491655453,1.0
4,theta,0.325,vis,9.750837762259458,9.750837762259458,1.0
4,theta,0.325,I,9.750837762259458,9.750837762259458,1.0
4,theta,0.325,II,9.750837762259458,8.18066514840713,0.8389704913428393
4,theta,0.325,III-a,9.750837762259458,9.750837762259458,1.0
4,theta,0.325,III-b,9.750837762259458,9.750837762259458,1.0
4,theta,0.35000000000000003,vis,9.734133417127765,9.734133417127765,1.0
4,theta,0.35000000000000003,I,9.734133417127765,9.734133417127765,1.0
4,theta,0.35000000000000003,II,9.734133417127765,8.166650695764432,0.8389704913428393
4,theta,0.35000000000000003,III-a,9.734133417127765,9.734133417127765,1.0
4,theta,0.35000000000000003,III-b,9.734133417127765,9.734133417127765,1.0
4,theta,0.375,vis,9.719672463688331,9.719672463688331,1.0
4,theta,0.375,I,9.719672463688331,9.719672463688331,1.0
4,theta,0.375,II,9.719672463688331,8.154518382552064,0.8389704913428393
4,theta,0.375,III-a,9.719672463688331,9.719672463688331,1.0
4,theta,0.375,III-b,9.719672463688331,9.719672463688331,1.0
4,theta,0.4,vis,9.707573909369122,9.707573909369122,1.0
4,theta,0.4,I,9.707573909369122,9.707573909369122,1.0
4,theta,0.4,II,9.707573909369122,8.14436805249034,0.8389704913428393
4,theta,0.4,III-a,9.707573909369122,9.707573909369122,1.0
4,theta,0.4,III-b,9.707573909369122,9.707573909369122,1.0
4,theta,0.42500000000000004,vis,9.6979567615981,9.6979567615981,1.0
4,theta,0.42500000000000004,I,9.6979567615981,9.6979567615981,1.0
4,theta,0.42500000000000004,II,9.6979567615981,8.136299549299569,0.8389704913428393
4,theta,0.42500000000000004,III-a,9.6979567615981,9.6979567615981,1.0
4,theta,0.42500000000000004,III-b,9.6979567615981,9.6979567615981,1.0
4,theta,0.45,vis,9.690940027803224,9.690940027803224,1.0
4,theta,0.45,I,9.690940027803224,9.690940027803224,1.0
4,theta,0.45,II,9.690940027803224,8.130412716700059,0.8389704913428393
4,theta,0.45,III-a,9.690940027803224,9.690940027803224,1.0
4,theta,0.45,III-b,9.690940027803224,9.690940027803224,1.0
4,theta,0.47500000000000003,vis,9.68664271541246,9.68664271541246,1.0
4,theta,0.47500000000000003,I,9.68664271541246,9.68664271541246,1.0
4,theta,0.47500000000000003,II,9.68664271541246,8.126807398412128,0.8389704913428393
4,theta,0.47500000000000003,III-a,9.68664271541246,9.68664271541246,1.0
4,theta,0.47500000000000003,III-b,9.68664271541246,9.68664271541246,1.0
4,theta,0.5,vis,9.685183831853772,9.685183831853772,1.0
4,theta,0.5,I,9.685183831853772,9.685183831853772,1.0
4,theta,0.5,II,9.685183831853772,8.125583438156083,0.8389704913428393
4,theta,0.5,III-a,9.685183831853772,9.685183831853772,1.0
4,theta,0.5,III-b,9.685183831853772,9.685183831853772,1.0
4,theta,0.525,vis,9.68561539272181,9.68561539272181,1.0
4,theta,0.525,I,9.68561539272181,9.68561539272181,1.0
4,theta,0.525,II,9.68561539272181,8.125945504989584,0.8389704913428393
4,theta,0.525,III-a,9.68561539272181,9.68561539272181,1.0
4,theta,0.525,III-b,9.68561539272181,9.68561539272181,1.0
4,theta,0.55,vis,9.68687998753273,9.68687998753273,1.0
4,theta,0.55,I,9.68687998753273,9.68687998753273,1.0
4,theta,0.55,II,9.68687998753273,8.127006462719452,0.8389704913428393
4,theta,0.55,III-a,9.68687998753273,9.68687998753273,1.0
4,theta,0.55,III-b,9.68687998753273,9.68687998753273,1.0
4,theta,0.5750000000000001,vis,9.688932484596753,9.688932484596753,1.0
4,theta,0.5750000000000001,I,9.688932484596753,9.688932484596753,1.0
4,theta,0.5750000000000001,II,9.688932484596753,8.128728447189735,0.8389704913428393
4,theta,0.5750000000000001,III-a,9.688932484596753,9.688932484596753,1.0
4,theta,0.5750000000000001,III-b,9.688932484596753,9.688932484596753,1.0
4,theta,0.6000000000000001,vis,9.6917277522241,9.6917277522241,1.0
4,theta,0.6000000000000001,I,9.6917277522241,9.6917277522241,1.0
4,theta,0.6000000000000001,II,9.6917277522241,8.131073594244485,0.8389704913428393
4,theta,0.6000000000000001,III-a,9.6917277522241,9.6917277522241,1.0
4,theta,0.6000000000000001,III-b,9.6917277522241,9.6917277522241,1.0
4,theta,0.625,vis,9.695220658724985,9.695220658724985,1.0
4,theta,0.625,I,9.695220658724985,9.695220658724985,1.0
4,theta,0.625,II,9.695220658724985,8.134004039727747,0.8389704913428393
4,theta,0.625,III-a,9.695220658724985,9.695220658724985,1.0
4,theta,0.625,III-b,9.695220658724985,9.695220658724985,1.0
4,theta,0.65,vis,9.69936607240963,9.69936607240963,1.0
4,theta,0.65,I,9.69936607240963,9.69936607240963,1.0
4,theta,0.65,II,9.69936607240963,8.137481919483573,0.8389704913428393
4,theta,0.65,III-a,9.69936607240963,9.69936607240963,1.0
4,theta,0.65,III-b,9.69936607240963,9.69936607240963,1.0
4,theta,0.675,vis,9.704118861588253,9.704118861588253,1.0
4,theta,0.675,I,9.704118861588253,9.704118861588253,1.0
4,theta,0.675,II,9.704118861588253,8.141469369356011,0.8389704913428393
4,theta,0.675,III-a,9.704118861588253,9.704118861588253,1.0
4,theta,0.675,III-b,9.704118861588253,9.704118861588253,1.0
4,theta,0.7000000000000001,vis,9.709433894571067,9.709433894571067,1.0
4,theta,0.7000000000000001,I,9.709433894571067,9.709433894571067,1.0
4,theta,0.7000000000000001,II,9.709433894571067,8.145928525189106,0.8389704913428393
4,theta,0.7000000000000001,III-a,9.709433894571067,9.709433894571067,1.0
4,theta,0.7000000000000001,III-b,9.709433894571067,9.709433894571067,1.0
4,theta,0.7250000000000001,vis,9.715266039668297,9.715266039668297,1.0
4,theta,0.7250000000000001,I,9.715266039668297,9.715266039668297,1.0
4,theta,0.7250000000000001,II,9.715266039668297,8.150821522826911,0.8389704913428393
4,theta,0.7250000000000001,III-a,9.715266039668297,9.715266039668297,1.0
4,theta,0.7250000000000001,III-b,9.715266039668297,9.715266039668297,1.0
4,theta,0.75,vis,9.721570165190158,9.721570165190158,1.0
4,theta,0.75,I,9.721570165190158,9.721570165190158,1.0
4,theta,0.75,II,9.721570165190158,8.156110498113474,0.8389704913428393
4,theta,0.75,III-a,9.721570165190158,9.721570165190158,1.0
4,theta,0.75,III-b,9.721570165190158,9.721570165190158,1.0
4,theta,0.775,vis,9.728301139446872,9.728301139446872,1.0
4,theta,0.775,I,9.728301139446872,9.728301139446872,1.0
4,theta,0.775,II,9.728301139446872,8.161757586892845,0.8389704913428393
4,theta,0.775,III-a,9.728301139446872,9.728301139446872,1.0
4,theta,0.775,III-b,9.728301139446872,9.728301139446872,1.0
4,theta,0.8,vis,9.735413830748653,9.735413830748653,1.0
4,theta,0.8,I,9.735413830748653,9.735413830748653,1.0
4,theta,0.8,II,9.735413830748653,8.167724925009072,0.8389704913428393
4,theta,0.8,III-a,9.735413830748653,9.735413830748653,1.0
4,theta,0.8,III-b,9.735413830748653,9.735413830748653,1.0
4,theta,0.8250000000000001,vis,9.74286310740572,9.74286310740572,1.0
4,theta,0.8250000000000001,I,9.74286310740572,9.74286310740572,1.0
4,theta,0.8250000000000001,II,9.74286310740572,8.1739746483062,0.8389704913428393
4,theta,0.8250000000000001,III-a,9.74286310740572,9.74286310740572,1.0
4,theta,0.8250000000000001,III-b,9.74286310740572,9.74286310740572,1.0
4,theta,0.8500000000000001,vis,9.750603837728294,9.750603837728294,1.0
4,theta,0.8500000000000001,I,9.750603837728294,9.750603837728294,1.0
4,theta,0.8500000000000001,II,9.750603837728294,8.180468892628282,0.8389704913428393
4,theta,0.8500000000000001,III-a,9.750603837728294,9.750603837728294,1.0
4,theta,0.8500000000000001,III-b,9.750603837728294,9.750603837728294,1.0
4,theta,0.875,vis,9.758590890026591,9.758590890026591,1.0
4,theta,0.875,I,9.758590890026591,9.758590890026591,1.0
4,theta,0.875,II,9.758590890026591,8.187169793819365,0.8389704913428393
4,theta,0.875,III-a,9.758590890026591,9.758590890026591,1.0
4,theta,0.875,III-b,9.758590890026591,9.758590890026591,1.0
4,theta,0.9,vis,9.76677913261083,9.76677913261083,1.0
4,theta,0.9,I,9.76677913261083,9.76677913261083,1.0
4,theta,0.9,II,9.76677913261083,8.194039487723499,0.8389704913428393
4,theta,0.9,III-a,9.76677913261083,9.76677913261083,1.0
4,theta,0.9,III-b,9.76677913261083,9.76677913261083,1.0
4,theta,0.925,vis,9.775123433791233,9.775123433791233,1.0
4,theta,0.925,I,9.775123433791233,9.775123433791233,1.0
4,theta,0.925,II,9.775123433791233,8.201040110184733,0.8389704913428393
4,theta,0.925,III-a,9.775123433791233,9.775123433791233,1.0
4,theta,0.925,III-b,9.775123433791233,9.775123433791233,1.0
4,theta,0.9500000000000001,vis,9.78357866187801,9.78357866187801,1.0
4,theta,0.9500000000000001,I,9.78357866187801,9.78357866187801,1.0
4,theta,0.9500000000000001,II,9.78357866187801,8.208133797047113,0.8389704913428393
4,theta,0.9500000000000001,III-a,9.78357866187801,9.78357866187801,1.0
4,theta,0.9500000000000001,III-b,9.78357866187801,9.78357866187801,1.0
4,theta,0.9750000000000001,vis,9.792099685181388,9.792099685181388,1.0
4,theta,0.9750000000000001,I,9.792099685181388,9.792099685181388,1.0
4,theta,0.9750000000000001,II,9.792099685181388,8.21528268415469,0.8389704913428393
4,theta,0.9750000000000001,III-a,9.792099685181388,9.792099685181388,1.0
4,theta,0.9750000000000001,III-b,9.792099685181388,9.792099685181388,1.0
4,theta,1.0,vis,9.80064137201158,9.80064137201158,1.0
4,theta,1.0,I,9.80064137201158,9.80064137201158,1.0
4,theta,1.0,II,9.80064137201158,8.222448907351513,0.8389704913428393
4,theta,1.0,III-a,9.80064137201158,9.80064137201158,1.0
4,theta,1.0,III-b,9.80064137201158,9.80064137201158,1.0
4,theta,1.0250000000000001,vis,9.809838627020655,9.809838627020655,1.0
4,theta,1.0250000000000001,I,9.809838627020655,9.809838627020655,1.0
4,theta,1.0250000000000001,II,9.809838627020655,8.230165132905483,0.8389704913428393
4,theta,1.0250000000000001,III-a,9.809838627020655,9.809838627020655,1.0
4,theta,1.0250000000000001,III-b,9.809838627020655,9.809838627020655,1.0
4,theta,1.05,vis,9.820299991283747,9.820299991283747,1.0
4,theta,1.05,I,9.820299991283747,9.820299991283747,1.0
4,theta,1.05,II,9.820299991283747,8.238941908821406,0.8389704913428393
4,theta,1.05,III-a,9.820299991283747,9.820299991283747,1.0
4,theta,1.05,III-b,9.820299991283747,9.820299991283747,1.0
4,theta,1.075,vis,9.831940787745676,9.831940787745676,1.0
4,theta,1.075,I,9.831940787745676,9.831940787745676,1.0
4,theta,1.075,II,9.831940787745676,8.248708193548692,0.8389704913428393
4,theta,1.075,III-a,9.831940787745676,9.831940787745676,1.0
4,theta,1.075,III-b,9.831940787745676,9.831940787745676,1.0
4,theta,1.1,vis,9.84467633935126,9.84467633935126,1.0
4,theta,1.1,I,9.84467633935126,9.84467633935126,1.0
4,theta,1.1,II,9.84467633935126,8.259392945536751,0.8389704913428393
4,theta,1.1,III-a,9.84467633935126,9.84467633935126,1.0
4,theta,1.1,III-b,9.84467633935126,9.84467633935126,1.0
4,theta,1.125,vis,9.858421969045317,9.858421969045317,1.0
4,theta,1.125,I,9.858421969045317,9.858421969045317,1.0
4,theta,1.125,II,9.858421969045317,8.27092512323499,0.8389704913428393
4,theta,1.125,III-a,9.858421969045317,9.858421969045317,1.0
4,theta,1.125,III-b,9.858421969045317,9.858421969045317,1.0
4,theta,1.1500000000000001,vis,9.873092999772668,9.873092999772668,1.0
4,theta,1.1500000000000001,I,9.873092999772668,9.873092999772668,1.0
4,theta,1.1500000000000001,II,9.873092999772668,8.283233685092823,0.8389704913428393
4,theta,1.1500000000000001,III-a,9.873092999772668,9.873092999772668,1.0
4,theta,1.1500000000000001,III-b,9.873092999772668,9.873092999772668,1.0
4,theta,1.175,vis,9.888604754478129,9.888604754478129,1.0
4,theta,1.175,I,9.888604754478129,9.888604754478129,1.0
4,theta,1.175,II,9.888604754478129,8.296247589559652,0.8389704913428393
4,theta,1.175,III-a,9.888604754478129,9.888604754478129,1.0
4,theta,1.175,III-b,9.888604754478129,9.888604754478129,1.0
4,theta,1.2000000000000002,vis,9.90487255610652,9.90487255610652,1.0
4,theta,1.2000000000000002,I,9.90487255610652,9.90487255610652,1.0
4,theta,1.2000000000000002,II,9.90487255610652,8.309895795084891,0.8389704913428393
4,theta,1.2000000000000002,III-a,9.90487255610652,9.90487255610652,1.0
4,theta,1.2000000000000002,III-b,9.90487255610652,9.90487255610652,1.0
4,theta,1.225,vis,9.921811727602663,9.921811727602663,1.0
4,theta,1.225,I,9.921811727602663,9.921811727602663,1.0
4,theta,1.225,II,9.921811727602663,8.324107260117952,0.8389704913428393
4,theta,1.225,III-a,9.921811727602663,9.921811727602663,1.0
4,theta,1.225,III-b,9.921811727602663,9.921811727602663,1.0
4,theta,1.25,vis,9.939337591911372,9.939337591911372,1.0
4,theta,1.25,I,9.939337591911372,9.939337591911372,1.0
4,theta,1.25,II,9.939337591911372,8.338810943108237,0.8389704913428393
4,theta,1.25,III-a,9.939337591911372,9.939337591911372,1.0
4,theta,1.25,III-b,9.939337591911372,9.939337591911372,1.0
4,theta,1.2750000000000001,vis,9.957365471977466,9.957365471977466,1.0
4,theta,1.2750000000000001,I,9.957365471977466,9.957365471977466,1.0
4,theta,1.2750000000000001,II,9.957365471977466,8.353935802505157,0.8389704913428393
4,theta,1.2750000000000001,III-a,9.957365471977466,9.957365471977466,1.0
4,theta,1.2750000000000001,III-b,9.957365471977466,9.957365471977466,1.0
4,theta,1.3,vis,9.975810690745769,9.975810690745769,1.0
4,theta,1.3,I,9.975810690745769,9.975810690745769,1.0
4,theta,1.3,II,9.975810690745769,8.369410796758126,0.8389704913428393
4,theta,1.3,III-a,9.975810690745769,9.975810690745769,1.0
4,theta,1.3,III-b,9.975810690745769,9.975810690745769,1.0
4,theta,1.3250000000000002,vis,9.994588571161096,9.994588571161096,1.0
4,theta,1.3250000000000002,I,9.994588571161096,9.994588571161096,1.0
4,theta,1.3250000000000002,II,9.994588571161096,8.38516488431655,0.8389704913428393
4,theta,1.3250000000000002,III-a,9.994588571161096,9.994588571161096,1.0
4,theta,1.3250000000000002,III-b,9.994588571161096,9.994588571161096,1.0
4,theta,1.35,vis,10.013614436168265,10.013614436168265,1.0
4,theta,1.35,I,10.013614436168265,10.013614436168265,1.0
4,theta,1.35,II,10.013614436168265,8.401127023629838,0.8389704913428393
4,theta,1.35,III-a,10.013614436168265,10.013614436168265,1.0
4,theta,1.35,III-b,10.013614436168265,10.013614436168265,1.0
4,theta,1.375,vis,10.032803608712095,10.032803608712095,1.0
4,theta,1.375,I,10.032803608712095,10.032803608712095,1.0
4,theta,1.375,II,10.032803608712095,8.417226173147398,0.8389704913428393
4,theta,1.375,III-a,10.032803608712095,10.032803608712095,1.0
4,theta,1.375,III-b,10.032803608712095,10.032803608712095,1.0
4,theta,1.4000000000000001,vis,10.05207141173741,10.05207141173741,1.0
4,theta,1.4000000000000001,I,10.05207141173741,10.05207141173741,1.0
4,theta,1.4000000000000001,II,10.05207141173741,8.433391291318642,0.8389704913428393
4,theta,1.4000000000000001,III-a,10.05207141173741,10.05207141173741,1.0
4,theta,1.4000000000000001,III-b,10.05207141173741,10.05207141173741,1.0
4,theta,1.425,vis,10.071333168189021,10.071333168189021,1.0
4,theta,1.425,I,10.071333168189021,10.071333168189021,1.0
4,theta,1.425,II,10.071333168189021,8.449551336592977,0.8389704913428393
4,theta,1.425,III-a,10.071333168189021,10.071333168189021,1.0
4,theta,1.425,III-b,10.071333168189021,10.071333168189021,1.0
4,theta,1.4500000000000002,vis,10.090504201011756,10.090504201011756,1.0
4,theta,1.4500000000000002,I,10.090504201011756,10.090504201011756,1.0
4,theta,1.4500000000000002,II,10.090504201011756,8.465635267419817,0.8389704913428393
4,theta,1.4500000000000002,III-a,10.090504201011756,10.090504201011756,1.0
4,theta,1.4500000000000002,III-b,10.090504201011756,10.090504201011756,1.0
4,theta,1.475,vis,10.109499833150425,10.109499833150425,1.0
4,theta,1.475,I,10.109499833150425,10.109499833150425,1.0
4,theta,1.475,II,10.109499833150425,8.481572042248564,0.8389704913428393
4,theta,1.475,III-a,10.109499833150425,10.109499833150425,1.0
4,theta,1.475,III-b,10.109499833150425,10.109499833150425,1.0
4,theta,1.5,vis,10.12823538754985,10.12823538754985,1.0
4,theta,1.5,I,10.12823538754985,10.12823538754985,1.0
4,theta,1.5,II,10.12823538754985,8.49729061952863,0.8389704913428393
4,theta,1.5,III-a,10.12823538754985,10.12823538754985,1.0
4,theta,1.5,III-b,10.12823538754985,10.12823538754985,1.0
4,theta,1.5250000000000001,vis,10.147024710118409,10.147024710118409,1.0
4,theta,1.5250000000000001,I,10.147024710118409,10.147024710118409,1.0
4,theta,1.5250000000000001,II,10.147024710118409,8.513054306715972,0.8389704913428393
4,theta,1.5250000000000001,III-a,10.147024710118409,10.147024710118409,1.0
4,theta,1.5250000000000001,III-b,10.147024710118409,10.147024710118409,1.0
4,theta,1.55,vis,10.166223761180948,10.166223761180948,1.0
4,theta,1.55,I,10.166223761180948,10.166223761180948,1.0
4,theta,1.55,II,10.166223761180948,8.529161744019227,0.8389704913428393
4,theta,1.55,III-a,10.166223761180948,10.166223761180948,1.0
4,theta,1.55,III-b,10.166223761180948,10.166223761180948,1.0
4,theta,1.5750000000000002,vis,10.185811035306997,10.185811035306997,1.0
4,theta,1.5750000000000002,I,10.185811035306997,10.185811035306997,1.0
4,theta,1.5750000000000002,II,10.185811035306997,8.545594889016826,0.8389704913428393
4,theta,1.5750000000000002,III-a,10.185811035306997,10.185811035306997,1.0
4,theta,1.5750000000000002,III-b,10.185811035306997,10.185811035306997,1.0
4,theta,1.6,vis,10.20576502706608,10.20576502706608,1.0
4,theta,1.6,I,10.20576502706608,10.20576502706608,1.0
4,theta,1.6,II,10.20576502706608,8.562335699287194,0.8389704913428393
4,theta,1.6,III-a,10.20576502706608,10.20576502706608,1.0
4,theta,1.6,III-b,10.20576502706608,10.20576502706608,1.0
4,theta,1.625,vis,10.22606423102773,10.22606423102773,1.0
4,theta,1.625,I,10.22606423102773,10.22606423102773,1.0
4,theta,1.625,II,10.22606423102773,8.579366132408769,0.8389704913428393
4,theta,1.625,III-a,10.22606423102773,10.22606423102773,1.0
4,theta,1.625,III-b,10.22606423102773,10.22606423102773,1.0
4,theta,1.6500000000000001,vis,10.24668714176147,10.24668714176147,1.0
4,theta,1.6500000000000001,I,10.24668714176147,10.24668714176147,1.0
4,theta,1.6500000000000001,II,10.24668714176147,8.596668145959974,0.8389704913428393
4,theta,1.6500000000000001,III-a,10.24668714176147,10.24668714176147,1.0
4,theta,1.6500000000000001,III-b,10.24668714176147,10.24668714176147,1.0
4,theta,1.675,vis,10.267612253836829,10.267612253836829,1.0
4,theta,1.675,I,10.267612253836829,10.267612253836829,1.0
4,theta,1.675,II,10.267612253836829,8.614223697519241,0.8389704913428393
4,theta,1.675,III-a,10.267612253836829,10.267612253836829,1.0
4,theta,1.675,III-b,10.267612253836829,10.267612253836829,1.0
4,theta,1.7000000000000002,vis,10.288818061823337,10.288818061823337,1.0
4,theta,1.7000000000000002,I,10.288818061823337,10.288818061823337,1.0
4,theta,1.7000000000000002,II,10.288818061823337,8.632014744665005,0.8389704913428393
4,theta,1.7000000000000002,III-a,10.288818061823337,10.288818061823337,1.0
4,theta,1.7000000000000002,III-b,10.288818061823337,10.288818061823337,1.0
4,theta,1.725,vis,10.310283060290518,10.310283060290518,1.0
4,theta,1.725,I,10.310283060290518,10.310283060290518,1.0
4,theta,1.725,II,10.310283060290518,8.650023244975689,0.8389704913428393
4,theta,1.725,III-a,10.310283060290518,10.310283060290518,1.0
4,theta,1.725,III-b,10.310283060290518,10.310283060290518,1.0
4,theta,1.75,vis,10.3319857438079,10.3319857438079,1.0
4,theta,1.75,I,10.3319857438079,10.3319857438079,1.0
4,theta,1.75,II,10.3319857438079,8.668231156029725,0.8389704913428393
4,theta,1.75,III-a,10.3319857438079,10.3319857438079,1.0
4,theta,1.75,III-b,10.3319857438079,10.3319857438079,1.0
4,theta,1.7750000000000001,vis,10.353904606945013,10.353904606945013,1.0
4,theta,1.7750000000000001,I,10.353904606945013,10.353904606945013,1.0
4,theta,1.7750000000000001,II,10.353904606945013,8.686620435405546,0.8389704913428393
4,theta,1.7750000000000001,III-a,10.353904606945013,10.353904606945013,1.0
4,theta,1.7750000000000001,III-b,10.353904606945013,10.353904606945013,1.0
4,theta,1.8,vis,10.376018144271384,10.376018144271384,1.0
4,theta,1.8,I,10.376018144271384,10.376018144271384,1.0
4,theta,1.8,II,10.376018144271384,8.70517304068158,0.8389704913428393
4,theta,1.8,III-a,10.376018144271384,10.376018144271384,1.0
4,theta,1.8,III-b,10.376018144271384,10.376018144271384,1.0
4,theta,1.8250000000000002,vis,10.398304850356542,10.398304850356542,1.0
4,theta,1.8250000000000002,I,10.398304850356542,10.398304850356542,1.0
4,theta,1.8250000000000002,II,10.398304850356542,8.723870929436258,0.8389704913428393
4,theta,1.8250000000000002,III-a,10.398304850356542,10.398304850356542,1.0
4,theta,1.8250000000000002,III-b,10.398304850356542,10.398304850356542,1.0
4,theta,1.85,vis,10.420743219770012,10.420743219770012,1.0
4,theta,1.85,I,10.420743219770012,10.420743219770012,1.0
4,theta,1.85,II,10.420743219770012,8.742696059248008,0.8389704913428393
4,theta,1.85,III-a,10.420743219770012,10.420743219770012,1.0
4,theta,1.85,III-b,10.420743219770012,10.420743219770012,1.0
4,theta,1.875,vis,10.443311747081319,10.443311747081319,1.0
4,theta,1.875,I,10.443311747081319,10.443311747081319,1.0
4,theta,1.875,II,10.443311747081319,8.76163038769526,0.8389704913428393
4,theta,1.875,III-a,10.443311747081319,10.443311747081319,1.0
4,theta,1.875,III-b,10.443311747081319,10.443311747081319,1.0
4,theta,1.9000000000000001,vis,10.465988926859996,10.465988926859996,1.0
4,theta,1.9000000000000001,I,10.465988926859996,10.465988926859996,1.0
4,theta,1.9000000000000001,II,10.465988926859996,8.780655872356446,0.8389704913428393
4,theta,1.9000000000000001,III-a,10.465988926859996,10.465988926859996,1.0
4,theta,1.9000000000000001,III-b,10.465988926859996,10.465988926859996,1.0
4,theta,1.925,vis,10.488753253675572,10.488753253675572,1.0
4,theta,1.925,I,10.488753253675572,10.488753253675572,1.0
4,theta,1.925,II,10.488753253675572,8.799754470809999,0.8389704913428393
4,theta,1.925,III-a,10.488753253675572,10.488753253675572,1.0
4,theta,1.925,III-b,10.488753253675572,10.488753253675572,1.0
4,theta,1.9500000000000002,vis,10.51158322209757,10.51158322209757,1.0
4,theta,1.9500000000000002,I,10.51158322209757,10.51158322209757,1.0
4,theta,1.9500000000000002,II,10.51158322209757,8.818908140634344,0.8389704913428393
4,theta,1.9500000000000002,III-a,10.51158322209757,10.51158322209757,1.0
4,theta,1.9500000000000002,III-b,10.51158322209757,10.51158322209757,1.0
4,theta,1.975,vis,10.534457326695518,10.534457326695518,1.0
4,theta,1.975,I,10.534457326695518,10.534457326695518,1.0
4,theta,1.975,II,10.534457326695518,8.838098839407913,0.8389704913428393
4,theta,1.975,III-a,10.534457326695518,10.534457326695518,1.0
4,theta,1.975,III-b,10.534457326695518,10.534457326695518,1.0
4,theta,2.0,vis,10.557354062038945,10.557354062038945,1.0
4,theta,2.0,I,10.557354062038945,10.557354062038945,1.0
4,theta,2.0,II,10.557354062038945,8.857308524709135,0.8389704913428393
4,theta,2.0,III-a,10.557354062038945,10.557354062038945,1.0
4,theta,2.0,III-b,10.557354062038945,10.557354062038945,1.0
4,theta,2.025,vis,10.580334224812862,10.580334224812862,1.0
4,theta,2.025,I,10.580334224812862,10.580334224812862,1.0
4,theta,2.025,II,10.580334224812862,8.876588203162706,0.8389704913428393
4,theta,2.025,III-a,10.580334224812862,10.580334224812862,1.0
4,theta,2.025,III-b,10.580334224812862,10.580334224812862,1.0
4,theta,2.0500000000000003,vis,10.603470214823457,10.603470214823457,1.0
4,theta,2.0500000000000003,I,10.603470214823457,10.603470214823457,1.0
4,theta,2.0500000000000003,II,10.603470214823457,8.895998616069598,0.8389704913428393
4,theta,2.0500000000000003,III-a,10.603470214823457,10.603470214823457,1.0
4,theta,2.0500000000000003,III-b,10.603470214823457,10.603470214823457,1.0
4,theta,2.075,vis,10.626757931322018,10.626757931322018,1.0
4,theta,2.075,I,10.626757931322018,10.626757931322018,1.0
4,theta,2.075,II,10.626757931322018,8.915536323022648,0.8389704913428393
4,theta,2.075,III-a,10.626757931322018,10.626757931322018,1.0
4,theta,2.075,III-b,10.626757931322018,10.626757931322018,1.0
4,theta,2.1,vis,10.650193273559838,10.650193273559838,1.0
4,theta,2.1,I,10.650193273559838,10.650193273559838,1.0
4,theta,2.1,II,10.650193273559838,8.935197883614698,0.8389704913428393
4,theta,2.1,III-a,10.650193273559838,10.650193273559838,1.0
4,theta,2.1,III-b,10.650193273559838,10.650193273559838,1.0
4,theta,2.125,vis,10.673772140788211,10.673772140788211,1.0
4,theta,2.125,I,10.673772140788211,10.673772140788211,1.0
4,theta,2.125,II,10.673772140788211,8.954979857438595,0.8389704913428393
4,theta,2.125,III-a,10.673772140788211,10.673772140788211,1.0
4,theta,2.125,III-b,10.673772140788211,10.673772140788211,1.0
4,theta,2.15,vis,10.697490432258425,10.697490432258425,1.0
4,theta,2.15,I,10.697490432258425,10.697490432258425,1.0
4,theta,2.15,II,10.697490432258425,8.974878804087172,0.8389704913428393
4,theta,2.15,III-a,10.697490432258425,10.697490432258425,1.0
4,theta,2.15,III-b,10.697490432258425,10.697490432258425,1.0
4,theta,2.1750000000000003,vis,10.721344047221772,10.721344047221772,1.0
4,theta,2.1750000000000003,I,10.721344047221772,10.721344047221772,1.0
4,theta,2.1750000000000003,II,10.721344047221772,8.994891283153274,0.8389704913428393
4,theta,2.1750000000000003,III-a,10.721344047221772,10.721344047221772,1.0
4,theta,2.1750000000000003,III-b,10.721344047221772,10.721344047221772,1.0
4,theta,2.2,vis,10.745328884929545,10.745328884929545,1.0
4,theta,2.2,I,10.745328884929545,10.745328884929545,1.0
4,theta,2.2,II,10.745328884929545,9.015013854229744,0.8389704913428393
4,theta,2.2,III-a,10.745328884929545,10.745328884929545,1.0
4,theta,2.2,III-b,10.745328884929545,10.745328884929545,1.0
4,theta,2.225,vis,10.769440844633035,10.769440844633035,1.0
4,theta,2.225,I,10.769440844633035,10.769440844633035,1.0
4,theta,2.225,II,10.769440844633035,9.035243076909419,0.8389704913428393
4,theta,2.225,III-a,10.769440844633035,10.769440844633035,1.0
4,theta,2.225,III-b,10.769440844633035,10.769440844633035,1.0
4,theta,2.25,vis,10.79367582558353,10.79367582558353,1.0
4,theta,2.25,I,10.79367582558353,10.79367582558353,1.0
4,theta,2.25,II,10.79367582558353,9.055575510785141,0.8389704913428393
4,theta,2.25,III-a,10.79367582558353,10.79367582558353,1.0
4,theta,2.25,III-b,10.79367582558353,10.79367582558353,1.0
4,theta,2.275,vis,10.818029727032327,10.818029727032327,1.0
4,theta,2.275,I,10.818029727032327,10.818029727032327,1.0
4,theta,2.275,II,10.818029727032327,9.076007715449753,0.8389704913428393
4,theta,2.275,III-a,10.818029727032327,10.818029727032327,1.0
4,theta,2.275,III-b,10.818029727032327,10.818029727032327,1.0
4,theta,2.3000000000000003,vis,10.842498448230712,10.842498448230712,1.0
4,theta,2.3000000000000003,I,10.842498448230712,10.842498448230712,1.0
4,theta,2.3000000000000003,II,10.842498448230712,9.096536250496094,0.8389704913428393
4,theta,2.3000000000000003,III-a,10.842498448230712,10.842498448230712,1.0
4,theta,2.3000000000000003,III-b,10.842498448230712,10.842498448230712,1.0
4,theta,2.325,vis,10.867077888429982,10.867077888429982,1.0
4,theta,2.325,I,10.867077888429982,10.867077888429982,1.0
4,theta,2.325,II,10.867077888429982,9.117157675517007,0.8389704913428393
4,theta,2.325,III-a,10.867077888429982,10.867077888429982,1.0
4,theta,2.325,III-b,10.867077888429982,10.867077888429982,1.0
4,theta,2.35,vis,10.891763946881424,10.891763946881424,1.0
4,theta,2.35,I,10.891763946881424,10.891763946881424,1.0
4,theta,2.35,II,10.891763946881424,9.137868550105331,0.8389704913428393
4,theta,2.35,III-a,10.891763946881424,10.891763946881424,1.0
4,theta,2.35,III-b,10.891763946881424,10.891763946881424,1.0
4,theta,2.375,vis,10.916552522836328,10.916552522836328,1.0
4,theta,2.375,I,10.916552522836328,10.916552522836328,1.0
4,theta,2.375,II,10.916552522836328,9.158665433853907,0.8389704913428393
4,theta,2.375,III-a,10.916552522836328,10.916552522836328,1.0
4,theta,2.375,III-b,10.916552522836328,10.916552522836328,1.0
4,theta,2.4000000000000004,vis,10.941439515545992,10.941439515545992,1.0
4,theta,2.4000000000000004,I,10.941439515545992,10.941439515545992,1.0
4,theta,2.4000000000000004,II,10.941439515545992,9.179544886355579,0.8389704913428393
4,theta,2.4000000000000004,III-a,10.941439515545992,10.941439515545992,1.0
4,theta,2.4000000000000004,III-b,10.941439515545992,10.941439515545992,1.0
4,theta,2.4250000000000003,vis,10.966420824261702,10.966420824261702,1.0
4,theta,2.4250000000000003,I,10.966420824261702,10.966420824261702,1.0
4,theta,2.4250000000000003,II,10.966420824261702,9.200503467203184,0.8389704913428393
4,theta,2.4250000000000003,III-a,10.966420824261702,10.966420824261702,1.0
4,theta,2.4250000000000003,III-b,10.966420824261702,10.966420824261702,1.0
4,theta,2.45,vis,10.99149234823475,10.99149234823475,1.0
4,theta,2.45,I,10.99149234823475,10.99149234823475,1.0
4,theta,2.45,II,10.99149234823475,9.221537735989568,0.8389704913428393
4,theta,2.45,III-a,10.99149234823475,10.99149234823475,1.0
4,theta,2.45,III-b,10.99149234823475,10.99149234823475,1.0
4,theta,2.475,vis,11.016649986716427,11.016649986716427,1.0
4,theta,2.475,I,11.016649986716427,11.016649986716427,1.0
4,theta,2.475,II,11.016649986716427,9.242644252307565,0.8389704913428393
4,theta,2.475,III-a,11.016649986716427,11.016649986716427,1.0
4,theta,2.475,III-b,11.016649986716427,11.016649986716427,1.0
4,theta,2.5,vis,11.041889638958025,11.041889638958025,1.0
4,theta,2.5,I,11.041889638958025,11.041889638958025,1.0
4,theta,2.5,II,11.041889638958025,9.263819575750022,0.8389704913428393
4,theta,2.5,III-a,11.041889638958025,11.041889638958025,1.0
4,theta,2.5,III-b,11.041889638958025,11.041889638958025,1.0
4,theta,2.5250000000000004,vis,11.06720720421084,11.06720720421084,1.0
4,theta,2.5250000000000004,I,11.06720720421084,11.06720720421084,1.0
4,theta,2.5250000000000004,II,11.06720720421084,9.28506026590978,0.8389704913428393
4,theta,2.5250000000000004,III-a,11.06720720421084,11.06720720421084,1.0
4,theta,2.5250000000000004,III-b,11.06720720421084,11.06720720421084,1.0
4,theta,2.5500000000000003,vis,11.092598581726156,11.092598581726156,1.0
4,theta,2.5500000000000003,I,11.092598581726156,11.092598581726156,1.0
4,theta,2.5500000000000003,II,11.092598581726156,9.306362882379675,0.8389704913428393
4,theta,2.5500000000000003,III-a,11.092598581726156,11.092598581726156,1.0
4,theta,2.5500000000000003,III-b,11.092598581726156,11.092598581726156,1.0
4,theta,2.575,vis,11.11805967075527,11.11805967075527,1.0
4,theta,2.575,I,11.11805967075527,11.11805967075527,1.0
4,theta,2.575,II,11.11805967075527,9.327723984752556,0.8389704913428393
4,theta,2.575,III-a,11.11805967075527,11.11805967075527,1.0
4,theta,2.575,III-b,11.11805967075527,11.11805967075527,1.0
4,theta,2.6,vis,11.14358637054947,11.14358637054947,1.0
4,theta,2.6,I,11.14358637054947,11.14358637054947,1.0
4,theta,2.6,II,11.14358637054947,9.349140132621255,0.8389704913428393
4,theta,2.6,III-a,11.14358637054947,11.14358637054947,1.0
4,theta,2.6,III-b,11.14358637054947,11.14358637054947,1.0
4,theta,2.625,vis,11.169174580360048,11.169174580360048,1.0
4,theta,2.625,I,11.169174580360048,11.169174580360048,1.0
4,theta,2.625,II,11.169174580360048,9.37060788557862,0.8389704913428393
4,theta,2.625,III-a,11.169174580360048,11.169174580360048,1.0
4,theta,2.625,III-b,11.169174580360048,11.169174580360048,1.0
4,theta,2.6500000000000004,vis,11.194820199438295,11.194820199438295,1.0
4,theta,2.6500000000000004,I,11.194820199438295,11.194820199438295,1.0
4,theta,2.6500000000000004,II,11.194820199438295,9.392123803217489,0.8389704913428393
4,theta,2.6500000000000004,III-a,11.194820199438295,11.194820199438295,1.0
4,theta,2.6500000000000004,III-b,11.194820199438295,11.194820199438295,1.0
4,theta,2.6750000000000003,vis,11.220519127035505,11.220519127035505,1.0
4,theta,2.6750000000000003,I,11.220519127035505,11.220519127035505,1.0
4,theta,2.6750000000000003,II,11.220519127035505,9.413684445130704,0.8389704913428393
4,theta,2.6750000000000003,III-a,11.220519127035505,11.220519127035505,1.0
4,theta,2.6750000000000003,III-b,11.220519127035505,11.220519127035505,1.0
4,theta,2.7,vis,11.246267262402965,11.246267262402965,1.0
4,theta,2.7,I,11.246267262402965,11.246267262402965,1.0
4,theta,2.7,II,11.246267262402965,9.435286370911104,0.8389704913428393
4,theta,2.7,III-a,11.246267262402965,11.246267262402965,1.0
4,theta,2.7,III-b,11.246267262402965,11.246267262402965,1.0
4,theta,2.725,vis,11.272060504791972,11.272060504791972,1.0
4,theta,2.725,I,11.272060504791972,11.272060504791972,1.0
4,theta,2.725,II,11.272060504791972,9.456926140151534,0.8389704913428393
4,theta,2.725,III-a,11.272060504791972,11.272060504791972,1.0
4,theta,2.725,III-b,11.272060504791972,11.272060504791972,1.0
4,theta,2.75,vis,11.297894753453814,11.297894753453814,1.0
4,theta,2.75,I,11.297894753453814,11.297894753453814,1.0
4,theta,2.75,II,11.297894753453814,9.478600312444833,0.8389704913428393
4,theta,2.75,III-a,11.297894753453814,11.297894753453814,1.0
4,theta,2.75,III-b,11.297894753453814,11.297894753453814,1.0
4,theta,2.7750000000000004,vis,11.323765907639782,11.323765907639782,1.0
4,theta,2.7750000000000004,I,11.323765907639782,11.323765907639782,1.0
4,theta,2.7750000000000004,II,11.323765907639782,9.500305447383841,0.8389704913428393
4,theta,2.7750000000000004,III-a,11.323765907639782,11.323765907639782,1.0
4,theta,2.7750000000000004,III-b,11.323765907639782,11.323765907639782,1.0
4,theta,2.8000000000000003,vis,11.349669866601166,11.349669866601166,1.0
4,theta,2.8000000000000003,I,11.349669866601166,11.349669866601166,1.0
4,theta,2.8000000000000003,II,11.349669866601166,9.522038104561398,0.8389704913428393
4,theta,2.8000000000000003,III-a,11.349669866601166,11.349669866601166,1.0
4,theta,2.8000000000000003,III-b,11.349669866601166,11.349669866601166,1.0
4,theta,2.825,vis,11.375602529589262,11.375602529589262,1.0
4,theta,2.825,I,11.375602529589262,11.375602529589262,1.0
4,theta,2.825,II,11.375602529589262,9.543794843570348,0.8389704913428393
4,theta,2.825,III-a,11.375602529589262,11.375602529589262,1.0
4,theta,2.825,III-b,11.375602529589262,11.375602529589262,1.0
4,theta,2.85,vis,11.401559795855357,11.401559795855357,1.0
4,theta,2.85,I,11.401559795855357,11.401559795855357,1.0
4,theta,2.85,II,11.401559795855357,9.565572224003532,0.8389704913428393
4,theta,2.85,III-a,11.401559795855357,11.401559795855357,1.0
4,theta,2.85,III-b,11.401559795855357,11.401559795855357,1.0
4,theta,2.875,vis,11.427537564650747,11.427537564650747,1.0
4,theta,2.875,I,11.427537564650747,11.427537564650747,1.0
4,theta,2.875,II,11.427537564650747,9.58736680545379,0.8389704913428393
4,theta,2.875,III-a,11.427537564650747,11.427537564650747,1.0
4,theta,2.875,III-b,11.427537564650747,11.427537564650747,1.0
4,theta,2.9000000000000004,vis,11.45353173522672,11.45353173522672,1.0
4,theta,2.9000000000000004,I,11.45353173522672,11.45353173522672,1.0
4,theta,2.9000000000000004,II,11.45353173522672,9.609175147513964,0.8389704913428393
4,theta,2.9000000000000004,III-a,11.45353173522672,11.45353173522672,1.0
4,theta,2.9000000000000004,III-b,11.45353173522672,11.45353173522672,1.0
4,theta,2.9250000000000003,vis,11.479538206834567,11.479538206834567,1.0
4,theta,2.9250000000000003,I,11.479538206834567,11.479538206834567,1.0
4,theta,2.9250000000000003,II,11.479538206834567,9.630993809776893,0.8389704913428393
4,theta,2.9250000000000003,III-a,11.479538206834567,11.479538206834567,1.0
4,theta,2.9250000000000003,III-b,11.479538206834567,11.479538206834567,1.0
4,theta,2.95,vis,11.505552878725581,11.505552878725581,1.0
4,theta,2.95,I,11.505552878725581,11.505552878725581,1.0
4,theta,2.95,II,11.505552878725581,9.65281935183542,0.8389704913428393
4,theta,2.95,III-a,11.505552878725581,11.505552878725581,1.0
4,theta,2.95,III-b,11.505552878725581,11.505552878725581,1.0
4,theta,2.975,vis,11.53157165015105,11.53157165015105,1.0
4,theta,2.975,I,11.53157165015105,11.53157165015105,1.0
4,theta,2.975,II,11.53157165015105,9.674648333282382,0.8389704913428393
4,theta,2.975,III-a,11.53157165015105,11.53157165015105,1.0
4,theta,2.975,III-b,11.53157165015105,11.53157165015105,1.0
4,theta,3.0,vis,11.55759042036227,11.55759042036227,1.0
4,theta,3.0,I,11.55759042036227,11.55759042036227,1.0
4,theta,3.0,II,11.55759042036227,9.696477313710627,0.8389704913428393
4,theta,3.0,III-a,11.55759042036227,11.55759042036227,1.0
4,theta,3.0,III-b,11.55759042036227,11.55759042036227,1.0
4,theta,3.0250000000000004,vis,11.583636281736245,11.583636281736245,1.0
4,theta,3.0250000000000004,I,11.583636281736245,11.583636281736245,1.0
4,theta,3.0250000000000004,II,11.583636281736245,9.718329022824998,0.8389704913428393
4,theta,3.0250000000000004,III-a,11.583636281736245,11.583636281736245,1.0
4,theta,3.0250000000000004,III-b,11.583636281736245,11.583636281736245,1.0
4,theta,3.0500000000000003,vis,11.609738953882689,11.609738953882689,1.0
4,theta,3.0500000000000003,I,11.609738953882689,11.609738953882689,1.0
4,theta,3.0500000000000003,II,11.609738953882689,9.74022839450106,0.8389704913428393
4,theta,3.0500000000000003,III-a,11.609738953882689,11.609738953882689,1.0
4,theta,3.0500000000000003,III-b,11.609738953882689,11.609738953882689,1.0
4,theta,3.075,vis,11.635898276901964,11.635898276901964,1.0
4,theta,3.075,I,11.635898276901964,11.635898276901964,1.0
4,theta,3.075,II,11.635898276901964,9.762175294587738,0.8389704913428393
4,theta,3.075,III-a,11.635898276901964,11.635898276901964,1.0
4,theta,3.075,III-b,11.635898276901964,11.635898276901964,1.0
4,theta,3.1,vis,11.662114090894425,11.662114090894425,1.0
4,theta,3.1,I,11.662114090894425,11.662114090894425,1.0
4,theta,3.1,II,11.662114090894425,9.784169588933946,0.8389704913428393
4,theta,3.1,III-a,11.662114090894425,11.662114090894425,1.0
4,theta,3.1,III-b,11.662114090894425,11.662114090894425,1.0
4,theta,3.125,vis,11.688386235960436,11.688386235960436,1.0
4,theta,3.125,I,11.688386235960436,11.688386235960436,1.0
4,theta,3.125,II,11.688386235960436,9.806211143388607,0.8389704913428393
4,theta,3.125,III-a,11.688386235960436,11.688386235960436,1.0
4,theta,3.125,III-b,11.688386235960436,11.688386235960436,1.0
4,theta,3.1500000000000004,vis,11.714714552200357,11.714714552200357,1.0
4,theta,3.1500000000000004,I,11.714714552200357,11.714714552200357,1.0
4,theta,3.1500000000000004,II,11.714714552200357,9.828299823800643,0.8389704913428393
4,theta,3.1500000000000004,III-a,11.714714552200357,11.714714552200357,1.0
4,theta,3.1500000000000004,III-b,11.714714552200357,11.714714552200357,1.0
4,theta,3.1750000000000003,vis,11.741098879714542,11.741098879714542,1.0
4,theta,3.1750000000000003,I,11.741098879714542,11.741098879714542,1.0
4,theta,3.1750000000000003,II,11.741098879714542,9.850435496018969,0.8389704913428393
4,theta,3.1750000000000003,III-a,11.741098879714542,11.741098879714542,1.0
4,theta,3.1750000000000003,III-b,11.741098879714542,11.741098879714542,1.0
4,theta,3.2,vis,11.767539058603356,11.767539058603356,1.0
4,theta,3.2,I,11.767539058603356,11.767539058603356,1.0
4,theta,3.2,II,11.767539058603356,9.87261802589251,0.8389704913428393
4,theta,3.2,III-a,11.767539058603356,11.767539058603356,1.0
4,theta,3.2,III-b,11.767539058603356,11.767539058603356,1.0
4,theta,3.225,vis,11.794034928967154,11.794034928967154,1.0
4,theta,3.225,I,11.794034928967154,11.794034928967154,1.0
4,theta,3.225,II,11.794034928967154,9.894847279270182,0.8389704913428393
4,theta,3.225,III-a,11.794034928967154,11.794034928967154,1.0
4,theta,3.225,III-b,11.794034928967154,11.794034928967154,1.0
4,theta,3.25,vis,11.8205863309063,11.8205863309063,1.0
4,theta,3.25,I,11.8205863309063,11.8205863309063,1.0
4,theta,3.25,II,11.8205863309063,9.917123122000909,0.8389704913428393
4,theta,3.25,III-a,11.8205863309063,11.8205863309063,1.0
4,theta,3.25,III-b,11.8205863309063,11.8205863309063,1.0
4,theta,3.2750000000000004,vis,11.847193104521152,11.847193104521152,1.0
4,theta,3.2750000000000004,I,11.847193104521152,11.847193104521152,1.0
4,theta,3.2750000000000004,II,11.847193104521152,9.939445419933609,0.8389704913428393
4,theta,3.2750000000000004,III-a,11.847193104521152,11.847193104521152,1.0
4,theta,3.2750000000000004,III-b,11.847193104521152,11.847193104521152,1.0
4,theta,3.3000000000000003,vis,11.873855089912066,11.873855089912066,1.0
4,theta,3.3000000000000003,I,11.873855089912066,11.873855089912066,1.0
4,theta,3.3000000000000003,II,11.873855089912066,9.961814038917199,0.8389704913428393
4,theta,3.3000000000000003,III-a,11.873855089912066,11.873855089912066,1.0
4,theta,3.3000000000000003,III-b,11.873855089912066,11.873855089912066,1.0
4,theta,3.325,vis,11.900572127179407,11.900572127179407,1.0
4,theta,3.325,I,11.900572127179407,11.900572127179407,1.0
4,theta,3.325,II,11.900572127179407,9.984228844800604,0.8389704913428393
4,theta,3.325,III-a,11.900572127179407,11.900572127179407,1.0
4,theta,3.325,III-b,11.900572127179407,11.900572127179407,1.0
4,theta,3.35,vis,11.927344056423529,11.927344056423529,1.0
4,theta,3.35,I,11.927344056423529,11.927344056423529,1.0
4,theta,3.35,II,11.927344056423529,10.006689703432741,0.8389704913428393
4,theta,3.35,III-a,11.927344056423529,11.927344056423529,1.0
4,theta,3.35,III-b,11.927344056423529,11.927344056423529,1.0
4,theta,3.375,vis,11.954170717744796,11.954170717744796,1.0
4,theta,3.375,I,11.954170717744796,11.954170717744796,1.0
4,theta,3.375,II,11.954170717744796,10.029196480662534,0.8389704913428393
4,theta,3.375,III-a,11.954170717744796,11.954170717744796,1.0
4,theta,3.375,III-b,11.954170717744796,11.954170717744796,1.0
4,theta,3.4000000000000004,vis,11.981051951243565,11.981051951243565,1.0
4,theta,3.4000000000000004,I,11.981051951243565,11.981051951243565,1.0
4,theta,3.4000000000000004,II,11.981051951243565,10.051749042338898,0.8389704913428393
4,theta,3.4000000000000004,III-a,11.981051951243565,11.981051951243565,1.0
4,theta,3.4000000000000004,III-b,11.981051951243565,11.981051951243565,1.0
4,theta,3.4250000000000003,vis,12.007987597020195,12.007987597020195,1.0
4,theta,3.4250000000000003,I,12.007987597020195,12.007987597020195,1.0
4,theta,3.4250000000000003,II,12.007987597020195,10.074347254310753,0.8389704913428393
4,theta,3.4250000000000003,III-a,12.007987597020195,12.007987597020195,1.0
4,theta,3.4250000000000003,III-b,12.007987597020195,12.007987597020195,1.0
4,theta,3.45,vis,12.034977495175045,12.034977495175045,1.0
4,theta,3.45,I,12.034977495175045,12.034977495175045,1.0
4,theta,3.45,II,12.034977495175045,10.096990982427021,0.8389704913428393
4,theta,3.45,III-a,12.034977495175045,12.034977495175045,1.0
4,theta,3.45,III-b,12.034977495175045,12.034977495175045,1.0
4,theta,3.475,vis,12.06202148580848,12.06202148580848,1.0
4,theta,3.475,I,12.06202148580848,12.06202148580848,1.0
4,theta,3.475,II,12.06202148580848,10.119680092536624,0.8389704913428393
4,theta,3.475,III-a,12.06202148580848,12.06202148580848,1.0
4,theta,3.475,III-b,12.06202148580848,12.06202148580848,1.0
4,theta,3.5,vis,12.089119409020853,12.089119409020853,1.0
4,theta,3.5,I,12.089119409020853,12.089119409020853,1.0
4,theta,3.5,II,12.089119409020853,10.14241445048848,0.8389704913428393
4,theta,3.5,III-a,12.089119409020853,12.089119409020853,1.0
4,theta,3.5,III-b,12.089119409020853,12.089119409020853,1.0
4,theta,3.5250000000000004,vis,12.116271104912522,12.116271104912522,1.0
4,theta,3.5250000000000004,I,12.116271104912522,12.116271104912522,1.0
4,theta,3.5250000000000004,II,12.116271104912522,10.165193922131506,0.8389704913428393
4,theta,3.5250000000000004,III-a,12.116271104912522,12.116271104912522,1.0
4,theta,3.5250000000000004,III-b,12.116271104912522,12.116271104912522,1.0
4,theta,3.5500000000000003,vis,12.143476413583857,12.143476413583857,1.0
4,theta,3.5500000000000003,I,12.143476413583857,12.143476413583857,1.0
4,theta,3.5500000000000003,II,12.143476413583857,10.188018373314629,0.8389704913428393
4,theta,3.5500000000000003,III-a,12.143476413583857,12.143476413583857,1.0
4,theta,3.5500000000000003,III-b,12.143476413583857,12.143476413583857,1.0
4,theta,3.575,vis,12.170735175135205,12.170735175135205,1.0
4,theta,3.575,I,12.170735175135205,12.170735175135205,1.0
4,theta,3.575,II,12.170735175135205,10.21088766988676,0.8389704913428393
4,theta,3.575,III-a,12.170735175135205,12.170735175135205,1.0
4,theta,3.575,III-b,12.170735175135205,12.170735175135205,1.0
4,theta,3.6,vis,12.198047229666935,12.198047229666935,1.0
4,theta,3.6,I,12.198047229666935,12.198047229666935,1.0
4,theta,3.6,II,12.198047229666935,10.233801677696828,0.8389704913428393
4,theta,3.6,III-a,12.198047229666935,12.198047229666935,1.0
4,theta,3.6,III-b,12.198047229666935,12.198047229666935,1.0
4,theta,3.625,vis,12.2254124172794,12.2254124172794,1.0
4,theta,3.625,I,12.2254124172794,12.2254124172794,1.0
4,theta,3.625,II,12.2254124172794,10.256760262593748,0.8389704913428393
4,theta,3.625,III-a,12.2254124172794,12.2254124172794,1.0
4,theta,3.625,III-b,12.2254124172794,12.2254124172794,1.0
4,theta,3.6500000000000004,vis,12.252830578072963,12.252830578072963,1.0
4,theta,3.6500000000000004,I,12.252830578072963,12.252830578072963,1.0
4,theta,3.6500000000000004,II,12.252830578072963,10.27976329042644,0.8389704913428393
4,theta,3.6500000000000004,III-a,12.252830578072963,12.252830578072963,1.0
4,theta,3.6500000000000004,III-b,12.252830578072963,12.252830578072963,1.0
4,theta,3.6750000000000003,vis,12.280301552147984,12.280301552147984,1.0
4,theta,3.6750000000000003,I,12.280301552147984,12.280301552147984,1.0
4,theta,3.6750000000000003,II,12.280301552147984,10.302810627043826,0.8389704913428393
4,theta,3.6750000000000003,III-a,12.280301552147984,12.280301552147984,1.0
4,theta,3.6750000000000003,III-b,12.280301552147984,12.280301552147984,1.0
4,theta,3.7,vis,12.307825179604817,12.307825179604817,1.0
4,theta,3.7,I,12.307825179604817,12.307825179604817,1.0
4,theta,3.7,II,12.307825179604817,10.325902138294824,0.8389704913428393
4,theta,3.7,III-a,12.307825179604817,12.307825179604817,1.0
4,theta,3.7,III-b,12.307825179604817,12.307825179604817,1.0
4,theta,3.725,vis,12.335401300543829,12.335401300543829,1.0
4,theta,3.725,I,12.335401300543829,12.335401300543829,1.0
4,theta,3.725,II,12.335401300543829,10.349037690028355,0.8389704913428393
4,theta,3.725,III-a,12.335401300543829,12.335401300543829,1.0
4,theta,3.725,III-b,12.335401300543829,12.335401300543829,1.0
4,theta,3.75,vis,12.363029755065375,12.363029755065375,1.0
4,theta,3.75,I,12.363029755065375,12.363029755065375,1.0
4,theta,3.75,II,12.363029755065375,10.37221714809334,0.8389704913428393
4,theta,3.75,III-a,12.363029755065375,12.363029755065375,1.0
4,theta,3.75,III-b,12.363029755065375,12.363029755065375,1.0
4,theta,3.7750000000000004,vis,12.390710383269816,12.390710383269816,1.0
4,theta,3.7750000000000004,I,12.390710383269816,12.390710383269816,1.0
4,theta,3.7750000000000004,II,12.390710383269816,10.395440378338698,0.8389704913428393
4,theta,3.7750000000000004,III-a,12.390710383269816,12.390710383269816,1.0
4,theta,3.7750000000000004,III-b,12.390710383269816,12.390710383269816,1.0
4,theta,3.8000000000000003,vis,12.41844302525751,12.41844302525751,1.0
4,theta,3.8000000000000003,I,12.41844302525751,12.41844302525751,1.0
4,theta,3.8000000000000003,II,12.41844302525751,10.418707246613348,0.8389704913428393
4,theta,3.8000000000000003,III-a,12.41844302525751,12.41844302525751,1.0
4,theta,3.8000000000000003,III-b,12.41844302525751,12.41844302525751,1.0
4,theta,3.825,vis,12.446227521128815,12.446227521128815,1.0
4,theta,3.825,I,12.446227521128815,12.446227521128815,1.0
4,theta,3.825,II,12.446227521128815,10.442017618766211,0.8389704913428393
4,theta,3.825,III-a,12.446227521128815,12.446227521128815,1.0
4,theta,3.825,III-b,12.446227521128815,12.446227521128815,1.0
4,theta,3.85,vis,12.474063710984096,12.474063710984096,1.0
4,theta,3.85,I,12.474063710984096,12.474063710984096,1.0
4,theta,3.85,II,12.474063710984096,10.465371360646207,0.8389704913428393
4,theta,3.85,III-a,12.474063710984096,12.474063710984096,1.0
4,theta,3.85,III-b,12.474063710984096,12.474063710984096,1.0
4,theta,3.875,vis,12.501951434923706,12.501951434923706,1.0
4,theta,3.875,I,12.501951434923706,12.501951434923706,1.0
4,theta,3.875,II,12.501951434923706,10.488768338102256,0.8389704913428393
4,theta,3.875,III-a,12.501951434923706,12.501951434923706,1.0
4,theta,3.875,III-b,12.501951434923706,12.501951434923706,1.0
4,theta,3.9000000000000004,vis,12.529890533048007,12.529890533048007,1.0
4,theta,3.9000000000000004,I,12.529890533048007,12.529890533048007,1.0
4,theta,3.9000000000000004,II,12.529890533048007,10.512208416983277,0.8389704913428393
4,theta,3.9000000000000004,III-a,12.529890533048007,12.529890533048007,1.0
4,theta,3.9000000000000004,III-b,12.529890533048007,12.529890533048007,1.0
4,theta,3.9250000000000003,vis,12.557880845457362,12.557880845457362,1.0
4,theta,3.9250000000000003,I,12.557880845457362,12.557880845457362,1.0
4,theta,3.9250000000000003,II,12.557880845457362,10.535691463138193,0.8389704913428393
4,theta,3.9250000000000003,III-a,12.557880845457362,12.557880845457362,1.0
4,theta,3.9250000000000003,III-b,12.557880845457362,12.557880845457362,1.0
4,theta,3.95,vis,12.585922212252127,12.585922212252127,1.0
4,theta,3.95,I,12.585922212252127,12.585922212252127,1.0
4,theta,3.95,II,12.585922212252127,10.559217342415922,0.8389704913428393
4,theta,3.95,III-a,12.585922212252127,12.585922212252127,1.0
4,theta,3.95,III-b,12.585922212252127,12.585922212252127,1.0
4,theta,3.975,vis,12.614014473532661,12.614014473532661,1.0
4,theta,3.975,I,12.614014473532661,12.614014473532661,1.0
4,theta,3.975,II,12.614014473532661,10.582785920665383,0.8389704913428393
4,theta,3.975,III-a,12.614014473532661,12.614014473532661,1.0
4,theta,3.975,III-b,12.614014473532661,12.614014473532661,1.0
4,theta,4.0,vis,12.642157469399324,12.642157469399324,1.0
4,theta,4.0,I,12.642157469399324,12.642157469399324,1.0
4,theta,4.0,II,12.642157469399324,10.606397063735496,0.8389704913428393
4,theta,4.0,III-a,12.642157469399324,12.642157469399324,1.0
4,theta,4.0,III-b,12.642157469399324,12.642157469399324,1.0
5,theta,0.0,vis,9.685183831853772,9.685183831853772,1.0
5,theta,0.0,I,9.685183831853772,9.685183831853772,1.0
5,theta,0.0,II,9.685183831853772,8.125583438156083,0.8389704913428393
5,theta,0.0,III-a,9.685183831853772,9.685183831853772,1.0
5,theta,0.0,III-b,9.685183831853772,9.685183831853772,1.0
5,theta,0.025,vis,9.690178937278354,9.690178937278354,1.0
5,theta,0.025,I,9.690178937278354,9.690178937278354,1.0
5,theta,0.025,II,9.690178937278354,8.129774184208452,0.8389704913428393
5,theta,0.025,III-a,9.690178937278354,9.690178937278354,1.0
5,theta,0.025,III-b,9.690178937278354,9.690178937278354,1.0
5,theta,0.05,vis,9.696339900135822,9.696339900135822,1.0
5,theta,0.05,I,9.696339900135822,9.696339900135822,1.0
5,theta,0.05,II,9.696339900135822,8.134943050244129,0.8389704913428393
5,theta,0.05,III-a,9.696339900135822,9.696339900135822,1.0
5,theta,0.05,III-b,9.696339900135822,9.696339900135822,1.0
5,theta,0.07500000000000001,vis,9.703614593714049,9.703614593714049,1.0
5,theta,0.07500000000000001,I,9.703614593714049,9.703614593714049,1.0
5,theta,0.07500000000000001,II,9.703614593714049,8.141046303489821,0.8389704913428393
5,theta,0.07500000000000001,III-a,9.703614593714049,9.703614593714049,1.0
5,theta,0.07500000000000001,III-b,9.703614593714049,9.703614593714049,1.0
5,theta,0.1,vis,9.711950891300917,9.711950891300917,1.0
5,theta,0.1,I,9.711950891300917,9.711950891300917,1.0
5,theta,0.1,II,9.711950891300917,8.148040211172257,0.8389704913428393
5,theta,0.1,III-a,9.711950891300917,9.711950891300917,1.0
5,theta,0.1,III-b,9.711950891300917,9.711950891300917,1.0
5,theta,0.125,vis,9.721296666184303,9.721296666184303,1.0
5,theta,0.125,I,9.721296666184303,9.721296666184303,1.0
5,theta,0.125,II,9.721296666184303,8.15588104051815,0.8389704913428393
5,theta,0.125,III-a,9.721296666184303,9.721296666184303,1.0
5,theta,0.125,III-b,9.721296666184303,9.721296666184303,1.0
5,theta,0.15000000000000002,vis,9.73159979165209,9.73159979165209,1.0
5,theta,0.15000000000000002,I,9.73159979165209,9.73159979165209,1.0
5,theta,0.15000000000000002,II,9.73159979165209,8.164525058754228,0.8389704913428393
5,theta,0.15000000000000002,III-a,9.73159979165209,9.73159979165209,1.0
5,theta,0.15000000000000002,III-b,9.73159979165209,9.73159979165209,1.0
5,theta,0.17500000000000002,vis,9.742808140992148,9.742808140992148,1.0
5,theta,0.17500000000000002,I,9.742808140992148,9.742808140992148,1.0
5,theta,0.17500000000000002,II,9.742808140992148,8.173928533107198,0.8389704913428393
5,theta,0.17500000000000002,III-a,9.742808140992148,9.742808140992148,1.0
5,theta,0.17500000000000002,III-b,9.742808140992148,9.742808140992148,1.0
5,theta,0.2,vis,9.754869587492358,9.754869587492358,1.0
5,theta,0.2,I,9.754869587492358,9.754869587492358,1.0
5,theta,0.2,II,9.754869587492358,8.184047730803783,0.8389704913428393
5,theta,0.2,III-a,9.754869587492358,9.754869587492358,1.0
5,theta,0.2,III-b,9.754869587492358,9.754869587492358,1.0
5,theta,0.225,vis,9.7677320044406,9.7677320044406,1.0
5,theta,0.225,I,9.7677320044406,9.7677320044406,1.0
5,theta,0.225,II,9.7677320044406,8.194838919070706,0.8389704913428393
5,theta,0.225,III-a,9.7677320044406,9.7677320044406,1.0
5,theta,0.225,III-b,9.7677320044406,9.7677320044406,1.0
5,theta,0.25,vis,9.781343265124752,9.781343265124752,1.0
5,theta,0.25,I,9.781343265124752,9.781343265124752,1.0
5,theta,0.25,II,9.781343265124752,8.206258365134685,0.8389704913428393
5,theta,0.25,III-a,9.781343265124752,9.781343265124752,1.0
5,theta,0.25,III-b,9.781343265124752,9.781343265124752,1.0
5,theta,0.275,vis,9.795651242832687,9.795651242832687,1.0
5,theta,0.275,I,9.795651242832687,9.795651242832687,1.0
5,theta,0.275,II,9.795651242832687,8.218262336222434,0.8389704913428393
5,theta,0.275,III-a,9.795651242832687,9.795651242832687,1.0
5,theta,0.275,III-b,9.795651242832687,9.795651242832687,1.0
5,theta,0.30000000000000004,vis,9.81060381085229,9.81060381085229,1.0
5,theta,0.30000000000000004,I,9.81060381085229,9.81060381085229,1.0
5,theta,0.30000000000000004,II,9.81060381085229,8.230807099560678,0.8389704913428393
5,theta,0.30000000000000004,III-a,9.81060381085229,9.81060381085229,1.0
5,theta,0.30000000000000004,III-b,9.81060381085229,9.81060381085229,1.0
5,theta,0.325,vis,9.826148842471433,9.826148842471433,1.0
5,theta,0.325,I,9.826148842471433,9.826148842471433,1.0
5,theta,0.325,II,9.826148842471433,8.243848922376129,0.8389704913428393
5,theta,0.325,III-a,9.826148842471433,9.826148842471433,1.0
5,theta,0.325,III-b,9.826148842471433,9.826148842471433,1.0
5,theta,0.35000000000000003,vis,9.842234210977999,9.842234210977999,1.0
5,theta,0.35000000000000003,I,9.842234210977999,9.842234210977999,1.0
5,theta,0.35000000000000003,II,9.842234210977999,8.257344071895513,0.8389704913428393
5,theta,0.35000000000000003,III-a,9.842234210977999,9.842234210977999,1.0
5,theta,0.35000000000000003,III-b,9.842234210977999,9.842234210977999,1.0
5,theta,0.375,vis,9.858807789659862,9.858807789659862,1.0
5,theta,0.375,I,9.858807789659862,9.858807789659862,1.0
5,theta,0.375,II,9.858807789659862,8.271248815345546,0.8389704913428393
5,theta,0.375,III-a,9.858807789659862,9.858807789659862,1.0
5,theta,0.375,III-b,9.858807789659862,9.858807789659862,1.0
5,theta,0.4,vis,9.8758174518049,9.8758174518049,1.0
5,theta,0.4,I,9.8758174518049,9.8758174518049,1.0
5,theta,0.4,II,9.8758174518049,8.285519419952944,0.8389704913428393
5,theta,0.4,III-a,9.8758174518049,9.8758174518049,1.0
5,theta,0.4,III-b,9.8758174518049,9.8758174518049,1.0
5,theta,0.42500000000000004,vis,9.893211070700994,9.893211070700994,1.0
5,theta,0.42500000000000004,I,9.893211070700994,9.893211070700994,1.0
5,theta,0.42500000000000004,II,9.893211070700994,8.30011215294443,0.8389704913428393
5,theta,0.42500000000000004,III-a,9.893211070700994,9.893211070700994,1.0
5,theta,0.42500000000000004,III-b,9.893211070700994,9.893211070700994,1.0
5,theta,0.45,vis,9.910936519636023,9.910936519636023,1.0
5,theta,0.45,I,9.910936519636023,9.910936519636023,1.0
5,theta,0.45,II,9.910936519636023,8.314983281546724,0.8389704913428393
5,theta,0.45,III-a,9.910936519636023,9.910936519636023,1.0
5,theta,0.45,III-b,9.910936519636023,9.910936519636023,1.0
5,theta,0.47500000000000003,vis,9.92894167189786,9.92894167189786,1.0
5,theta,0.47500000000000003,I,9.92894167189786,9.92894167189786,1.0
5,theta,0.47500000000000003,II,9.92894167189786,8.33008907298654,0.8389704913428393
5,theta,0.47500000000000003,III-a,9.92894167189786,9.92894167189786,1.0
5,theta,0.47500000000000003,III-b,9.92894167189786,9.92894167189786,1.0
5,theta,0.5,vis,9.947174400774385,9.947174400774385,1.0
5,theta,0.5,I,9.947174400774385,9.947174400774385,1.0
5,theta,0.5,II,9.947174400774385,8.345385794490598,0.8389704913428393
5,theta,0.5,III-a,9.947174400774385,9.947174400774385,1.0
5,theta,0.5,III-b,9.947174400774385,9.947174400774385,1.0
5,theta,0.525,vis,9.966552650289499,9.966552650289499,1.0
5,theta,0.525,I,9.966552650289499,9.966552650289499,1.0
5,theta,0.525,II,9.966552650289499,8.361643574007658,0.8389704913428393
5,theta,0.525,III-a,9.966552650289499,9.966552650289499,1.0
5,theta,0.525,III-b,9.966552650289499,9.966552650289499,1.0
5,theta,0.55,vis,9.98793645964442,9.98793645964442,1.0
5,theta,0.55,I,9.98793645964442,9.98793645964442,1.0
5,theta,0.55,II,9.98793645964442,8.379583959048938,0.8389704913428393
5,theta,0.55,III-a,9.98793645964442,9.98793645964442,1.0
5,theta,0.55,III-b,9.98793645964442,9.98793645964442,1.0
5,theta,0.5750000000000001,vis,10.011186844893006,10.011186844893006,1.0
5,theta,0.5750000000000001,I,10.011186844893006,10.011186844893006,1.0
5,theta,0.5750000000000001,II,10.011186844893006,8.399090346184854,0.8389704913428393
5,theta,0.5750000000000001,III-a,10.011186844893006,10.011186844893006,1.0
5,theta,0.5750000000000001,III-b,10.011186844893006,10.011186844893006,1.0
5,theta,0.6000000000000001,vis,10.036164822089118,10.036164822089118,1.0
5,theta,0.6000000000000001,I,10.036164822089118,10.036164822089118,1.0
5,theta,0.6000000000000001,II,10.036164822089118,8.420046131985826,0.8389704913428393
5,theta,0.6000000000000001,III-a,10.036164822089118,10.036164822089118,1.0
5,theta,0.6000000000000001,III-b,10.036164822089118,10.036164822089118,1.0
5,theta,0.625,vis,10.062731407286613,10.062731407286613,1.0
5,theta,0.625,I,10.062731407286613,10.062731407286613,1.0
5,theta,0.625,II,10.062731407286613,8.44233471302227,0.8389704913428393
5,theta,0.625,III-a,10.062731407286613,10.062731407286613,1.0
5,theta,0.625,III-b,10.062731407286613,10.062731407286613,1.0
5,theta,0.65,vis,10.090747616539351,10.090747616539351,1.0
5,theta,0.65,I,10.090747616539351,10.090747616539351,1.0
5,theta,0.65,II,10.090747616539351,8.465839485864604,0.8389704913428393
5,theta,0.65,III-a,10.090747616539351,10.090747616539351,1.0
5,theta,0.65,III-b,10.090747616539351,10.090747616539351,1.0
5,theta,0.675,vis,10.12007446590119,10.12007446590119,1.0
5,theta,0.675,I,10.12007446590119,10.12007446590119,1.0
5,theta,0.675,II,10.12007446590119,8.490443847083244,0.8389704913428393
5,theta,0.675,III-a,10.12007446590119,10.12007446590119,1.0
5,theta,0.675,III-b,10.12007446590119,10.12007446590119,1.0
5,theta,0.7000000000000001,vis,10.150572971425985,10.150572971425985,1.0
5,theta,0.7000000000000001,I,10.150572971425985,10.150572971425985,1.0
5,theta,0.7000000000000001,II,10.150572971425985,8.516031193248603,0.8389704913428393
5,theta,0.7000000000000001,III-a,10.150572971425985,10.150572971425985,1.0
5,theta,0.7000000000000001,III-b,10.150572971425985,10.150572971425985,1.0
5,theta,0.7250000000000001,vis,10.182104149167602,10.182104149167602,1.0
5,theta,0.7250000000000001,I,10.182104149167602,10.182104149167602,1.0
5,theta,0.7250000000000001,II,10.182104149167602,8.542484920931106,0.8389704913428393
5,theta,0.7250000000000001,III-a,10.182104149167602,10.182104149167602,1.0
5,theta,0.7250000000000001,III-b,10.182104149167602,10.182104149167602,1.0
5,theta,0.75,vis,10.214529015179894,10.214529015179894,1.0
5,theta,0.75,I,10.214529015179894,10.214529015179894,1.0
5,theta,0.75,II,10.214529015179894,8.569688426701164,0.8389704913428393
5,theta,0.75,III-a,10.214529015179894,10.214529015179894,1.0
5,theta,0.75,III-b,10.214529015179894,10.214529015179894,1.0
5,theta,0.775,vis,10.247708585516719,10.247708585516719,1.0
5,theta,0.775,I,10.247708585516719,10.247708585516719,1.0
5,theta,0.775,II,10.247708585516719,8.597525107129194,0.8389704913428393
5,theta,0.775,III-a,10.247708585516719,10.247708585516719,1.0
5,theta,0.775,III-b,10.247708585516719,10.247708585516719,1.0
5,theta,0.8,vis,10.281503876231943,10.281503876231943,1.0
5,theta,0.8,I,10.281503876231943,10.281503876231943,1.0
5,theta,0.8,II,10.281503876231943,8.62587835878562,0.8389704913428393
5,theta,0.8,III-a,10.281503876231943,10.281503876231943,1.0
5,theta,0.8,III-b,10.281503876231943,10.281503876231943,1.0
5,theta,0.8250000000000001,vis,10.315775903379418,10.315775903379418,1.0
5,theta,0.8250000000000001,I,10.315775903379418,10.315775903379418,1.0
5,theta,0.8250000000000001,II,10.315775903379418,8.654631578240853,0.8389704913428393
5,theta,0.8250000000000001,III-a,10.315775903379418,10.315775903379418,1.0
5,theta,0.8250000000000001,III-b,10.315775903379418,10.315775903379418,1.0
5,theta,0.8500000000000001,vis,10.350385683013002,10.350385683013002,1.0
5,theta,0.8500000000000001,I,10.350385683013002,10.350385683013002,1.0
5,theta,0.8500000000000001,II,10.350385683013002,8.683668162065308,0.8389704913428393
5,theta,0.8500000000000001,III-a,10.350385683013002,10.350385683013002,1.0
5,theta,0.8500000000000001,III-b,10.350385683013002,10.350385683013002,1.0
5,theta,0.875,vis,10.38519423118656,10.38519423118656,1.0
5,theta,0.875,I,10.38519423118656,10.38519423118656,1.0
5,theta,0.875,II,10.38519423118656,8.712871506829408,0.8389704913428393
5,theta,0.875,III-a,10.38519423118656,10.38519423118656,1.0
5,theta,0.875,III-b,10.38519423118656,10.38519423118656,1.0
5,theta,0.9,vis,10.420062563953945,10.420062563953945,1.0
5,theta,0.9,I,10.420062563953945,10.420062563953945,1.0
5,theta,0.9,II,10.420062563953945,8.742125009103567,0.8389704913428393
5,theta,0.9,III-a,10.420062563953945,10.420062563953945,1.0
5,theta,0.9,III-b,10.420062563953945,10.420062563953945,1.0
5,theta,0.925,vis,10.454851697369016,10.454851697369016,1.0
5,theta,0.925,I,10.454851697369016,10.454851697369016,1.0
5,theta,0.925,II,10.454851697369016,8.7713120654582,0.8389704913428393
5,theta,0.925,III-a,10.454851697369016,10.454851697369016,1.0
5,theta,0.925,III-b,10.454851697369016,10.454851697369016,1.0
5,theta,0.9500000000000001,vis,10.489422647485636,10.489422647485636,1.0
5,theta,0.9500000000000001,I,10.489422647485636,10.489422647485636,1.0
5,theta,0.9500000000000001,II,10.489422647485636,8.80031607246373,0.8389704913428393
5,theta,0.9500000000000001,III-a,10.489422647485636,10.489422647485636,1.0
5,theta,0.9500000000000001,III-b,10.489422647485636,10.489422647485636,1.0
5,theta,0.9750000000000001,vis,10.523636430357659,10.523636430357659,1.0
5,theta,0.9750000000000001,I,10.523636430357659,10.523636430357659,1.0
5,theta,0.9750000000000001,II,10.523636430357659,8.829020426690569,0.8389704913428393
5,theta,0.9750000000000001,III-a,10.523636430357659,10.523636430357659,1.0
5,theta,0.9750000000000001,III-b,10.523636430357659,10.523636430357659,1.0
5,theta,1.0,vis,10.557354062038945,10.557354062038945,1.0
5,theta,1.0,I,10.557354062038945,10.557354062038945,1.0
5,theta,1.0,II,10.557354062038945,8.857308524709135,0.8389704913428393
5,theta,1.0,III-a,10.557354062038945,10.557354062038945,1.0
5,theta,1.0,III-b,10.557354062038945,10.557354062038945,1.0
5,theta,1.0250000000000001,vis,10.59105506562892,10.59105506562892,1.0
5,theta,1.0250000000000001,I,10.59105506562892,10.59105506562892,1.0
5,theta,1.0250000000000001,II,10.59105506562892,8.885582672249763,0.8389704913428393
5,theta,1.0250000000000001,III-a,10.59105506562892,10.59105506562892,1.0
5,theta,1.0250000000000001,III-b,10.59105506562892,10.59105506562892,1.0
5,theta,1.05,vis,10.62529029676702,10.62529029676702,1.0
5,theta,1.05,I,10.62529029676702,10.62529029676702,1.0
5,theta,1.05,II,10.62529029676702,8.91430502093893,0.8389704913428393
5,theta,1.05,III-a,10.62529029676702,10.62529029676702,1.0
5,theta,1.05,III-b,10.62529029676702,10.62529029676702,1.0
5,theta,1.075,vis,10.660027770317125,10.660027770317125,1.0
5,theta,1.075,I,10.660027770317125,10.660027770317125,1.0
5,theta,1.075,II,10.660027770317125,8.94344873619127,0.8389704913428393
5,theta,1.075,III-a,10.660027770317125,10.660027770317125,1.0
5,theta,1.075,III-b,10.660027770317125,10.660027770317125,1.0
5,theta,1.1,vis,10.695235501143115,10.695235501143115,1.0
5,theta,1.1,I,10.695235501143115,10.695235501143115,1.0
5,theta,1.1,II,10.695235501143115,8.972986983421418,0.8389704913428393
5,theta,1.1,III-a,10.695235501143115,10.695235501143115,1.0
5,theta,1.1,III-b,10.695235501143115,10.695235501143115,1.0
5,theta,1.125,vis,10.730881504108872,10.730881504108872,1.0
5,theta,1.125,I,10.730881504108872,10.730881504108872,1.0
5,theta,1.125,II,10.730881504108872,9.002892928044007,0.8389704913428393
5,theta,1.125,III-a,10.730881504108872,10.730881504108872,1.0
5,theta,1.125,III-b,10.730881504108872,10.730881504108872,1.0
5,theta,1.1500000000000001,vis,10.766933794078266,10.766933794078266,1.0
5,theta,1.1500000000000001,I,10.766933794078266,10.766933794078266,1.0
5,theta,1.1500000000000001,II,10.766933794078266,9.033139735473664,0.8389704913428393
5,theta,1.1500000000000001,III-a,10.766933794078266,10.766933794078266,1.0
5,theta,1.1500000000000001,III-b,10.766933794078266,10.766933794078266,1.0
5,theta,1.175,vis,10.803360385915187,10.803360385915187,1.0
5,theta,1.175,I,10.803360385915187,10.803360385915187,1.0
5,theta,1.175,II,10.803360385915187,9.06370057112503,0.8389704913428393
5,theta,1.175,III-a,10.803360385915187,10.803360385915187,1.0
5,theta,1.175,III-b,10.803360385915187,10.803360385915187,1.0
5,theta,1.2000000000000002,vis,10.840129294483507,10.840129294483507,1.0
5,theta,1.2000000000000002,I,10.840129294483507,10.840129294483507,1.0
5,theta,1.2000000000000002,II,10.840129294483507,9.094548600412734,0.8389704913428393
5,theta,1.2000000000000002,III-a,10.840129294483507,10.840129294483507,1.0
5,theta,1.2000000000000002,III-b,10.840129294483507,10.840129294483507,1.0
5,theta,1.225,vis,10.87720853464711,10.87720853464711,1.0
5,theta,1.225,I,10.87720853464711,10.87720853464711,1.0
5,theta,1.225,II,10.87720853464711,9.12565698875141,0.8389704913428393
5,theta,1.225,III-a,10.87720853464711,10.87720853464711,1.0
5,theta,1.225,III-b,10.87720853464711,10.87720853464711,1.0
5,theta,1.25,vis,10.914566121269871,10.914566121269871,1.0
5,theta,1.25,I,10.914566121269871,10.914566121269871,1.0
5,theta,1.25,II,10.914566121269871,9.156998901555692,0.8389704913428393
5,theta,1.25,III-a,10.914566121269871,10.914566121269871,1.0
5,theta,1.25,III-b,10.914566121269871,10.914566121269871,1.0
5,theta,1.2750000000000001,vis,10.952170069215674,10.952170069215674,1.0
5,theta,1.2750000000000001,I,10.952170069215674,10.952170069215674,1.0
5,theta,1.2750000000000001,II,10.952170069215674,9.188547504240212,0.8389704913428393
5,theta,1.2750000000000001,III-a,10.952170069215674,10.952170069215674,1.0
5,theta,1.2750000000000001,III-b,10.952170069215674,10.952170069215674,1.0
5,theta,1.3,vis,10.989988393348396,10.989988393348396,1.0
5,theta,1.3,I,10.989988393348396,10.989988393348396,1.0
5,theta,1.3,II,10.989988393348396,9.220275962219604,0.8389704913428393
5,theta,1.3,III-a,10.989988393348396,10.989988393348396,1.0
5,theta,1.3,III-b,10.989988393348396,10.989988393348396,1.0
5,theta,1.3250000000000002,vis,11.027989108531916,11.027989108531916,1.0
5,theta,1.3250000000000002,I,11.027989108531916,11.027989108531916,1.0
5,theta,1.3250000000000002,II,11.027989108531916,9.252157440908501,0.8389704913428393
5,theta,1.3250000000000002,III-a,11.027989108531916,11.027989108531916,1.0
5,theta,1.3250000000000002,III-b,11.027989108531916,11.027989108531916,1.0
5,theta,1.35,vis,11.066140229630111,11.066140229630111,1.0
5,theta,1.35,I,11.066140229630111,11.066140229630111,1.0
5,theta,1.35,II,11.066140229630111,9.284165105721534,0.8389704913428393
5,theta,1.35,III-a,11.066140229630111,11.066140229630111,1.0
5,theta,1.35,III-b,11.066140229630111,11.066140229630111,1.0
5,theta,1.375,vis,11.104409771506866,11.104409771506866,1.0
5,theta,1.375,I,11.104409771506866,11.104409771506866,1.0
5,theta,1.375,II,11.104409771506866,9.316272122073341,0.8389704913428393
5,theta,1.375,III-a,11.104409771506866,11.104409771506866,1.0
5,theta,1.375,III-b,11.104409771506866,11.104409771506866,1.0
5,theta,1.4000000000000001,vis,11.142765749026056,11.142765749026056,1.0
5,theta,1.4000000000000001,I,11.142765749026056,11.142765749026056,1.0
5,theta,1.4000000000000001,II,11.142765749026056,9.34845165537855,0.8389704913428393
5,theta,1.4000000000000001,III-a,11.142765749026056,11.142765749026056,1.0
5,theta,1.4000000000000001,III-b,11.142765749026056,11.142765749026056,1.0
5,theta,1.425,vis,11.18117617705156,11.18117617705156,1.0
5,theta,1.425,I,11.18117617705156,11.18117617705156,1.0
5,theta,1.425,II,11.18117617705156,9.380676871051797,0.8389704913428393
5,theta,1.425,III-a,11.18117617705156,11.18117617705156,1.0
5,theta,1.425,III-b,11.18117617705156,11.18117617705156,1.0
5,theta,1.4500000000000002,vis,11.21960907044726,11.21960907044726,1.0
5,theta,1.4500000000000002,I,11.21960907044726,11.21960907044726,1.0
5,theta,1.4500000000000002,II,11.21960907044726,9.412920934507715,0.8389704913428393
5,theta,1.4500000000000002,III-a,11.21960907044726,11.21960907044726,1.0
5,theta,1.4500000000000002,III-b,11.21960907044726,11.21960907044726,1.0
5,theta,1.475,vis,11.258032444077035,11.258032444077035,1.0
5,theta,1.475,I,11.258032444077035,11.258032444077035,1.0
5,theta,1.475,II,11.258032444077035,9.445157011160935,0.8389704913428393
5,theta,1.475,III-a,11.258032444077035,11.258032444077035,1.0
5,theta,1.475,III-b,11.258032444077035,11.258032444077035,1.0
5,theta,1.5,vis,11.296414312804762,11.296414312804762,1.0
5,theta,1.5,I,11.296414312804762,11.296414312804762,1.0
5,theta,1.5,II,11.296414312804762,9.477358266426094,0.8389704913428393
5,theta,1.5,III-a,11.296414312804762,11.296414312804762,1.0
5,theta,1.5,III-b,11.296414312804762,11.296414312804762,1.0
5,theta,1.5250000000000001,vis,11.334874051922624,11.334874051922624,1.0
5,theta,1.5250000000000001,I,11.334874051922624,11.334874051922624,1.0
5,theta,1.5250000000000001,II,11.334874051922624,9.509624852650724,0.8389704913428393
5,theta,1.5250000000000001,III-a,11.334874051922624,11.334874051922624,1.0
5,theta,1.5250000000000001,III-b,11.334874051922624,11.334874051922624,1.0
5,theta,1.55,vis,11.373545219077439,11.373545219077439,1.0
5,theta,1.55,I,11.373545219077439,11.373545219077439,1.0
5,theta,1.55,II,11.373545219077439,9.5420688207594,0.8389704913428393
5,theta,1.55,III-a,11.373545219077439,11.373545219077439,1.0
5,theta,1.55,III-b,11.373545219077439,11.373545219077439,1.0
5,theta,1.5750000000000002,vis,11.41241710266506,11.41241710266506,1.0
5,theta,1.5750000000000002,I,11.41241710266506,11.41241710266506,1.0
5,theta,1.5750000000000002,II,11.41241710266506,9.574681184032327,0.8389704913428393
5,theta,1.5750000000000002,III-a,11.41241710266506,11.41241710266506,1.0
5,theta,1.5750000000000002,III-b,11.41241710266506,11.41241710266506,1.0
5,theta,1.6,vis,11.451478991081323,11.451478991081323,1.0
5,theta,1.6,I,11.451478991081323,11.451478991081323,1.0
5,theta,1.6,II,11.451478991081323,9.6074529557497,0.8389704913428393
5,theta,1.6,III-a,11.451478991081323,11.451478991081323,1.0
5,theta,1.6,III-b,11.451478991081323,11.451478991081323,1.0
5,theta,1.625,vis,11.490720172722073,11.490720172722073,1.0
5,theta,1.625,I,11.490720172722073,11.490720172722073,1.0
5,theta,1.625,II,11.490720172722073,9.640375149191712,0.8389704913428393
5,theta,1.625,III-a,11.490720172722073,11.490720172722073,1.0
5,theta,1.625,III-b,11.490720172722073,11.490720172722073,1.0
5,theta,1.6500000000000001,vis,11.530129935983155,11.530129935983155,1.0
5,theta,1.6500000000000001,I,11.530129935983155,11.530129935983155,1.0
5,theta,1.6500000000000001,II,11.530129935983155,9.673438777638568,0.8389704913428393
5,theta,1.6500000000000001,III-a,11.530129935983155,11.530129935983155,1.0
5,theta,1.6500000000000001,III-b,11.530129935983155,11.530129935983155,1.0
5,theta,1.675,vis,11.569697569260413,11.569697569260413,1.0
5,theta,1.675,I,11.569697569260413,11.569697569260413,1.0
5,theta,1.675,II,11.569697569260413,9.706634854370462,0.8389704913428393
5,theta,1.675,III-a,11.569697569260413,11.569697569260413,1.0
5,theta,1.675,III-b,11.569697569260413,11.569697569260413,1.0
5,theta,1.7000000000000002,vis,11.60941236094969,11.60941236094969,1.0
5,theta,1.7000000000000002,I,11.60941236094969,11.60941236094969,1.0
5,theta,1.7000000000000002,II,11.60941236094969,9.739954392667594,0.8389704913428393
5,theta,1.7000000000000002,III-a,11.60941236094969,11.60941236094969,1.0
5,theta,1.7000000000000002,III-b,11.60941236094969,11.60941236094969,1.0
5,theta,1.725,vis,11.649263599446828,11.649263599446828,1.0
5,theta,1.725,I,11.649263599446828,11.649263599446828,1.0
5,theta,1.725,II,11.649263599446828,9.773388405810158,0.8389704913428393
5,theta,1.725,III-a,11.649263599446828,11.649263599446828,1.0
5,theta,1.725,III-b,11.649263599446828,11.649263599446828,1.0
5,theta,1.75,vis,11.689240573147673,11.689240573147673,1.0
5,theta,1.75,I,11.689240573147673,11.689240573147673,1.0
5,theta,1.75,II,11.689240573147673,9.806927907078355,0.8389704913428393
5,theta,1.75,III-a,11.689240573147673,11.689240573147673,1.0
5,theta,1.75,III-b,11.689240573147673,11.689240573147673,1.0
5,theta,1.7750000000000001,vis,11.729332570448069,11.729332570448069,1.0
5,theta,1.7750000000000001,I,11.729332570448069,11.729332570448069,1.0
5,theta,1.7750000000000001,II,11.729332570448069,9.840563909752385,0.8389704913428393
5,theta,1.7750000000000001,III-a,11.729332570448069,11.729332570448069,1.0
5,theta,1.7750000000000001,III-b,11.729332570448069,11.729332570448069,1.0
5,theta,1.8,vis,11.769528879743856,11.769528879743856,1.0
5,theta,1.8,I,11.769528879743856,11.769528879743856,1.0
5,theta,1.8,II,11.769528879743856,9.87428742711244,0.8389704913428393
5,theta,1.8,III-a,11.769528879743856,11.769528879743856,1.0
5,theta,1.8,III-b,11.769528879743856,11.769528879743856,1.0
5,theta,1.8250000000000002,vis,11.809818789430881,11.809818789430881,1.0
5,theta,1.8250000000000002,I,11.809818789430881,11.809818789430881,1.0
5,theta,1.8250000000000002,II,11.809818789430881,9.908089472438721,0.8389704913428393
5,theta,1.8250000000000002,III-a,11.809818789430881,11.809818789430881,1.0
5,theta,1.8250000000000002,III-b,11.809818789430881,11.809818789430881,1.0
5,theta,1.85,vis,11.850191587904988,11.850191587904988,1.0
5,theta,1.85,I,11.850191587904988,11.850191587904988,1.0
5,theta,1.85,II,11.850191587904988,9.941961059011428,0.8389704913428393
5,theta,1.85,III-a,11.850191587904988,11.850191587904988,1.0
5,theta,1.85,III-b,11.850191587904988,11.850191587904988,1.0
5,theta,1.875,vis,11.890636563562017,11.890636563562017,1.0
5,theta,1.875,I,11.890636563562017,11.890636563562017,1.0
5,theta,1.875,II,11.890636563562017,9.975893200110756,0.8389704913428393
5,theta,1.875,III-a,11.890636563562017,11.890636563562017,1.0
5,theta,1.875,III-b,11.890636563562017,11.890636563562017,1.0
5,theta,1.9000000000000001,vis,11.931143004797818,11.931143004797818,1.0
5,theta,1.9000000000000001,I,11.931143004797818,11.931143004797818,1.0
5,theta,1.9000000000000001,II,11.931143004797818,10.009876909016905,0.8389704913428393
5,theta,1.9000000000000001,III-a,11.931143004797818,11.931143004797818,1.0
5,theta,1.9000000000000001,III-b,11.931143004797818,11.931143004797818,1.0
5,theta,1.925,vis,11.971700200008229,11.971700200008229,1.0
5,theta,1.925,I,11.971700200008229,11.971700200008229,1.0
5,theta,1.925,II,11.971700200008229,10.043903199010071,0.8389704913428393
5,theta,1.925,III-a,11.971700200008229,11.971700200008229,1.0
5,theta,1.925,III-b,11.971700200008229,11.971700200008229,1.0
5,theta,1.9500000000000002,vis,12.012297437589096,12.012297437589096,1.0
5,theta,1.9500000000000002,I,12.012297437589096,12.012297437589096,1.0
5,theta,1.9500000000000002,II,12.012297437589096,10.077963083370454,0.8389704913428393
5,theta,1.9500000000000002,III-a,12.012297437589096,12.012297437589096,1.0
5,theta,1.9500000000000002,III-b,12.012297437589096,12.012297437589096,1.0
5,theta,1.975,vis,12.052924005936259,12.052924005936259,1.0
5,theta,1.975,I,12.052924005936259,12.052924005936259,1.0
5,theta,1.975,II,12.052924005936259,10.112047575378245,0.8389704913428393
5,theta,1.975,III-a,12.052924005936259,12.052924005936259,1.0
5,theta,1.975,III-b,12.052924005936259,12.052924005936259,1.0
5,theta,2.0,vis,12.093569193445568,12.093569193445568,1.0
5,theta,2.0,I,12.093569193445568,12.093569193445568,1.0
5,theta,2.0,II,12.093569193445568,10.146147688313652,0.8389704913428393
5,theta,2.0,III-a,12.093569193445568,12.093569193445568,1.0
5,theta,2.0,III-b,12.093569193445568,12.093569193445568,1.0
5,theta,2.025,vis,12.134260721255561,12.134260721255561,1.0
5,theta,2.025,I,12.134260721255561,12.134260721255561,1.0
5,theta,2.025,II,12.134260721255561,10.180286679393895,0.8389704913428393
5,theta,2.025,III-a,12.134260721255561,12.134260721255561,1.0
5,theta,2.025,III-b,12.134260721255561,12.134260721255561,1.0
5,theta,2.0500000000000003,vis,12.175031946329769,12.175031946329769,1.0
5,theta,2.0500000000000003,I,12.175031946329769,12.175031946329769,1.0
5,theta,2.0500000000000003,II,12.175031946329769,10.214492534127052,0.8389704913428393
5,theta,2.0500000000000003,III-a,12.175031946329769,12.175031946329769,1.0
5,theta,2.0500000000000003,III-b,12.175031946329769,12.175031946329769,1.0
5,theta,2.075,vis,12.2158806108015,12.2158806108015,1.0
5,theta,2.075,I,12.2158806108015,12.2158806108015,1.0
5,theta,2.075,II,12.2158806108015,10.2487633582296,0.8389704913428393
5,theta,2.075,III-a,12.2158806108015,12.2158806108015,1.0
5,theta,2.075,III-b,12.2158806108015,12.2158806108015,1.0
5,theta,2.1,vis,12.256804456804074,12.256804456804074,1.0
5,theta,2.1,I,12.256804456804074,12.256804456804074,1.0
5,theta,2.1,II,12.256804456804074,10.283097257418017,0.8389704913428393
5,theta,2.1,III-a,12.256804456804074,12.256804456804074,1.0
5,theta,2.1,III-b,12.256804456804074,12.256804456804074,1.0
5,theta,2.125,vis,12.297801226470805,12.297801226470805,1.0
5,theta,2.125,I,12.297801226470805,12.297801226470805,1.0
5,theta,2.125,II,12.297801226470805,10.317492337408783,0.8389704913428393
5,theta,2.125,III-a,12.297801226470805,12.297801226470805,1.0
5,theta,2.125,III-b,12.297801226470805,12.297801226470805,1.0
5,theta,2.15,vis,12.338868661935003,12.338868661935003,1.0
5,theta,2.15,I,12.338868661935003,12.338868661935003,1.0
5,theta,2.15,II,12.338868661935003,10.35194670391837,0.8389704913428393
5,theta,2.15,III-a,12.338868661935003,12.338868661935003,1.0
5,theta,2.15,III-b,12.338868661935003,12.338868661935003,1.0
5,theta,2.1750000000000003,vis,12.380004505329987,12.380004505329987,1.0
5,theta,2.1750000000000003,I,12.380004505329987,12.380004505329987,1.0
5,theta,2.1750000000000003,II,12.380004505329987,10.386458462663263,0.8389704913428393
5,theta,2.1750000000000003,III-a,12.380004505329987,12.380004505329987,1.0
5,theta,2.1750000000000003,III-b,12.380004505329987,12.380004505329987,1.0
5,theta,2.2,vis,12.421206498789074,12.421206498789074,1.0
5,theta,2.2,I,12.421206498789074,12.421206498789074,1.0
5,theta,2.2,II,12.421206498789074,10.421025719359937,0.8389704913428393
5,theta,2.2,III-a,12.421206498789074,12.421206498789074,1.0
5,theta,2.2,III-b,12.421206498789074,12.421206498789074,1.0
5,theta,2.225,vis,12.462472384445572,12.462472384445572,1.0
5,theta,2.225,I,12.462472384445572,12.462472384445572,1.0
5,theta,2.225,II,12.462472384445572,10.455646579724867,0.8389704913428393
5,theta,2.225,III-a,12.462472384445572,12.462472384445572,1.0
5,theta,2.225,III-b,12.462472384445572,12.462472384445572,1.0
5,theta,2.25,vis,12.5037999044328,12.5037999044328,1.0
5,theta,2.25,I,12.5037999044328,12.5037999044328,1.0
5,theta,2.25,II,12.5037999044328,10.490319149474534,0.8389704913428393
5,theta,2.25,III-a,12.5037999044328,12.5037999044328,1.0
5,theta,2.25,III-b,12.5037999044328,12.5037999044328,1.0
5,theta,2.275,vis,12.545186800884073,12.545186800884073,1.0
5,theta,2.275,I,12.545186800884073,12.545186800884073,1.0
5,theta,2.275,II,12.545186800884073,10.525041534325412,0.8389704913428393
5,theta,2.275,III-a,12.545186800884073,12.545186800884073,1.0
5,theta,2.275,III-b,12.545186800884073,12.545186800884073,1.0
5,theta,2.3000000000000003,vis,12.586630815932706,12.586630815932706,1.0
5,theta,2.3000000000000003,I,12.586630815932706,12.586630815932706,1.0
5,theta,2.3000000000000003,II,12.586630815932706,10.559811839993985,0.8389704913428393
5,theta,2.3000000000000003,III-a,12.586630815932706,12.586630815932706,1.0
5,theta,2.3000000000000003,III-b,12.586630815932706,12.586630815932706,1.0
5,theta,2.325,vis,12.62812969171201,12.62812969171201,1.0
5,theta,2.325,I,12.62812969171201,12.62812969171201,1.0
5,theta,2.325,II,12.62812969171201,10.594628172196723,0.8389704913428393
5,theta,2.325,III-a,12.62812969171201,12.62812969171201,1.0
5,theta,2.325,III-b,12.62812969171201,12.62812969171201,1.0
5,theta,2.35,vis,12.669681170355304,12.669681170355304,1.0
5,theta,2.35,I,12.669681170355304,12.669681170355304,1.0
5,theta,2.35,II,12.669681170355304,10.629488636650109,0.8389704913428393
5,theta,2.35,III-a,12.669681170355304,12.669681170355304,1.0
5,theta,2.35,III-b,12.669681170355304,12.669681170355304,1.0
5,theta,2.375,vis,12.711282993995903,12.711282993995903,1.0
5,theta,2.375,I,12.711282993995903,12.711282993995903,1.0
5,theta,2.375,II,12.711282993995903,10.66439133907062,0.8389704913428393
5,theta,2.375,III-a,12.711282993995903,12.711282993995903,1.0
5,theta,2.375,III-b,12.711282993995903,12.711282993995903,1.0
5,theta,2.4000000000000004,vis,12.752932904767116,12.752932904767116,1.0
5,theta,2.4000000000000004,I,12.752932904767116,12.752932904767116,1.0
5,theta,2.4000000000000004,II,12.752932904767116,10.69933438517473,0.8389704913428393
5,theta,2.4000000000000004,III-a,12.752932904767116,12.752932904767116,1.0
5,theta,2.4000000000000004,III-b,12.752932904767116,12.752932904767116,1.0
5,theta,2.4250000000000003,vis,12.794628644802266,12.794628644802266,1.0
5,theta,2.4250000000000003,I,12.794628644802266,12.794628644802266,1.0
5,theta,2.4250000000000003,II,12.794628644802266,10.734315880678924,0.8389704913428393
5,theta,2.4250000000000003,III-a,12.794628644802266,12.794628644802266,1.0
5,theta,2.4250000000000003,III-b,12.794628644802266,12.794628644802266,1.0
5,theta,2.45,vis,12.83636795623466,12.83636795623466,1.0
5,theta,2.45,I,12.83636795623466,12.83636795623466,1.0
5,theta,2.45,II,12.83636795623466,10.769333931299672,0.8389704913428393
5,theta,2.45,III-a,12.83636795623466,12.83636795623466,1.0
5,theta,2.45,III-b,12.83636795623466,12.83636795623466,1.0
5,theta,2.475,vis,12.878148581197618,12.878148581197618,1.0
5,theta,2.475,I,12.878148581197618,12.878148581197618,1.0
5,theta,2.475,II,12.878148581197618,10.804386642753453,0.8389704913428393
5,theta,2.475,III-a,12.878148581197618,12.878148581197618,1.0
5,theta,2.475,III-b,12.878148581197618,12.878148581197618,1.0
5,theta,2.5,vis,12.919968261824451,12.919968261824451,1.0
5,theta,2.5,I,12.919968261824451,12.919968261824451,1.0
5,theta,2.5,II,12.919968261824451,10.83947212075675,0.8389704913428393
5,theta,2.5,III-a,12.919968261824451,12.919968261824451,1.0
5,theta,2.5,III-b,12.919968261824451,12.919968261824451,1.0
5,theta,2.5250000000000004,vis,12.961824740248478,12.961824740248478,1.0
5,theta,2.5250000000000004,I,12.961824740248478,12.961824740248478,1.0
5,theta,2.5250000000000004,II,12.961824740248478,10.874588471026035,0.8389704913428393
5,theta,2.5250000000000004,III-a,12.961824740248478,12.961824740248478,1.0
5,theta,2.5250000000000004,III-b,12.961824740248478,12.961824740248478,1.0
5,theta,2.5500000000000003,vis,13.00371575860301,13.00371575860301,1.0
5,theta,2.5500000000000003,I,13.00371575860301,13.00371575860301,1.0
5,theta,2.5500000000000003,II,13.00371575860301,10.90973379927779,0.8389704913428393
5,theta,2.5500000000000003,III-a,13.00371575860301,13.00371575860301,1.0
5,theta,2.5500000000000003,III-b,13.00371575860301,13.00371575860301,1.0
5,theta,2.575,vis,13.045639059021362,13.045639059021362,1.0
5,theta,2.575,I,13.045639059021362,13.045639059021362,1.0
5,theta,2.575,II,13.045639059021362,10.944906211228487,0.8389704913428393
5,theta,2.575,III-a,13.045639059021362,13.045639059021362,1.0
5,theta,2.575,III-b,13.045639059021362,13.045639059021362,1.0
5,theta,2.6,vis,13.087592383636851,13.087592383636851,1.0
5,theta,2.6,I,13.087592383636851,13.087592383636851,1.0
5,theta,2.6,II,13.087592383636851,10.98010381259461,0.8389704913428393
5,theta,2.6,III-a,13.087592383636851,13.087592383636851,1.0
5,theta,2.6,III-b,13.087592383636851,13.087592383636851,1.0
5,theta,2.625,vis,13.129573474582793,13.129573474582793,1.0
5,theta,2.625,I,13.129573474582793,13.129573474582793,1.0
5,theta,2.625,II,13.129573474582793,11.015324709092635,0.8389704913428393
5,theta,2.625,III-a,13.129573474582793,13.129573474582793,1.0
5,theta,2.625,III-b,13.129573474582793,13.129573474582793,1.0
5,theta,2.6500000000000004,vis,13.171580073992496,13.171580073992496,1.0
5,theta,2.6500000000000004,I,13.171580073992496,13.171580073992496,1.0
5,theta,2.6500000000000004,II,13.171580073992496,11.050567006439037,0.8389704913428393
5,theta,2.6500000000000004,III-a,13.171580073992496,13.171580073992496,1.0
5,theta,2.6500000000000004,III-b,13.171580073992496,13.171580073992496,1.0
5,theta,2.6750000000000003,vis,13.213609923999282,13.213609923999282,1.0
5,theta,2.6750000000000003,I,13.213609923999282,13.213609923999282,1.0
5,theta,2.6750000000000003,II,13.213609923999282,11.085828810350295,0.8389704913428393
5,theta,2.6750000000000003,III-a,13.213609923999282,13.213609923999282,1.0
5,theta,2.6750000000000003,III-b,13.213609923999282,13.213609923999282,1.0
5,theta,2.7,vis,13.255660766736463,13.255660766736463,1.0
5,theta,2.7,I,13.255660766736463,13.255660766736463,1.0
5,theta,2.7,II,13.255660766736463,11.121108226542889,0.8389704913428393
5,theta,2.7,III-a,13.255660766736463,13.255660766736463,1.0
5,theta,2.7,III-b,13.255660766736463,13.255660766736463,1.0
5,theta,2.725,vis,13.297730344337353,13.297730344337353,1.0
5,theta,2.725,I,13.297730344337353,13.297730344337353,1.0
5,theta,2.725,II,13.297730344337353,11.156403360733293,0.8389704913428393
5,theta,2.725,III-a,13.297730344337353,13.297730344337353,1.0
5,theta,2.725,III-b,13.297730344337353,13.297730344337353,1.0
5,theta,2.75,vis,13.339816398935268,13.339816398935268,1.0
5,theta,2.75,I,13.339816398935268,13.339816398935268,1.0
5,theta,2.75,II,13.339816398935268,11.191712318637986,0.8389704913428393
5,theta,2.75,III-a,13.339816398935268,13.339816398935268,1.0
5,theta,2.75,III-b,13.339816398935268,13.339816398935268,1.0
5,theta,2.7750000000000004,vis,13.38191667266352,13.38191667266352,1.0
5,theta,2.7750000000000004,I,13.38191667266352,13.38191667266352,1.0
5,theta,2.7750000000000004,II,13.38191667266352,11.227033205973447,0.8389704913428393
5,theta,2.7750000000000004,III-a,13.38191667266352,13.38191667266352,1.0
5,theta,2.7750000000000004,III-b,13.38191667266352,13.38191667266352,1.0
5,theta,2.8000000000000003,vis,13.424028907655428,13.424028907655428,1.0
5,theta,2.8000000000000003,I,13.424028907655428,13.424028907655428,1.0
5,theta,2.8000000000000003,II,13.424028907655428,11.262364128456152,0.8389704913428393
5,theta,2.8000000000000003,III-a,13.424028907655428,13.424028907655428,1.0
5,theta,2.8000000000000003,III-b,13.424028907655428,13.424028907655428,1.0
5,theta,2.825,vis,13.466150846044304,13.466150846044304,1.0
5,theta,2.825,I,13.466150846044304,13.466150846044304,1.0
5,theta,2.825,II,13.466150846044304,11.297703191802581,0.8389704913428393
5,theta,2.825,III-a,13.466150846044304,13.466150846044304,1.0
5,theta,2.825,III-b,13.466150846044304,13.466150846044304,1.0
5,theta,2.85,vis,13.508280229963464,13.508280229963464,1.0
5,theta,2.85,I,13.508280229963464,13.508280229963464,1.0
5,theta,2.85,II,13.508280229963464,11.333048501729209,0.8389704913428393
5,theta,2.85,III-a,13.508280229963464,13.508280229963464,1.0
5,theta,2.85,III-b,13.508280229963464,13.508280229963464,1.0
5,theta,2.875,vis,13.55041480154622,13.55041480154622,1.0
5,theta,2.875,I,13.55041480154622,13.55041480154622,1.0
5,theta,2.875,II,13.55041480154622,11.368398163952515,0.8389704913428393
5,theta,2.875,III-a,13.55041480154622,13.55041480154622,1.0
5,theta,2.875,III-b,13.55041480154622,13.55041480154622,1.0
5,theta,2.9000000000000004,vis,13.592552302925892,13.592552302925892,1.0
5,theta,2.9000000000000004,I,13.592552302925892,13.592552302925892,1.0
5,theta,2.9000000000000004,II,13.592552302925892,11.403750284188977,0.8389704913428393
5,theta,2.9000000000000004,III-a,13.592552302925892,13.592552302925892,1.0
5,theta,2.9000000000000004,III-b,13.592552302925892,13.592552302925892,1.0
5,theta,2.9250000000000003,vis,13.63469047623579,13.63469047623579,1.0
5,theta,2.9250000000000003,I,13.63469047623579,13.63469047623579,1.0
5,theta,2.9250000000000003,II,13.63469047623579,11.439102968155073,0.8389704913428393
5,theta,2.9250000000000003,III-a,13.63469047623579,13.63469047623579,1.0
5,theta,2.9250000000000003,III-b,13.63469047623579,13.63469047623579,1.0
5,theta,2.95,vis,13.67682706360923,13.67682706360923,1.0
5,theta,2.95,I,13.67682706360923,13.67682706360923,1.0
5,theta,2.95,II,13.67682706360923,11.474454321567277,0.8389704913428393
5,theta,2.95,III-a,13.67682706360923,13.67682706360923,1.0
5,theta,2.95,III-b,13.67682706360923,13.67682706360923,1.0
5,theta,2.975,vis,13.718959807179525,13.718959807179525,1.0
5,theta,2.975,I,13.718959807179525,13.718959807179525,1.0
5,theta,2.975,II,13.718959807179525,11.50980245014207,0.8389704913428393
5,theta,2.975,III-a,13.718959807179525,13.718959807179525,1.0
5,theta,2.975,III-b,13.718959807179525,13.718959807179525,1.0
5,theta,3.0,vis,13.761086449079995,13.761086449079995,1.0
5,theta,3.0,I,13.761086449079995,13.761086449079995,1.0
5,theta,3.0,II,13.761086449079995,11.54514545959593,0.8389704913428393
5,theta,3.0,III-a,13.761086449079995,13.761086449079995,1.0
5,theta,3.0,III-b,13.761086449079995,13.761086449079995,1.0
5,theta,3.0250000000000004,vis,13.803220501207257,13.803220501207257,1.0
5,theta,3.0250000000000004,I,13.803220501207257,13.803220501207257,1.0
5,theta,3.0250000000000004,II,13.803220501207257,11.580494686011404,0.8389704913428393
5,theta,3.0250000000000004,III-a,13.803220501207257,13.803220501207257,1.0
5,theta,3.0250000000000004,III-b,13.803220501207257,13.803220501207257,1.0
5,theta,3.0500000000000003,vis,13.845376969239943,13.845376969239943,1.0
5,theta,3.0500000000000003,I,13.845376969239943,13.845376969239943,1.0
5,theta,3.0500000000000003,II,13.845376969239943,11.615862718710066,0.8389704913428393
5,theta,3.0500000000000003,III-a,13.845376969239943,13.845376969239943,1.0
5,theta,3.0500000000000003,III-b,13.845376969239943,13.845376969239943,1.0
5,theta,3.075,vis,13.887555835984394,13.887555835984394,1.0
5,theta,3.075,I,13.887555835984394,13.887555835984394,1.0
5,theta,3.075,II,13.887555835984394,11.651249543266943,0.8389704913428393
5,theta,3.075,III-a,13.887555835984394,13.887555835984394,1.0
5,theta,3.075,III-b,13.887555835984394,13.887555835984394,1.0
5,theta,3.1,vis,13.929757084246948,13.929757084246948,1.0
5,theta,3.1,I,13.929757084246948,13.929757084246948,1.0
5,theta,3.1,II,13.929757084246948,11.686655145257058,0.8389704913428393
5,theta,3.1,III-a,13.929757084246948,13.929757084246948,1.0
5,theta,3.1,III-b,13.929757084246948,13.929757084246948,1.0
5,theta,3.125,vis,13.971980696833944,13.971980696833944,1.0
5,theta,3.125,I,13.971980696833944,13.971980696833944,1.0
5,theta,3.125,II,13.971980696833944,11.72207951025544,0.8389704913428393
5,theta,3.125,III-a,13.971980696833944,13.971980696833944,1.0
5,theta,3.125,III-b,13.971980696833944,13.971980696833944,1.0
5,theta,3.1500000000000004,vis,14.01422665655172,14.01422665655172,1.0
5,theta,3.1500000000000004,I,14.01422665655172,14.01422665655172,1.0
5,theta,3.1500000000000004,II,14.01422665655172,11.757522623837113,0.8389704913428393
5,theta,3.1500000000000004,III-a,14.01422665655172,14.01422665655172,1.0
5,theta,3.1500000000000004,III-b,14.01422665655172,14.01422665655172,1.0
5,theta,3.1750000000000003,vis,14.056494946206614,14.056494946206614,1.0
5,theta,3.1750000000000003,I,14.056494946206614,14.056494946206614,1.0
5,theta,3.1750000000000003,II,14.056494946206614,11.7929844715771,0.8389704913428393
5,theta,3.1750000000000003,III-a,14.056494946206614,14.056494946206614,1.0
5,theta,3.1750000000000003,III-b,14.056494946206614,14.056494946206614,1.0
5,theta,3.2,vis,14.098785548604964,14.098785548604964,1.0
5,theta,3.2,I,14.098785548604964,14.098785548604964,1.0
5,theta,3.2,II,14.098785548604964,11.828465039050428,0.8389704913428393
5,theta,3.2,III-a,14.098785548604964,14.098785548604964,1.0
5,theta,3.2,III-b,14.098785548604964,14.098785548604964,1.0
5,theta,3.225,vis,14.141098446553109,14.141098446553109,1.0
5,theta,3.225,I,14.141098446553109,14.141098446553109,1.0
5,theta,3.225,II,14.141098446553109,11.863964311832124,0.8389704913428393
5,theta,3.225,III-a,14.141098446553109,14.141098446553109,1.0
5,theta,3.225,III-b,14.141098446553109,14.141098446553109,1.0
5,theta,3.25,vis,14.183433622857386,14.183433622857386,1.0
5,theta,3.25,I,14.183433622857386,14.183433622857386,1.0
5,theta,3.25,II,14.183433622857386,11.899482275497208,0.8389704913428393
5,theta,3.25,III-a,14.183433622857386,14.183433622857386,1.0
5,theta,3.25,III-b,14.183433622857386,14.183433622857386,1.0
5,theta,3.2750000000000004,vis,14.22579106032414,14.22579106032414,1.0
5,theta,3.2750000000000004,I,14.22579106032414,14.22579106032414,1.0
5,theta,3.2750000000000004,II,14.22579106032414,11.935018915620715,0.8389704913428393
5,theta,3.2750000000000004,III-a,14.22579106032414,14.22579106032414,1.0
5,theta,3.2750000000000004,III-b,14.22579106032414,14.22579106032414,1.0
5,theta,3.3000000000000003,vis,14.268170741759699,14.268170741759699,1.0
5,theta,3.3000000000000003,I,14.268170741759699,14.268170741759699,1.0
5,theta,3.3000000000000003,II,14.268170741759699,11.970574217777658,0.8389704913428393
5,theta,3.3000000000000003,III-a,14.268170741759699,14.268170741759699,1.0
5,theta,3.3000000000000003,III-b,14.268170741759699,14.268170741759699,1.0
5,theta,3.325,vis,14.310572649970409,14.310572649970409,1.0
5,theta,3.325,I,14.310572649970409,14.310572649970409,1.0
5,theta,3.325,II,14.310572649970409,12.006148167543072,0.8389704913428393
5,theta,3.325,III-a,14.310572649970409,14.310572649970409,1.0
5,theta,3.325,III-b,14.310572649970409,14.310572649970409,1.0
5,theta,3.35,vis,14.352996767762605,14.352996767762605,1.0
5,theta,3.35,I,14.352996767762605,14.352996767762605,1.0
5,theta,3.35,II,14.352996767762605,12.041740750491977,0.8389704913428393
5,theta,3.35,III-a,14.352996767762605,14.352996767762605,1.0
5,theta,3.35,III-b,14.352996767762605,14.352996767762605,1.0
5,theta,3.375,vis,14.395443077942627,14.395443077942627,1.0
5,theta,3.375,I,14.395443077942627,14.395443077942627,1.0
5,theta,3.375,II,14.395443077942627,12.0773519521994,0.8389704913428393
5,theta,3.375,III-a,14.395443077942627,14.395443077942627,1.0
5,theta,3.375,III-b,14.395443077942627,14.395443077942627,1.0
5,theta,3.4000000000000004,vis,14.437911563316812,14.437911563316812,1.0
5,theta,3.4000000000000004,I,14.437911563316812,14.437911563316812,1.0
5,theta,3.4000000000000004,II,14.437911563316812,12.112981758240366,0.8389704913428393
5,theta,3.4000000000000004,III-a,14.437911563316812,14.437911563316812,1.0
5,theta,3.4000000000000004,III-b,14.437911563316812,14.437911563316812,1.0
5,theta,3.4250000000000003,vis,14.4804022066915,14.4804022066915,1.0
5,theta,3.4250000000000003,I,14.4804022066915,14.4804022066915,1.0
5,theta,3.4250000000000003,II,14.4804022066915,12.1486301541899,0.8389704913428393
5,theta,3.4250000000000003,III-a,14.4804022066915,14.4804022066915,1.0
5,theta,3.4250000000000003,III-b,14.4804022066915,14.4804022066915,1.0
5,theta,3.45,vis,14.522914990873026,14.522914990873026,1.0
5,theta,3.45,I,14.522914990873026,14.522914990873026,1.0
5,theta,3.45,II,14.522914990873026,12.18429712562303,0.8389704913428393
5,theta,3.45,III-a,14.522914990873026,14.522914990873026,1.0
5,theta,3.45,III-b,14.522914990873026,14.522914990873026,1.0
5,theta,3.475,vis,14.565449898667731,14.565449898667731,1.0
5,theta,3.475,I,14.565449898667731,14.565449898667731,1.0
5,theta,3.475,II,14.565449898667731,12.219982658114775,0.8389704913428393
5,theta,3.475,III-a,14.565449898667731,14.565449898667731,1.0
5,theta,3.475,III-b,14.565449898667731,14.565449898667731,1.0
5,theta,3.5,vis,14.608006912881956,14.608006912881956,1.0
5,theta,3.5,I,14.608006912881956,14.608006912881956,1.0
5,theta,3.5,II,14.608006912881956,12.255686737240168,0.8389704913428393
5,theta,3.5,III-a,14.608006912881956,14.608006912881956,1.0
5,theta,3.5,III-b,14.608006912881956,14.608006912881956,1.0
5,theta,3.5250000000000004,vis,14.650586016322036,14.650586016322036,1.0
5,theta,3.5250000000000004,I,14.650586016322036,14.650586016322036,1.0
5,theta,3.5250000000000004,II,14.650586016322036,12.291409348574229,0.8389704913428393
5,theta,3.5250000000000004,III-a,14.650586016322036,14.650586016322036,1.0
5,theta,3.5250000000000004,III-b,14.650586016322036,14.650586016322036,1.0
5,theta,3.5500000000000003,vis,14.693187191794308,14.693187191794308,1.0
5,theta,3.5500000000000003,I,14.693187191794308,14.693187191794308,1.0
5,theta,3.5500000000000003,II,14.693187191794308,12.327150477691983,0.8389704913428393
5,theta,3.5500000000000003,III-a,14.693187191794308,14.693187191794308,1.0
5,theta,3.5500000000000003,III-b,14.693187191794308,14.693187191794308,1.0
5,theta,3.575,vis,14.735810422105112,14.735810422105112,1.0
5,theta,3.575,I,14.735810422105112,14.735810422105112,1.0
5,theta,3.575,II,14.735810422105112,12.362910110168459,0.8389704913428393
5,theta,3.575,III-a,14.735810422105112,14.735810422105112,1.0
5,theta,3.575,III-b,14.735810422105112,14.735810422105112,1.0
5,theta,3.6,vis,14.77845569006079,14.77845569006079,1.0
5,theta,3.6,I,14.77845569006079,14.77845569006079,1.0
5,theta,3.6,II,14.77845569006079,12.39868823157868,0.8389704913428393
5,theta,3.6,III-a,14.77845569006079,14.77845569006079,1.0
5,theta,3.6,III-b,14.77845569006079,14.77845569006079,1.0
5,theta,3.625,vis,14.821122978467674,14.821122978467674,1.0
5,theta,3.625,I,14.821122978467674,14.821122978467674,1.0
5,theta,3.625,II,14.821122978467674,12.43448482749767,0.8389704913428393
5,theta,3.625,III-a,14.821122978467674,14.821122978467674,1.0
5,theta,3.625,III-b,14.821122978467674,14.821122978467674,1.0
5,theta,3.6500000000000004,vis,14.863812270132108,14.863812270132108,1.0
5,theta,3.6500000000000004,I,14.863812270132108,14.863812270132108,1.0
5,theta,3.6500000000000004,II,14.863812270132108,12.470299883500457,0.8389704913428393
5,theta,3.6500000000000004,III-a,14.863812270132108,14.863812270132108,1.0
5,theta,3.6500000000000004,III-b,14.863812270132108,14.863812270132108,1.0
5,theta,3.6750000000000003,vis,14.906523547860427,14.906523547860427,1.0
5,theta,3.6750000000000003,I,14.906523547860427,14.906523547860427,1.0
5,theta,3.6750000000000003,II,14.906523547860427,12.506133385162066,0.8389704913428393
5,theta,3.6750000000000003,III-a,14.906523547860427,14.906523547860427,1.0
5,theta,3.6750000000000003,III-b,14.906523547860427,14.906523547860427,1.0
5,theta,3.7,vis,14.94925679445897,14.94925679445897,1.0
5,theta,3.7,I,14.94925679445897,14.94925679445897,1.0
5,theta,3.7,II,14.94925679445897,12.54198531805752,0.8389704913428393
5,theta,3.7,III-a,14.94925679445897,14.94925679445897,1.0
5,theta,3.7,III-b,14.94925679445897,14.94925679445897,1.0
5,theta,3.725,vis,14.992011992734076,14.992011992734076,1.0
5,theta,3.725,I,14.992011992734076,14.992011992734076,1.0
5,theta,3.725,II,14.992011992734076,12.577855667761847,0.8389704913428393
5,theta,3.725,III-a,14.992011992734076,14.992011992734076,1.0
5,theta,3.725,III-b,14.992011992734076,14.992011992734076,1.0
5,theta,3.75,vis,15.034789125492082,15.034789125492082,1.0
5,theta,3.75,I,15.034789125492082,15.034789125492082,1.0
5,theta,3.75,II,15.034789125492082,12.61374441985007,0.8389704913428393
5,theta,3.75,III-a,15.034789125492082,15.034789125492082,1.0
5,theta,3.75,III-b,15.034789125492082,15.034789125492082,1.0
5,theta,3.7750000000000004,vis,15.077588175539331,15.077588175539331,1.0
5,theta,3.7750000000000004,I,15.077588175539331,15.077588175539331,1.0
5,theta,3.7750000000000004,II,15.077588175539331,12.649651559897217,0.8389704913428393
5,theta,3.7750000000000004,III-a,15.077588175539331,15.077588175539331,1.0
5,theta,3.7750000000000004,III-b,15.077588175539331,15.077588175539331,1.0
5,theta,3.8000000000000003,vis,15.120409125682155,15.120409125682155,1.0
5,theta,3.8000000000000003,I,15.120409125682155,15.120409125682155,1.0
5,theta,3.8000000000000003,II,15.120409125682155,12.685577073478308,0.8389704913428393
5,theta,3.8000000000000003,III-a,15.120409125682155,15.120409125682155,1.0
5,theta,3.8000000000000003,III-b,15.120409125682155,15.120409125682155,1.0
5,theta,3.825,vis,15.163251958726894,15.163251958726894,1.0
5,theta,3.825,I,15.163251958726894,15.163251958726894,1.0
5,theta,3.825,II,15.163251958726894,12.721520946168372,0.8389704913428393
5,theta,3.825,III-a,15.163251958726894,15.163251958726894,1.0
5,theta,3.825,III-b,15.163251958726894,15.163251958726894,1.0
5,theta,3.85,vis,15.206116657479889,15.206116657479889,1.0
5,theta,3.85,I,15.206116657479889,15.206116657479889,1.0
5,theta,3.85,II,15.206116657479889,12.757483163542435,0.8389704913428393
5,theta,3.85,III-a,15.206116657479889,15.206116657479889,1.0
5,theta,3.85,III-b,15.206116657479889,15.206116657479889,1.0
5,theta,3.875,vis,15.249003204747476,15.249003204747476,1.0
5,theta,3.875,I,15.249003204747476,15.249003204747476,1.0
5,theta,3.875,II,15.249003204747476,12.793463711175521,0.8389704913428393
5,theta,3.875,III-a,15.249003204747476,15.249003204747476,1.0
5,theta,3.875,III-b,15.249003204747476,15.249003204747476,1.0
5,theta,3.9000000000000004,vis,15.291911583335997,15.291911583335997,1.0
5,theta,3.9000000000000004,I,15.291911583335997,15.291911583335997,1.0
5,theta,3.9000000000000004,II,15.291911583335997,12.829462574642656,0.8389704913428393
5,theta,3.9000000000000004,III-a,15.291911583335997,15.291911583335997,1.0
5,theta,3.9000000000000004,III-b,15.291911583335997,15.291911583335997,1.0
5,theta,3.9250000000000003,vis,15.334841776051785,15.334841776051785,1.0
5,theta,3.9250000000000003,I,15.334841776051785,15.334841776051785,1.0
5,theta,3.9250000000000003,II,15.334841776051785,12.865479739518864,0.8389704913428393
5,theta,3.9250000000000003,III-a,15.334841776051785,15.334841776051785,1.0
5,theta,3.9250000000000003,III-b,15.334841776051785,15.334841776051785,1.0
5,theta,3.95,vis,15.377793765701183,15.377793765701183,1.0
5,theta,3.95,I,15.377793765701183,15.377793765701183,1.0
5,theta,3.95,II,15.377793765701183,12.901515191379172,0.8389704913428393
5,theta,3.95,III-a,15.377793765701183,15.377793765701183,1.0
5,theta,3.95,III-b,15.377793765701183,15.377793765701183,1.0
5,theta,3.975,vis,15.420767535090526,15.420767535090526,1.0
5,theta,3.975,I,15.420767535090526,15.420767535090526,1.0
5,theta,3.975,II,15.420767535090526,12.937568915798604,0.8389704913428393
5,theta,3.975,III-a,15.420767535090526,15.420767535090526,1.0
5,theta,3.975,III-b,15.420767535090526,15.420767535090526,1.0
5,theta,4.0,vis,15.463763067026155,15.463763067026155,1.0
5,theta,4.0,I,15.463763067026155,15.463763067026155,1.0
5,theta,4.0,II,15.463763067026155,12.973640898352185,0.8389704913428393
5,theta,4.0,III-a,15.463763067026155,15.463763067026155,1.0
5,theta,4.0,III-b,15.463763067026155,15.463763067026155,1.0
