D,scan,x,W,case,baseline_value,response_value,response_ratio,relative_to_visible,observable
3,theta,0.0,0.1,vis,7.481310384700695e-05,7.481310384700695e-05,1.0,0.0,DeltaS_int^(2)
3,theta,0.0,0.1,I,7.481310384700695e-05,7.481310384700695e-05,1.0,0.0,DeltaS_int^(2)
3,theta,0.0,0.1,II,7.481310384700695e-05,6.520479370205834e-05,0.871569154989243,-0.12843084501075697,DeltaS_int^(2)
3,theta,0.0,0.1,III-a,7.481310384700695e-05,7.481310384700695e-05,1.0,0.0,DeltaS_int^(2)
3,theta,0.0,0.1,III-b,7.481310384700695e-05,7.487965284123867e-05,1.000889536602676,0.0008895366026759888,DeltaS_int^(2)
3,theta,0.025,0.1,vis,7.486933182121779e-05,7.486933182121779e-05,1.0,0.0,DeltaS_int^(2)
3,theta,0.025,0.1,I,7.486933182121779e-05,7.486933182121779e-05,1.0,0.0,DeltaS_int^(2)
3,theta,0.025,0.1,II,7.486933182121779e-05,6.525380027002804e-05,0.871569154989243,-0.12843084501075697,DeltaS_int^(2)
3,theta,0.025,0.1,III-a,7.486933182121779e-05,7.486933182121779e-05,1.0,0.0,DeltaS_int^(2)
3,theta,0.025,0.1,III-b,7.486933182121779e-05,7.49364807969027e-05,1.000896882262089,0.0008968822620889494,DeltaS_int^(2)
3,theta,0.05,0.1,vis,7.493354879599107e-05,7.493354879599107e-05,1.0,0.0,DeltaS_int^(2)
3,theta,0.05,0.1,I,7.493354879599107e-05,7.493354879599107e-05,1.0,0.0,DeltaS_int^(2)
3,theta,0.05,0.1,II,7.493354879599107e-05,6.530976980446714e-05,0.871569154989243,-0.12843084501075697,DeltaS_int^(2)
3,theta,0.05,0.1,III-a,7.493354879599107e-05,7.493354879599107e-05,1.0,0.0,DeltaS_int^(2)
3,theta,0.05,0.1,III-b,7.493354879599107e-05,7.500127560112868e-05,1.0009038248718474,0.0009038248718473696,DeltaS_int^(2)
3,theta,0.07500000000000001,0.1,vis,7.500543065184553e-05,7.500543065184553e-05,1.0,0.0,DeltaS_int^(2)
3,theta,0.07500000000000001,0.1,I,7.500543065184553e-05,7.500543065184553e-05,1.0,0.0,DeltaS_int^(2)
3,theta,0.07500000000000001,0.1,II,7.500543065184553e-05,6.537241981283327e-05,0.871569154989243,-0.12843084501075697,DeltaS_int^(2)
3,theta,0.07500000000000001,0.1,III-a,7.500543065184553e-05,7.500543065184553e-05,1.0,0.0,DeltaS_int^(2)
3,theta,0.07500000000000001,0.1,III-b,7.500543065184553e-05,7.507371353026465e-05,1.0009103724600432,0.0009103724600432184,DeltaS_int^(2)
3,theta,0.1,0.1,vis,7.508465326929988e-05,7.508465326929988e-05,1.0,0.0,DeltaS_int^(2)
3,theta,0.1,0.1,I,7.508465326929988e-05,7.508465326929988e-05,1.0,0.0,DeltaS_int^(2)
3,theta,0.1,0.1,II,7.508465326929988e-05,6.5441467802584e-05,0.871569154989243,-0.12843084501075697,DeltaS_int^(2)
3,theta,0.1,0.1,III-a,7.508465326929988e-05,7.508465326929988e-05,1.0,0.0,DeltaS_int^(2)
3,theta,0.1,0.1,III-b,7.508465326929988e-05,7.51534718367375e-05,1.0009165463838636,0.0009165463838636256,DeltaS_int^(2)
3,theta,0.125,0.1,vis,7.517089252887283e-05,7.517089252887283e-05,1.0,0.0,DeltaS_int^(2)
3,theta,0.125,0.1,I,7.517089252887283e-05,7.517089252887283e-05,1.0,0.0,DeltaS_int^(2)
3,theta,0.125,0.1,II,7.517089252887283e-05,6.55166312811769e-05,0.871569154989243,-0.12843084501075697,DeltaS_int^(2)
3,theta,0.125,0.1,III-a,7.517089252887283e-05,7.517089252887283e-05,1.0,0.0,DeltaS_int^(2)
3,theta,0.125,0.1,III-b,7.517089252887283e-05,7.524022735396965e-05,1.0009223626694361,0.0009223626694361275,DeltaS_int^(2)
3,theta,0.15000000000000002,0.1,vis,7.526382431108306e-05,7.526382431108306e-05,1.0,0.0,DeltaS_int^(2)
3,theta,0.15000000000000002,0.1,I,7.526382431108306e-05,7.526382431108306e-05,1.0,0.0,DeltaS_int^(2)
3,theta,0.15000000000000002,0.1,II,7.526382431108306e-05,6.55976277560695e-05,0.871569154989243,-0.12843084501075697,DeltaS_int^(2)
3,theta,0.15000000000000002,0.1,III-a,7.526382431108306e-05,7.526382431108306e-05,1.0,0.0,DeltaS_int^(2)
3,theta,0.15000000000000002,0.1,III-b,7.526382431108306e-05,7.53336570545968e-05,1.0009278394255534,0.0009278394255534117,DeltaS_int^(2)
3,theta,0.17500000000000002,0.1,vis,7.536312449644931e-05,7.536312449644931e-05,1.0,0.0,DeltaS_int^(2)
3,theta,0.17500000000000002,0.1,I,7.536312449644931e-05,7.536312449644931e-05,1.0,0.0,DeltaS_int^(2)
3,theta,0.17500000000000002,0.1,II,7.536312449644931e-05,6.568417473471945e-05,0.871569154989243,-0.12843084501075697,DeltaS_int^(2)
3,theta,0.17500000000000002,0.1,III-a,7.536312449644931e-05,7.536312449644931e-05,1.0,0.0,DeltaS_int^(2)
3,theta,0.17500000000000002,0.1,III-b,7.536312449644931e-05,7.543343770722913e-05,1.0009329922458712,0.0009329922458711781,DeltaS_int^(2)
3,theta,0.2,0.1,vis,7.546846896549026e-05,7.546846896549026e-05,1.0,0.0,DeltaS_int^(2)
3,theta,0.2,0.1,I,7.546846896549026e-05,7.546846896549026e-05,1.0,0.0,DeltaS_int^(2)
3,theta,0.2,0.1,II,7.546846896549026e-05,6.577598972458426e-05,0.871569154989243,-0.12843084501075697,DeltaS_int^(2)
3,theta,0.2,0.1,III-a,7.546846896549026e-05,7.546846896549026e-05,1.0,0.0,DeltaS_int^(2)
3,theta,0.2,0.1,III-b,7.546846896549026e-05,7.553924619241085e-05,1.0009378383832452,0.0009378383832452375,DeltaS_int^(2)
3,theta,0.225,0.1,vis,7.557953359872463e-05,7.557953359872463e-05,1.0,0.0,DeltaS_int^(2)
3,theta,0.225,0.1,I,7.557953359872463e-05,7.557953359872463e-05,1.0,0.0,DeltaS_int^(2)
3,theta,0.225,0.1,II,7.557953359872463e-05,6.587279023312153e-05,0.871569154989243,-0.12843084501075697,DeltaS_int^(2)
3,theta,0.225,0.1,III-a,7.557953359872463e-05,7.557953359872463e-05,1.0,0.0,DeltaS_int^(2)
3,theta,0.225,0.1,III-b,7.557953359872463e-05,7.565075920164263e-05,1.000942392728912,0.0009423927289120559,DeltaS_int^(2)
3,theta,0.25,0.1,vis,7.569599427667114e-05,7.569599427667114e-05,1.0,0.0,DeltaS_int^(2)
3,theta,0.25,0.1,I,7.569599427667114e-05,7.569599427667114e-05,1.0,0.0,DeltaS_int^(2)
3,theta,0.25,0.1,II,7.569599427667114e-05,6.597429376778884e-05,0.871569154989243,-0.12843084501075697,DeltaS_int^(2)
3,theta,0.25,0.1,III-a,7.569599427667114e-05,7.569599427667114e-05,1.0,0.0,DeltaS_int^(2)
3,theta,0.25,0.1,III-b,7.569599427667114e-05,7.576765351601353e-05,1.000946671485422,0.0009466714854220459,DeltaS_int^(2)
3,theta,0.275,0.1,vis,7.581752687984849e-05,7.581752687984849e-05,1.0,0.0,DeltaS_int^(2)
3,theta,0.275,0.1,I,7.581752687984849e-05,7.581752687984849e-05,1.0,0.0,DeltaS_int^(2)
3,theta,0.275,0.1,II,7.581752687984849e-05,6.608021783604376e-05,0.871569154989243,-0.12843084501075697,DeltaS_int^(2)
3,theta,0.275,0.1,III-a,7.581752687984849e-05,7.581752687984849e-05,1.0,0.0,DeltaS_int^(2)
3,theta,0.275,0.1,III-b,7.581752687984849e-05,7.588960574296357e-05,1.0009506886610704,0.000950688661070398,DeltaS_int^(2)
3,theta,0.30000000000000004,0.1,vis,7.59438072887754e-05,7.59438072887754e-05,1.0,0.0,DeltaS_int^(2)
3,theta,0.30000000000000004,0.1,I,7.59438072887754e-05,7.59438072887754e-05,1.0,0.0,DeltaS_int^(2)
3,theta,0.30000000000000004,0.1,II,7.59438072887754e-05,6.619027994534389e-05,0.871569154989243,-0.12843084501075697,DeltaS_int^(2)
3,theta,0.30000000000000004,0.1,III-a,7.59438072887754e-05,7.59438072887754e-05,1.0,0.0,DeltaS_int^(2)
3,theta,0.30000000000000004,0.1,III-b,7.59438072887754e-05,7.601629256138674e-05,1.0009544592929838,0.000954459292983767,DeltaS_int^(2)
3,theta,0.325,0.1,vis,7.607451138397053e-05,7.607451138397053e-05,1.0,0.0,DeltaS_int^(2)
3,theta,0.325,0.1,I,7.607451138397053e-05,7.607451138397053e-05,1.0,0.0,DeltaS_int^(2)
3,theta,0.325,0.1,II,7.607451138397053e-05,6.630419760314674e-05,0.871569154989243,-0.12843084501075697,DeltaS_int^(2)
3,theta,0.325,0.1,III-a,7.607451138397053e-05,7.607451138397053e-05,1.0,0.0,DeltaS_int^(2)
3,theta,0.325,0.1,III-b,7.607451138397053e-05,7.614739049187026e-05,1.0009579963981876,0.0009579963981876105,DeltaS_int^(2)
3,theta,0.35000000000000003,0.1,vis,7.620931504595264e-05,7.620931504595264e-05,1.0,0.0,DeltaS_int^(2)
3,theta,0.35000000000000003,0.1,I,7.620931504595264e-05,7.620931504595264e-05,1.0,0.0,DeltaS_int^(2)
3,theta,0.35000000000000003,0.1,II,7.620931504595264e-05,6.642168831690995e-05,0.871569154989243,-0.12843084501075697,DeltaS_int^(2)
3,theta,0.35000000000000003,0.1,III-a,7.620931504595264e-05,7.620931504595264e-05,1.0,0.0,DeltaS_int^(2)
3,theta,0.35000000000000003,0.1,III-b,7.620931504595264e-05,7.628257611185069e-05,1.0009613137954838,0.0009613137954838091,DeltaS_int^(2)
3,theta,0.375,0.1,vis,7.634789415524039e-05,7.634789415524039e-05,1.0,0.0,DeltaS_int^(2)
3,theta,0.375,0.1,I,7.634789415524039e-05,7.634789415524039e-05,1.0,0.0,DeltaS_int^(2)
3,theta,0.375,0.1,II,7.634789415524039e-05,6.654246959409103e-05,0.871569154989243,-0.12843084501075697,DeltaS_int^(2)
3,theta,0.375,0.1,III-a,7.634789415524039e-05,7.634789415524039e-05,1.0,0.0,DeltaS_int^(2)
3,theta,0.375,0.1,III-b,7.634789415524039e-05,7.642152585538978e-05,1.000964423458749,0.0009644234587489198,DeltaS_int^(2)
3,theta,0.4,0.1,vis,7.648992459235256e-05,7.648992459235256e-05,1.0,0.0,DeltaS_int^(2)
3,theta,0.4,0.1,I,7.648992459235256e-05,7.648992459235256e-05,1.0,0.0,DeltaS_int^(2)
3,theta,0.4,0.1,II,7.648992459235256e-05,6.666625894214763e-05,0.871569154989243,-0.12843084501075697,DeltaS_int^(2)
3,theta,0.4,0.1,III-a,7.648992459235256e-05,7.648992459235256e-05,1.0,0.0,DeltaS_int^(2)
3,theta,0.4,0.1,III-b,7.648992459235256e-05,7.656391620170878e-05,1.0009673379827548,0.0009673379827548345,DeltaS_int^(2)
3,theta,0.42500000000000004,0.1,vis,7.663508223780779e-05,7.663508223780779e-05,1.0,0.0,DeltaS_int^(2)
3,theta,0.42500000000000004,0.1,I,7.663508223780779e-05,7.663508223780779e-05,1.0,0.0,DeltaS_int^(2)
3,theta,0.42500000000000004,0.1,II,7.663508223780779e-05,6.679277386853728e-05,0.871569154989243,-0.12843084501075697,DeltaS_int^(2)
3,theta,0.42500000000000004,0.1,III-a,7.663508223780779e-05,7.663508223780779e-05,1.0,0.0,DeltaS_int^(2)
3,theta,0.42500000000000004,0.1,III-b,7.663508223780779e-05,7.670942350091585e-05,1.0009700682890557,0.0009700682890556589,DeltaS_int^(2)
3,theta,0.45,0.1,vis,7.678304297212481e-05,7.678304297212481e-05,1.0,0.0,DeltaS_int^(2)
3,theta,0.45,0.1,I,7.678304297212481e-05,7.678304297212481e-05,1.0,0.0,DeltaS_int^(2)
3,theta,0.45,0.1,II,7.678304297212481e-05,6.692173188071756e-05,0.871569154989243,-0.12843084501075697,DeltaS_int^(2)
3,theta,0.45,0.1,III-a,7.678304297212481e-05,7.678304297212481e-05,1.0,0.0,DeltaS_int^(2)
3,theta,0.45,0.1,III-b,7.678304297212481e-05,7.685772413896652e-05,1.000972625777137,0.0009726257771369706,DeltaS_int^(2)
3,theta,0.47500000000000003,0.1,vis,7.693348267582234e-05,7.693348267582234e-05,1.0,0.0,DeltaS_int^(2)
3,theta,0.47500000000000003,0.1,I,7.693348267582234e-05,7.693348267582234e-05,1.0,0.0,DeltaS_int^(2)
3,theta,0.47500000000000003,0.1,II,7.693348267582234e-05,6.705285048614605e-05,0.871569154989243,-0.12843084501075697,DeltaS_int^(2)
3,theta,0.47500000000000003,0.1,III-a,7.693348267582234e-05,7.693348267582234e-05,1.0,0.0,DeltaS_int^(2)
3,theta,0.47500000000000003,0.1,III-b,7.693348267582234e-05,7.700849438611862e-05,1.0009750203381844,0.000975020338184418,DeltaS_int^(2)
3,theta,0.5,0.1,vis,7.708607722941907e-05,7.708607722941907e-05,1.0,0.0,DeltaS_int^(2)
3,theta,0.5,0.1,I,7.708607722941907e-05,7.708607722941907e-05,1.0,0.0,DeltaS_int^(2)
3,theta,0.5,0.1,II,7.708607722941907e-05,6.71858471922803e-05,0.871569154989243,-0.12843084501075697,DeltaS_int^(2)
3,theta,0.5,0.1,III-a,7.708607722941907e-05,7.708607722941907e-05,1.0,0.0,DeltaS_int^(2)
3,theta,0.5,0.1,III-b,7.708607722941907e-05,7.716141054108622e-05,1.0009772622291175,0.000977262229117537,DeltaS_int^(2)
3,theta,0.525,0.1,vis,7.724678903091194e-05,7.724678903091194e-05,1.0,0.0,DeltaS_int^(2)
3,theta,0.525,0.1,I,7.724678903091194e-05,7.724678903091194e-05,1.0,0.0,DeltaS_int^(2)
3,theta,0.525,0.1,II,7.724678903091194e-05,6.732591864130424e-05,0.871569154989243,-0.12843084501075697,DeltaS_int^(2)
3,theta,0.525,0.1,III-a,7.724678903091194e-05,7.724678903091194e-05,1.0,0.0,DeltaS_int^(2)
3,theta,0.525,0.1,III-b,7.724678903091194e-05,7.732244147359183e-05,1.0009793603543782,0.0009793603543781781,DeltaS_int^(2)
3,theta,0.55,0.1,vis,7.742116681000438e-05,7.742116681000438e-05,1.0,0.0,DeltaS_int^(2)
3,theta,0.55,0.1,I,7.742116681000438e-05,7.742116681000438e-05,1.0,0.0,DeltaS_int^(2)
3,theta,0.55,0.1,II,7.742116681000438e-05,6.747790093487676e-05,0.871569154989243,-0.12843084501075697,DeltaS_int^(2)
3,theta,0.55,0.1,III-a,7.742116681000438e-05,7.742116681000438e-05,1.0,0.0,DeltaS_int^(2)
3,theta,0.55,0.1,III-b,7.742116681000438e-05,7.749714205110183e-05,1.0009813238966534,0.0009813238966533966,DeltaS_int^(2)
3,theta,0.5750000000000001,0.1,vis,7.760826594477474e-05,7.760826594477474e-05,1.0,0.0,DeltaS_int^(2)
3,theta,0.5750000000000001,0.1,I,7.760826594477474e-05,7.760826594477474e-05,1.0,0.0,DeltaS_int^(2)
3,theta,0.5750000000000001,0.1,II,7.760826594477474e-05,6.764097076966777e-05,0.871569154989243,-0.12843084501075697,DeltaS_int^(2)
3,theta,0.5750000000000001,0.1,III-a,7.760826594477474e-05,7.760826594477474e-05,1.0,0.0,DeltaS_int^(2)
3,theta,0.5750000000000001,0.1,III-b,7.760826594477474e-05,7.768456735204624e-05,1.0009831608314221,0.0009831608314221363,DeltaS_int^(2)
3,theta,0.6000000000000001,0.1,vis,7.780714181330144e-05,7.780714181330144e-05,1.0,0.0,DeltaS_int^(2)
3,theta,0.6000000000000001,0.1,I,7.780714181330144e-05,7.780714181330144e-05,1.0,0.0,DeltaS_int^(2)
3,theta,0.6000000000000001,0.1,II,7.780714181330144e-05,6.781430484234734e-05,0.871569154989243,-0.12843084501075697,DeltaS_int^(2)
3,theta,0.6000000000000001,0.1,III-a,7.780714181330144e-05,7.780714181330144e-05,1.0,0.0,DeltaS_int^(2)
3,theta,0.6000000000000001,0.1,III-b,7.780714181330144e-05,7.78837724601347e-05,1.0009848793445868,0.0009848793445867976,DeltaS_int^(2)
3,theta,0.625,0.1,vis,7.801684979366284e-05,7.801684979366284e-05,1.0,0.0,DeltaS_int^(2)
3,theta,0.625,0.1,I,7.801684979366284e-05,7.801684979366284e-05,1.0,0.0,DeltaS_int^(2)
3,theta,0.625,0.1,II,7.801684979366284e-05,6.799707984958542e-05,0.871569154989243,-0.12843084501075697,DeltaS_int^(2)
3,theta,0.625,0.1,III-a,7.801684979366284e-05,7.801684979366284e-05,1.0,0.0,DeltaS_int^(2)
3,theta,0.625,0.1,III-b,7.801684979366284e-05,7.809381236656247e-05,1.0009864865487799,0.0009864865487798635,DeltaS_int^(2)
3,theta,0.65,0.1,vis,7.823644526393735e-05,7.823644526393735e-05,1.0,0.0,DeltaS_int^(2)
3,theta,0.65,0.1,I,7.823644526393735e-05,7.823644526393735e-05,1.0,0.0,DeltaS_int^(2)
3,theta,0.65,0.1,II,7.823644526393735e-05,6.818847248805204e-05,0.871569154989243,-0.12843084501075697,DeltaS_int^(2)
3,theta,0.65,0.1,III-a,7.823644526393735e-05,7.823644526393735e-05,1.0,0.0,DeltaS_int^(2)
3,theta,0.65,0.1,III-b,7.823644526393735e-05,7.831374206717844e-05,1.000987989714772,0.0009879897147719863,DeltaS_int^(2)
3,theta,0.675,0.1,vis,7.846498360220337e-05,7.846498360220337e-05,1.0,0.0,DeltaS_int^(2)
3,theta,0.675,0.1,I,7.846498360220337e-05,7.846498360220337e-05,1.0,0.0,DeltaS_int^(2)
3,theta,0.675,0.1,II,7.846498360220337e-05,6.83876594544172e-05,0.871569154989243,-0.12843084501075697,DeltaS_int^(2)
3,theta,0.675,0.1,III-a,7.846498360220337e-05,7.846498360220337e-05,1.0,0.0,DeltaS_int^(2)
3,theta,0.675,0.1,III-b,7.846498360220337e-05,7.854261647739838e-05,1.0009893951624151,0.000989395162415141,DeltaS_int^(2)
3,theta,0.7000000000000001,0.1,vis,7.870152018653927e-05,7.870152018653927e-05,1.0,0.0,DeltaS_int^(2)
3,theta,0.7000000000000001,0.1,I,7.870152018653927e-05,7.870152018653927e-05,1.0,0.0,DeltaS_int^(2)
3,theta,0.7000000000000001,0.1,II,7.870152018653927e-05,6.859381744535088e-05,0.871569154989243,-0.12843084501075697,DeltaS_int^(2)
3,theta,0.7000000000000001,0.1,III-a,7.870152018653927e-05,7.870152018653927e-05,1.0,0.0,DeltaS_int^(2)
3,theta,0.7000000000000001,0.1,III-b,7.870152018653927e-05,7.87794905168419e-05,1.0009907093296015,0.0009907093296015468,DeltaS_int^(2)
3,theta,0.7250000000000001,0.1,vis,7.894511039502348e-05,7.894511039502348e-05,1.0,0.0,DeltaS_int^(2)
3,theta,0.7250000000000001,0.1,I,7.894511039502348e-05,7.894511039502348e-05,1.0,0.0,DeltaS_int^(2)
3,theta,0.7250000000000001,0.1,II,7.894511039502348e-05,6.880612315752313e-05,0.871569154989243,-0.12843084501075697,DeltaS_int^(2)
3,theta,0.7250000000000001,0.1,III-a,7.894511039502348e-05,7.894511039502348e-05,1.0,0.0,DeltaS_int^(2)
3,theta,0.7250000000000001,0.1,III-b,7.894511039502348e-05,7.902341903527099e-05,1.0009919378142063,0.0009919378142062563,DeltaS_int^(2)
3,theta,0.75,0.1,vis,7.919480960573432e-05,7.919480960573432e-05,1.0,0.0,DeltaS_int^(2)
3,theta,0.75,0.1,I,7.919480960573432e-05,7.919480960573432e-05,1.0,0.0,DeltaS_int^(2)
3,theta,0.75,0.1,II,7.919480960573432e-05,6.902375328760385e-05,0.871569154989243,-0.12843084501075697,DeltaS_int^(2)
3,theta,0.75,0.1,III-a,7.919480960573432e-05,7.919480960573432e-05,1.0,0.0,DeltaS_int^(2)
3,theta,0.75,0.1,III-b,7.919480960573432e-05,7.927345688630766e-05,1.0009930863015504,0.0009930863015503721,DeltaS_int^(2)
3,theta,0.775,0.1,vis,7.944967319675025e-05,7.944967319675025e-05,1.0,0.0,DeltaS_int^(2)
3,theta,0.775,0.1,I,7.944967319675025e-05,7.944967319675025e-05,1.0,0.0,DeltaS_int^(2)
3,theta,0.775,0.1,II,7.944967319675025e-05,6.924588453226313e-05,0.871569154989243,-0.12843084501075697,DeltaS_int^(2)
3,theta,0.775,0.1,III-a,7.944967319675025e-05,7.944967319675025e-05,1.0,0.0,DeltaS_int^(2)
3,theta,0.775,0.1,III-b,7.944967319675025e-05,7.952865886294439e-05,1.0009941597368002,0.0009941597368001709,DeltaS_int^(2)
3,theta,0.8,0.1,vis,7.970875654614962e-05,7.970875654614962e-05,1.0,0.0,DeltaS_int^(2)
3,theta,0.8,0.1,I,7.970875654614962e-05,7.970875654614962e-05,1.0,0.0,DeltaS_int^(2)
3,theta,0.8,0.1,II,7.970875654614962e-05,6.947169358817092e-05,0.871569154989243,-0.12843084501075697,DeltaS_int^(2)
3,theta,0.8,0.1,III-a,7.970875654614962e-05,7.970875654614962e-05,1.0,0.0,DeltaS_int^(2)
3,theta,0.8,0.1,III-b,7.970875654614962e-05,7.97880797617503e-05,1.000995163129345,0.0009951631293450003,DeltaS_int^(2)
3,theta,0.8250000000000001,0.1,vis,7.997111503201082e-05,7.997111503201082e-05,1.0,0.0,DeltaS_int^(2)
3,theta,0.8250000000000001,0.1,I,7.997111503201082e-05,7.997111503201082e-05,1.0,0.0,DeltaS_int^(2)
3,theta,0.8250000000000001,0.1,II,7.997111503201082e-05,6.970035715199723e-05,0.871569154989243,-0.12843084501075697,DeltaS_int^(2)
3,theta,0.8250000000000001,0.1,III-a,7.997111503201082e-05,7.997111503201082e-05,1.0,0.0,DeltaS_int^(2)
3,theta,0.8250000000000001,0.1,III-b,7.997111503201082e-05,8.005077432669736e-05,1.0009961008378419,0.0009961008378418512,DeltaS_int^(2)
3,theta,0.8500000000000001,0.1,vis,8.023580403241227e-05,8.023580403241227e-05,1.0,0.0,DeltaS_int^(2)
3,theta,0.8500000000000001,0.1,I,8.023580403241227e-05,8.023580403241227e-05,1.0,0.0,DeltaS_int^(2)
3,theta,0.8500000000000001,0.1,II,8.023580403241227e-05,6.993105192041207e-05,0.871569154989243,-0.12843084501075697,DeltaS_int^(2)
3,theta,0.8500000000000001,0.1,III-a,8.023580403241227e-05,8.023580403241227e-05,1.0,0.0,DeltaS_int^(2)
3,theta,0.8500000000000001,0.1,III-b,8.023580403241227e-05,8.031579730508295e-05,1.0009969772676344,0.0009969772676343691,DeltaS_int^(2)
3,theta,0.875,0.1,vis,8.050187892543233e-05,8.050187892543233e-05,1.0,0.0,DeltaS_int^(2)
3,theta,0.875,0.1,I,8.050187892543233e-05,8.050187892543233e-05,1.0,0.0,DeltaS_int^(2)
3,theta,0.875,0.1,II,8.050187892543233e-05,7.016295459008541e-05,0.871569154989243,-0.12843084501075697,DeltaS_int^(2)
3,theta,0.875,0.1,III-a,8.050187892543233e-05,8.050187892543233e-05,1.0,0.0,DeltaS_int^(2)
3,theta,0.875,0.1,III-b,8.050187892543233e-05,8.058220339858581e-05,1.0009977962530276,0.0009977962530276496,DeltaS_int^(2)
3,theta,0.9,0.1,vis,8.076839508914942e-05,8.076839508914942e-05,1.0,0.0,DeltaS_int^(2)
3,theta,0.9,0.1,I,8.076839508914942e-05,8.076839508914942e-05,1.0,0.0,DeltaS_int^(2)
3,theta,0.9,0.1,II,8.076839508914942e-05,7.039524185768729e-05,0.871569154989243,-0.12843084501075697,DeltaS_int^(2)
3,theta,0.9,0.1,III-a,8.076839508914942e-05,8.076839508914942e-05,1.0,0.0,DeltaS_int^(2)
3,theta,0.9,0.1,III-b,8.076839508914942e-05,8.084904731197436e-05,1.000998561661847,0.000998561661847086,DeltaS_int^(2)
3,theta,0.925,0.1,vis,8.103440790164189e-05,8.103440790164189e-05,1.0,0.0,DeltaS_int^(2)
3,theta,0.925,0.1,I,8.103440790164189e-05,8.103440790164189e-05,1.0,0.0,DeltaS_int^(2)
3,theta,0.925,0.1,II,8.103440790164189e-05,7.062709041988766e-05,0.871569154989243,-0.12843084501075697,DeltaS_int^(2)
3,theta,0.925,0.1,III-a,8.103440790164189e-05,8.103440790164189e-05,1.0,0.0,DeltaS_int^(2)
3,theta,0.925,0.1,III-b,8.103440790164189e-05,8.11153837104527e-05,1.0009992768616154,0.0009992768616153835,DeltaS_int^(2)
3,theta,0.9500000000000001,0.1,vis,8.129897274098819e-05,8.129897274098819e-05,1.0,0.0,DeltaS_int^(2)
3,theta,0.9500000000000001,0.1,I,8.129897274098819e-05,8.129897274098819e-05,1.0,0.0,DeltaS_int^(2)
3,theta,0.9500000000000001,0.1,II,8.129897274098819e-05,7.085767697335658e-05,0.871569154989243,-0.12843084501075697,DeltaS_int^(2)
3,theta,0.9500000000000001,0.1,III-a,8.129897274098819e-05,8.129897274098819e-05,1.0,0.0,DeltaS_int^(2)
3,theta,0.9500000000000001,0.1,III-b,8.129897274098819e-05,8.138026726208593e-05,1.0009999452435485,0.0009999452435485168,DeltaS_int^(2)
3,theta,0.9750000000000001,0.1,vis,8.156114498526665e-05,8.156114498526665e-05,1.0,0.0,DeltaS_int^(2)
3,theta,0.9750000000000001,0.1,I,8.156114498526665e-05,8.156114498526665e-05,1.0,0.0,DeltaS_int^(2)
3,theta,0.9750000000000001,0.1,II,8.156114498526665e-05,7.108617821476398e-05,0.871569154989243,-0.12843084501075697,DeltaS_int^(2)
3,theta,0.9750000000000001,0.1,III-a,8.156114498526665e-05,8.156114498526665e-05,1.0,0.0,DeltaS_int^(2)
3,theta,0.9750000000000001,0.1,III-b,8.156114498526665e-05,8.164275260062204e-05,1.00100056976113,0.0010005697611299436,DeltaS_int^(2)
3,theta,1.0,0.1,vis,8.181998001255568e-05,8.181998001255568e-05,1.0,0.0,DeltaS_int^(2)
3,theta,1.0,0.1,I,8.181998001255568e-05,8.181998001255568e-05,1.0,0.0,DeltaS_int^(2)
3,theta,1.0,0.1,II,8.181998001255568e-05,7.131177084077991e-05,0.871569154989243,-0.12843084501075697,DeltaS_int^(2)
3,theta,1.0,0.1,III-a,8.181998001255568e-05,8.181998001255568e-05,1.0,0.0,DeltaS_int^(2)
3,theta,1.0,0.1,III-b,8.181998001255568e-05,8.19018943624446e-05,1.001001153384251,0.0010011533842511078,DeltaS_int^(2)
3,theta,1.0250000000000001,0.1,vis,8.207896496088628e-05,8.207896496088628e-05,1.0,0.0,DeltaS_int^(2)
3,theta,1.0250000000000001,0.1,I,8.207896496088628e-05,8.207896496088628e-05,1.0,0.0,DeltaS_int^(2)
3,theta,1.0250000000000001,0.1,II,8.207896496088628e-05,7.153749413335135e-05,0.871569154989243,-0.12843084501075697,DeltaS_int^(2)
3,theta,1.0250000000000001,0.1,III-a,8.207896496088628e-05,8.207896496088628e-05,1.0,0.0,DeltaS_int^(2)
3,theta,1.0250000000000001,0.1,III-b,8.207896496088628e-05,8.21611833534059e-05,1.0010016987002552,0.001001698700255238,DeltaS_int^(2)
3,theta,1.05,0.1,vis,8.234201925133657e-05,8.234201925133657e-05,1.0,0.0,DeltaS_int^(2)
3,theta,1.05,0.1,I,8.234201925133657e-05,8.234201925133657e-05,1.0,0.0,DeltaS_int^(2)
3,theta,1.05,0.1,II,8.234201925133657e-05,7.17667641389954e-05,0.871569154989243,-0.12843084501075697,DeltaS_int^(2)
3,theta,1.05,0.1,III-a,8.234201925133657e-05,8.234201925133657e-05,1.0,0.0,DeltaS_int^(2)
3,theta,1.05,0.1,III-b,8.234201925133657e-05,8.242454310708952e-05,1.0010022083075356,0.0010022083075356125,DeltaS_int^(2)
3,theta,1.075,0.1,vis,8.260884668655585e-05,8.260884668655585e-05,1.0,0.0,DeltaS_int^(2)
3,theta,1.075,0.1,I,8.260884668655585e-05,8.260884668655585e-05,1.0,0.0,DeltaS_int^(2)
3,theta,1.075,0.1,II,8.260884668655585e-05,7.199932270123741e-05,0.871569154989243,-0.12843084501075697,DeltaS_int^(2)
3,theta,1.075,0.1,III-a,8.260884668655585e-05,8.260884668655585e-05,1.0,0.0,DeltaS_int^(2)
3,theta,1.075,0.1,III-b,8.260884668655585e-05,8.269167729425307e-05,1.0010026844704842,0.0010026844704842386,DeltaS_int^(2)
3,theta,1.1,0.1,vis,8.287915106919326e-05,8.287915106919326e-05,1.0,0.0,DeltaS_int^(2)
3,theta,1.1,0.1,I,8.287915106919326e-05,8.287915106919326e-05,1.0,0.0,DeltaS_int^(2)
3,theta,1.1,0.1,II,8.287915106919326e-05,7.223491166360259e-05,0.871569154989243,-0.12843084501075697,DeltaS_int^(2)
3,theta,1.1,0.1,III-a,8.287915106919326e-05,8.287915106919326e-05,1.0,0.0,DeltaS_int^(2)
3,theta,1.1,0.1,III-b,8.287915106919326e-05,8.296228958730343e-05,1.0010031294606379,0.0010031294606378527,DeltaS_int^(2)
3,theta,1.125,0.1,vis,8.315263620189807e-05,8.315263620189807e-05,1.0,0.0,DeltaS_int^(2)
3,theta,1.125,0.1,I,8.315263620189807e-05,8.315263620189807e-05,1.0,0.0,DeltaS_int^(2)
3,theta,1.125,0.1,II,8.315263620189807e-05,7.247327286961623e-05,0.871569154989243,-0.12843084501075697,DeltaS_int^(2)
3,theta,1.125,0.1,III-a,8.315263620189807e-05,8.315263620189807e-05,1.0,0.0,DeltaS_int^(2)
3,theta,1.125,0.1,III-b,8.315263620189807e-05,8.323608363566126e-05,1.0010035452581514,0.0010035452581513837,DeltaS_int^(2)
3,theta,1.1500000000000001,0.1,vis,8.342900588731944e-05,8.342900588731944e-05,1.0,0.0,DeltaS_int^(2)
3,theta,1.1500000000000001,0.1,I,8.342900588731944e-05,8.342900588731944e-05,1.0,0.0,DeltaS_int^(2)
3,theta,1.1500000000000001,0.1,II,8.342900588731944e-05,7.27141481628036e-05,0.871569154989243,-0.12843084501075697,DeltaS_int^(2)
3,theta,1.1500000000000001,0.1,III-a,8.342900588731944e-05,8.342900588731944e-05,1.0,0.0,DeltaS_int^(2)
3,theta,1.1500000000000001,0.1,III-b,8.342900588731944e-05,8.351276309019375e-05,1.001003933847509,0.0010039338475089643,DeltaS_int^(2)
3,theta,1.175,0.1,vis,8.370796392810664e-05,8.370796392810664e-05,1.0,0.0,DeltaS_int^(2)
3,theta,1.175,0.1,I,8.370796392810664e-05,8.370796392810664e-05,1.0,0.0,DeltaS_int^(2)
3,theta,1.175,0.1,II,8.370796392810664e-05,7.295727938668994e-05,0.871569154989243,-0.12843084501075697,DeltaS_int^(2)
3,theta,1.175,0.1,III-a,8.370796392810664e-05,8.370796392810664e-05,1.0,0.0,DeltaS_int^(2)
3,theta,1.175,0.1,III-b,8.370796392810664e-05,8.379203158173709e-05,1.0010042969591597,0.0010042969591597117,DeltaS_int^(2)
3,theta,1.2000000000000002,0.1,vis,8.398921412690886e-05,8.398921412690886e-05,1.0,0.0,DeltaS_int^(2)
3,theta,1.2000000000000002,0.1,I,8.398921412690886e-05,8.398921412690886e-05,1.0,0.0,DeltaS_int^(2)
3,theta,1.2000000000000002,0.1,II,8.398921412690886e-05,7.320240838480054e-05,0.871569154989243,-0.12843084501075697,DeltaS_int^(2)
3,theta,1.2000000000000002,0.1,III-a,8.398921412690886e-05,8.398921412690886e-05,1.0,0.0,DeltaS_int^(2)
3,theta,1.2000000000000002,0.1,III-b,8.398921412690886e-05,8.407359274240295e-05,1.001004636325881,0.001004636325881103,DeltaS_int^(2)
3,theta,1.225,0.1,vis,8.42724602863753e-05,8.42724602863753e-05,1.0,0.0,DeltaS_int^(2)
3,theta,1.225,0.1,I,8.42724602863753e-05,8.42724602863753e-05,1.0,0.0,DeltaS_int^(2)
3,theta,1.225,0.1,II,8.42724602863753e-05,7.344927700066066e-05,0.871569154989243,-0.12843084501075697,DeltaS_int^(2)
3,theta,1.225,0.1,III-a,8.42724602863753e-05,8.42724602863753e-05,1.0,0.0,DeltaS_int^(2)
3,theta,1.225,0.1,III-b,8.42724602863753e-05,8.43571501868463e-05,1.0010049534590921,0.0010049534590921283,DeltaS_int^(2)
3,theta,1.25,0.1,vis,8.45574062091552e-05,8.45574062091552e-05,1.0,0.0,DeltaS_int^(2)
3,theta,1.25,0.1,I,8.45574062091552e-05,8.45574062091552e-05,1.0,0.0,DeltaS_int^(2)
3,theta,1.25,0.1,II,8.45574062091552e-05,7.369762707779557e-05,0.871569154989243,-0.12843084501075697,DeltaS_int^(2)
3,theta,1.25,0.1,III-a,8.45574062091552e-05,8.45574062091552e-05,1.0,0.0,DeltaS_int^(2)
3,theta,1.25,0.1,III-b,8.45574062091552e-05,8.464240753085109e-05,1.0010052498711424,0.0010052498711423663,DeltaS_int^(2)
3,theta,1.2750000000000001,0.1,vis,8.484375569789775e-05,8.484375569789775e-05,1.0,0.0,DeltaS_int^(2)
3,theta,1.2750000000000001,0.1,I,8.484375569789775e-05,8.484375569789775e-05,1.0,0.0,DeltaS_int^(2)
3,theta,1.2750000000000001,0.1,II,8.484375569789775e-05,7.394720045973051e-05,0.871569154989243,-0.12843084501075697,DeltaS_int^(2)
3,theta,1.2750000000000001,0.1,III-a,8.484375569789775e-05,8.484375569789775e-05,1.0,0.0,DeltaS_int^(2)
3,theta,1.2750000000000001,0.1,III-b,8.484375569789775e-05,8.492906837498601e-05,1.0010055268815778,0.001005526881577845,DeltaS_int^(2)
3,theta,1.3,0.1,vis,8.513121255525219e-05,8.513121255525219e-05,1.0,0.0,DeltaS_int^(2)
3,theta,1.3,0.1,I,8.513121255525219e-05,8.513121255525219e-05,1.0,0.0,DeltaS_int^(2)
3,theta,1.3,0.1,II,8.513121255525219e-05,7.419773898999079e-05,0.871569154989243,-0.12843084501075697,DeltaS_int^(2)
3,theta,1.3,0.1,III-a,8.513121255525219e-05,8.513121255525219e-05,1.0,0.0,DeltaS_int^(2)
3,theta,1.3,0.1,III-b,8.513121255525219e-05,8.521683632082171e-05,1.001005785809922,0.001005785809921944,DeltaS_int^(2)
3,theta,1.3250000000000002,0.1,vis,8.541948058386773e-05,8.541948058386773e-05,1.0,0.0,DeltaS_int^(2)
3,theta,1.3250000000000002,0.1,I,8.541948058386773e-05,8.541948058386773e-05,1.0,0.0,DeltaS_int^(2)
3,theta,1.3250000000000002,0.1,II,8.541948058386773e-05,7.444898451210166e-05,0.871569154989243,-0.12843084501075697,DeltaS_int^(2)
3,theta,1.3250000000000002,0.1,III-a,8.541948058386773e-05,8.541948058386773e-05,1.0,0.0,DeltaS_int^(2)
3,theta,1.3250000000000002,0.1,III-b,8.541948058386773e-05,8.550541495666459e-05,1.0010060278078192,0.0010060278078192209,DeltaS_int^(2)
3,theta,1.35,0.1,vis,8.570826358639356e-05,8.570826358639356e-05,1.0,0.0,DeltaS_int^(2)
3,theta,1.35,0.1,I,8.570826358639356e-05,8.570826358639356e-05,1.0,0.0,DeltaS_int^(2)
3,theta,1.35,0.1,II,8.570826358639356e-05,7.470067886958834e-05,0.871569154989243,-0.12843084501075697,DeltaS_int^(2)
3,theta,1.35,0.1,III-a,8.570826358639356e-05,8.570826358639356e-05,1.0,0.0,DeltaS_int^(2)
3,theta,1.35,0.1,III-b,8.570826358639356e-05,8.579450787171151e-05,1.0010062540262645,0.0010062540262645303,DeltaS_int^(2)
3,theta,1.375,0.1,vis,8.599726536547892e-05,8.599726536547892e-05,1.0,0.0,DeltaS_int^(2)
3,theta,1.375,0.1,I,8.599726536547892e-05,8.599726536547892e-05,1.0,0.0,DeltaS_int^(2)
3,theta,1.375,0.1,II,8.599726536547892e-05,7.495256390597616e-05,0.871569154989243,-0.12843084501075697,DeltaS_int^(2)
3,theta,1.375,0.1,III-a,8.599726536547892e-05,8.599726536547892e-05,1.0,0.0,DeltaS_int^(2)
3,theta,1.375,0.1,III-b,8.599726536547892e-05,8.608381864359323e-05,1.0010064654701107,0.00100646547011074,DeltaS_int^(2)
3,theta,1.4000000000000001,0.1,vis,8.628618972377302e-05,8.628618972377302e-05,1.0,0.0,DeltaS_int^(2)
3,theta,1.4000000000000001,0.1,I,8.628618972377302e-05,8.628618972377302e-05,1.0,0.0,DeltaS_int^(2)
3,theta,1.4000000000000001,0.1,II,8.628618972377302e-05,7.520438146479036e-05,0.871569154989243,-0.12843084501075697,DeltaS_int^(2)
3,theta,1.4000000000000001,0.1,III-a,8.628618972377302e-05,8.628618972377302e-05,1.0,0.0,DeltaS_int^(2)
3,theta,1.4000000000000001,0.1,III-b,8.628618972377302e-05,8.63730508507324e-05,1.0010066631431687,0.0010066631431686623,DeltaS_int^(2)
3,theta,1.425,0.1,vis,8.657474046392507e-05,8.657474046392507e-05,1.0,0.0,DeltaS_int^(2)
3,theta,1.425,0.1,I,8.657474046392507e-05,8.657474046392507e-05,1.0,0.0,DeltaS_int^(2)
3,theta,1.425,0.1,II,8.657474046392507e-05,7.54558733895562e-05,0.871569154989243,-0.12843084501075697,DeltaS_int^(2)
3,theta,1.425,0.1,III-a,8.657474046392507e-05,8.657474046392507e-05,1.0,0.0,DeltaS_int^(2)
3,theta,1.425,0.1,III-b,8.657474046392507e-05,8.666190806146322e-05,1.0010068479220504,0.0010068479220504134,DeltaS_int^(2)
3,theta,1.4500000000000002,0.1,vis,8.686262138858427e-05,8.686262138858427e-05,1.0,0.0,DeltaS_int^(2)
3,theta,1.4500000000000002,0.1,I,8.686262138858427e-05,8.686262138858427e-05,1.0,0.0,DeltaS_int^(2)
3,theta,1.4500000000000002,0.1,II,8.686262138858427e-05,7.570678152379895e-05,0.871569154989243,-0.12843084501075697,DeltaS_int^(2)
3,theta,1.4500000000000002,0.1,III-a,8.686262138858427e-05,8.686262138858427e-05,1.0,0.0,DeltaS_int^(2)
3,theta,1.4500000000000002,0.1,III-b,8.686262138858427e-05,8.695009384482423e-05,1.0010070206821027,0.0010070206821026773,DeltaS_int^(2)
3,theta,1.475,0.1,vis,8.714953630039987e-05,8.714953630039987e-05,1.0,0.0,DeltaS_int^(2)
3,theta,1.475,0.1,I,8.714953630039987e-05,8.714953630039987e-05,1.0,0.0,DeltaS_int^(2)
3,theta,1.475,0.1,II,8.714953630039987e-05,7.595684771104387e-05,0.871569154989243,-0.12843084501075697,DeltaS_int^(2)
3,theta,1.475,0.1,III-a,8.714953630039987e-05,8.714953630039987e-05,1.0,0.0,DeltaS_int^(2)
3,theta,1.475,0.1,III-b,8.714953630039987e-05,8.723731176105159e-05,1.0010071821879714,0.001007182187971356,DeltaS_int^(2)
3,theta,1.5,0.1,vis,8.743518900202107e-05,8.743518900202107e-05,1.0,0.0,DeltaS_int^(2)
3,theta,1.5,0.1,I,8.743518900202107e-05,8.743518900202107e-05,1.0,0.0,DeltaS_int^(2)
3,theta,1.5,0.1,II,8.743518900202107e-05,7.620581379481626e-05,0.871569154989243,-0.12843084501075697,DeltaS_int^(2)
3,theta,1.5,0.1,III-a,8.743518900202107e-05,8.743518900202107e-05,1.0,0.0,DeltaS_int^(2)
3,theta,1.5,0.1,III-b,8.743518900202107e-05,8.752326537100735e-05,1.001007333202931,0.0010073332029310045,DeltaS_int^(2)
3,theta,1.5250000000000001,0.1,vis,8.772099219481034e-05,8.772099219481034e-05,1.0,0.0,DeltaS_int^(2)
3,theta,1.5250000000000001,0.1,I,8.772099219481034e-05,8.772099219481034e-05,1.0,0.0,DeltaS_int^(2)
3,theta,1.5250000000000001,0.1,II,8.772099219481034e-05,7.645491104204883e-05,0.871569154989243,-0.12843084501075697,DeltaS_int^(2)
3,theta,1.5250000000000001,0.1,III-a,8.772099219481034e-05,8.772099219481034e-05,1.0,0.0,DeltaS_int^(2)
3,theta,1.5250000000000001,0.1,III-b,8.772099219481034e-05,8.780936884825576e-05,1.0010074743939188,0.0010074743939187947,DeltaS_int^(2)
3,theta,1.55,0.1,vis,8.800841584626598e-05,8.800841584626598e-05,1.0,0.0,DeltaS_int^(2)
3,theta,1.55,0.1,I,8.800841584626598e-05,8.800841584626598e-05,1.0,0.0,DeltaS_int^(2)
3,theta,1.55,0.1,II,8.800841584626598e-05,7.670542063107194e-05,0.871569154989243,-0.12843084501075697,DeltaS_int^(2)
3,theta,1.55,0.1,III-a,8.800841584626598e-05,8.800841584626598e-05,1.0,0.0,DeltaS_int^(2)
3,theta,1.55,0.1,III-b,8.800841584626598e-05,8.809709369165667e-05,1.0010076064264761,0.0010076064264761264,DeltaS_int^(2)
3,theta,1.5750000000000002,0.1,vis,8.829724965824105e-05,8.829724965824105e-05,1.0,0.0,DeltaS_int^(2)
3,theta,1.5750000000000002,0.1,I,8.829724965824105e-05,8.829724965824105e-05,1.0,0.0,DeltaS_int^(2)
3,theta,1.5750000000000002,0.1,II,8.829724965824105e-05,7.695715927250738e-05,0.871569154989243,-0.12843084501075697,DeltaS_int^(2)
3,theta,1.5750000000000002,0.1,III-a,8.829724965824105e-05,8.829724965824105e-05,1.0,0.0,DeltaS_int^(2)
3,theta,1.5750000000000002,0.1,III-b,8.829724965824105e-05,8.838622943524702e-05,1.0010077298823052,0.0010077298823052416,DeltaS_int^(2)
3,theta,1.6,0.1,vis,8.85872833325885e-05,8.85872833325885e-05,1.0,0.0,DeltaS_int^(2)
3,theta,1.6,0.1,I,8.85872833325885e-05,8.85872833325885e-05,1.0,0.0,DeltaS_int^(2)
3,theta,1.6,0.1,II,8.85872833325885e-05,7.720994367697681e-05,0.871569154989243,-0.12843084501075697,DeltaS_int^(2)
3,theta,1.6,0.1,III-a,8.85872833325885e-05,8.85872833325885e-05,1.0,0.0,DeltaS_int^(2)
3,theta,1.6,0.1,III-b,8.85872833325885e-05,8.867656561343286e-05,1.0010078453417424,0.0010078453417423638,DeltaS_int^(2)
3,theta,1.625,0.1,vis,8.887830657116137e-05,8.887830657116137e-05,1.0,0.0,DeltaS_int^(2)
3,theta,1.625,0.1,I,8.887830657116137e-05,8.887830657116137e-05,1.0,0.0,DeltaS_int^(2)
3,theta,1.625,0.1,II,8.887830657116137e-05,7.7463590555102e-05,0.871569154989243,-0.12843084501075697,DeltaS_int^(2)
3,theta,1.625,0.1,III-a,8.887830657116137e-05,8.887830657116137e-05,1.0,0.0,DeltaS_int^(2)
3,theta,1.625,0.1,III-b,8.887830657116137e-05,8.896789175464891e-05,1.0010079533121596,0.0010079533121596373,DeltaS_int^(2)
3,theta,1.6500000000000001,0.1,vis,8.917010907581267e-05,8.917010907581267e-05,1.0,0.0,DeltaS_int^(2)
3,theta,1.6500000000000001,0.1,I,8.917010907581267e-05,8.917010907581267e-05,1.0,0.0,DeltaS_int^(2)
3,theta,1.6500000000000001,0.1,II,8.917010907581267e-05,7.771791661750468e-05,0.871569154989243,-0.12843084501075697,DeltaS_int^(2)
3,theta,1.6500000000000001,0.1,III-a,8.917010907581267e-05,8.917010907581267e-05,1.0,0.0,DeltaS_int^(2)
3,theta,1.6500000000000001,0.1,III-b,8.917010907581267e-05,8.925999738766475e-05,1.001008054299627,0.0010080542996269148,DeltaS_int^(2)
3,theta,1.675,0.1,vis,8.946248054839542e-05,8.946248054839542e-05,1.0,0.0,DeltaS_int^(2)
3,theta,1.675,0.1,I,8.946248054839542e-05,8.946248054839542e-05,1.0,0.0,DeltaS_int^(2)
3,theta,1.675,0.1,II,8.946248054839542e-05,7.797273857480658e-05,0.871569154989243,-0.12843084501075697,DeltaS_int^(2)
3,theta,1.675,0.1,III-a,8.946248054839542e-05,8.946248054839542e-05,1.0,0.0,DeltaS_int^(2)
3,theta,1.675,0.1,III-b,8.946248054839542e-05,8.955267203603768e-05,1.0010081487467082,0.0010081487467081818,DeltaS_int^(2)
3,theta,1.7000000000000002,0.1,vis,8.975521069076259e-05,8.975521069076259e-05,1.0,0.0,DeltaS_int^(2)
3,theta,1.7000000000000002,0.1,I,8.975521069076259e-05,8.975521069076259e-05,1.0,0.0,DeltaS_int^(2)
3,theta,1.7000000000000002,0.1,II,8.975521069076259e-05,7.822787313762943e-05,0.871569154989243,-0.12843084501075697,DeltaS_int^(2)
3,theta,1.7000000000000002,0.1,III-a,8.975521069076259e-05,8.975521069076259e-05,1.0,0.0,DeltaS_int^(2)
3,theta,1.7000000000000002,0.1,III-b,8.975521069076259e-05,8.984570522362824e-05,1.0010082370947513,0.0010082370947512853,DeltaS_int^(2)
3,theta,1.725,0.1,vis,9.00480892047672e-05,9.00480892047672e-05,1.0,0.0,DeltaS_int^(2)
3,theta,1.725,0.1,I,9.00480892047672e-05,9.00480892047672e-05,1.0,0.0,DeltaS_int^(2)
3,theta,1.725,0.1,II,9.00480892047672e-05,7.848313701659493e-05,0.871569154989243,-0.12843084501075697,DeltaS_int^(2)
3,theta,1.725,0.1,III-a,9.00480892047672e-05,9.00480892047672e-05,1.0,0.0,DeltaS_int^(2)
3,theta,1.725,0.1,III-b,9.00480892047672e-05,9.013888646974525e-05,1.0010083197298232,0.0010083197298231816,DeltaS_int^(2)
3,theta,1.75,0.1,vis,9.034090579226229e-05,9.034090579226229e-05,1.0,0.0,DeltaS_int^(2)
3,theta,1.75,0.1,I,9.034090579226229e-05,9.034090579226229e-05,1.0,0.0,DeltaS_int^(2)
3,theta,1.75,0.1,II,9.034090579226229e-05,7.873834692232486e-05,0.871569154989243,-0.12843084501075697,DeltaS_int^(2)
3,theta,1.75,0.1,III-a,9.034090579226229e-05,9.034090579226229e-05,1.0,0.0,DeltaS_int^(2)
3,theta,1.75,0.1,III-b,9.034090579226229e-05,9.043200529397151e-05,1.0010083970368717,0.001008397036871722,DeltaS_int^(2)
3,theta,1.7750000000000001,0.1,vis,9.063345015510083e-05,9.063345015510083e-05,1.0,0.0,DeltaS_int^(2)
3,theta,1.7750000000000001,0.1,I,9.063345015510083e-05,9.063345015510083e-05,1.0,0.0,DeltaS_int^(2)
3,theta,1.7750000000000001,0.1,II,9.063345015510083e-05,7.89933195654409e-05,0.871569154989243,-0.12843084501075697,DeltaS_int^(2)
3,theta,1.7750000000000001,0.1,III-a,9.063345015510083e-05,9.063345015510083e-05,1.0,0.0,DeltaS_int^(2)
3,theta,1.7750000000000001,0.1,III-b,9.063345015510083e-05,9.072485121191327e-05,1.0010084693527173,0.0010084693527172561,DeltaS_int^(2)
3,theta,1.8,0.1,vis,9.092551199513582e-05,9.092551199513582e-05,1.0,0.0,DeltaS_int^(2)
3,theta,1.8,0.1,I,9.092551199513582e-05,9.092551199513582e-05,1.0,0.0,DeltaS_int^(2)
3,theta,1.8,0.1,II,9.092551199513582e-05,7.924787165656481e-05,0.871569154989243,-0.12843084501075697,DeltaS_int^(2)
3,theta,1.8,0.1,III-a,9.092551199513582e-05,9.092551199513582e-05,1.0,0.0,DeltaS_int^(2)
3,theta,1.8,0.1,III-b,9.092551199513582e-05,9.101721373942357e-05,1.0010085370131614,0.0010085370131613924,DeltaS_int^(2)
3,theta,1.8250000000000002,0.1,vis,9.12168810142203e-05,9.12168810142203e-05,1.0,0.0,DeltaS_int^(2)
3,theta,1.8250000000000002,0.1,I,9.12168810142203e-05,9.12168810142203e-05,1.0,0.0,DeltaS_int^(2)
3,theta,1.8250000000000002,0.1,II,9.12168810142203e-05,7.950181990631832e-05,0.871569154989243,-0.12843084501075697,DeltaS_int^(2)
3,theta,1.8250000000000002,0.1,III-a,9.12168810142203e-05,9.12168810142203e-05,1.0,0.0,DeltaS_int^(2)
3,theta,1.8250000000000002,0.1,III-b,9.12168810142203e-05,9.130888238887995e-05,1.001008600312099,0.0010086003120990394,DeltaS_int^(2)
3,theta,1.85,0.1,vis,9.150734691420727e-05,9.150734691420727e-05,1.0,0.0,DeltaS_int^(2)
3,theta,1.85,0.1,I,9.150734691420727e-05,9.150734691420727e-05,1.0,0.0,DeltaS_int^(2)
3,theta,1.85,0.1,II,9.150734691420727e-05,7.975498102532315e-05,0.871569154989243,-0.12843084501075697,DeltaS_int^(2)
3,theta,1.85,0.1,III-a,9.150734691420727e-05,9.150734691420727e-05,1.0,0.0,DeltaS_int^(2)
3,theta,1.85,0.1,III-b,9.150734691420727e-05,9.15996466728817e-05,1.001008659542506,0.001008659542506063,DeltaS_int^(2)
3,theta,1.875,0.1,vis,9.179669939694971e-05,9.179669939694971e-05,1.0,0.0,DeltaS_int^(2)
3,theta,1.875,0.1,I,9.179669939694971e-05,9.179669939694971e-05,1.0,0.0,DeltaS_int^(2)
3,theta,1.875,0.1,II,9.179669939694971e-05,8.000717172420102e-05,0.871569154989243,-0.12843084501075697,DeltaS_int^(2)
3,theta,1.875,0.1,III-a,9.179669939694971e-05,9.179669939694971e-05,1.0,0.0,DeltaS_int^(2)
3,theta,1.875,0.1,III-b,9.179669939694971e-05,9.188929610098915e-05,1.0010087149608617,0.0010087149608617452,DeltaS_int^(2)
3,theta,1.9000000000000001,0.1,vis,9.208472816430066e-05,9.208472816430066e-05,1.0,0.0,DeltaS_int^(2)
3,theta,1.9000000000000001,0.1,I,9.208472816430066e-05,9.208472816430066e-05,1.0,0.0,DeltaS_int^(2)
3,theta,1.9000000000000001,0.1,II,9.208472816430066e-05,8.025820871357368e-05,0.871569154989243,-0.12843084501075697,DeltaS_int^(2)
3,theta,1.9000000000000001,0.1,III-a,9.208472816430066e-05,9.208472816430066e-05,1.0,0.0,DeltaS_int^(2)
3,theta,1.9000000000000001,0.1,III-b,9.208472816430066e-05,9.217762018296143e-05,1.0010087668228225,0.001008766822822471,DeltaS_int^(2)
3,theta,1.925,0.1,vis,9.237122291811313e-05,9.237122291811313e-05,1.0,0.0,DeltaS_int^(2)
3,theta,1.925,0.1,I,9.237122291811313e-05,9.237122291811313e-05,1.0,0.0,DeltaS_int^(2)
3,theta,1.925,0.1,II,9.237122291811313e-05,8.050790870406286e-05,0.871569154989243,-0.12843084501075697,DeltaS_int^(2)
3,theta,1.925,0.1,III-a,9.237122291811313e-05,9.237122291811313e-05,1.0,0.0,DeltaS_int^(2)
3,theta,1.925,0.1,III-b,9.237122291811313e-05,9.24644084258993e-05,1.001008815352253,0.0010088153522529453,DeltaS_int^(2)
3,theta,1.9500000000000002,0.1,vis,9.265597336024009e-05,9.265597336024009e-05,1.0,0.0,DeltaS_int^(2)
3,theta,1.9500000000000002,0.1,I,9.265597336024009e-05,9.265597336024009e-05,1.0,0.0,DeltaS_int^(2)
3,theta,1.9500000000000002,0.1,II,9.265597336024009e-05,8.075608840629027e-05,0.871569154989243,-0.12843084501075697,DeltaS_int^(2)
3,theta,1.9500000000000002,0.1,III-a,9.265597336024009e-05,9.265597336024009e-05,1.0,0.0,DeltaS_int^(2)
3,theta,1.9500000000000002,0.1,III-b,9.265597336024009e-05,9.274945033708113e-05,1.0010088607722851,0.001008860772285125,DeltaS_int^(2)
3,theta,1.975,0.1,vis,9.293876919253457e-05,9.293876919253457e-05,1.0,0.0,DeltaS_int^(2)
3,theta,1.975,0.1,I,9.293876919253457e-05,9.293876919253457e-05,1.0,0.0,DeltaS_int^(2)
3,theta,1.975,0.1,II,9.293876919253457e-05,8.100256453087765e-05,0.871569154989243,-0.12843084501075697,DeltaS_int^(2)
3,theta,1.975,0.1,III-a,9.293876919253457e-05,9.293876919253457e-05,1.0,0.0,DeltaS_int^(2)
3,theta,1.975,0.1,III-b,9.293876919253457e-05,9.303253542145899e-05,1.0010089032783527,0.0010089032783526797,DeltaS_int^(2)
3,theta,2.0,0.1,vis,9.32194001168496e-05,9.32194001168496e-05,1.0,0.0,DeltaS_int^(2)
3,theta,2.0,0.1,I,9.32194001168496e-05,9.32194001168496e-05,1.0,0.0,DeltaS_int^(2)
3,theta,2.0,0.1,II,9.32194001168496e-05,8.124715378844674e-05,0.871569154989243,-0.12843084501075697,DeltaS_int^(2)
3,theta,2.0,0.1,III-a,9.32194001168496e-05,9.32194001168496e-05,1.0,0.0,DeltaS_int^(2)
3,theta,2.0,0.1,III-b,9.32194001168496e-05,9.331345318414327e-05,1.0010089430652394,0.0010089430652393538,DeltaS_int^(2)
3,theta,2.025,0.1,vis,9.34990485869738e-05,9.34990485869738e-05,1.0,0.0,DeltaS_int^(2)
3,theta,2.025,0.1,I,9.34990485869738e-05,9.34990485869738e-05,1.0,0.0,DeltaS_int^(2)
3,theta,2.025,0.1,II,9.34990485869738e-05,8.149088676924692e-05,0.871569154989243,-0.12843084501075697,DeltaS_int^(2)
3,theta,2.025,0.1,III-a,9.34990485869738e-05,9.34990485869738e-05,1.0,0.0,DeltaS_int^(2)
3,theta,2.025,0.1,III-b,9.34990485869738e-05,9.359338728540256e-05,1.001008980303591,0.0010089803035910894,DeltaS_int^(2)
3,theta,2.0500000000000003,0.1,vis,9.377899088290995e-05,9.377899088290995e-05,1.0,0.0,DeltaS_int^(2)
3,theta,2.0500000000000003,0.1,I,9.377899088290995e-05,9.377899088290995e-05,1.0,0.0,DeltaS_int^(2)
3,theta,2.0500000000000003,0.1,II,9.377899088290995e-05,8.173487583956175e-05,0.871569154989243,-0.12843084501075697,DeltaS_int^(2)
3,theta,2.0500000000000003,0.1,III-a,9.377899088290995e-05,9.377899088290995e-05,1.0,0.0,DeltaS_int^(2)
3,theta,2.0500000000000003,0.1,III-b,9.377899088290995e-05,9.387361530672673e-05,1.0010090151634807,0.001009015163480731,DeltaS_int^(2)
3,theta,2.075,0.1,vis,9.405915744583218e-05,9.405915744583218e-05,1.0,0.0,DeltaS_int^(2)
3,theta,2.075,0.1,I,9.405915744583218e-05,9.405915744583218e-05,1.0,0.0,DeltaS_int^(2)
3,theta,2.075,0.1,II,9.405915744583218e-05,8.197906037406413e-05,0.871569154989243,-0.12843084501075697,DeltaS_int^(2)
3,theta,2.075,0.1,III-a,9.405915744583218e-05,9.405915744583218e-05,1.0,0.0,DeltaS_int^(2)
3,theta,2.075,0.1,III-b,9.405915744583218e-05,9.415406763115281e-05,1.0010090477939406,0.0010090477939406206,DeltaS_int^(2)
3,theta,2.1,0.1,vis,9.43394787169147e-05,9.43394787169147e-05,1.0,0.0,DeltaS_int^(2)
3,theta,2.1,0.1,I,9.43394787169147e-05,9.43394787169147e-05,1.0,0.0,DeltaS_int^(2)
3,theta,2.1,0.1,II,9.43394787169147e-05,8.222337974742701e-05,0.871569154989243,-0.12843084501075697,DeltaS_int^(2)
3,theta,2.1,0.1,III-a,9.43394787169147e-05,9.43394787169147e-05,1.0,0.0,DeltaS_int^(2)
3,theta,2.1,0.1,III-b,9.43394787169147e-05,9.443467464182492e-05,1.001009078343499,0.0010090783434990591,DeltaS_int^(2)
3,theta,2.125,0.1,vis,9.46198851373316e-05,9.46198851373316e-05,1.0,0.0,DeltaS_int^(2)
3,theta,2.125,0.1,I,9.46198851373316e-05,9.46198851373316e-05,1.0,0.0,DeltaS_int^(2)
3,theta,2.125,0.1,II,9.46198851373316e-05,8.246777333432334e-05,0.871569154989243,-0.12843084501075697,DeltaS_int^(2)
3,theta,2.125,0.1,III-a,9.46198851373316e-05,9.46198851373316e-05,1.0,0.0,DeltaS_int^(2)
3,theta,2.125,0.1,III-b,9.46198851373316e-05,9.471536672030707e-05,1.0010091069423397,0.0010091069423396881,DeltaS_int^(2)
3,theta,2.15,0.1,vis,9.49003071482571e-05,9.49003071482571e-05,1.0,0.0,DeltaS_int^(2)
3,theta,2.15,0.1,I,9.49003071482571e-05,9.49003071482571e-05,1.0,0.0,DeltaS_int^(2)
3,theta,2.15,0.1,II,9.49003071482571e-05,8.271218050942605e-05,0.871569154989243,-0.12843084501075697,DeltaS_int^(2)
3,theta,2.15,0.1,III-a,9.49003071482571e-05,9.49003071482571e-05,1.0,0.0,DeltaS_int^(2)
3,theta,2.15,0.1,III-b,9.49003071482571e-05,9.499607424825821e-05,1.001009133720205,0.0010091337202049466,DeltaS_int^(2)
3,theta,2.1750000000000003,0.1,vis,9.518067519086532e-05,9.518067519086532e-05,1.0,0.0,DeltaS_int^(2)
3,theta,2.1750000000000003,0.1,I,9.518067519086532e-05,9.518067519086532e-05,1.0,0.0,DeltaS_int^(2)
3,theta,2.1750000000000003,0.1,II,9.518067519086532e-05,8.295654064740809e-05,0.871569154989243,-0.12843084501075697,DeltaS_int^(2)
3,theta,2.1750000000000003,0.1,III-a,9.518067519086532e-05,9.518067519086532e-05,1.0,0.0,DeltaS_int^(2)
3,theta,2.1750000000000003,0.1,III-b,9.518067519086532e-05,9.527672760595204e-05,1.0010091587908376,0.0010091587908376276,DeltaS_int^(2)
3,theta,2.2,0.1,vis,9.54609197063304e-05,9.54609197063304e-05,1.0,0.0,DeltaS_int^(2)
3,theta,2.2,0.1,I,9.54609197063304e-05,9.54609197063304e-05,1.0,0.0,DeltaS_int^(2)
3,theta,2.2,0.1,II,9.54609197063304e-05,8.320079312294237e-05,0.871569154989243,-0.12843084501075697,DeltaS_int^(2)
3,theta,2.2,0.1,III-a,9.54609197063304e-05,9.54609197063304e-05,1.0,0.0,DeltaS_int^(2)
3,theta,2.2,0.1,III-b,9.54609197063304e-05,9.555725717374639e-05,1.0010091822675955,0.0010091822675954987,DeltaS_int^(2)
3,theta,2.225,0.1,vis,9.574097113582653e-05,9.574097113582653e-05,1.0,0.0,DeltaS_int^(2)
3,theta,2.225,0.1,I,9.574097113582653e-05,9.574097113582653e-05,1.0,0.0,DeltaS_int^(2)
3,theta,2.225,0.1,II,9.574097113582653e-05,8.344487731070184e-05,0.871569154989243,-0.12843084501075697,DeltaS_int^(2)
3,theta,2.225,0.1,III-a,9.574097113582653e-05,9.574097113582653e-05,1.0,0.0,DeltaS_int^(2)
3,theta,2.225,0.1,III-b,9.574097113582653e-05,9.583759333078442e-05,1.0010092042498797,0.0010092042498797138,DeltaS_int^(2)
3,theta,2.25,0.1,vis,9.602075992052786e-05,9.602075992052786e-05,1.0,0.0,DeltaS_int^(2)
3,theta,2.25,0.1,I,9.602075992052786e-05,9.602075992052786e-05,1.0,0.0,DeltaS_int^(2)
3,theta,2.25,0.1,II,9.602075992052786e-05,8.368873258535944e-05,0.871569154989243,-0.12843084501075697,DeltaS_int^(2)
3,theta,2.25,0.1,III-a,9.602075992052786e-05,9.602075992052786e-05,1.0,0.0,DeltaS_int^(2)
3,theta,2.25,0.1,III-b,9.602075992052786e-05,9.61176664562837e-05,1.0010092248367546,0.0010092248367545853,DeltaS_int^(2)
3,theta,2.275,0.1,vis,9.630021650160855e-05,9.630021650160855e-05,1.0,0.0,DeltaS_int^(2)
3,theta,2.275,0.1,I,9.630021650160855e-05,9.630021650160855e-05,1.0,0.0,DeltaS_int^(2)
3,theta,2.275,0.1,II,9.630021650160855e-05,8.393229832158812e-05,0.871569154989243,-0.12843084501075697,DeltaS_int^(2)
3,theta,2.275,0.1,III-a,9.630021650160855e-05,9.630021650160855e-05,1.0,0.0,DeltaS_int^(2)
3,theta,2.275,0.1,III-b,9.630021650160855e-05,9.639740692839635e-05,1.0010092441151073,0.0010092441151072773,DeltaS_int^(2)
3,theta,2.3000000000000003,0.1,vis,9.657927132024273e-05,9.657927132024273e-05,1.0,0.0,DeltaS_int^(2)
3,theta,2.3000000000000003,0.1,I,9.657927132024273e-05,9.657927132024273e-05,1.0,0.0,DeltaS_int^(2)
3,theta,2.3000000000000003,0.1,II,9.657927132024273e-05,8.41755138940608e-05,0.871569154989243,-0.12843084501075697,DeltaS_int^(2)
3,theta,2.3000000000000003,0.1,III-a,9.657927132024273e-05,9.657927132024273e-05,1.0,0.0,DeltaS_int^(2)
3,theta,2.3000000000000003,0.1,III-b,9.657927132024273e-05,9.667674512534033e-05,1.0010092621715314,0.001009262171531411,DeltaS_int^(2)
3,theta,2.325,0.1,vis,9.685785481760458e-05,9.685785481760458e-05,1.0,0.0,DeltaS_int^(2)
3,theta,2.325,0.1,I,9.685785481760458e-05,9.685785481760458e-05,1.0,0.0,DeltaS_int^(2)
3,theta,2.325,0.1,II,9.685785481760458e-05,8.441831867745041e-05,0.871569154989243,-0.12843084501075697,DeltaS_int^(2)
3,theta,2.325,0.1,III-a,9.685785481760458e-05,9.685785481760458e-05,1.0,0.0,DeltaS_int^(2)
3,theta,2.325,0.1,III-b,9.685785481760458e-05,9.69556114243987e-05,1.0010092790819929,0.0010092790819928865,DeltaS_int^(2)
3,theta,2.35,0.1,vis,9.713589743486826e-05,9.713589743486826e-05,1.0,0.0,DeltaS_int^(2)
3,theta,2.35,0.1,I,9.713589743486826e-05,9.713589743486826e-05,1.0,0.0,DeltaS_int^(2)
3,theta,2.35,0.1,II,9.713589743486826e-05,8.466065204642992e-05,0.871569154989243,-0.12843084501075697,DeltaS_int^(2)
3,theta,2.35,0.1,III-a,9.713589743486826e-05,9.713589743486826e-05,1.0,0.0,DeltaS_int^(2)
3,theta,2.35,0.1,III-b,9.713589743486826e-05,9.723393620291281e-05,1.001009294922202,0.0010092949222020309,DeltaS_int^(2)
3,theta,2.375,0.1,vis,9.741332961320791e-05,9.741332961320791e-05,1.0,0.0,DeltaS_int^(2)
3,theta,2.375,0.1,I,9.741332961320791e-05,9.741332961320791e-05,1.0,0.0,DeltaS_int^(2)
3,theta,2.375,0.1,II,9.741332961320791e-05,8.490245337567223e-05,0.871569154989243,-0.12843084501075697,DeltaS_int^(2)
3,theta,2.375,0.1,III-a,9.741332961320791e-05,9.741332961320791e-05,1.0,0.0,DeltaS_int^(2)
3,theta,2.375,0.1,III-b,9.741332961320791e-05,9.751164983740335e-05,1.0010093097585908,0.001009309758590815,DeltaS_int^(2)
3,theta,2.4000000000000004,0.1,vis,9.769008179379771e-05,9.769008179379771e-05,1.0,0.0,DeltaS_int^(2)
3,theta,2.4000000000000004,0.1,I,9.769008179379771e-05,9.769008179379771e-05,1.0,0.0,DeltaS_int^(2)
3,theta,2.4000000000000004,0.1,II,9.769008179379771e-05,8.51436620398503e-05,0.871569154989243,-0.12843084501075697,DeltaS_int^(2)
3,theta,2.4000000000000004,0.1,III-a,9.769008179379771e-05,9.769008179379771e-05,1.0,0.0,DeltaS_int^(2)
3,theta,2.4000000000000004,0.1,III-b,9.769008179379771e-05,9.778868270444263e-05,1.0010093236573703,0.0010093236573702757,DeltaS_int^(2)
3,theta,2.4250000000000003,0.1,vis,9.796608441781179e-05,9.796608441781179e-05,1.0,0.0,DeltaS_int^(2)
3,theta,2.4250000000000003,0.1,I,9.796608441781179e-05,9.796608441781179e-05,1.0,0.0,DeltaS_int^(2)
3,theta,2.4250000000000003,0.1,II,9.796608441781179e-05,8.538421741363707e-05,0.871569154989243,-0.12843084501075697,DeltaS_int^(2)
3,theta,2.4250000000000003,0.1,III-a,9.796608441781179e-05,9.796608441781179e-05,1.0,0.0,DeltaS_int^(2)
3,theta,2.4250000000000003,0.1,III-b,9.796608441781179e-05,9.806496517988234e-05,1.0010093366766486,0.0010093366766485978,DeltaS_int^(2)
3,theta,2.45,0.1,vis,9.824126792642432e-05,9.824126792642432e-05,1.0,0.0,DeltaS_int^(2)
3,theta,2.45,0.1,I,9.824126792642432e-05,9.824126792642432e-05,1.0,0.0,DeltaS_int^(2)
3,theta,2.45,0.1,II,9.824126792642432e-05,8.562405887170546e-05,0.871569154989243,-0.12843084501075697,DeltaS_int^(2)
3,theta,2.45,0.1,III-a,9.824126792642432e-05,9.824126792642432e-05,1.0,0.0,DeltaS_int^(2)
3,theta,2.45,0.1,III-b,9.824126792642432e-05,9.834042763961977e-05,1.001009348874342,0.0010093488743418977,DeltaS_int^(2)
3,theta,2.475,0.1,vis,9.851556276080944e-05,9.851556276080944e-05,1.0,0.0,DeltaS_int^(2)
3,theta,2.475,0.1,I,9.851556276080944e-05,9.851556276080944e-05,1.0,0.0,DeltaS_int^(2)
3,theta,2.475,0.1,II,9.851556276080944e-05,8.586312578872842e-05,0.871569154989243,-0.12843084501075697,DeltaS_int^(2)
3,theta,2.475,0.1,III-a,9.851556276080944e-05,9.851556276080944e-05,1.0,0.0,DeltaS_int^(2)
3,theta,2.475,0.1,III-b,9.851556276080944e-05,9.861500045891942e-05,1.0010093603012897,0.00100936030128973,DeltaS_int^(2)
3,theta,2.5,0.1,vis,9.878889936214135e-05,9.878889936214135e-05,1.0,0.0,DeltaS_int^(2)
3,theta,2.5,0.1,I,9.878889936214135e-05,9.878889936214135e-05,1.0,0.0,DeltaS_int^(2)
3,theta,2.5,0.1,II,9.878889936214135e-05,8.61013575393789e-05,0.871569154989243,-0.12843084501075697,DeltaS_int^(2)
3,theta,2.5,0.1,III-a,9.878889936214135e-05,9.878889936214135e-05,1.0,0.0,DeltaS_int^(2)
3,theta,2.5,0.1,III-b,9.878889936214135e-05,9.888861401308601e-05,1.001009371008165,0.0010093710081648943,DeltaS_int^(2)
3,theta,2.5250000000000004,0.1,vis,9.906120817159416e-05,9.906120817159416e-05,1.0,0.0,DeltaS_int^(2)
3,theta,2.5250000000000004,0.1,I,9.906120817159416e-05,9.906120817159416e-05,1.0,0.0,DeltaS_int^(2)
3,theta,2.5250000000000004,0.1,II,9.906120817159416e-05,8.633869349832982e-05,0.871569154989243,-0.12843084501075697,DeltaS_int^(2)
3,theta,2.5250000000000004,0.1,III-a,9.906120817159416e-05,9.906120817159416e-05,1.0,0.0,DeltaS_int^(2)
3,theta,2.5250000000000004,0.1,III-b,9.906120817159416e-05,9.916119867686826e-05,1.001009381039457,0.0010093810394569136,DeltaS_int^(2)
3,theta,2.5500000000000003,0.1,vis,9.933241963034205e-05,9.933241963034205e-05,1.0,0.0,DeltaS_int^(2)
3,theta,2.5500000000000003,0.1,I,9.933241963034205e-05,9.933241963034205e-05,1.0,0.0,DeltaS_int^(2)
3,theta,2.5500000000000003,0.1,II,9.933241963034205e-05,8.657507304025412e-05,0.871569154989243,-0.12843084501075697,DeltaS_int^(2)
3,theta,2.5500000000000003,0.1,III-a,9.933241963034205e-05,9.933241963034205e-05,1.0,0.0,DeltaS_int^(2)
3,theta,2.5500000000000003,0.1,III-b,9.933241963034205e-05,9.943268482505047e-05,1.0010093904395116,0.0010093904395116482,DeltaS_int^(2)
3,theta,2.575,0.1,vis,9.960246417955916e-05,9.960246417955916e-05,1.0,0.0,DeltaS_int^(2)
3,theta,2.575,0.1,I,9.960246417955916e-05,9.960246417955916e-05,1.0,0.0,DeltaS_int^(2)
3,theta,2.575,0.1,II,9.960246417955916e-05,8.681043553982472e-05,0.871569154989243,-0.12843084501075697,DeltaS_int^(2)
3,theta,2.575,0.1,III-a,9.960246417955916e-05,9.960246417955916e-05,1.0,0.0,DeltaS_int^(2)
3,theta,2.575,0.1,III-b,9.960246417955916e-05,9.970300283192833e-05,1.0010093992472708,0.0010093992472708369,DeltaS_int^(2)
3,theta,2.6,0.1,vis,9.987127226041965e-05,9.987127226041965e-05,1.0,0.0,DeltaS_int^(2)
3,theta,2.6,0.1,I,9.987127226041965e-05,9.987127226041965e-05,1.0,0.0,DeltaS_int^(2)
3,theta,2.6,0.1,II,9.987127226041965e-05,8.704472037171458e-05,0.871569154989243,-0.12843084501075697,DeltaS_int^(2)
3,theta,2.6,0.1,III-a,9.987127226041965e-05,9.987127226041965e-05,1.0,0.0,DeltaS_int^(2)
3,theta,2.6,0.1,III-b,9.987127226041965e-05,9.997208307182886e-05,1.001009407501552,0.0010094075015520954,DeltaS_int^(2)
3,theta,2.625,0.1,vis,0.0001001387743140977,0.0001001387743140977,1.0,0.0,DeltaS_int^(2)
3,theta,2.625,0.1,I,0.0001001387743140977,0.0001001387743140977,1.0,0.0,DeltaS_int^(2)
3,theta,2.625,0.1,II,0.0001001387743140977,8.727786691059665e-05,0.871569154989243,-0.12843084501075697,DeltaS_int^(2)
3,theta,2.625,0.1,III-a,0.0001001387743140977,0.0001001387743140977,1.0,0.0,DeltaS_int^(2)
3,theta,2.625,0.1,III-b,0.0001001387743140977,0.00010023985591864968,1.001009415236449,0.0010094152364490405,DeltaS_int^(2)
3,theta,2.6500000000000004,0.1,vis,0.00010040490078176745,0.00010040490078176745,1.0,0.0,DeltaS_int^(2)
3,theta,2.6500000000000004,0.1,I,0.00010040490078176745,0.00010040490078176745,1.0,0.0,DeltaS_int^(2)
3,theta,2.6500000000000004,0.1,II,0.00010040490078176745,8.750981453114385e-05,0.871569154989243,-0.12843084501075697,DeltaS_int^(2)
3,theta,2.6500000000000004,0.1,III-a,0.00010040490078176745,0.00010040490078176745,1.0,0.0,DeltaS_int^(2)
3,theta,2.6500000000000004,0.1,III-b,0.00010040490078176745,0.00010050625174631595,1.001009422485948,0.0010094224859480416,DeltaS_int^(2)
3,theta,2.6750000000000003,0.1,vis,0.00010066958210460304,0.00010066958210460304,1.0,0.0,DeltaS_int^(2)
3,theta,2.6750000000000003,0.1,I,0.00010066958210460304,0.00010066958210460304,1.0,0.0,DeltaS_int^(2)
3,theta,2.6750000000000003,0.1,II,0.00010066958210460304,8.77405026080291e-05,0.871569154989243,-0.12843084501075697,DeltaS_int^(2)
3,theta,2.6750000000000003,0.1,III-a,0.00010066958210460304,0.00010066958210460304,1.0,0.0,DeltaS_int^(2)
3,theta,2.6750000000000003,0.1,III-b,0.00010066958210460304,0.00010077120092837523,1.001009429279905,0.0010094292799049942,DeltaS_int^(2)
3,theta,2.7,0.1,vis,0.00010093274872377867,0.00010093274872377867,1.0,0.0,DeltaS_int^(2)
3,theta,2.7,0.1,I,0.00010093274872377867,0.00010093274872377867,1.0,0.0,DeltaS_int^(2)
3,theta,2.7,0.1,II,0.00010093274872377867,8.796987051592537e-05,0.871569154989243,-0.12843084501075697,DeltaS_int^(2)
3,theta,2.7,0.1,III-a,0.00010093274872377867,0.00010093274872377867,1.0,0.0,DeltaS_int^(2)
3,theta,2.7,0.1,III-b,0.00010093274872377867,0.00010103463383839946,1.001009435648083,0.0010094356480829791,DeltaS_int^(2)
3,theta,2.725,0.1,vis,0.00010119433108046845,0.00010119433108046845,1.0,0.0,DeltaS_int^(2)
3,theta,2.725,0.1,I,0.00010119433108046845,0.00010119433108046845,1.0,0.0,DeltaS_int^(2)
3,theta,2.725,0.1,II,0.00010119433108046845,8.819785762950559e-05,0.871569154989243,-0.12843084501075697,DeltaS_int^(2)
3,theta,2.725,0.1,III-a,0.00010119433108046845,0.00010119433108046845,1.0,0.0,DeltaS_int^(2)
3,theta,2.725,0.1,III-b,0.00010119433108046845,0.00010129648084962836,1.0010094416166324,0.0010094416166324116,DeltaS_int^(2)
3,theta,2.75,0.1,vis,0.00010145425961584656,0.00010145425961584656,1.0,0.0,DeltaS_int^(2)
3,theta,2.75,0.1,I,0.00010145425961584656,0.00010145425961584656,1.0,0.0,DeltaS_int^(2)
3,theta,2.75,0.1,II,0.00010145425961584656,8.842440332344267e-05,0.871569154989243,-0.12843084501075697,DeltaS_int^(2)
3,theta,2.75,0.1,III-a,0.00010145425961584656,0.00010145425961584656,1.0,0.0,DeltaS_int^(2)
3,theta,2.75,0.1,III-b,0.00010145425961584656,0.00010155667233532315,1.001009447211624,0.0010094472116239928,DeltaS_int^(2)
3,theta,2.7750000000000004,0.1,vis,0.00010171246477108715,0.00010171246477108715,1.0,0.0,DeltaS_int^(2)
3,theta,2.7750000000000004,0.1,I,0.00010171246477108715,0.00010171246477108715,1.0,0.0,DeltaS_int^(2)
3,theta,2.7750000000000004,0.1,II,0.00010171246477108715,8.864944697240958e-05,0.871569154989243,-0.12843084501075697,DeltaS_int^(2)
3,theta,2.7750000000000004,0.1,III-a,0.00010171246477108715,0.00010171246477108715,1.0,0.0,DeltaS_int^(2)
3,theta,2.7750000000000004,0.1,III-b,0.00010171246477108715,0.00010181513866845287,1.0010094524559678,0.0010094524559678408,DeltaS_int^(2)
3,theta,2.8000000000000003,0.1,vis,0.00010196887698736437,0.00010196887698736437,1.0,0.0,DeltaS_int^(2)
3,theta,2.8000000000000003,0.1,I,0.00010196887698736437,0.00010196887698736437,1.0,0.0,DeltaS_int^(2)
3,theta,2.8000000000000003,0.1,II,0.00010196887698736437,8.887292795107923e-05,0.871569154989243,-0.12843084501075697,DeltaS_int^(2)
3,theta,2.8000000000000003,0.1,III-a,0.00010196887698736437,0.00010196887698736437,1.0,0.0,DeltaS_int^(2)
3,theta,2.8000000000000003,0.1,III-b,0.00010196887698736437,0.00010207181022200532,1.001009457372505,0.0010094573725050182,DeltaS_int^(2)
3,theta,2.825,0.1,vis,0.0001022234267058524,0.0001022234267058524,1.0,0.0,DeltaS_int^(2)
3,theta,2.825,0.1,I,0.0001022234267058524,0.0001022234267058524,1.0,0.0,DeltaS_int^(2)
3,theta,2.825,0.1,II,0.0001022234267058524,8.90947856341246e-05,0.871569154989243,-0.12843084501075697,DeltaS_int^(2)
3,theta,2.825,0.1,III-a,0.0001022234267058524,0.0001022234267058524,1.0,0.0,DeltaS_int^(2)
3,theta,2.825,0.1,III-b,0.0001022234267058524,0.00010232661736871137,1.0010094619813117,0.0010094619813116879,DeltaS_int^(2)
3,theta,2.85,0.1,vis,0.00010247604436772537,0.00010247604436772537,1.0,0.0,DeltaS_int^(2)
3,theta,2.85,0.1,I,0.00010247604436772537,0.00010247604436772537,1.0,0.0,DeltaS_int^(2)
3,theta,2.85,0.1,II,0.00010247604436772537,8.931495939621858e-05,0.871569154989243,-0.12843084501075697,DeltaS_int^(2)
3,theta,2.85,0.1,III-a,0.00010247604436772537,0.00010247604436772537,1.0,0.0,DeltaS_int^(2)
3,theta,2.85,0.1,III-b,0.00010247604436772537,0.00010257949048131822,1.0010094663024038,0.0010094663024038386,DeltaS_int^(2)
3,theta,2.875,0.1,vis,0.00010272666041415748,0.00010272666041415748,1.0,0.0,DeltaS_int^(2)
3,theta,2.875,0.1,I,0.00010272666041415748,0.00010272666041415748,1.0,0.0,DeltaS_int^(2)
3,theta,2.875,0.1,II,0.00010272666041415748,8.953338861203415e-05,0.871569154989243,-0.12843084501075697,DeltaS_int^(2)
3,theta,2.875,0.1,III-a,0.00010272666041415748,0.00010272666041415748,1.0,0.0,DeltaS_int^(2)
3,theta,2.875,0.1,III-b,0.00010272666041415748,0.000102830359932347,1.0010094703533772,0.0010094703533771732,DeltaS_int^(2)
3,theta,2.9000000000000004,0.1,vis,0.00010297520528632284,0.00010297520528632284,1.0,0.0,DeltaS_int^(2)
3,theta,2.9000000000000004,0.1,I,0.00010297520528632284,0.00010297520528632284,1.0,0.0,DeltaS_int^(2)
3,theta,2.9000000000000004,0.1,II,0.00010297520528632284,8.975001265624423e-05,0.871569154989243,-0.12843084501075697,DeltaS_int^(2)
3,theta,2.9000000000000004,0.1,III-a,0.00010297520528632284,0.00010297520528632284,1.0,0.0,DeltaS_int^(2)
3,theta,2.9000000000000004,0.1,III-b,0.00010297520528632284,0.00010307915609433324,1.0010094741517763,0.001009474151776324,DeltaS_int^(2)
3,theta,2.9250000000000003,0.1,vis,0.00010322160942539558,0.00010322160942539558,1.0,0.0,DeltaS_int^(2)
3,theta,2.9250000000000003,0.1,I,0.00010322160942539558,0.00010322160942539558,1.0,0.0,DeltaS_int^(2)
3,theta,2.9250000000000003,0.1,II,0.00010322160942539558,8.996477090352172e-05,0.871569154989243,-0.12843084501075697,DeltaS_int^(2)
3,theta,2.9250000000000003,0.1,III-a,0.00010322160942539558,0.00010322160942539558,1.0,0.0,DeltaS_int^(2)
3,theta,2.9250000000000003,0.1,III-b,0.00010322160942539558,0.00010332580933961325,1.0010094777130265,0.0010094777130265076,DeltaS_int^(2)
3,theta,2.95,0.1,vis,0.00010346580327254994,0.00010346580327254994,1.0,0.0,DeltaS_int^(2)
3,theta,2.95,0.1,I,0.00010346580327254994,0.00010346580327254994,1.0,0.0,DeltaS_int^(2)
3,theta,2.95,0.1,II,0.00010346580327254994,9.01776027285396e-05,0.871569154989243,-0.12843084501075697,DeltaS_int^(2)
3,theta,2.95,0.1,III-a,0.00010346580327254994,0.00010346580327254994,1.0,0.0,DeltaS_int^(2)
3,theta,2.95,0.1,III-b,0.00010346580327254994,0.00010357025004053622,1.0010094810525092,0.001009481052509198,DeltaS_int^(2)
3,theta,2.975,0.1,vis,0.00010370771726896002,0.00010370771726896002,1.0,0.0,DeltaS_int^(2)
3,theta,2.975,0.1,I,0.00010370771726896002,0.00010370771726896002,1.0,0.0,DeltaS_int^(2)
3,theta,2.975,0.1,II,0.00010370771726896002,9.038844750597081e-05,0.871569154989243,-0.12843084501075697,DeltaS_int^(2)
3,theta,2.975,0.1,III-a,0.00010370771726896002,0.00010370771726896002,1.0,0.0,DeltaS_int^(2)
3,theta,2.975,0.1,III-b,0.00010370771726896002,0.00010381240856927584,1.0010094841837498,0.001009484183749798,DeltaS_int^(2)
3,theta,3.0,0.1,vis,0.0001039472818558,0.0001039472818558,1.0,0.0,DeltaS_int^(2)
3,theta,3.0,0.1,I,0.0001039472818558,0.0001039472818558,1.0,0.0,DeltaS_int^(2)
3,theta,3.0,0.1,II,0.0001039472818558,9.059724461048828e-05,0.871569154989243,-0.12843084501075697,DeltaS_int^(2)
3,theta,3.0,0.1,III-a,0.0001039472818558,0.0001039472818558,1.0,0.0,DeltaS_int^(2)
3,theta,3.0,0.1,III-b,0.0001039472818558,0.00010405221529801694,1.0010094871202357,0.0010094871202357414,DeltaS_int^(2)
3,theta,3.0250000000000004,0.1,vis,0.00010418512486162728,0.00010418512486162728,1.0,0.0,DeltaS_int^(2)
3,theta,3.0250000000000004,0.1,I,0.00010418512486162728,0.00010418512486162728,1.0,0.0,DeltaS_int^(2)
3,theta,3.0250000000000004,0.1,II,0.00010418512486162728,9.080454123809726e-05,0.871569154989243,-0.12843084501075697,DeltaS_int^(2)
3,theta,3.0250000000000004,0.1,III-a,0.00010418512486162728,0.00010418512486162728,1.0,0.0,DeltaS_int^(2)
3,theta,3.0250000000000004,0.1,III-b,0.00010418512486162728,0.00010429029869017878,1.0010094898738298,0.0010094898738297609,DeltaS_int^(2)
3,theta,3.0500000000000003,0.1,vis,0.00010442191302305436,0.00010442191302305436,1.0,0.0,DeltaS_int^(2)
3,theta,3.0500000000000003,0.1,I,0.00010442191302305436,0.00010442191302305436,1.0,0.0,DeltaS_int^(2)
3,theta,3.0500000000000003,0.1,II,0.00010442191302305436,9.101091849586371e-05,0.871569154989243,-0.12843084501075697,DeltaS_int^(2)
3,theta,3.0500000000000003,0.1,III-a,0.00010442191302305436,0.00010442191302305436,1.0,0.0,DeltaS_int^(2)
3,theta,3.0500000000000003,0.1,III-b,0.00010442191302305436,0.00010452732615652988,1.0010094924563606,0.0010094924563606167,DeltaS_int^(2)
3,theta,3.075,0.1,vis,0.00010465763514333808,0.00010465763514333808,1.0,0.0,DeltaS_int^(2)
3,theta,3.075,0.1,I,0.00010465763514333808,0.00010465763514333808,1.0,0.0,DeltaS_int^(2)
3,theta,3.075,0.1,II,0.00010465763514333808,9.121636662505168e-05,0.871569154989243,-0.12843084501075697,DeltaS_int^(2)
3,theta,3.075,0.1,III-a,0.00010465763514333808,0.00010465763514333808,1.0,0.0,DeltaS_int^(2)
3,theta,3.075,0.1,III-b,0.00010465763514333808,0.00010476328648998339,1.0010094948782342,0.0010094948782342072,DeltaS_int^(2)
3,theta,3.1,0.1,vis,0.00010489228002573521,0.00010489228002573521,1.0,0.0,DeltaS_int^(2)
3,theta,3.1,0.1,I,0.00010489228002573521,0.00010489228002573521,1.0,0.0,DeltaS_int^(2)
3,theta,3.1,0.1,II,0.00010489228002573521,9.142087586692509e-05,0.871569154989243,-0.12843084501075697,DeltaS_int^(2)
3,theta,3.1,0.1,III-a,0.00010489228002573521,0.00010489228002573521,1.0,0.0,DeltaS_int^(2)
3,theta,3.1,0.1,III-b,0.00010489228002573521,0.00010499816848346012,1.0010094971498278,0.0010094971498277872,DeltaS_int^(2)
3,theta,3.125,0.1,vis,0.00010512583647350257,0.00010512583647350257,1.0,0.0,DeltaS_int^(2)
3,theta,3.125,0.1,I,0.00010512583647350257,0.00010512583647350257,1.0,0.0,DeltaS_int^(2)
3,theta,3.125,0.1,II,0.00010512583647350257,9.162443646274799e-05,0.871569154989243,-0.12843084501075697,DeltaS_int^(2)
3,theta,3.125,0.1,III-a,0.00010512583647350257,0.00010512583647350257,1.0,0.0,DeltaS_int^(2)
3,theta,3.125,0.1,III-b,0.00010512583647350257,0.00010523196092976045,1.001009499280271,0.0010094992802709424,DeltaS_int^(2)
3,theta,3.1500000000000004,0.1,vis,0.00010535829328989698,0.00010535829328989698,1.0,0.0,DeltaS_int^(2)
3,theta,3.1500000000000004,0.1,I,0.00010535829328989698,0.00010535829328989698,1.0,0.0,DeltaS_int^(2)
3,theta,3.1500000000000004,0.1,II,0.00010535829328989698,9.182703865378434e-05,0.871569154989243,-0.12843084501075697,DeltaS_int^(2)
3,theta,3.1500000000000004,0.1,III-a,0.00010535829328989698,0.00010535829328989698,1.0,0.0,DeltaS_int^(2)
3,theta,3.1500000000000004,0.1,III-b,0.00010535829328989698,0.00010546465262169148,1.0010095012786686,0.001009501278668612,DeltaS_int^(2)
3,theta,3.1750000000000003,0.1,vis,0.00010558963927817525,0.00010558963927817525,1.0,0.0,DeltaS_int^(2)
3,theta,3.1750000000000003,0.1,I,0.00010558963927817525,0.00010558963927817525,1.0,0.0,DeltaS_int^(2)
3,theta,3.1750000000000003,0.1,II,0.00010558963927817525,9.202867268129819e-05,0.871569154989243,-0.12843084501075697,DeltaS_int^(2)
3,theta,3.1750000000000003,0.1,III-a,0.00010558963927817525,0.00010558963927817525,1.0,0.0,DeltaS_int^(2)
3,theta,3.1750000000000003,0.1,III-b,0.00010558963927817525,0.00010569623235195416,1.0010095031530328,0.0010095031530328313,DeltaS_int^(2)
3,theta,3.2,0.1,vis,0.00010581986324159416,0.00010581986324159416,1.0,0.0,DeltaS_int^(2)
3,theta,3.2,0.1,I,0.00010581986324159416,0.00010581986324159416,1.0,0.0,DeltaS_int^(2)
3,theta,3.2,0.1,II,0.00010581986324159416,9.222932878655348e-05,0.871569154989243,-0.12843084501075697,DeltaS_int^(2)
3,theta,3.2,0.1,III-a,0.00010581986324159416,0.00010581986324159416,1.0,0.0,DeltaS_int^(2)
3,theta,3.2,0.1,III-b,0.00010581986324159416,0.00010592668891325532,1.0010095049113537,0.0010095049113536536,DeltaS_int^(2)
3,theta,3.225,0.1,vis,0.00010604895398341054,0.00010604895398341054,1.0,0.0,DeltaS_int^(2)
3,theta,3.225,0.1,I,0.00010604895398341054,0.00010604895398341054,1.0,0.0,DeltaS_int^(2)
3,theta,3.225,0.1,II,0.00010604895398341054,9.242899721081424e-05,0.871569154989243,-0.12843084501075697,DeltaS_int^(2)
3,theta,3.225,0.1,III-a,0.00010604895398341054,0.00010604895398341054,1.0,0.0,DeltaS_int^(2)
3,theta,3.225,0.1,III-b,0.00010604895398341054,0.00010615601109820831,1.0010095065606637,0.0010095065606636755,DeltaS_int^(2)
3,theta,3.25,0.1,vis,0.00010627690030688118,0.00010627690030688118,1.0,0.0,DeltaS_int^(2)
3,theta,3.25,0.1,I,0.00010627690030688118,0.00010627690030688118,1.0,0.0,DeltaS_int^(2)
3,theta,3.25,0.1,II,0.00010627690030688118,9.262766819534445e-05,0.871569154989243,-0.12843084501075697,DeltaS_int^(2)
3,theta,3.25,0.1,III-a,0.00010627690030688118,0.00010627690030688118,1.0,0.0,DeltaS_int^(2)
3,theta,3.25,0.1,III-b,0.00010627690030688118,0.00010638418769943158,1.0010095081079764,0.001009508107976398,DeltaS_int^(2)
3,theta,3.2750000000000004,0.1,vis,0.00010650369101526291,0.00010650369101526291,1.0,0.0,DeltaS_int^(2)
3,theta,3.2750000000000004,0.1,I,0.00010650369101526291,0.00010650369101526291,1.0,0.0,DeltaS_int^(2)
3,theta,3.2750000000000004,0.1,II,0.00010650369101526291,9.282533198140812e-05,0.871569154989243,-0.12843084501075697,DeltaS_int^(2)
3,theta,3.2750000000000004,0.1,III-a,0.00010650369101526291,0.00010650369101526291,1.0,0.0,DeltaS_int^(2)
3,theta,3.2750000000000004,0.1,III-b,0.00010650369101526291,0.00010661120750946111,1.0010095095594649,0.0010095095594648829,DeltaS_int^(2)
3,theta,3.3000000000000003,0.1,vis,0.00010672931491181252,0.00010672931491181252,1.0,0.0,DeltaS_int^(2)
3,theta,3.3000000000000003,0.1,I,0.00010672931491181252,0.00010672931491181252,1.0,0.0,DeltaS_int^(2)
3,theta,3.3000000000000003,0.1,II,0.00010672931491181252,9.302197881026925e-05,0.871569154989243,-0.12843084501075697,DeltaS_int^(2)
3,theta,3.3000000000000003,0.1,III-a,0.00010672931491181252,0.00010672931491181252,1.0,0.0,DeltaS_int^(2)
3,theta,3.3000000000000003,0.1,III-b,0.00010672931491181252,0.00010683705932083747,1.001009510921287,0.0010095109212870934,DeltaS_int^(2)
3,theta,3.325,0.1,vis,0.00010695376079978681,0.00010695376079978681,1.0,0.0,DeltaS_int^(2)
3,theta,3.325,0.1,I,0.00010695376079978681,0.00010695376079978681,1.0,0.0,DeltaS_int^(2)
3,theta,3.325,0.1,II,0.00010695376079978681,9.321759892319182e-05,0.871569154989243,-0.12843084501075697,DeltaS_int^(2)
3,theta,3.325,0.1,III-a,0.00010695376079978681,0.00010695376079978681,1.0,0.0,DeltaS_int^(2)
3,theta,3.325,0.1,III-b,0.00010695376079978681,0.0001070617319260285,1.0010095121988634,0.0010095121988633604,DeltaS_int^(2)
3,theta,3.35,0.1,vis,0.00010717701748244261,0.00010717701748244261,1.0,0.0,DeltaS_int^(2)
3,theta,3.35,0.1,I,0.00010717701748244261,0.00010717701748244261,1.0,0.0,DeltaS_int^(2)
3,theta,3.35,0.1,II,0.00010717701748244261,9.341218256143984e-05,0.871569154989243,-0.12843084501075697,DeltaS_int^(2)
3,theta,3.35,0.1,III-a,0.00010717701748244261,0.00010717701748244261,1.0,0.0,DeltaS_int^(2)
3,theta,3.35,0.1,III-b,0.00010717701748244261,0.00010728521411750598,1.0010095133976002,0.001009513397600248,DeltaS_int^(2)
3,theta,3.375,0.1,vis,0.00010739907376303671,0.00010739907376303671,1.0,0.0,DeltaS_int^(2)
3,theta,3.375,0.1,I,0.00010739907376303671,0.00010739907376303671,1.0,0.0,DeltaS_int^(2)
3,theta,3.375,0.1,II,0.00010739907376303671,9.360571996627729e-05,0.871569154989243,-0.12843084501075697,DeltaS_int^(2)
3,theta,3.375,0.1,III-a,0.00010739907376303671,0.00010739907376303671,1.0,0.0,DeltaS_int^(2)
3,theta,3.375,0.1,III-b,0.00010739907376303671,0.00010750749468767762,1.0010095145222586,0.0010095145222586144,DeltaS_int^(2)
3,theta,3.4000000000000004,0.1,vis,0.00010761991844482594,0.00010761991844482594,1.0,0.0,DeltaS_int^(2)
3,theta,3.4000000000000004,0.1,I,0.00010761991844482594,0.00010761991844482594,1.0,0.0,DeltaS_int^(2)
3,theta,3.4000000000000004,0.1,II,0.00010761991844482594,9.37982013789682e-05,0.871569154989243,-0.12843084501075697,DeltaS_int^(2)
3,theta,3.4000000000000004,0.1,III-a,0.00010761991844482594,0.00010761991844482594,1.0,0.0,DeltaS_int^(2)
3,theta,3.4000000000000004,0.1,III-b,0.00010761991844482594,0.00010772856242895463,1.0010095155775869,0.0010095155775868836,DeltaS_int^(2)
3,theta,3.4250000000000003,0.1,vis,0.00010783954033106709,0.00010783954033106709,1.0,0.0,DeltaS_int^(2)
3,theta,3.4250000000000003,0.1,I,0.00010783954033106709,0.00010783954033106709,1.0,0.0,DeltaS_int^(2)
3,theta,3.4250000000000003,0.1,II,0.00010783954033106709,9.398961704077653e-05,0.871569154989243,-0.12843084501075697,DeltaS_int^(2)
3,theta,3.4250000000000003,0.1,III-a,0.00010783954033106709,0.00010783954033106709,1.0,0.0,DeltaS_int^(2)
3,theta,3.4250000000000003,0.1,III-b,0.00010783954033106709,0.00010794840613369158,1.0010095165677662,0.0010095165677661555,DeltaS_int^(2)
3,theta,3.45,0.1,vis,0.00010805792822501695,0.00010805792822501695,1.0,0.0,DeltaS_int^(2)
3,theta,3.45,0.1,I,0.00010805792822501695,0.00010805792822501695,1.0,0.0,DeltaS_int^(2)
3,theta,3.45,0.1,II,0.00010805792822501695,9.41799571929663e-05,0.871569154989243,-0.12843084501075697,DeltaS_int^(2)
3,theta,3.45,0.1,III-a,0.00010805792822501695,0.00010805792822501695,1.0,0.0,DeltaS_int^(2)
3,theta,3.45,0.1,III-b,0.00010805792822501695,0.00010816701459424619,1.0010095174969678,0.00100951749696776,DeltaS_int^(2)
3,theta,3.475,0.1,vis,0.00010827507092993235,0.00010827507092993235,1.0,0.0,DeltaS_int^(2)
3,theta,3.475,0.1,I,0.00010827507092993235,0.00010827507092993235,1.0,0.0,DeltaS_int^(2)
3,theta,3.475,0.1,II,0.00010827507092993235,9.436921207680149e-05,0.871569154989243,-0.12843084501075697,DeltaS_int^(2)
3,theta,3.475,0.1,III-a,0.00010827507092993235,0.00010827507092993235,1.0,0.0,DeltaS_int^(2)
3,theta,3.475,0.1,III-b,0.00010827507092993235,0.00010838437660292628,1.001009518368865,0.0010095183688649811,DeltaS_int^(2)
3,theta,3.5,0.1,vis,0.0001084909572490701,0.0001084909572490701,1.0,0.0,DeltaS_int^(2)
3,theta,3.5,0.1,I,0.0001084909572490701,0.0001084909572490701,1.0,0.0,DeltaS_int^(2)
3,theta,3.5,0.1,II,0.0001084909572490701,9.455737193354612e-05,0.871569154989243,-0.12843084501075697,DeltaS_int^(2)
3,theta,3.5,0.1,III-a,0.0001084909572490701,0.0001084909572490701,1.0,0.0,DeltaS_int^(2)
3,theta,3.5,0.1,III-b,0.0001084909572490701,0.00010860048095204235,1.0010095191871227,0.001009519187122665,DeltaS_int^(2)
3,theta,3.5250000000000004,0.1,vis,0.00010870557598568699,0.00010870557598568699,1.0,0.0,DeltaS_int^(2)
3,theta,3.5250000000000004,0.1,I,0.00010870557598568699,0.00010870557598568699,1.0,0.0,DeltaS_int^(2)
3,theta,3.5250000000000004,0.1,II,0.00010870557598568699,9.474442700446415e-05,0.871569154989243,-0.12843084501075697,DeltaS_int^(2)
3,theta,3.5250000000000004,0.1,III-a,0.00010870557598568699,0.00010870557598568699,1.0,0.0,DeltaS_int^(2)
3,theta,3.5250000000000004,0.1,III-b,0.00010870557598568699,0.00010881531643386085,1.0010095199549682,0.0010095199549682299,DeltaS_int^(2)
3,theta,3.5500000000000003,0.1,vis,0.00010891891594303984,0.00010891891594303984,1.0,0.0,DeltaS_int^(2)
3,theta,3.5500000000000003,0.1,I,0.00010891891594303984,0.00010891891594303984,1.0,0.0,DeltaS_int^(2)
3,theta,3.5500000000000003,0.1,II,0.00010891891594303984,9.493036753081962e-05,0.871569154989243,-0.12843084501075697,DeltaS_int^(2)
3,theta,3.5500000000000003,0.1,III-a,0.00010891891594303984,0.00010891891594303984,1.0,0.0,DeltaS_int^(2)
3,theta,3.5500000000000003,0.1,III-b,0.00010891891594303984,0.0001090288718406507,1.0010095206756222,0.0010095206756222108,DeltaS_int^(2)
3,theta,3.575,0.1,vis,0.00010913096592438545,0.00010913096592438545,1.0,0.0,DeltaS_int^(2)
3,theta,3.575,0.1,I,0.00010913096592438545,0.00010913096592438545,1.0,0.0,DeltaS_int^(2)
3,theta,3.575,0.1,II,0.00010913096592438545,9.51151837538765e-05,0.871569154989243,-0.12843084501075697,DeltaS_int^(2)
3,theta,3.575,0.1,III-a,0.00010913096592438545,0.00010913096592438545,1.0,0.0,DeltaS_int^(2)
3,theta,3.575,0.1,III-b,0.00010913096592438545,0.00010924113596464188,1.001009521351921,0.0010095213519210056,DeltaS_int^(2)
3,theta,3.6,0.1,vis,0.00010934171473298063,0.00010934171473298063,1.0,0.0,DeltaS_int^(2)
3,theta,3.6,0.1,I,0.00010934171473298063,0.00010934171473298063,1.0,0.0,DeltaS_int^(2)
3,theta,3.6,0.1,II,0.00010934171473298063,9.529886591489879e-05,0.871569154989243,-0.12843084501075697,DeltaS_int^(2)
3,theta,3.6,0.1,III-a,0.00010934171473298063,0.00010934171473298063,1.0,0.0,DeltaS_int^(2)
3,theta,3.6,0.1,III-b,0.00010934171473298063,0.00010945209759806648,1.0010095219866948,0.0010095219866947946,DeltaS_int^(2)
3,theta,3.625,0.1,vis,0.0001095511511720822,0.0001095511511720822,1.0,0.0,DeltaS_int^(2)
3,theta,3.625,0.1,I,0.0001095511511720822,0.0001095511511720822,1.0,0.0,DeltaS_int^(2)
3,theta,3.625,0.1,II,0.0001095511511720822,9.54814042551505e-05,0.871569154989243,-0.12843084501075697,DeltaS_int^(2)
3,theta,3.625,0.1,III-a,0.0001095511511720822,0.0001095511511720822,1.0,0.0,DeltaS_int^(2)
3,theta,3.625,0.1,III-b,0.0001095511511720822,0.00010966174553312236,1.0010095225824367,0.001009522582436695,DeltaS_int^(2)
3,theta,3.6500000000000004,0.1,vis,0.00010975926404494696,0.00010975926404494696,1.0,0.0,DeltaS_int^(2)
3,theta,3.6500000000000004,0.1,I,0.00010975926404494696,0.00010975926404494696,1.0,0.0,DeltaS_int^(2)
3,theta,3.6500000000000004,0.1,II,0.00010975926404494696,9.566278901589564e-05,0.871569154989243,-0.12843084501075697,DeltaS_int^(2)
3,theta,3.6500000000000004,0.1,III-a,0.00010975926404494696,0.00010975926404494696,1.0,0.0,DeltaS_int^(2)
3,theta,3.6500000000000004,0.1,III-b,0.00010975926404494696,0.00010987006856200913,1.0010095231416347,0.0010095231416347161,DeltaS_int^(2)
3,theta,3.6750000000000003,0.1,vis,0.00010996604215483169,0.00010996604215483169,1.0,0.0,DeltaS_int^(2)
3,theta,3.6750000000000003,0.1,I,0.00010996604215483169,0.00010996604215483169,1.0,0.0,DeltaS_int^(2)
3,theta,3.6750000000000003,0.1,II,0.00010996604215483169,9.584301043839814e-05,0.871569154989243,-0.12843084501075697,DeltaS_int^(2)
3,theta,3.6750000000000003,0.1,III-a,0.00010996604215483169,0.00010996604215483169,1.0,0.0,DeltaS_int^(2)
3,theta,3.6750000000000003,0.1,III-b,0.00010996604215483169,0.00011007705547689619,1.0010095236664804,0.0010095236664804386,DeltaS_int^(2)
3,theta,3.7,0.1,vis,0.00011017147430499324,0.00011017147430499324,1.0,0.0,DeltaS_int^(2)
3,theta,3.7,0.1,I,0.00011017147430499324,0.00011017147430499324,1.0,0.0,DeltaS_int^(2)
3,theta,3.7,0.1,II,0.00011017147430499324,9.602205876392206e-05,0.871569154989243,-0.12843084501075697,DeltaS_int^(2)
3,theta,3.7,0.1,III-a,0.00011017147430499324,0.00011017147430499324,1.0,0.0,DeltaS_int^(2)
3,theta,3.7,0.1,III-b,0.00011017147430499324,0.00011028269506995451,1.001009524159161,0.0010095241591610016,DeltaS_int^(2)
3,theta,3.725,0.1,vis,0.00011037554929868839,0.00011037554929868839,1.0,0.0,DeltaS_int^(2)
3,theta,3.725,0.1,I,0.00011037554929868839,0.00011037554929868839,1.0,0.0,DeltaS_int^(2)
3,theta,3.725,0.1,II,0.00011037554929868839,9.619992423373138e-05,0.871569154989243,-0.12843084501075697,DeltaS_int^(2)
3,theta,3.725,0.1,III-a,0.00011037554929868839,0.00011037554929868839,1.0,0.0,DeltaS_int^(2)
3,theta,3.725,0.1,III-b,0.00011037554929868839,0.00011048697613332845,1.0010095246216038,0.0010095246216037523,DeltaS_int^(2)
3,theta,3.75,0.1,vis,0.00011057825593917396,0.00011057825593917396,1.0,0.0,DeltaS_int^(2)
3,theta,3.75,0.1,I,0.00011057825593917396,0.00011057825593917396,1.0,0.0,DeltaS_int^(2)
3,theta,3.75,0.1,II,0.00011057825593917396,9.63765970890901e-05,0.871569154989243,-0.12843084501075697,DeltaS_int^(2)
3,theta,3.75,0.1,III-a,0.00011057825593917396,0.00011057825593917396,1.0,0.0,DeltaS_int^(2)
3,theta,3.75,0.1,III-b,0.00011057825593917396,0.00011068988745916366,1.0010095250557316,0.0010095250557315971,DeltaS_int^(2)
3,theta,3.7750000000000004,0.1,vis,0.00011077958302970674,0.00011077958302970674,1.0,0.0,DeltaS_int^(2)
3,theta,3.7750000000000004,0.1,I,0.00011077958302970674,0.00011077958302970674,1.0,0.0,DeltaS_int^(2)
3,theta,3.7750000000000004,0.1,II,0.00011077958302970674,9.655206757126219e-05,0.871569154989243,-0.12843084501075697,DeltaS_int^(2)
3,theta,3.7750000000000004,0.1,III-a,0.00011077958302970674,0.00011077958302970674,1.0,0.0,DeltaS_int^(2)
3,theta,3.7750000000000004,0.1,III-b,0.00011077958302970674,0.00011089141783958228,1.0010095254632394,0.0010095254632394024,DeltaS_int^(2)
3,theta,3.8000000000000003,0.1,vis,0.00011097951937354354,0.00011097951937354354,1.0,0.0,DeltaS_int^(2)
3,theta,3.8000000000000003,0.1,I,0.00011097951937354354,0.00011097951937354354,1.0,0.0,DeltaS_int^(2)
3,theta,3.8000000000000003,0.1,II,0.00011097951937354354,9.672632592151167e-05,0.871569154989243,-0.12843084501075697,DeltaS_int^(2)
3,theta,3.8000000000000003,0.1,III-a,0.00011097951937354354,0.00011097951937354354,1.0,0.0,DeltaS_int^(2)
3,theta,3.8000000000000003,0.1,III-b,0.00011097951937354354,0.00011109155606670765,1.0010095258458185,0.001009525845818482,DeltaS_int^(2)
3,theta,3.825,0.1,vis,0.00011117805377394122,0.00011117805377394122,1.0,0.0,DeltaS_int^(2)
3,theta,3.825,0.1,I,0.00011117805377394122,0.00011117805377394122,1.0,0.0,DeltaS_int^(2)
3,theta,3.825,0.1,II,0.00011117805377394122,9.689936238110256e-05,0.871569154989243,-0.12843084501075697,DeltaS_int^(2)
3,theta,3.825,0.1,III-a,0.00011117805377394122,0.00011117805377394122,1.0,0.0,DeltaS_int^(2)
3,theta,3.825,0.1,III-b,0.00011117805377394122,0.00011129029093264237,1.0010095262049592,0.001009526204959199,DeltaS_int^(2)
3,theta,3.85,0.1,vis,0.00011137517503415652,0.00011137517503415652,1.0,0.0,DeltaS_int^(2)
3,theta,3.85,0.1,I,0.00011137517503415652,0.00011137517503415652,1.0,0.0,DeltaS_int^(2)
3,theta,3.85,0.1,II,0.00011137517503415652,9.707116719129883e-05,0.871569154989243,-0.12843084501075697,DeltaS_int^(2)
3,theta,3.85,0.1,III-a,0.00011137517503415652,0.00011137517503415652,1.0,0.0,DeltaS_int^(2)
3,theta,3.85,0.1,III-b,0.00011137517503415652,0.00011148761122949005,1.0010095265421495,0.0010095265421494748,DeltaS_int^(2)
3,theta,3.875,0.1,vis,0.00011157087195744625,0.00011157087195744625,1.0,0.0,DeltaS_int^(2)
3,theta,3.875,0.1,I,0.00011157087195744625,0.00011157087195744625,1.0,0.0,DeltaS_int^(2)
3,theta,3.875,0.1,II,0.00011157087195744625,9.724173059336445e-05,0.871569154989243,-0.12843084501075697,DeltaS_int^(2)
3,theta,3.875,0.1,III-a,0.00011157087195744625,0.00011157087195744625,1.0,0.0,DeltaS_int^(2)
3,theta,3.875,0.1,III-b,0.00011157087195744625,0.00011168350574933589,1.0010095268587003,0.0010095268587002604,DeltaS_int^(2)
3,theta,3.9000000000000004,0.1,vis,0.00011176513334706726,0.00011176513334706726,1.0,0.0,DeltaS_int^(2)
3,theta,3.9000000000000004,0.1,I,0.00011176513334706726,0.00011176513334706726,1.0,0.0,DeltaS_int^(2)
3,theta,3.9000000000000004,0.1,II,0.00011176513334706726,9.741104282856348e-05,0.871569154989243,-0.12843084501075697,DeltaS_int^(2)
3,theta,3.9000000000000004,0.1,III-a,0.00011176513334706726,0.00011176513334706726,1.0,0.0,DeltaS_int^(2)
3,theta,3.9000000000000004,0.1,III-b,0.00011176513334706726,0.00011187796328426618,1.0010095271559203,0.0010095271559202867,DeltaS_int^(2)
3,theta,3.9250000000000003,0.1,vis,0.00011195794800627632,0.00011195794800627632,1.0,0.0,DeltaS_int^(2)
3,theta,3.9250000000000003,0.1,I,0.00011195794800627632,0.00011195794800627632,1.0,0.0,DeltaS_int^(2)
3,theta,3.9250000000000003,0.1,II,0.00011195794800627632,9.757909413815985e-05,0.871569154989243,-0.12843084501075697,DeltaS_int^(2)
3,theta,3.9250000000000003,0.1,III-a,0.00011195794800627632,0.00011195794800627632,1.0,0.0,DeltaS_int^(2)
3,theta,3.9250000000000003,0.1,III-b,0.00011195794800627632,0.00011207097262635083,1.001009527434963,0.0010095274349630756,DeltaS_int^(2)
3,theta,3.95,0.1,vis,0.00011214930473833027,0.00011214930473833027,1.0,0.0,DeltaS_int^(2)
3,theta,3.95,0.1,I,0.00011214930473833027,0.00011214930473833027,1.0,0.0,DeltaS_int^(2)
3,theta,3.95,0.1,II,0.00011214930473833027,9.774587476341762e-05,0.871569154989243,-0.12843084501075697,DeltaS_int^(2)
3,theta,3.95,0.1,III-a,0.00011214930473833027,0.00011214930473833027,1.0,0.0,DeltaS_int^(2)
3,theta,3.95,0.1,III-b,0.00011214930473833027,0.00011226252256766066,1.00100952769698,0.0010095276969799283,DeltaS_int^(2)
3,theta,3.975,0.1,vis,0.00011233919234648588,0.00011233919234648588,1.0,0.0,DeltaS_int^(2)
3,theta,3.975,0.1,I,0.00011233919234648588,0.00011233919234648588,1.0,0.0,DeltaS_int^(2)
3,theta,3.975,0.1,II,0.00011233919234648588,9.791137494560074e-05,0.871569154989243,-0.12843084501075697,DeltaS_int^(2)
3,theta,3.975,0.1,III-a,0.00011233919234648588,0.00011233919234648588,1.0,0.0,DeltaS_int^(2)
3,theta,3.975,0.1,III-b,0.00011233919234648588,0.0001124526019002808,1.0010095279432412,0.001009527943241162,DeltaS_int^(2)
3,theta,4.0,0.1,vis,0.000112527599634,0.000112527599634,1.0,0.0,DeltaS_int^(2)
3,theta,4.0,0.1,I,0.000112527599634,0.000112527599634,1.0,0.0,DeltaS_int^(2)
3,theta,4.0,0.1,II,0.000112527599634,9.807558492597323e-05,0.871569154989243,-0.12843084501075697,DeltaS_int^(2)
3,theta,4.0,0.1,III-a,0.000112527599634,0.000112527599634,1.0,0.0,DeltaS_int^(2)
3,theta,4.0,0.1,III-b,0.000112527599634,0.00011264119941618252,1.0010095281739948,0.0010095281739948003,DeltaS_int^(2)
3,z,1.0,0.1,vis,0.0006018921966985,0.0006018921966985,1.0,0.0,DeltaS_int^(2)
3,z,1.0,0.1,I,0.0006018921966985,0.0006018921966985,1.0,0.0,DeltaS_int^(2)
3,z,1.0,0.1,II,0.0006018921966985,0.0005245906732711309,0.871569154989243,-0.12843084501075697,DeltaS_int^(2)
3,z,1.0,0.1,III-a,0.0006018921966985,0.0006018921966985,1.0,0.0,DeltaS_int^(2)
3,z,1.0,0.1,III-b,0.0006018921966985,0.0006024276018383283,1.000889536602676,0.0008895366026759888,DeltaS_int^(2)
3,z,1.025,0.1,vis,0.0005777595597867034,0.0005777595597867034,1.0,0.0,DeltaS_int^(2)
3,z,1.025,0.1,I,0.0005777595597867034,0.0005777595597867034,1.0,0.0,DeltaS_int^(2)
3,z,1.025,0.1,II,0.0005777595597867034,0.0005035574113102542,0.871569154989243,-0.12843084501075697,DeltaS_int^(2)
3,z,1.025,0.1,III-a,0.0005777595597867034,0.0005777595597867034,1.0,0.0,DeltaS_int^(2)
3,z,1.025,0.1,III-b,0.0005777595597867034,0.0005782777420876284,1.000896882262089,0.0008968822620889494,DeltaS_int^(2)
3,z,1.05,0.1,vis,0.0005539831846077913,0.0005539831846077913,1.0,0.0,DeltaS_int^(2)
3,z,1.05,0.1,I,0.0005539831846077913,0.0005539831846077913,1.0,0.0,DeltaS_int^(2)
3,z,1.05,0.1,II,0.0005539831846077913,0.0004828346560868625,0.871569154989243,-0.12843084501075697,DeltaS_int^(2)
3,z,1.05,0.1,III-a,0.0005539831846077913,0.0005539831846077913,1.0,0.0,DeltaS_int^(2)
3,z,1.05,0.1,III-b,0.0005539831846077913,0.000554483888388625,1.0009038248718474,0.0009038248718473696,DeltaS_int^(2)
3,z,1.075,0.1,vis,0.0005305998781503569,0.0005305998781503569,1.0,0.0,DeltaS_int^(2)
3,z,1.075,0.1,I,0.0005305998781503569,0.0005305998781503569,1.0,0.0,DeltaS_int^(2)
3,z,1.075,0.1,II,0.0005305998781503569,0.0004624544874369019,0.871569154989243,-0.12843084501075697,DeltaS_int^(2)
3,z,1.075,0.1,III-a,0.0005305998781503569,0.0005305998781503569,1.0,0.0,DeltaS_int^(2)
3,z,1.075,0.1,III-b,0.0005305998781503569,0.0005310829216667272,1.0009103724600432,0.0009103724600432184,DeltaS_int^(2)
3,z,1.1,0.1,vis,0.0005076464474029929,0.0005076464474029929,1.0,0.0,DeltaS_int^(2)
3,z,1.1,0.1,I,0.0005076464474029929,0.0005076464474029929,1.0,0.0,DeltaS_int^(2)
3,z,1.1,0.1,II,0.0005076464474029929,0.00044244898519631766,0.871569154989243,-0.12843084501075697,DeltaS_int^(2)
3,z,1.1,0.1,III-a,0.0005076464474029929,0.0005076464474029929,1.0,0.0,DeltaS_int^(2)
3,z,1.1,0.1,III-b,0.0005076464474029929,0.0005081117289186413,1.0009165463838636,0.0009165463838636256,DeltaS_int^(2)
3,z,1.125,0.1,vis,0.00048515969935429256,0.00048515969935429256,1.0,0.0,DeltaS_int^(2)
3,z,1.125,0.1,I,0.00048515969935429256,0.00048515969935429256,1.0,0.0,DeltaS_int^(2)
3,z,1.125,0.1,II,0.00048515969935429256,0.000422850229201056,0.871569154989243,-0.12843084501075697,DeltaS_int^(2)
3,z,1.125,0.1,III-a,0.00048515969935429256,0.00048515969935429256,1.0,0.0,DeltaS_int^(2)
3,z,1.125,0.1,III-b,0.00048515969935429256,0.00048560719254969184,1.0009223626694361,0.0009223626694361275,DeltaS_int^(2)
3,z,1.15,0.1,vis,0.00046317644099284867,0.00046317644099284867,1.0,0.0,DeltaS_int^(2)
3,z,1.15,0.1,I,0.00046317644099284867,0.00046317644099284867,1.0,0.0,DeltaS_int^(2)
3,z,1.15,0.1,II,0.00046317644099284867,0.0004036902992870621,0.871569154989243,-0.12843084501075697,DeltaS_int^(2)
3,z,1.15,0.1,III-a,0.00046317644099284867,0.00046317644099284867,1.0,0.0,DeltaS_int^(2)
3,z,1.15,0.1,III-b,0.00046317644099284867,0.00046360619435578936,1.0009278394255534,0.0009278394255534117,DeltaS_int^(2)
3,z,1.175,0.1,vis,0.00044173347930725397,0.00044173347930725397,1.0,0.0,DeltaS_int^(2)
3,z,1.175,0.1,I,0.00044173347930725397,0.00044173347930725397,1.0,0.0,DeltaS_int^(2)
3,z,1.175,0.1,II,0.00044173347930725397,0.0003850012752902816,0.871569154989243,-0.12843084501075697,DeltaS_int^(2)
3,z,1.175,0.1,III-a,0.00044173347930725397,0.00044173347930725397,1.0,0.0,DeltaS_int^(2)
3,z,1.175,0.1,III-b,0.00044173347930725397,0.00044214561321818935,1.0009329922458712,0.0009329922458711781,DeltaS_int^(2)
3,z,1.2,0.1,vis,0.0004208676212861017,0.0004208676212861017,1.0,0.0,DeltaS_int^(2)
3,z,1.2,0.1,I,0.0004208676212861017,0.0004208676212861017,1.0,0.0,DeltaS_int^(2)
3,z,1.2,0.1,II,0.0004208676212861017,0.0003668152370466604,0.871569154989243,-0.12843084501075697,DeltaS_int^(2)
3,z,1.2,0.1,III-a,0.0004208676212861017,0.0004208676212861017,1.0,0.0,DeltaS_int^(2)
3,z,1.2,0.1,III-b,0.0004208676212861017,0.0004212623270956089,1.0009378383832452,0.0009378383832452375,DeltaS_int^(2)
3,z,1.225,0.1,vis,0.00040061567391798446,0.00040061567391798446,1.0,0.0,DeltaS_int^(2)
3,z,1.225,0.1,I,0.00040061567391798446,0.00040061567391798446,1.0,0.0,DeltaS_int^(2)
3,z,1.225,0.1,II,0.00040061567391798446,0.0003491642643921438,0.871569154989243,-0.12843084501075697,DeltaS_int^(2)
3,z,1.225,0.1,III-a,0.00040061567391798446,0.00040061567391798446,1.0,0.0,DeltaS_int^(2)
3,z,1.225,0.1,III-b,0.00040061567391798446,0.00040099321121617296,1.000942392728912,0.0009423927289120559,DeltaS_int^(2)
3,z,1.25,0.1,vis,0.00038101444419149554,0.00038101444419149554,1.0,0.0,DeltaS_int^(2)
3,z,1.25,0.1,I,0.00038101444419149554,0.00038101444419149554,1.0,0.0,DeltaS_int^(2)
3,z,1.25,0.1,II,0.00038101444419149554,0.00033208043716267786,0.871569154989243,-0.12843084501075697,DeltaS_int^(2)
3,z,1.25,0.1,III-a,0.00038101444419149554,0.00038101444419149554,1.0,0.0,DeltaS_int^(2)
3,z,1.25,0.1,III-b,0.00038101444419149554,0.00038137513970134553,1.000946671485422,0.0009466714854220459,DeltaS_int^(2)
3,z,1.275,0.1,vis,0.0003621007390952277,0.0003621007390952277,1.0,0.0,DeltaS_int^(2)
3,z,1.275,0.1,I,0.0003621007390952277,0.0003621007390952277,1.0,0.0,DeltaS_int^(2)
3,z,1.275,0.1,II,0.0003621007390952277,0.00031559583519420796,0.871569154989243,-0.12843084501075697,DeltaS_int^(2)
3,z,1.275,0.1,III-a,0.0003621007390952277,0.0003621007390952277,1.0,0.0,DeltaS_int^(2)
3,z,1.275,0.1,III-b,0.0003621007390952277,0.00036244498416205075,1.0009506886610704,0.000950688661070398,DeltaS_int^(2)
3,z,1.3,0.1,vis,0.00034391136561777376,0.00034391136561777376,1.0,0.0,DeltaS_int^(2)
3,z,1.3,0.1,I,0.00034391136561777376,0.00034391136561777376,1.0,0.0,DeltaS_int^(2)
3,z,1.3,0.1,II,0.00034391136561777376,0.0002997425383226797,0.871569154989243,-0.12843084501075697,DeltaS_int^(2)
3,z,1.3,0.1,III-a,0.00034391136561777376,0.00034391136561777376,1.0,0.0,DeltaS_int^(2)
3,z,1.3,0.1,III-b,0.00034391136561777376,0.0003442396150166504,1.0009544592929838,0.000954459292983767,DeltaS_int^(2)
3,z,1.325,0.1,vis,0.0003264831307477269,0.0003264831307477269,1.0,0.0,DeltaS_int^(2)
3,z,1.325,0.1,I,0.0003264831307477269,0.0003264831307477269,1.0,0.0,DeltaS_int^(2)
3,z,1.325,0.1,II,0.0003264831307477269,0.0002845526263840389,0.871569154989243,-0.12843084501075697,DeltaS_int^(2)
3,z,1.325,0.1,III-a,0.0003264831307477269,0.0003264831307477269,1.0,0.0,DeltaS_int^(2)
3,z,1.325,0.1,III-b,0.0003264831307477269,0.00032679590041105225,1.0009579963981876,0.0009579963981876105,DeltaS_int^(2)
3,z,1.35,0.1,vis,0.0003098528414736798,0.0003098528414736798,1.0,0.0,DeltaS_int^(2)
3,z,1.35,0.1,I,0.0003098528414736798,0.0003098528414736798,1.0,0.0,DeltaS_int^(2)
3,z,1.35,0.1,II,0.0003098528414736798,0.00027005817921423096,0.871569154989243,-0.12843084501075697,DeltaS_int^(2)
3,z,1.35,0.1,III-a,0.0003098528414736798,0.0003098528414736798,1.0,0.0,DeltaS_int^(2)
3,z,1.35,0.1,III-b,0.0003098528414736798,0.0003101507072847583,1.0009613137954838,0.0009613137954838091,DeltaS_int^(2)
3,z,1.375,0.1,vis,0.00029405730478422576,0.00029405730478422576,1.0,0.0,DeltaS_int^(2)
3,z,1.375,0.1,I,0.00029405730478422576,0.00029405730478422576,1.0,0.0,DeltaS_int^(2)
3,z,1.375,0.1,II,0.00029405730478422576,0.00025629127664920194,0.871569154989243,-0.12843084501075697,DeltaS_int^(2)
3,z,1.375,0.1,III-a,0.00029405730478422576,0.00029405730478422576,1.0,0.0,DeltaS_int^(2)
3,z,1.375,0.1,III-b,0.00029405730478422576,0.00029434090054717614,1.000964423458749,0.0009644234587489198,DeltaS_int^(2)
3,z,1.4,0.1,vis,0.00027913332766795737,0.00027913332766795737,1.0,0.0,DeltaS_int^(2)
3,z,1.4,0.1,I,0.00027913332766795737,0.00027913332766795737,1.0,0.0,DeltaS_int^(2)
3,z,1.4,0.1,II,0.00027913332766795737,0.0002432839985248971,0.871569154989243,-0.12843084501075697,DeltaS_int^(2)
3,z,1.4,0.1,III-a,0.00027913332766795737,0.00027913332766795737,1.0,0.0,DeltaS_int^(2)
3,z,1.4,0.1,III-b,0.00027913332766795737,0.0002794033439380633,1.0009673379827548,0.0009673379827548345,DeltaS_int^(2)
3,z,1.425,0.1,vis,0.0002651177171134676,0.0002651177171134676,1.0,0.0,DeltaS_int^(2)
3,z,1.425,0.1,I,0.0002651177171134676,0.0002651177171134676,1.0,0.0,DeltaS_int^(2)
3,z,1.425,0.1,II,0.0002651177171134676,0.00023106842467726215,0.871569154989243,-0.12843084501075697,DeltaS_int^(2)
3,z,1.425,0.1,III-a,0.0002651177171134676,0.0002651177171134676,1.0,0.0,DeltaS_int^(2)
3,z,1.425,0.1,III-b,0.0002651177171134676,0.0002653748994037062,1.0009700682890557,0.0009700682890556589,DeltaS_int^(2)
3,z,1.45,0.1,vis,0.0002520472801093495,0.0002520472801093495,1.0,0.0,DeltaS_int^(2)
3,z,1.45,0.1,I,0.0002520472801093495,0.0002520472801093495,1.0,0.0,DeltaS_int^(2)
3,z,1.45,0.1,II,0.0002520472801093495,0.00021967663494224277,0.871569154989243,-0.12843084501075697,DeltaS_int^(2)
3,z,1.45,0.1,III-a,0.0002520472801093495,0.0002520472801093495,1.0,0.0,DeltaS_int^(2)
3,z,1.45,0.1,III-b,0.0002520472801093495,0.0002522924277910411,1.000972625777137,0.0009726257771369706,DeltaS_int^(2)
3,z,1.475,0.1,vis,0.00023995882364419595,0.00023995882364419595,1.0,0.0,DeltaS_int^(2)
3,z,1.475,0.1,I,0.00023995882364419595,0.00023995882364419595,1.0,0.0,DeltaS_int^(2)
3,z,1.475,0.1,II,0.00023995882364419595,0.00020914070915578465,0.871569154989243,-0.12843084501075697,DeltaS_int^(2)
3,z,1.475,0.1,III-a,0.00023995882364419595,0.00023995882364419595,1.0,0.0,DeltaS_int^(2)
3,z,1.475,0.1,III-b,0.00023995882364419595,0.00024019278837757583,1.0009750203381844,0.000975020338184418,DeltaS_int^(2)
3,z,1.5,0.1,vis,0.0002288891547066,0.0002288891547066,1.0,0.0,DeltaS_int^(2)
3,z,1.5,0.1,I,0.0002288891547066,0.0002288891547066,1.0,0.0,DeltaS_int^(2)
3,z,1.5,0.1,II,0.0002288891547066,0.0001994927271538335,0.871569154989243,-0.12843084501075697,DeltaS_int^(2)
3,z,1.5,0.1,III-a,0.0002288891547066,0.0002288891547066,1.0,0.0,DeltaS_int^(2)
3,z,1.5,0.1,III-b,0.0002288891547066,0.00022911283943214943,1.0009772622291175,0.000977262229117537,DeltaS_int^(2)
3,z,1.525,0.1,vis,0.00021848959249324792,0.00021848959249324792,1.0,0.0,DeltaS_int^(2)
3,z,1.525,0.1,I,0.00021848959249324792,0.00021848959249324792,1.0,0.0,DeltaS_int^(2)
3,z,1.525,0.1,II,0.00021848959249324792,0.00019042878950328415,0.871569154989243,-0.12843084501075697,DeltaS_int^(2)
3,z,1.525,0.1,III-a,0.00021848959249324792,0.00021848959249324792,1.0,0.0,DeltaS_int^(2)
3,z,1.525,0.1,III-b,0.00021848959249324792,0.00021870357253798005,1.0009793603543782,0.0009793603543781781,DeltaS_int^(2)
3,z,1.55,0.1,vis,0.00020838929366272086,0.00020838929366272086,1.0,0.0,DeltaS_int^(2)
3,z,1.55,0.1,I,0.00020838929366272086,0.00020838929366272086,1.0,0.0,DeltaS_int^(2)
3,z,1.55,0.1,II,0.00020838929366272086,0.00018162568058642284,0.871569154989243,-0.12843084501075697,DeltaS_int^(2)
3,z,1.55,0.1,III-a,0.00020838929366272086,0.00020838929366272086,1.0,0.0,DeltaS_int^(2)
3,z,1.55,0.1,III-b,0.00020838929366272086,0.00020859379105639883,1.0009813238966534,0.0009813238966533966,DeltaS_int^(2)
3,z,1.5750000000000002,0.1,vis,0.00019859182139645421,0.00019859182139645421,1.0,0.0,DeltaS_int^(2)
3,z,1.5750000000000002,0.1,I,0.00019859182139645421,0.00019859182139645421,1.0,0.0,DeltaS_int^(2)
3,z,1.5750000000000002,0.1,II,0.00019859182139645421,0.00017308650596228227,0.871569154989243,-0.12843084501075697,DeltaS_int^(2)
3,z,1.5750000000000002,0.1,III-a,0.00019859182139645421,0.00019859182139645421,1.0,0.0,DeltaS_int^(2)
3,z,1.5750000000000002,0.1,III-b,0.00019859182139645421,0.00019878706909669198,1.0009831608314221,0.0009831608314221363,DeltaS_int^(2)
3,z,1.6,0.1,vis,0.00018910073887588334,0.00018910073887588334,1.0,0.0,DeltaS_int^(2)
3,z,1.6,0.1,I,0.00018910073887588334,0.00018910073887588334,1.0,0.0,DeltaS_int^(2)
3,z,1.6,0.1,II,0.00018910073887588334,0.00016481437118989514,0.871569154989243,-0.12843084501075697,DeltaS_int^(2)
3,z,1.6,0.1,III-a,0.00018910073887588334,0.00018910073887588334,1.0,0.0,DeltaS_int^(2)
3,z,1.6,0.1,III-b,0.00018910073887588334,0.0001892869802876483,1.0009848793445868,0.0009848793445867976,DeltaS_int^(2)
3,z,1.625,0.1,vis,0.0001799196092824435,0.0001799196092824435,1.0,0.0,DeltaS_int^(2)
3,z,1.625,0.1,I,0.0001799196092824435,0.0001799196092824435,1.0,0.0,DeltaS_int^(2)
3,z,1.625,0.1,II,0.0001799196092824435,0.00015681238182829404,0.871569154989243,-0.12843084501075697,DeltaS_int^(2)
3,z,1.625,0.1,III-a,0.0001799196092824435,0.0001799196092824435,1.0,0.0,DeltaS_int^(2)
3,z,1.625,0.1,III-b,0.0001799196092824435,0.00018009709755686235,1.0009864865487799,0.0009864865487798635,DeltaS_int^(2)
3,z,1.65,0.1,vis,0.00017105199579756992,0.00017105199579756992,1.0,0.0,DeltaS_int^(2)
3,z,1.65,0.1,I,0.00017105199579756992,0.00017105199579756992,1.0,0.0,DeltaS_int^(2)
3,z,1.65,0.1,II,0.00017105199579756992,0.00014908364343651156,0.871569154989243,-0.12843084501075697,DeltaS_int^(2)
3,z,1.65,0.1,III-a,0.00017105199579756992,0.00017105199579756992,1.0,0.0,DeltaS_int^(2)
3,z,1.65,0.1,III-b,0.00017105199579756992,0.00017122099341010914,1.000987989714772,0.0009879897147719863,DeltaS_int^(2)
3,z,1.675,0.1,vis,0.00016250146160269778,0.00016250146160269778,1.0,0.0,DeltaS_int^(2)
3,z,1.675,0.1,I,0.00016250146160269778,0.00016250146160269778,1.0,0.0,DeltaS_int^(2)
3,z,1.675,0.1,II,0.00016250146160269778,0.00014163126157358023,0.871569154989243,-0.12843084501075697,DeltaS_int^(2)
3,z,1.675,0.1,III-a,0.00016250146160269778,0.00016250146160269778,1.0,0.0,DeltaS_int^(2)
3,z,1.675,0.1,III-b,0.00016250146160269778,0.00016266223976269288,1.0009893951624151,0.000989395162415141,DeltaS_int^(2)
3,z,1.7000000000000002,0.1,vis,0.0001542715698792625,0.0001542715698792625,1.0,0.0,DeltaS_int^(2)
3,z,1.7000000000000002,0.1,I,0.0001542715698792625,0.0001542715698792625,1.0,0.0,DeltaS_int^(2)
3,z,1.7000000000000002,0.1,II,0.0001542715698792625,0.0001344583417985328,0.871569154989243,-0.12843084501075697,DeltaS_int^(2)
3,z,1.7000000000000002,0.1,III-a,0.0001542715698792625,0.0001542715698792625,1.0,0.0,DeltaS_int^(2)
3,z,1.7000000000000002,0.1,III-b,0.0001542715698792625,0.00015442440816283416,1.0009907093296015,0.0009907093296015468,DeltaS_int^(2)
3,z,1.725,0.1,vis,0.00014636588380869937,0.00014636588380869937,1.0,0.0,DeltaS_int^(2)
3,z,1.725,0.1,I,0.00014636588380869937,0.00014636588380869937,1.0,0.0,DeltaS_int^(2)
3,z,1.725,0.1,II,0.00014636588380869937,0.00012756798967040184,0.871569154989243,-0.12843084501075697,DeltaS_int^(2)
3,z,1.725,0.1,III-a,0.00014636588380869937,0.00014636588380869937,1.0,0.0,DeltaS_int^(2)
3,z,1.725,0.1,III-b,0.00014636588380869937,0.00014651106966355893,1.0009919378142063,0.0009919378142062563,DeltaS_int^(2)
3,z,1.75,0.1,vis,0.00013878796657244366,0.00013878796657244366,1.0,0.0,DeltaS_int^(2)
3,z,1.75,0.1,I,0.00013878796657244366,0.00013878796657244366,1.0,0.0,DeltaS_int^(2)
3,z,1.75,0.1,II,0.00013878796657244366,0.00012096331074822003,0.871569154989243,-0.12843084501075697,DeltaS_int^(2)
3,z,1.75,0.1,III-a,0.00013878796657244366,0.00013878796657244366,1.0,0.0,DeltaS_int^(2)
3,z,1.75,0.1,III-b,0.00013878796657244366,0.0001389257950008668,1.0009930863015504,0.0009930863015503721,DeltaS_int^(2)
3,z,1.775,0.1,vis,0.00013154138135193066,0.00013154138135193066,1.0,0.0,DeltaS_int^(2)
3,z,1.775,0.1,I,0.00013154138135193066,0.00013154138135193066,1.0,0.0,DeltaS_int^(2)
3,z,1.775,0.1,II,0.00013154138135193066,0.00011464741059101998,0.871569154989243,-0.12843084501075697,DeltaS_int^(2)
3,z,1.775,0.1,III-a,0.00013154138135193066,0.00013154138135193066,1.0,0.0,DeltaS_int^(2)
3,z,1.775,0.1,III-b,0.00013154138135193066,0.00013167215449699383,1.0009941597368002,0.0009941597368001709,DeltaS_int^(2)
3,z,1.8,0.1,vis,0.00012462969132859557,0.00012462969132859557,1.0,0.0,DeltaS_int^(2)
3,z,1.8,0.1,I,0.00012462969132859557,0.00012462969132859557,1.0,0.0,DeltaS_int^(2)
3,z,1.8,0.1,II,0.00012462969132859557,0.00010862339475783423,0.871569154989243,-0.12843084501075697,DeltaS_int^(2)
3,z,1.8,0.1,III-a,0.00012462969132859557,0.00012462969132859557,1.0,0.0,DeltaS_int^(2)
3,z,1.8,0.1,III-b,0.00012462969132859557,0.00012475371820222744,1.000995163129345,0.0009951631293450003,DeltaS_int^(2)
3,z,1.8250000000000002,0.1,vis,0.00011805645968387368,0.00011805645968387368,1.0,0.0,DeltaS_int^(2)
3,z,1.8250000000000002,0.1,I,0.00011805645968387368,0.00011805645968387368,1.0,0.0,DeltaS_int^(2)
3,z,1.8250000000000002,0.1,II,0.00011805645968387368,0.00010289436880769542,0.871569154989243,-0.12843084501075697,DeltaS_int^(2)
3,z,1.8250000000000002,0.1,III-a,0.00011805645968387368,0.00011805645968387368,1.0,0.0,DeltaS_int^(2)
3,z,1.8250000000000002,0.1,III-b,0.00011805645968387368,0.00011817405582227743,1.0009961008378419,0.0009961008378418512,DeltaS_int^(2)
3,z,1.85,0.1,vis,0.00011182524959920043,0.00011182524959920043,1.0,0.0,DeltaS_int^(2)
3,z,1.85,0.1,I,0.00011182524959920043,0.00011182524959920043,1.0,0.0,DeltaS_int^(2)
3,z,1.85,0.1,II,0.00011182524959920043,9.746343829963632e-05,0.871569154989243,-0.12843084501075697,DeltaS_int^(2)
3,z,1.85,0.1,III-a,0.00011182524959920043,0.00011182524959920043,1.0,0.0,DeltaS_int^(2)
3,z,1.85,0.1,III-b,0.00011182524959920043,0.00011193673683099838,1.0009969772676344,0.0009969772676343691,DeltaS_int^(2)
3,z,1.875,0.1,vis,0.00010593962425601097,0.00010593962425601097,1.0,0.0,DeltaS_int^(2)
3,z,1.875,0.1,I,0.00010593962425601097,0.00010593962425601097,1.0,0.0,DeltaS_int^(2)
3,z,1.875,0.1,II,0.00010593962425601097,9.233370879268939e-05,0.871569154989243,-0.12843084501075697,DeltaS_int^(2)
3,z,1.875,0.1,III-a,0.00010593962425601097,0.00010593962425601097,1.0,0.0,DeltaS_int^(2)
3,z,1.875,0.1,III-b,0.00010593962425601097,0.00010604533041614077,1.0009977962530276,0.0009977962530276496,DeltaS_int^(2)
3,z,1.9,0.1,vis,0.00010040314683574061,0.00010040314683574061,1.0,0.0,DeltaS_int^(2)
3,z,1.9,0.1,I,0.00010040314683574061,0.00010040314683574061,1.0,0.0,DeltaS_int^(2)
3,z,1.9,0.1,II,0.00010040314683574061,8.750828584588733e-05,0.871569154989243,-0.12843084501075697,DeltaS_int^(2)
3,z,1.9,0.1,III-a,0.00010040314683574061,0.00010040314683574061,1.0,0.0,DeltaS_int^(2)
3,z,1.9,0.1,III-b,0.00010040314683574061,0.00010050340556889959,1.000998561661847,0.000998561661847086,DeltaS_int^(2)
3,z,1.925,0.1,vis,9.521938051982458e-05,9.521938051982458e-05,1.0,0.0,DeltaS_int^(2)
3,z,1.925,0.1,I,9.521938051982458e-05,9.521938051982458e-05,1.0,0.0,DeltaS_int^(2)
3,z,1.925,0.1,II,9.521938051982458e-05,8.29902750182627e-05,0.871569154989243,-0.12843084501075697,DeltaS_int^(2)
3,z,1.925,0.1,III-a,9.521938051982458e-05,9.521938051982458e-05,1.0,0.0,DeltaS_int^(2)
3,z,1.925,0.1,III-b,9.521938051982458e-05,9.531453104355539e-05,1.0009992768616154,0.0009992768616153835,DeltaS_int^(2)
3,z,1.9500000000000002,0.1,vis,9.03918884896982e-05,9.03918884896982e-05,1.0,0.0,DeltaS_int^(2)
3,z,1.9500000000000002,0.1,I,9.03918884896982e-05,9.03918884896982e-05,1.0,0.0,DeltaS_int^(2)
3,z,1.9500000000000002,0.1,II,9.03918884896982e-05,7.878278186884815e-05,0.871569154989243,-0.12843084501075697,DeltaS_int^(2)
3,z,1.9500000000000002,0.1,III-a,9.03918884896982e-05,9.03918884896982e-05,1.0,0.0,DeltaS_int^(2)
3,z,1.9500000000000002,0.1,III-b,9.03918884896982e-05,9.048227542864885e-05,1.0009999452435485,0.0009999452435485168,DeltaS_int^(2)
3,z,1.975,0.1,vis,8.592423392679681e-05,8.592423392679681e-05,1.0,0.0,DeltaS_int^(2)
3,z,1.975,0.1,I,8.592423392679681e-05,8.592423392679681e-05,1.0,0.0,DeltaS_int^(2)
3,z,1.975,0.1,II,8.592423392679681e-05,7.488891195667635e-05,0.871569154989243,-0.12843084501075697,DeltaS_int^(2)
3,z,1.975,0.1,III-a,8.592423392679681e-05,8.592423392679681e-05,1.0,0.0,DeltaS_int^(2)
3,z,1.975,0.1,III-b,8.592423392679681e-05,8.601020711701222e-05,1.00100056976113,0.0010005697611299436,DeltaS_int^(2)
3,z,2.0,0.1,vis,8.181998001255568e-05,8.181998001255568e-05,1.0,0.0,DeltaS_int^(2)
3,z,2.0,0.1,I,8.181998001255568e-05,8.181998001255568e-05,1.0,0.0,DeltaS_int^(2)
3,z,2.0,0.1,II,8.181998001255568e-05,7.131177084077991e-05,0.871569154989243,-0.12843084501075697,DeltaS_int^(2)
3,z,2.0,0.1,III-a,8.181998001255568e-05,8.181998001255568e-05,1.0,0.0,DeltaS_int^(2)
3,z,2.0,0.1,III-b,8.181998001255568e-05,8.19018943624446e-05,1.001001153384251,0.0010011533842511078,DeltaS_int^(2)
3,z,2.0250000000000004,0.1,vis,7.795928264810156e-05,7.795928264810156e-05,1.0,0.0,DeltaS_int^(2)
3,z,2.0250000000000004,0.1,I,7.795928264810156e-05,7.795928264810156e-05,1.0,0.0,DeltaS_int^(2)
3,z,2.0250000000000004,0.1,II,7.795928264810156e-05,6.794690610117342e-05,0.871569154989243,-0.12843084501075697,DeltaS_int^(2)
3,z,2.0250000000000004,0.1,III-a,7.795928264810156e-05,7.795928264810156e-05,1.0,0.0,DeltaS_int^(2)
3,z,2.0250000000000004,0.1,III-b,7.795928264810156e-05,7.803737436020299e-05,1.0010016987002552,0.001001698700255238,DeltaS_int^(2)
3,z,2.05,0.1,vis,7.422028497546773e-05,7.422028497546773e-05,1.0,0.0,DeltaS_int^(2)
3,z,2.05,0.1,I,7.422028497546773e-05,7.422028497546773e-05,1.0,0.0,DeltaS_int^(2)
3,z,2.05,0.1,II,7.422028497546773e-05,6.468811105912922e-05,0.871569154989243,-0.12843084501075697,DeltaS_int^(2)
3,z,2.05,0.1,III-a,7.422028497546773e-05,7.422028497546773e-05,1.0,0.0,DeltaS_int^(2)
3,z,2.05,0.1,III-b,7.422028497546773e-05,7.429466916165781e-05,1.0010022083075356,0.0010022083075356125,DeltaS_int^(2)
3,z,2.075,0.1,vis,7.060353103744858e-05,7.060353103744858e-05,1.0,0.0,DeltaS_int^(2)
3,z,2.075,0.1,I,7.060353103744858e-05,7.060353103744858e-05,1.0,0.0,DeltaS_int^(2)
3,z,2.075,0.1,II,7.060353103744858e-05,6.153585988556585e-05,0.871569154989243,-0.12843084501075697,DeltaS_int^(2)
3,z,2.075,0.1,III-a,7.060353103744858e-05,7.060353103744858e-05,1.0,0.0,DeltaS_int^(2)
3,z,2.075,0.1,III-b,7.060353103744858e-05,7.067432410158118e-05,1.0010026844704842,0.0010026844704842386,DeltaS_int^(2)
3,z,2.1,0.1,vis,6.71095648768389e-05,6.71095648768389e-05,1.0,0.0,DeltaS_int^(2)
3,z,2.1,0.1,I,6.71095648768389e-05,6.71095648768389e-05,1.0,0.0,DeltaS_int^(2)
3,z,2.1,0.1,II,6.71095648768389e-05,5.849062675140227e-05,0.871569154989243,-0.12843084501075697,DeltaS_int^(2)
3,z,2.1,0.1,III-a,6.71095648768389e-05,6.71095648768389e-05,1.0,0.0,DeltaS_int^(2)
3,z,2.1,0.1,III-b,6.71095648768389e-05,6.717688445845745e-05,1.0010031294606379,0.0010031294606378527,DeltaS_int^(2)
3,z,2.125,0.1,vis,6.37389305364333e-05,6.37389305364333e-05,1.0,0.0,DeltaS_int^(2)
3,z,2.125,0.1,I,6.37389305364333e-05,6.37389305364333e-05,1.0,0.0,DeltaS_int^(2)
3,z,2.125,0.1,II,6.37389305364333e-05,5.555288582755723e-05,0.871569154989243,-0.12843084501075697,DeltaS_int^(2)
3,z,2.125,0.1,III-a,6.37389305364333e-05,6.37389305364333e-05,1.0,0.0,DeltaS_int^(2)
3,z,2.125,0.1,III-b,6.37389305364333e-05,6.380289543793278e-05,1.0010035452581514,0.0010035452581513837,DeltaS_int^(2)
3,z,2.1500000000000004,0.1,vis,6.049217205902632e-05,6.049217205902632e-05,1.0,0.0,DeltaS_int^(2)
3,z,2.1500000000000004,0.1,I,6.049217205902632e-05,6.049217205902632e-05,1.0,0.0,DeltaS_int^(2)
3,z,2.1500000000000004,0.1,II,6.049217205902632e-05,5.2723111284949466e-05,0.871569154989243,-0.12843084501075697,DeltaS_int^(2)
3,z,2.1500000000000004,0.1,III-a,6.049217205902632e-05,6.049217205902632e-05,1.0,0.0,DeltaS_int^(2)
3,z,2.1500000000000004,0.1,III-b,6.049217205902632e-05,6.055290219806571e-05,1.001003933847509,0.0010039338475089643,DeltaS_int^(2)
3,z,2.175,0.1,vis,5.736983348741277e-05,5.736983348741277e-05,1.0,0.0,DeltaS_int^(2)
3,z,2.175,0.1,I,5.736983348741277e-05,5.736983348741277e-05,1.0,0.0,DeltaS_int^(2)
3,z,2.175,0.1,II,5.736983348741277e-05,5.000177729449792e-05,0.871569154989243,-0.12843084501075697,DeltaS_int^(2)
3,z,2.175,0.1,III-a,5.736983348741277e-05,5.736983348741277e-05,1.0,0.0,DeltaS_int^(2)
3,z,2.175,0.1,III-b,5.736983348741277e-05,5.742744983673168e-05,1.0010042969591597,0.0010042969591597117,DeltaS_int^(2)
3,z,2.2,0.1,vis,5.4372458864387046e-05,5.4372458864387046e-05,1.0,0.0,DeltaS_int^(2)
3,z,2.2,0.1,I,5.4372458864387046e-05,5.4372458864387046e-05,1.0,0.0,DeltaS_int^(2)
3,z,2.2,0.1,II,5.4372458864387046e-05,4.73893580271212e-05,0.871569154989243,-0.12843084501075697,DeltaS_int^(2)
3,z,2.2,0.1,III-a,5.4372458864387046e-05,5.4372458864387046e-05,1.0,0.0,DeltaS_int^(2)
3,z,2.2,0.1,III-b,5.4372458864387046e-05,5.4427083411689684e-05,1.001004636325881,0.001004636325881103,DeltaS_int^(2)
3,z,2.225,0.1,vis,5.150059223274394e-05,5.150059223274394e-05,1.0,0.0,DeltaS_int^(2)
3,z,2.225,0.1,I,5.150059223274394e-05,5.150059223274394e-05,1.0,0.0,DeltaS_int^(2)
3,z,2.225,0.1,II,5.150059223274394e-05,4.488632765373821e-05,0.871569154989243,-0.12843084501075697,DeltaS_int^(2)
3,z,2.225,0.1,III-a,5.150059223274394e-05,5.150059223274394e-05,1.0,0.0,DeltaS_int^(2)
3,z,2.225,0.1,III-b,5.150059223274394e-05,5.155234793105353e-05,1.0010049534590921,0.0010049534590921283,DeltaS_int^(2)
3,z,2.25,0.1,vis,4.875477763527804e-05,4.875477763527804e-05,1.0,0.0,DeltaS_int^(2)
3,z,2.25,0.1,I,4.875477763527804e-05,4.875477763527804e-05,1.0,0.0,DeltaS_int^(2)
3,z,2.25,0.1,II,4.875477763527804e-05,4.2493160345267725e-05,0.871569154989243,-0.12843084501075697,DeltaS_int^(2)
3,z,2.25,0.1,III-a,4.875477763527804e-05,4.875477763527804e-05,1.0,0.0,DeltaS_int^(2)
3,z,2.25,0.1,III-b,4.875477763527804e-05,4.880378836921348e-05,1.0010052498711424,0.0010052498711423663,DeltaS_int^(2)
3,z,2.2750000000000004,0.1,vis,4.613555911478391e-05,4.613555911478391e-05,1.0,0.0,DeltaS_int^(2)
3,z,2.2750000000000004,0.1,I,4.613555911478391e-05,4.613555911478391e-05,1.0,0.0,DeltaS_int^(2)
3,z,2.2750000000000004,0.1,II,4.613555911478391e-05,4.021033027262848e-05,0.871569154989243,-0.12843084501075697,DeltaS_int^(2)
3,z,2.2750000000000004,0.1,III-a,4.613555911478391e-05,4.613555911478391e-05,1.0,0.0,DeltaS_int^(2)
3,z,2.2750000000000004,0.1,III-b,4.613555911478391e-05,4.6181949659670445e-05,1.0010055268815778,0.001005526881577845,DeltaS_int^(2)
3,z,2.3,0.1,vis,4.364348071405632e-05,4.364348071405632e-05,1.0,0.0,DeltaS_int^(2)
3,z,2.3,0.1,I,4.364348071405632e-05,4.364348071405632e-05,1.0,0.0,DeltaS_int^(2)
3,z,2.3,0.1,II,4.364348071405632e-05,3.803831160673939e-05,0.871569154989243,-0.12843084501075697,DeltaS_int^(2)
3,z,2.3,0.1,III-a,4.364348071405632e-05,4.364348071405632e-05,1.0,0.0,DeltaS_int^(2)
3,z,2.3,0.1,III-b,4.364348071405632e-05,4.3687376707654115e-05,1.001005785809922,0.001005785809921944,DeltaS_int^(2)
3,z,2.325,0.1,vis,4.1279086475889724e-05,4.1279086475889724e-05,1.0,0.0,DeltaS_int^(2)
3,z,2.325,0.1,I,4.1279086475889724e-05,4.1279086475889724e-05,1.0,0.0,DeltaS_int^(2)
3,z,2.325,0.1,II,4.1279086475889724e-05,3.59775785185191e-05,0.871569154989243,-0.12843084501075697,DeltaS_int^(2)
3,z,2.325,0.1,III-a,4.1279086475889724e-05,4.1279086475889724e-05,1.0,0.0,DeltaS_int^(2)
3,z,2.325,0.1,III-b,4.1279086475889724e-05,4.1320614384765845e-05,1.0010060278078192,0.0010060278078192209,DeltaS_int^(2)
3,z,2.35,0.1,vis,3.904292044307889e-05,3.904292044307889e-05,1.0,0.0,DeltaS_int^(2)
3,z,2.35,0.1,I,3.904292044307889e-05,3.904292044307889e-05,1.0,0.0,DeltaS_int^(2)
3,z,2.35,0.1,II,3.904292044307889e-05,3.402860517888651e-05,0.871569154989243,-0.12843084501075697,DeltaS_int^(2)
3,z,2.35,0.1,III-a,3.904292044307889e-05,3.904292044307889e-05,1.0,0.0,DeltaS_int^(2)
3,z,2.35,0.1,III-b,3.904292044307889e-05,3.9082207538971864e-05,1.0010062540262645,0.0010062540262645303,DeltaS_int^(2)
3,z,2.375,0.1,vis,3.693552665841837e-05,3.693552665841837e-05,1.0,0.0,DeltaS_int^(2)
3,z,2.375,0.1,I,3.693552665841837e-05,3.693552665841837e-05,1.0,0.0,DeltaS_int^(2)
3,z,2.375,0.1,II,3.693552665841837e-05,3.219186575876036e-05,0.871569154989243,-0.12843084501075697,DeltaS_int^(2)
3,z,2.375,0.1,III-a,3.693552665841837e-05,3.693552665841837e-05,1.0,0.0,DeltaS_int^(2)
3,z,2.375,0.1,III-b,3.693552665841837e-05,3.697270099062043e-05,1.0010064654701107,0.00100646547011074,DeltaS_int^(2)
3,z,2.4000000000000004,0.1,vis,3.4957449164702784e-05,3.4957449164702784e-05,1.0,0.0,DeltaS_int^(2)
3,z,2.4000000000000004,0.1,I,3.4957449164702784e-05,3.4957449164702784e-05,1.0,0.0,DeltaS_int^(2)
3,z,2.4000000000000004,0.1,II,3.4957449164702784e-05,3.0467834429059426e-05,0.871569154989243,-0.12843084501075697,DeltaS_int^(2)
3,z,2.4000000000000004,0.1,III-a,3.4957449164702784e-05,3.4957449164702784e-05,1.0,0.0,DeltaS_int^(2)
3,z,2.4000000000000004,0.1,III-b,3.4957449164702784e-05,3.4992639540356084e-05,1.0010066631431687,0.0010066631431686623,DeltaS_int^(2)
3,z,2.425,0.1,vis,3.310923200472686e-05,3.310923200472686e-05,1.0,0.0,DeltaS_int^(2)
3,z,2.425,0.1,I,3.310923200472686e-05,3.310923200472686e-05,1.0,0.0,DeltaS_int^(2)
3,z,2.425,0.1,II,3.310923200472686e-05,2.8856985360702595e-05,0.871569154989243,-0.12843084501075697,DeltaS_int^(2)
3,z,2.425,0.1,III-a,3.310923200472686e-05,3.310923200472686e-05,1.0,0.0,DeltaS_int^(2)
3,z,2.425,0.1,III-b,3.310923200472686e-05,3.3142567966171506e-05,1.0010068479220504,0.0010068479220504134,DeltaS_int^(2)
3,z,2.45,0.1,vis,3.1391419221285105e-05,3.1391419221285105e-05,1.0,0.0,DeltaS_int^(2)
3,z,2.45,0.1,I,3.1391419221285105e-05,3.1391419221285105e-05,1.0,0.0,DeltaS_int^(2)
3,z,2.45,0.1,II,3.1391419221285105e-05,2.735979272460854e-05,0.871569154989243,-0.12843084501075697,DeltaS_int^(2)
3,z,2.45,0.1,III-a,3.1391419221285105e-05,3.1391419221285105e-05,1.0,0.0,DeltaS_int^(2)
3,z,2.45,0.1,III-b,3.1391419221285105e-05,3.14230310296815e-05,1.0010070206821027,0.0010070206821026773,DeltaS_int^(2)
3,z,2.475,0.1,vis,2.9804554857172206e-05,2.9804554857172206e-05,1.0,0.0,DeltaS_int^(2)
3,z,2.475,0.1,I,2.9804554857172206e-05,2.9804554857172206e-05,1.0,0.0,DeltaS_int^(2)
3,z,2.475,0.1,II,2.9804554857172206e-05,2.5976730691696117e-05,0.871569154989243,-0.12843084501075697,DeltaS_int^(2)
3,z,2.475,0.1,III-a,2.9804554857172206e-05,2.9804554857172206e-05,1.0,0.0,DeltaS_int^(2)
3,z,2.475,0.1,III-b,2.9804554857172206e-05,2.9834573473944767e-05,1.0010071821879714,0.001007182187971356,DeltaS_int^(2)
3,z,2.5,0.1,vis,2.834918295518279e-05,2.834918295518279e-05,1.0,0.0,DeltaS_int^(2)
3,z,2.5,0.1,I,2.834918295518279e-05,2.834918295518279e-05,1.0,0.0,DeltaS_int^(2)
3,z,2.5,0.1,II,2.834918295518279e-05,2.4708273432884114e-05,0.871569154989243,-0.12843084501075697,DeltaS_int^(2)
3,z,2.5,0.1,III-a,2.834918295518279e-05,2.834918295518279e-05,1.0,0.0,DeltaS_int^(2)
3,z,2.5,0.1,III-b,2.834918295518279e-05,2.837774002844951e-05,1.001007333202931,0.0010073332029310045,DeltaS_int^(2)
3,z,2.5250000000000004,0.1,vis,2.6976890545916846e-05,2.6976890545916846e-05,1.0,0.0,DeltaS_int^(2)
3,z,2.5250000000000004,0.1,I,2.6976890545916846e-05,2.6976890545916846e-05,1.0,0.0,DeltaS_int^(2)
3,z,2.5250000000000004,0.1,II,2.6976890545916846e-05,2.3512225697342046e-05,0.871569154989243,-0.12843084501075697,DeltaS_int^(2)
3,z,2.5250000000000004,0.1,III-a,2.6976890545916846e-05,2.6976890545916846e-05,1.0,0.0,DeltaS_int^(2)
3,z,2.5250000000000004,0.1,III-b,2.6976890545916846e-05,2.7004069072369407e-05,1.0010074743939188,0.0010074743939187947,DeltaS_int^(2)
3,z,2.55,0.1,vis,2.5640036504028565e-05,2.5640036504028565e-05,1.0,0.0,DeltaS_int^(2)
3,z,2.55,0.1,I,2.5640036504028565e-05,2.5640036504028565e-05,1.0,0.0,DeltaS_int^(2)
3,z,2.55,0.1,II,2.5640036504028565e-05,2.2347064949709522e-05,0.871569154989243,-0.12843084501075697,DeltaS_int^(2)
3,z,2.55,0.1,III-a,2.5640036504028565e-05,2.5640036504028565e-05,1.0,0.0,DeltaS_int^(2)
3,z,2.55,0.1,III-b,2.5640036504028565e-05,2.5665871569585108e-05,1.0010076064264761,0.0010076064264761264,DeltaS_int^(2)
3,z,2.575,0.1,vis,2.434032263839362e-05,2.434032263839362e-05,1.0,0.0,DeltaS_int^(2)
3,z,2.575,0.1,I,2.434032263839362e-05,2.434032263839362e-05,1.0,0.0,DeltaS_int^(2)
3,z,2.575,0.1,II,2.434032263839362e-05,2.121427443411027e-05,0.871569154989243,-0.12843084501075697,DeltaS_int^(2)
3,z,2.575,0.1,III-a,2.434032263839362e-05,2.434032263839362e-05,1.0,0.0,DeltaS_int^(2)
3,z,2.575,0.1,III-b,2.434032263839362e-05,2.4364851108861278e-05,1.0010077298823052,0.0010077298823052416,DeltaS_int^(2)
3,z,2.6,0.1,vis,2.3079450757887837e-05,2.3079450757887837e-05,1.0,0.0,DeltaS_int^(2)
3,z,2.6,0.1,I,2.3079450757887837e-05,2.3079450757887837e-05,1.0,0.0,DeltaS_int^(2)
3,z,2.6,0.1,II,2.3079450757887837e-05,2.0115337394668146e-05,0.871569154989243,-0.12843084501075697,DeltaS_int^(2)
3,z,2.6,0.1,III-a,2.3079450757887837e-05,2.3079450757887837e-05,1.0,0.0,DeltaS_int^(2)
3,z,2.6,0.1,III-b,2.3079450757887837e-05,2.3102711274824148e-05,1.0010078453417424,0.0010078453417423638,DeltaS_int^(2)
3,z,2.625,0.1,vis,2.185912267138697e-05,2.185912267138697e-05,1.0,0.0,DeltaS_int^(2)
3,z,2.625,0.1,I,2.185912267138697e-05,2.185912267138697e-05,1.0,0.0,DeltaS_int^(2)
3,z,2.625,0.1,II,2.185912267138697e-05,1.9051737075506947e-05,0.871569154989243,-0.12843084501075697,DeltaS_int^(2)
3,z,2.625,0.1,III-a,2.185912267138697e-05,2.185912267138697e-05,1.0,0.0,DeltaS_int^(2)
3,z,2.625,0.1,III-b,2.185912267138697e-05,2.1881155646484497e-05,1.0010079533121596,0.0010079533121596373,DeltaS_int^(2)
3,z,2.6500000000000004,0.1,vis,2.0681040187766757e-05,2.0681040187766757e-05,1.0,0.0,DeltaS_int^(2)
3,z,2.6500000000000004,0.1,I,2.0681040187766757e-05,2.0681040187766757e-05,1.0,0.0,DeltaS_int^(2)
3,z,2.6500000000000004,0.1,II,2.0681040187766757e-05,1.802495672075045e-05,0.871569154989243,-0.12843084501075697,DeltaS_int^(2)
3,z,2.6500000000000004,0.1,III-a,2.0681040187766757e-05,2.0681040187766757e-05,1.0,0.0,DeltaS_int^(2)
3,z,2.6500000000000004,0.1,III-b,2.0681040187766757e-05,2.0701887799248793e-05,1.001008054299627,0.0010080542996269148,DeltaS_int^(2)
3,z,2.675,0.1,vis,1.9546905115903033e-05,1.9546905115903033e-05,1.0,0.0,DeltaS_int^(2)
3,z,2.675,0.1,I,1.9546905115903033e-05,1.9546905115903033e-05,1.0,0.0,DeltaS_int^(2)
3,z,2.675,0.1,II,1.9546905115903033e-05,1.7036479574522517e-05,0.871569154989243,-0.12843084501075697,DeltaS_int^(2)
3,z,2.675,0.1,III-a,1.9546905115903033e-05,1.9546905115903033e-05,1.0,0.0,DeltaS_int^(2)
3,z,2.675,0.1,III-b,1.9546905115903033e-05,1.9566611303797653e-05,1.0010081487467082,0.0010081487467081818,DeltaS_int^(2)
3,z,2.7,0.1,vis,1.8458419264671475e-05,1.8458419264671475e-05,1.0,0.0,DeltaS_int^(2)
3,z,2.7,0.1,I,1.8458419264671475e-05,1.8458419264671475e-05,1.0,0.0,DeltaS_int^(2)
3,z,2.7,0.1,II,1.8458419264671475e-05,1.6087788880946882e-05,0.871569154989243,-0.12843084501075697,DeltaS_int^(2)
3,z,2.7,0.1,III-a,1.8458419264671475e-05,1.8458419264671475e-05,1.0,0.0,DeltaS_int^(2)
3,z,2.7,0.1,III-b,1.8458419264671475e-05,1.8477029727684588e-05,1.0010082370947513,0.0010082370947512853,DeltaS_int^(2)
3,z,2.725,0.1,vis,1.741728444294791e-05,1.741728444294791e-05,1.0,0.0,DeltaS_int^(2)
3,z,2.725,0.1,I,1.741728444294791e-05,1.741728444294791e-05,1.0,0.0,DeltaS_int^(2)
3,z,2.725,0.1,II,1.741728444294791e-05,1.51803678841474e-05,0.871569154989243,-0.12843084501075697,DeltaS_int^(2)
3,z,2.725,0.1,III-a,1.741728444294791e-05,1.741728444294791e-05,1.0,0.0,DeltaS_int^(2)
3,z,2.725,0.1,III-b,1.741728444294791e-05,1.7434846634491676e-05,1.0010083197298232,0.0010083197298231816,DeltaS_int^(2)
3,z,2.75,0.1,vis,1.6425202459608085e-05,1.6425202459608085e-05,1.0,0.0,DeltaS_int^(2)
3,z,2.75,0.1,I,1.6425202459608085e-05,1.6425202459608085e-05,1.0,0.0,DeltaS_int^(2)
3,z,2.75,0.1,II,1.6425202459608085e-05,1.4315699828247855e-05,0.871569154989243,-0.12843084501075697,DeltaS_int^(2)
3,z,2.75,0.1,III-a,1.6425202459608085e-05,1.6425202459608085e-05,1.0,0.0,DeltaS_int^(2)
3,z,2.75,0.1,III-b,1.6425202459608085e-05,1.6441765585098373e-05,1.0010083970368717,0.001008397036871722,DeltaS_int^(2)
3,z,2.7750000000000004,0.1,vis,1.5483875123527752e-05,1.5483875123527752e-05,1.0,0.0,DeltaS_int^(2)
3,z,2.7750000000000004,0.1,I,1.5483875123527752e-05,1.5483875123527752e-05,1.0,0.0,DeltaS_int^(2)
3,z,2.7750000000000004,0.1,II,1.5483875123527752e-05,1.3495267957372044e-05,0.871569154989243,-0.12843084501075697,DeltaS_int^(2)
3,z,2.7750000000000004,0.1,III-a,1.5483875123527752e-05,1.5483875123527752e-05,1.0,0.0,DeltaS_int^(2)
3,z,2.7750000000000004,0.1,III-b,1.5483875123527752e-05,1.5499490137051133e-05,1.0010084693527173,0.0010084693527172561,DeltaS_int^(2)
3,z,2.8,0.1,vis,1.4595004243582723e-05,1.4595004243582723e-05,1.0,0.0,DeltaS_int^(2)
3,z,2.8,0.1,I,1.4595004243582723e-05,1.4595004243582723e-05,1.0,0.0,DeltaS_int^(2)
3,z,2.8,0.1,II,1.4595004243582723e-05,1.2720555515643809e-05,0.871569154989243,-0.12843084501075697,DeltaS_int^(2)
3,z,2.8,0.1,III-a,1.4595004243582723e-05,1.4595004243582723e-05,1.0,0.0,DeltaS_int^(2)
3,z,2.8,0.1,III-b,1.4595004243582723e-05,1.4609723845569623e-05,1.0010085370131614,0.0010085370131613924,DeltaS_int^(2)
3,z,2.825,0.1,vis,1.3760291628648702e-05,1.3760291628648702e-05,1.0,0.0,DeltaS_int^(2)
3,z,2.825,0.1,I,1.3760291628648702e-05,1.3760291628648702e-05,1.0,0.0,DeltaS_int^(2)
3,z,2.825,0.1,II,1.3760291628648702e-05,1.1993045747186904e-05,0.871569154989243,-0.12843084501075697,DeltaS_int^(2)
3,z,2.825,0.1,III-a,1.3760291628648702e-05,1.3760291628648702e-05,1.0,0.0,DeltaS_int^(2)
3,z,2.825,0.1,III-b,1.3760291628648702e-05,1.377417026307993e-05,1.001008600312099,0.0010086003120990394,DeltaS_int^(2)
3,z,2.85,0.1,vis,1.2981439087601497e-05,1.2981439087601497e-05,1.0,0.0,DeltaS_int^(2)
3,z,2.85,0.1,I,1.2981439087601497e-05,1.2981439087601497e-05,1.0,0.0,DeltaS_int^(2)
3,z,2.85,0.1,II,1.2981439087601497e-05,1.1314221896125166e-05,0.871569154989243,-0.12843084501075697,DeltaS_int^(2)
3,z,2.85,0.1,III-a,1.2981439087601497e-05,1.2981439087601497e-05,1.0,0.0,DeltaS_int^(2)
3,z,2.85,0.1,III-b,1.2981439087601497e-05,1.2994532940012667e-05,1.001008659542506,0.001008659542506063,DeltaS_int^(2)
3,z,2.875,0.1,vis,1.2260148429316865e-05,1.2260148429316865e-05,1.0,0.0,DeltaS_int^(2)
3,z,2.875,0.1,I,1.2260148429316865e-05,1.2260148429316865e-05,1.0,0.0,DeltaS_int^(2)
3,z,2.875,0.1,II,1.2260148429316865e-05,1.0685567206582396e-05,0.871569154989243,-0.12843084501075697,DeltaS_int^(2)
3,z,2.875,0.1,III-a,1.2260148429316865e-05,1.2260148429316865e-05,1.0,0.0,DeltaS_int^(2)
3,z,2.875,0.1,III-b,1.2260148429316865e-05,1.2272515424459903e-05,1.0010087149608617,0.0010087149608617452,DeltaS_int^(2)
3,z,2.9000000000000004,0.1,vis,1.1598121462670554e-05,1.1598121462670554e-05,1.0,0.0,DeltaS_int^(2)
3,z,2.9000000000000004,0.1,I,1.1598121462670554e-05,1.1598121462670554e-05,1.0,0.0,DeltaS_int^(2)
3,z,2.9000000000000004,0.1,II,1.1598121462670554e-05,1.0108564922682378e-05,0.871569154989243,-0.12843084501075697,DeltaS_int^(2)
3,z,2.9000000000000004,0.1,III-a,1.1598121462670554e-05,1.1598121462670554e-05,1.0,0.0,DeltaS_int^(2)
3,z,2.9000000000000004,0.1,III-b,1.1598121462670554e-05,1.1609821262809161e-05,1.0010087668228225,0.001008766822822471,DeltaS_int^(2)
3,z,2.925,0.1,vis,1.0997059996538368e-05,1.0997059996538368e-05,1.0,0.0,DeltaS_int^(2)
3,z,2.925,0.1,I,1.0997059996538368e-05,1.0997059996538368e-05,1.0,0.0,DeltaS_int^(2)
3,z,2.925,0.1,II,1.0997059996538368e-05,9.584698288548954e-06,0.871569154989243,-0.12843084501075697,DeltaS_int^(2)
3,z,2.925,0.1,III-a,1.0997059996538368e-05,1.0997059996538368e-05,1.0,0.0,DeltaS_int^(2)
3,z,2.925,0.1,III-b,1.0997059996538368e-05,1.1008153999492524e-05,1.001008815352253,0.0010088153522529453,DeltaS_int^(2)
3,z,2.95,0.1,vis,1.0458665839796033e-05,1.0458665839796033e-05,1.0,0.0,DeltaS_int^(2)
3,z,2.95,0.1,I,1.0458665839796033e-05,1.0458665839796033e-05,1.0,0.0,DeltaS_int^(2)
3,z,2.95,0.1,II,1.0458665839796033e-05,9.11545054830589e-06,0.871569154989243,-0.12843084501075697,DeltaS_int^(2)
3,z,2.95,0.1,III-a,1.0458665839796033e-05,1.0458665839796033e-05,1.0,0.0,DeltaS_int^(2)
3,z,2.95,0.1,III-b,1.0458665839796033e-05,1.0469217177492242e-05,1.0010088607722851,0.001008860772285125,DeltaS_int^(2)
3,z,2.975,0.1,vis,9.984640801319333e-06,9.984640801319333e-06,1.0,0.0,DeltaS_int^(2)
3,z,2.975,0.1,I,9.984640801319333e-06,9.984640801319333e-06,1.0,0.0,DeltaS_int^(2)
3,z,2.975,0.1,II,9.984640801319333e-06,8.70230494607701e-06,0.871569154989243,-0.12843084501075697,DeltaS_int^(2)
3,z,2.975,0.1,III-a,9.984640801319333e-06,9.984640801319333e-06,1.0,0.0,DeltaS_int^(2)
3,z,2.975,0.1,III-b,9.984640801319333e-06,9.994714338156958e-06,1.0010089032783527,0.0010089032783526797,DeltaS_int^(2)
3,z,3.0,0.1,vis,9.576686689984038e-06,9.576686689984038e-06,1.0,0.0,DeltaS_int^(2)
3,z,3.0,0.1,I,9.576686689984038e-06,9.576686689984038e-06,1.0,0.0,DeltaS_int^(2)
3,z,3.0,0.1,II,9.576686689984038e-06,8.346744725986118e-06,0.871569154989243,-0.12843084501075697,DeltaS_int^(2)
3,z,3.0,0.1,III-a,9.576686689984038e-06,9.576686689984038e-06,1.0,0.0,DeltaS_int^(2)
3,z,3.0,0.1,III-b,9.576686689984038e-06,9.586349021607867e-06,1.0010089430652394,0.0010089430652393538,DeltaS_int^(2)
3,z,3.025,0.1,vis,9.206071587957485e-06,9.206071587957485e-06,1.0,0.0,DeltaS_int^(2)
3,z,3.025,0.1,I,9.206071587957485e-06,9.206071587957485e-06,1.0,0.0,DeltaS_int^(2)
3,z,3.025,0.1,II,9.206071587957485e-06,8.023728034686584e-06,0.871569154989243,-0.12843084501075697,DeltaS_int^(2)
3,z,3.025,0.1,III-a,9.206071587957485e-06,9.206071587957485e-06,1.0,0.0,DeltaS_int^(2)
3,z,3.025,0.1,III-b,9.206071587957485e-06,9.215360332863185e-06,1.001008980303591,0.0010089803035910894,DeltaS_int^(2)
3,z,3.0500000000000003,0.1,vis,8.842957663645963e-06,8.842957663645963e-06,1.0,0.0,DeltaS_int^(2)
3,z,3.0500000000000003,0.1,I,8.842957663645963e-06,8.842957663645963e-06,1.0,0.0,DeltaS_int^(2)
3,z,3.0500000000000003,0.1,II,8.842957663645963e-06,7.707249138509562e-06,0.871569154989243,-0.12843084501075697,DeltaS_int^(2)
3,z,3.0500000000000003,0.1,III-a,8.842957663645963e-06,8.842957663645963e-06,1.0,0.0,DeltaS_int^(2)
3,z,3.0500000000000003,0.1,III-b,8.842957663645963e-06,8.8518803420186e-06,1.0010090151634807,0.001009015163480731,DeltaS_int^(2)
3,z,3.075,0.1,vis,8.487387855283665e-06,8.487387855283665e-06,1.0,0.0,DeltaS_int^(2)
3,z,3.075,0.1,I,8.487387855283665e-06,8.487387855283665e-06,1.0,0.0,DeltaS_int^(2)
3,z,3.075,0.1,II,8.487387855283665e-06,7.397345461095548e-06,0.871569154989243,-0.12843084501075697,DeltaS_int^(2)
3,z,3.075,0.1,III-a,8.487387855283665e-06,8.487387855283665e-06,1.0,0.0,DeltaS_int^(2)
3,z,3.075,0.1,III-b,8.487387855283665e-06,8.495952035275358e-06,1.0010090477939406,0.0010090477939406206,DeltaS_int^(2)
3,z,3.1,0.1,vis,8.139405101104772e-06,8.139405101104772e-06,1.0,0.0,DeltaS_int^(2)
3,z,3.1,0.1,I,8.139405101104772e-06,8.139405101104772e-06,1.0,0.0,DeltaS_int^(2)
3,z,3.1,0.1,II,8.139405101104772e-06,7.09405442608502e-06,0.871569154989243,-0.12843084501075697,DeltaS_int^(2)
3,z,3.1,0.1,III-a,8.139405101104772e-06,8.139405101104772e-06,1.0,0.0,DeltaS_int^(2)
3,z,3.1,0.1,III-b,8.139405101104772e-06,8.147618398521262e-06,1.001009078343499,0.0010090783434990591,DeltaS_int^(2)
3,z,3.125,0.1,vis,7.799052339343464e-06,7.799052339343464e-06,1.0,0.0,DeltaS_int^(2)
3,z,3.125,0.1,I,7.799052339343464e-06,7.799052339343464e-06,1.0,0.0,DeltaS_int^(2)
3,z,3.125,0.1,II,7.799052339343464e-06,6.797413457118462e-06,0.871569154989243,-0.12843084501075697,DeltaS_int^(2)
3,z,3.125,0.1,III-a,7.799052339343464e-06,7.799052339343464e-06,1.0,0.0,DeltaS_int^(2)
3,z,3.125,0.1,III-b,7.799052339343464e-06,7.806922417202766e-06,1.0010091069423397,0.0010091069423396881,DeltaS_int^(2)
3,z,3.15,0.1,vis,7.466372508233927e-06,7.466372508233927e-06,1.0,0.0,DeltaS_int^(2)
3,z,3.15,0.1,I,7.466372508233927e-06,7.466372508233927e-06,1.0,0.0,DeltaS_int^(2)
3,z,3.15,0.1,II,7.466372508233927e-06,6.5074599778363586e-06,0.871569154989243,-0.12843084501075697,DeltaS_int^(2)
3,z,3.15,0.1,III-a,7.466372508233927e-06,7.466372508233927e-06,1.0,0.0,DeltaS_int^(2)
3,z,3.15,0.1,III-b,7.466372508233927e-06,7.4739070764995965e-06,1.001009133720205,0.0010091337202049466,DeltaS_int^(2)
3,z,3.1750000000000003,0.1,vis,7.141408546010336e-06,7.141408546010336e-06,1.0,0.0,DeltaS_int^(2)
3,z,3.1750000000000003,0.1,I,7.141408546010336e-06,7.141408546010336e-06,1.0,0.0,DeltaS_int^(2)
3,z,3.1750000000000003,0.1,II,7.141408546010336e-06,6.224231411879187e-06,0.871569154989243,-0.12843084501075697,DeltaS_int^(2)
3,z,3.1750000000000003,0.1,III-a,7.141408546010336e-06,7.141408546010336e-06,1.0,0.0,DeltaS_int^(2)
3,z,3.1750000000000003,0.1,III-b,7.141408546010336e-06,7.148615361223505e-06,1.0010091587908376,0.0010091587908376276,DeltaS_int^(2)
3,z,3.2,0.1,vis,6.824203390906887e-06,6.824203390906887e-06,1.0,0.0,DeltaS_int^(2)
3,z,3.2,0.1,I,6.824203390906887e-06,6.824203390906887e-06,1.0,0.0,DeltaS_int^(2)
3,z,3.2,0.1,II,6.824203390906887e-06,5.9477651828874425e-06,0.871569154989243,-0.12843084501075697,DeltaS_int^(2)
3,z,3.2,0.1,III-a,6.824203390906887e-06,6.824203390906887e-06,1.0,0.0,DeltaS_int^(2)
3,z,3.2,0.1,III-b,6.824203390906887e-06,6.831090255959456e-06,1.0010091822675955,0.0010091822675954987,DeltaS_int^(2)
3,z,3.225,0.1,vis,6.514799981157757e-06,6.514799981157757e-06,1.0,0.0,DeltaS_int^(2)
3,z,3.225,0.1,I,6.514799981157757e-06,6.514799981157757e-06,1.0,0.0,DeltaS_int^(2)
3,z,3.225,0.1,II,6.514799981157757e-06,5.678098714501603e-06,0.871569154989243,-0.12843084501075697,DeltaS_int^(2)
3,z,3.225,0.1,III-a,6.514799981157757e-06,6.514799981157757e-06,1.0,0.0,DeltaS_int^(2)
3,z,3.225,0.1,III-b,6.514799981157757e-06,6.521374744985858e-06,1.0010092042498797,0.0010092042498797138,DeltaS_int^(2)
3,z,3.25,0.1,vis,6.2132412549971314e-06,6.2132412549971314e-06,1.0,0.0,DeltaS_int^(2)
3,z,3.25,0.1,I,6.2132412549971314e-06,6.2132412549971314e-06,1.0,0.0,DeltaS_int^(2)
3,z,3.25,0.1,II,6.2132412549971314e-06,5.415269430362154e-06,0.871569154989243,-0.12843084501075697,DeltaS_int^(2)
3,z,3.25,0.1,III-a,6.2132412549971314e-06,6.2132412549971314e-06,1.0,0.0,DeltaS_int^(2)
3,z,3.25,0.1,III-b,6.2132412549971314e-06,6.219511812388423e-06,1.0010092248367546,0.0010092248367545853,DeltaS_int^(2)
3,z,3.275,0.1,vis,5.919570150659192e-06,5.919570150659192e-06,1.0,0.0,DeltaS_int^(2)
3,z,3.275,0.1,I,5.919570150659192e-06,5.919570150659192e-06,1.0,0.0,DeltaS_int^(2)
3,z,3.275,0.1,II,5.919570150659192e-06,5.159314754109578e-06,0.871569154989243,-0.12843084501075697,DeltaS_int^(2)
3,z,3.275,0.1,III-a,5.919570150659192e-06,5.919570150659192e-06,1.0,0.0,DeltaS_int^(2)
3,z,3.275,0.1,III-b,5.919570150659192e-06,5.925544441997709e-06,1.0010092441151073,0.0010092441151072773,DeltaS_int^(2)
3,z,3.3000000000000003,0.1,vis,5.6338296063781166e-06,5.6338296063781166e-06,1.0,0.0,DeltaS_int^(2)
3,z,3.3000000000000003,0.1,I,5.6338296063781166e-06,5.6338296063781166e-06,1.0,0.0,DeltaS_int^(2)
3,z,3.3000000000000003,0.1,II,5.6338296063781166e-06,4.9102721093843545e-06,0.871569154989243,-0.12843084501075697,DeltaS_int^(2)
3,z,3.3000000000000003,0.1,III-a,5.6338296063781166e-06,5.6338296063781166e-06,1.0,0.0,DeltaS_int^(2)
3,z,3.3000000000000003,0.1,III-b,5.6338296063781166e-06,5.639515617480688e-06,1.0010092621715314,0.001009262171531411,DeltaS_int^(2)
3,z,3.325,0.1,vis,5.356062560388099e-06,5.356062560388099e-06,1.0,0.0,DeltaS_int^(2)
3,z,3.325,0.1,I,5.356062560388099e-06,5.356062560388099e-06,1.0,0.0,DeltaS_int^(2)
3,z,3.325,0.1,II,5.356062560388099e-06,4.668178919826977e-06,0.871569154989243,-0.12843084501075697,DeltaS_int^(2)
3,z,3.325,0.1,III-a,5.356062560388099e-06,5.356062560388099e-06,1.0,0.0,DeltaS_int^(2)
3,z,3.325,0.1,III-b,5.356062560388099e-06,5.361468322292144e-06,1.0010092790819929,0.0010092790819928865,DeltaS_int^(2)
3,z,3.35,0.1,vis,5.086311950923318e-06,5.086311950923318e-06,1.0,0.0,DeltaS_int^(2)
3,z,3.35,0.1,I,5.086311950923318e-06,5.086311950923318e-06,1.0,0.0,DeltaS_int^(2)
3,z,3.35,0.1,II,5.086311950923318e-06,4.4330726090779245e-06,0.871569154989243,-0.12843084501075697,DeltaS_int^(2)
3,z,3.35,0.1,III-a,5.086311950923318e-06,5.086311950923318e-06,1.0,0.0,DeltaS_int^(2)
3,z,3.35,0.1,III-b,5.086311950923318e-06,5.09144553974812e-06,1.001009294922202,0.0010092949222020309,DeltaS_int^(2)
3,z,3.375,0.1,vis,4.8246207162179565e-06,4.8246207162179565e-06,1.0,0.0,DeltaS_int^(2)
3,z,3.375,0.1,I,4.8246207162179565e-06,4.8246207162179565e-06,1.0,0.0,DeltaS_int^(2)
3,z,3.375,0.1,II,4.8246207162179565e-06,4.204990600777681e-06,0.871569154989243,-0.12843084501075697,DeltaS_int^(2)
3,z,3.375,0.1,III-a,4.8246207162179565e-06,4.8246207162179565e-06,1.0,0.0,DeltaS_int^(2)
3,z,3.375,0.1,III-b,4.8246207162179565e-06,4.829490252988335e-06,1.0010093097585908,0.001009309758590815,DeltaS_int^(2)
3,z,3.4000000000000004,0.1,vis,4.5710317945061935e-06,4.5710317945061935e-06,1.0,0.0,DeltaS_int^(2)
3,z,3.4000000000000004,0.1,I,4.5710317945061935e-06,4.5710317945061935e-06,1.0,0.0,DeltaS_int^(2)
3,z,3.4000000000000004,0.1,II,4.5710317945061935e-06,3.9839703185667265e-06,0.871569154989243,-0.12843084501075697,DeltaS_int^(2)
3,z,3.4000000000000004,0.1,III-a,4.5710317945061935e-06,4.5710317945061935e-06,1.0,0.0,DeltaS_int^(2)
3,z,3.4000000000000004,0.1,III-b,4.5710317945061935e-06,4.57564544503498e-06,1.0010093236573703,0.0010093236573702757,DeltaS_int^(2)
3,z,3.4250000000000003,0.1,vis,4.325588124022222e-06,4.325588124022222e-06,1.0,0.0,DeltaS_int^(2)
3,z,3.4250000000000003,0.1,I,4.325588124022222e-06,4.325588124022222e-06,1.0,0.0,DeltaS_int^(2)
3,z,3.4250000000000003,0.1,II,4.325588124022222e-06,3.770049186085553e-06,0.871569154989243,-0.12843084501075697,DeltaS_int^(2)
3,z,3.4250000000000003,0.1,III-a,4.325588124022222e-06,4.325588124022222e-06,1.0,0.0,DeltaS_int^(2)
3,z,3.4250000000000003,0.1,III-b,4.325588124022222e-06,4.329954098763873e-06,1.0010093366766486,0.0010093366766485978,DeltaS_int^(2)
3,z,3.45,0.1,vis,4.088332643000219e-06,4.088332643000219e-06,1.0,0.0,DeltaS_int^(2)
3,z,3.45,0.1,I,4.088332643000219e-06,4.088332643000219e-06,1.0,0.0,DeltaS_int^(2)
3,z,3.45,0.1,II,4.088332643000219e-06,3.5632646269746394e-06,0.871569154989243,-0.12843084501075697,DeltaS_int^(2)
3,z,3.45,0.1,III-a,4.088332643000219e-06,4.088332643000219e-06,1.0,0.0,DeltaS_int^(2)
3,z,3.45,0.1,III-b,4.088332643000219e-06,4.092459196951366e-06,1.001009348874342,0.0010093488743418977,DeltaS_int^(2)
3,z,3.475,0.1,vis,3.859308289674369e-06,3.859308289674369e-06,1.0,0.0,DeltaS_int^(2)
3,z,3.475,0.1,I,3.859308289674369e-06,3.859308289674369e-06,1.0,0.0,DeltaS_int^(2)
3,z,3.475,0.1,II,3.859308289674369e-06,3.3636540648744708e-06,0.871569154989243,-0.12843084501075697,DeltaS_int^(2)
3,z,3.475,0.1,III-a,3.859308289674369e-06,3.859308289674369e-06,1.0,0.0,DeltaS_int^(2)
3,z,3.475,0.1,III-b,3.859308289674369e-06,3.863203722252405e-06,1.0010093603012897,0.00100936030128973,DeltaS_int^(2)
3,z,3.5,0.1,vis,3.6385580022788565e-06,3.6385580022788565e-06,1.0,0.0,DeltaS_int^(2)
3,z,3.5,0.1,I,3.6385580022788565e-06,3.6385580022788565e-06,1.0,0.0,DeltaS_int^(2)
3,z,3.5,0.1,II,3.6385580022788565e-06,3.1712549234255312e-06,0.871569154989243,-0.12843084501075697,DeltaS_int^(2)
3,z,3.5,0.1,III-a,3.6385580022788565e-06,3.6385580022788565e-06,1.0,0.0,DeltaS_int^(2)
3,z,3.5,0.1,III-b,3.6385580022788565e-06,3.642230657237883e-06,1.001009371008165,0.0010093710081648943,DeltaS_int^(2)
3,z,3.5250000000000004,0.1,vis,3.4261247190478587e-06,3.4261247190478587e-06,1.0,0.0,DeltaS_int^(2)
3,z,3.5250000000000004,0.1,I,3.4261247190478587e-06,3.4261247190478587e-06,1.0,0.0,DeltaS_int^(2)
3,z,3.5250000000000004,0.1,II,3.4261247190478587e-06,2.9861046262683e-06,0.871569154989243,-0.12843084501075697,DeltaS_int^(2)
3,z,3.5250000000000004,0.1,III-a,3.4261247190478587e-06,3.4261247190478587e-06,1.0,0.0,DeltaS_int^(2)
3,z,3.5250000000000004,0.1,III-b,3.4261247190478587e-06,3.42958298437808e-06,1.001009381039457,0.0010093810394569136,DeltaS_int^(2)
3,z,3.5500000000000003,0.1,vis,3.222051378215569e-06,3.222051378215569e-06,1.0,0.0,DeltaS_int^(2)
3,z,3.5500000000000003,0.1,I,3.222051378215569e-06,3.222051378215569e-06,1.0,0.0,DeltaS_int^(2)
3,z,3.5500000000000003,0.1,II,3.222051378215569e-06,2.8082405970432692e-06,0.871569154989243,-0.12843084501075697,DeltaS_int^(2)
3,z,3.5500000000000003,0.1,III-a,3.222051378215569e-06,3.222051378215569e-06,1.0,0.0,DeltaS_int^(2)
3,z,3.5500000000000003,0.1,III-b,3.222051378215569e-06,3.225303686072355e-06,1.0010093904395116,0.0010093904395116482,DeltaS_int^(2)
3,z,3.575,0.1,vis,3.0263809180161647e-06,3.0263809180161647e-06,1.0,0.0,DeltaS_int^(2)
3,z,3.575,0.1,I,3.0263809180161647e-06,3.0263809180161647e-06,1.0,0.0,DeltaS_int^(2)
3,z,3.575,0.1,II,3.0263809180161647e-06,2.6377002593909184e-06,0.871569154989243,-0.12843084501075697,DeltaS_int^(2)
3,z,3.575,0.1,III-a,3.0263809180161647e-06,3.0263809180161647e-06,1.0,0.0,DeltaS_int^(2)
3,z,3.575,0.1,III-b,3.0263809180161647e-06,3.029435744636765e-06,1.0010093992472708,0.0010093992472708369,DeltaS_int^(2)
3,z,3.6,0.1,vis,2.839156276683831e-06,2.839156276683831e-06,1.0,0.0,DeltaS_int^(2)
3,z,3.6,0.1,I,2.839156276683831e-06,2.839156276683831e-06,1.0,0.0,DeltaS_int^(2)
3,z,3.6,0.1,II,2.839156276683831e-06,2.474521036951732e-06,0.871569154989243,-0.12843084501075697,DeltaS_int^(2)
3,z,3.6,0.1,III-a,2.839156276683831e-06,2.839156276683831e-06,1.0,0.0,DeltaS_int^(2)
3,z,3.6,0.1,III-b,2.839156276683831e-06,2.8420221423275944e-06,1.001009407501552,0.0010094075015520954,DeltaS_int^(2)
3,z,3.625,0.1,vis,2.660420392452749e-06,2.660420392452749e-06,1.0,0.0,DeltaS_int^(2)
3,z,3.625,0.1,I,2.660420392452749e-06,2.660420392452749e-06,1.0,0.0,DeltaS_int^(2)
3,z,3.625,0.1,II,2.660420392452749e-06,2.3187403533661928e-06,0.871569154989243,-0.12843084501075697,DeltaS_int^(2)
3,z,3.625,0.1,III-a,2.660420392452749e-06,2.660420392452749e-06,1.0,0.0,DeltaS_int^(2)
3,z,3.625,0.1,III-b,2.660420392452749e-06,2.6631058613322507e-06,1.001009415236449,0.0010094152364490405,DeltaS_int^(2)
3,z,3.6500000000000004,0.1,vis,2.4902162035571007e-06,2.4902162035571007e-06,1.0,0.0,DeltaS_int^(2)
3,z,3.6500000000000004,0.1,I,2.4902162035571007e-06,2.4902162035571007e-06,1.0,0.0,DeltaS_int^(2)
3,z,3.6500000000000004,0.1,II,2.4902162035571007e-06,2.1703956322747832e-06,0.871569154989243,-0.12843084501075697,DeltaS_int^(2)
3,z,3.6500000000000004,0.1,III-a,2.4902162035571007e-06,2.4902162035571007e-06,1.0,0.0,DeltaS_int^(2)
3,z,3.6500000000000004,0.1,III-b,2.4902162035571007e-06,2.4927298837878435e-06,1.001009422485948,0.0010094224859480416,DeltaS_int^(2)
3,z,3.6750000000000003,0.1,vis,2.3285866482310764e-06,2.3285866482310764e-06,1.0,0.0,DeltaS_int^(2)
3,z,3.6750000000000003,0.1,I,2.3285866482310764e-06,2.3285866482310764e-06,1.0,0.0,DeltaS_int^(2)
3,z,3.6750000000000003,0.1,II,2.3285866482310764e-06,2.029524297317993e-06,0.871569154989243,-0.12843084501075697,DeltaS_int^(2)
3,z,3.6750000000000003,0.1,III-a,2.3285866482310764e-06,2.3285866482310764e-06,1.0,0.0,DeltaS_int^(2)
3,z,3.6750000000000003,0.1,III-b,2.3285866482310764e-06,2.3309371917745967e-06,1.001009429279905,0.0010094292799049942,DeltaS_int^(2)
3,z,3.7,0.1,vis,2.1755746647088535e-06,2.1755746647088535e-06,1.0,0.0,DeltaS_int^(2)
3,z,3.7,0.1,I,2.1755746647088535e-06,2.1755746647088535e-06,1.0,0.0,DeltaS_int^(2)
3,z,3.7,0.1,II,2.1755746647088535e-06,1.8961637721363012e-06,0.871569154989243,-0.12843084501075697,DeltaS_int^(2)
3,z,3.7,0.1,III-a,2.1755746647088535e-06,2.1755746647088535e-06,1.0,0.0,DeltaS_int^(2)
3,z,3.7,0.1,III-b,2.1755746647088535e-06,2.1777707673304768e-06,1.001009435648083,0.0010094356480829791,DeltaS_int^(2)
3,z,3.725,0.1,vis,2.031223191224619e-06,2.031223191224619e-06,1.0,0.0,DeltaS_int^(2)
3,z,3.725,0.1,I,2.031223191224619e-06,2.031223191224619e-06,1.0,0.0,DeltaS_int^(2)
3,z,3.725,0.1,II,2.031223191224619e-06,1.7703514803701947e-06,0.871569154989243,-0.12843084501075697,DeltaS_int^(2)
3,z,3.725,0.1,III-a,2.031223191224619e-06,2.031223191224619e-06,1.0,0.0,DeltaS_int^(2)
3,z,3.725,0.1,III-b,2.031223191224619e-06,2.03327359244651e-06,1.0010094416166324,0.0010094416166324116,DeltaS_int^(2)
3,z,3.75,0.1,vis,1.8955751660125522e-06,1.8955751660125522e-06,1.0,0.0,DeltaS_int^(2)
3,z,3.75,0.1,I,1.8955751660125522e-06,1.8955751660125522e-06,1.0,0.0,DeltaS_int^(2)
3,z,3.75,0.1,II,1.8955751660125522e-06,1.6521248456601542e-06,0.871569154989243,-0.12843084501075697,DeltaS_int^(2)
3,z,3.75,0.1,III-a,1.8955751660125522e-06,1.8955751660125522e-06,1.0,0.0,DeltaS_int^(2)
3,z,3.75,0.1,III-b,1.8955751660125522e-06,1.8974886490783072e-06,1.001009447211624,0.0010094472116239928,DeltaS_int^(2)
3,z,3.7750000000000004,0.1,vis,1.768673527306836e-06,1.768673527306836e-06,1.0,0.0,DeltaS_int^(2)
3,z,3.7750000000000004,0.1,I,1.768673527306836e-06,1.768673527306836e-06,1.0,0.0,DeltaS_int^(2)
3,z,3.7750000000000004,0.1,II,1.768673527306836e-06,1.541521291646663e-06,0.871569154989243,-0.12843084501075697,DeltaS_int^(2)
3,z,3.7750000000000004,0.1,III-a,1.768673527306836e-06,1.768673527306836e-06,1.0,0.0,DeltaS_int^(2)
3,z,3.7750000000000004,0.1,III-b,1.768673527306836e-06,1.7704589191427814e-06,1.0010094524559678,0.0010094524559678408,DeltaS_int^(2)
3,z,3.8000000000000003,0.1,vis,1.6505612133416613e-06,1.6505612133416613e-06,1.0,0.0,DeltaS_int^(2)
3,z,3.8000000000000003,0.1,I,1.6505612133416613e-06,1.6505612133416613e-06,1.0,0.0,DeltaS_int^(2)
3,z,3.8000000000000003,0.1,II,1.6505612133416613e-06,1.4385782419702115e-06,0.871569154989243,-0.12843084501075697,DeltaS_int^(2)
3,z,3.8000000000000003,0.1,III-a,1.6505612133416613e-06,1.6505612133416613e-06,1.0,0.0,DeltaS_int^(2)
3,z,3.8000000000000003,0.1,III-b,1.6505612133416613e-06,1.6522273845272397e-06,1.001009457372505,0.0010094573725050182,DeltaS_int^(2)
3,z,3.825,0.1,vis,1.5412811623512034e-06,1.5412811623512034e-06,1.0,0.0,DeltaS_int^(2)
3,z,3.825,0.1,I,1.5412811623512034e-06,1.5412811623512034e-06,1.0,0.0,DeltaS_int^(2)
3,z,3.825,0.1,II,1.5412811623512034e-06,1.3433331202712767e-06,0.871569154989243,-0.12843084501075697,DeltaS_int^(2)
3,z,3.825,0.1,III-a,1.5412811623512034e-06,1.5412811623512034e-06,1.0,0.0,DeltaS_int^(2)
3,z,3.825,0.1,III-b,1.5412811623512034e-06,1.542837027087109e-06,1.0010094619813117,0.0010094619813116879,DeltaS_int^(2)
3,z,3.85,0.1,vis,1.4408763125696507e-06,1.4408763125696507e-06,1.0,0.0,DeltaS_int^(2)
3,z,3.85,0.1,I,1.4408763125696507e-06,1.4408763125696507e-06,1.0,0.0,DeltaS_int^(2)
3,z,3.85,0.1,II,1.4408763125696507e-06,1.2558233501903468e-06,0.871569154989243,-0.12843084501075697,DeltaS_int^(2)
3,z,3.85,0.1,III-a,1.4408763125696507e-06,1.4408763125696507e-06,1.0,0.0,DeltaS_int^(2)
3,z,3.85,0.1,III-b,1.4408763125696507e-06,1.4423308286531217e-06,1.0010094663024038,0.0010094663024038386,DeltaS_int^(2)
3,z,3.875,0.1,vis,1.349389602231183e-06,1.349389602231183e-06,1.0,0.0,DeltaS_int^(2)
3,z,3.875,0.1,I,1.349389602231183e-06,1.349389602231183e-06,1.0,0.0,DeltaS_int^(2)
3,z,3.875,0.1,II,1.349389602231183e-06,1.1760863553679028e-06,0.871569154989243,-0.12843084501075697,DeltaS_int^(2)
3,z,3.875,0.1,III-a,1.349389602231183e-06,1.349389602231183e-06,1.0,0.0,DeltaS_int^(2)
3,z,3.875,0.1,III-b,1.349389602231183e-06,1.3507517710297907e-06,1.0010094703533772,0.0010094703533771732,DeltaS_int^(2)
3,z,3.9000000000000004,0.1,vis,1.2668639695699832e-06,1.2668639695699832e-06,1.0,0.0,DeltaS_int^(2)
3,z,3.9000000000000004,0.1,I,1.2668639695699832e-06,1.2668639695699832e-06,1.0,0.0,DeltaS_int^(2)
3,z,3.9000000000000004,0.1,II,1.2668639695699832e-06,1.1041595594444283e-06,0.871569154989243,-0.12843084501075697,DeltaS_int^(2)
3,z,3.9000000000000004,0.1,III-a,1.2668639695699832e-06,1.2668639695699832e-06,1.0,0.0,DeltaS_int^(2)
3,z,3.9000000000000004,0.1,III-b,1.2668639695699832e-06,1.268142836001081e-06,1.0010094741517763,0.001009474151776324,DeltaS_int^(2)
3,z,3.9250000000000003,0.1,vis,1.1933423528202406e-06,1.1933423528202406e-06,1.0,0.0,DeltaS_int^(2)
3,z,3.9250000000000003,0.1,I,1.1933423528202406e-06,1.1933423528202406e-06,1.0,0.0,DeltaS_int^(2)
3,z,3.9250000000000003,0.1,II,1.1933423528202406e-06,1.0400803860604123e-06,0.871569154989243,-0.12843084501075697,DeltaS_int^(2)
3,z,3.9250000000000003,0.1,III-a,1.1933423528202406e-06,1.1933423528202406e-06,1.0,0.0,DeltaS_int^(2)
3,z,3.9250000000000003,0.1,III-b,1.1933423528202406e-06,1.1945470053294233e-06,1.0010094777130265,0.0010094777130265076,DeltaS_int^(2)
3,z,3.95,0.1,vis,1.1288676902161313e-06,1.1288676902161313e-06,1.0,0.0,DeltaS_int^(2)
3,z,3.95,0.1,I,1.1288676902161313e-06,1.1288676902161313e-06,1.0,0.0,DeltaS_int^(2)
3,z,3.95,0.1,II,1.1288676902161313e-06,9.83886258856332e-07,0.871569154989243,-0.12843084501075697,DeltaS_int^(2)
3,z,3.95,0.1,III-a,1.1288676902161313e-06,1.1288676902161313e-06,1.0,0.0,DeltaS_int^(2)
3,z,3.95,0.1,III-b,1.1288676902161313e-06,1.1300072607601943e-06,1.0010094810525092,0.001009481052509198,DeltaS_int^(2)
3,z,3.975,0.1,vis,1.0734829199918448e-06,1.0734829199918448e-06,1.0,0.0,DeltaS_int^(2)
3,z,3.975,0.1,I,1.0734829199918448e-06,1.0734829199918448e-06,1.0,0.0,DeltaS_int^(2)
3,z,3.975,0.1,II,1.0734829199918448e-06,9.356146014726774e-07,0.871569154989243,-0.12843084501075697,DeltaS_int^(2)
3,z,3.975,0.1,III-a,1.0734829199918448e-06,1.0734829199918448e-06,1.0,0.0,DeltaS_int^(2)
3,z,3.975,0.1,III-b,1.0734829199918448e-06,1.074566584021102e-06,1.0010094841837498,0.001009484183749798,DeltaS_int^(2)
3,z,4.0,0.1,vis,1.027230980381559e-06,1.027230980381559e-06,1.0,0.0,DeltaS_int^(2)
3,z,4.0,0.1,I,1.027230980381559e-06,1.027230980381559e-06,1.0,0.0,DeltaS_int^(2)
3,z,4.0,0.1,II,1.027230980381559e-06,8.95302837549927e-07,0.871569154989243,-0.12843084501075697,DeltaS_int^(2)
3,z,4.0,0.1,III-a,1.027230980381559e-06,1.027230980381559e-06,1.0,0.0,DeltaS_int^(2)
3,z,4.0,0.1,III-b,1.027230980381559e-06,1.0282679568257612e-06,1.0010094871202357,0.0010094871202357414,DeltaS_int^(2)
3,z,4.025,0.1,vis,9.859146848803208e-07,9.859146848803208e-07,1.0,0.0,DeltaS_int^(2)
3,z,4.025,0.1,I,9.859146848803208e-07,9.859146848803208e-07,1.0,0.0,DeltaS_int^(2)
3,z,4.025,0.1,II,9.859146848803208e-07,8.59292828792627e-07,0.871569154989243,-0.12843084501075697,DeltaS_int^(2)
3,z,4.025,0.1,III-a,9.859146848803208e-07,9.859146848803208e-07,1.0,0.0,DeltaS_int^(2)
3,z,4.025,0.1,III-b,9.859146848803208e-07,9.869099557711674e-07,1.0010094898738298,0.0010094898738297609,DeltaS_int^(2)
3,z,4.050000000000001,0.1,vis,9.453194739742049e-07,9.453194739742049e-07,1.0,0.0,DeltaS_int^(2)
3,z,4.050000000000001,0.1,I,9.453194739742049e-07,9.453194739742049e-07,1.0,0.0,DeltaS_int^(2)
3,z,4.050000000000001,0.1,II,9.453194739742049e-07,8.239112951265735e-07,0.871569154989243,-0.12843084501075697,DeltaS_int^(2)
3,z,4.050000000000001,0.1,III-a,9.453194739742049e-07,9.453194739742049e-07,1.0,0.0,DeltaS_int^(2)
3,z,4.050000000000001,0.1,III-b,9.453194739742049e-07,9.462737668520326e-07,1.0010094924563606,0.0010094924563606167,DeltaS_int^(2)
3,z,4.075,0.1,vis,9.054622263839411e-07,9.054622263839411e-07,1.0,0.0,DeltaS_int^(2)
3,z,4.075,0.1,I,9.054622263839411e-07,9.054622263839411e-07,1.0,0.0,DeltaS_int^(2)
3,z,4.075,0.1,II,9.054622263839411e-07,7.891729475241302e-07,0.871569154989243,-0.12843084501075697,DeltaS_int^(2)
3,z,4.075,0.1,III-a,9.054622263839411e-07,9.054622263839411e-07,1.0,0.0,DeltaS_int^(2)
3,z,4.075,0.1,III-b,9.054622263839411e-07,9.063762858639103e-07,1.0010094948782342,0.0010094948782342072,DeltaS_int^(2)
3,z,4.1,0.1,vis,8.663598208302564e-07,8.663598208302564e-07,1.0,0.0,DeltaS_int^(2)
3,z,4.1,0.1,I,8.663598208302564e-07,8.663598208302564e-07,1.0,0.0,DeltaS_int^(2)
3,z,4.1,0.1,II,8.663598208302564e-07,7.550924969576586e-07,0.871569154989243,-0.12843084501075697,DeltaS_int^(2)
3,z,4.1,0.1,III-a,8.663598208302564e-07,8.663598208302564e-07,1.0,0.0,DeltaS_int^(2)
3,z,4.1,0.1,III-b,8.663598208302564e-07,8.672344086001098e-07,1.0010094971498278,0.0010094971498277872,DeltaS_int^(2)
3,z,4.125,0.1,vis,8.280291360338781e-07,8.280291360338781e-07,1.0,0.0,DeltaS_int^(2)
3,z,4.125,0.1,I,8.280291360338781e-07,8.280291360338781e-07,1.0,0.0,DeltaS_int^(2)
3,z,4.125,0.1,II,8.280291360338781e-07,7.216846543995201e-07,0.871569154989243,-0.12843084501075697,DeltaS_int^(2)
3,z,4.125,0.1,III-a,8.280291360338781e-07,8.280291360338781e-07,1.0,0.0,DeltaS_int^(2)
3,z,4.125,0.1,III-b,8.280291360338781e-07,8.288650308507477e-07,1.001009499280271,0.0010094992802709424,DeltaS_int^(2)
3,z,4.15,0.1,vis,7.904870507155362e-07,7.904870507155362e-07,1.0,0.0,DeltaS_int^(2)
3,z,4.15,0.1,I,7.904870507155362e-07,7.904870507155362e-07,1.0,0.0,DeltaS_int^(2)
3,z,4.15,0.1,II,7.904870507155362e-07,6.889641308220788e-07,0.871569154989243,-0.12843084501075697,DeltaS_int^(2)
3,z,4.15,0.1,III-a,7.904870507155362e-07,7.904870507155362e-07,1.0,0.0,DeltaS_int^(2)
3,z,4.15,0.1,III-b,7.904870507155362e-07,7.912850484040045e-07,1.0010095012786686,0.001009501278668612,DeltaS_int^(2)
3,z,4.175000000000001,0.1,vis,7.537504435959588e-07,7.537504435959588e-07,1.0,0.0,DeltaS_int^(2)
3,z,4.175000000000001,0.1,I,7.537504435959588e-07,7.537504435959588e-07,1.0,0.0,DeltaS_int^(2)
3,z,4.175000000000001,0.1,II,7.537504435959588e-07,6.569456371976969e-07,0.871569154989243,-0.12843084501075697,DeltaS_int^(2)
3,z,4.175000000000001,0.1,III-a,7.537504435959588e-07,7.537504435959588e-07,1.0,0.0,DeltaS_int^(2)
3,z,4.175000000000001,0.1,III-b,7.537504435959588e-07,7.545113570453688e-07,1.0010095031530328,0.0010095031530328313,DeltaS_int^(2)
3,z,4.2,0.1,vis,7.17836193395876e-07,7.17836193395876e-07,1.0,0.0,DeltaS_int^(2)
3,z,4.2,0.1,I,7.17836193395876e-07,7.17836193395876e-07,1.0,0.0,DeltaS_int^(2)
3,z,4.2,0.1,II,7.17836193395876e-07,6.256438844987385e-07,0.871569154989243,-0.12843084501075697,DeltaS_int^(2)
3,z,4.2,0.1,III-a,7.17836193395876e-07,7.17836193395876e-07,1.0,0.0,DeltaS_int^(2)
3,z,4.2,0.1,III-b,7.17836193395876e-07,7.185608525586565e-07,1.0010095049113537,0.0010095049113536536,DeltaS_int^(2)
3,z,4.225,0.1,vis,6.82761178836015e-07,6.82761178836015e-07,1.0,0.0,DeltaS_int^(2)
3,z,4.225,0.1,I,6.82761178836015e-07,6.82761178836015e-07,1.0,0.0,DeltaS_int^(2)
3,z,4.225,0.1,II,6.82761178836015e-07,5.95073583697565e-07,0.871569154989243,-0.12843084501075697,DeltaS_int^(2)
3,z,4.225,0.1,III-a,6.82761178836015e-07,6.82761178836015e-07,1.0,0.0,DeltaS_int^(2)
3,z,4.225,0.1,III-b,6.82761178836015e-07,6.834504307254165e-07,1.0010095065606637,0.0010095065606636755,DeltaS_int^(2)
3,z,4.25,0.1,vis,6.485422786371031e-07,6.485422786371031e-07,1.0,0.0,DeltaS_int^(2)
3,z,4.25,0.1,I,6.485422786371031e-07,6.485422786371031e-07,1.0,0.0,DeltaS_int^(2)
3,z,4.25,0.1,II,6.485422786371031e-07,5.652494457665381e-07,0.871569154989243,-0.12843084501075697,DeltaS_int^(2)
3,z,4.25,0.1,III-a,6.485422786371031e-07,6.485422786371031e-07,1.0,0.0,DeltaS_int^(2)
3,z,4.25,0.1,III-b,6.485422786371031e-07,6.491969873257527e-07,1.0010095081079764,0.001009508107976398,DeltaS_int^(2)
3,z,4.275,0.1,vis,6.1519637151987e-07,6.1519637151987e-07,1.0,0.0,DeltaS_int^(2)
3,z,4.275,0.1,I,6.1519637151987e-07,6.1519637151987e-07,1.0,0.0,DeltaS_int^(2)
3,z,4.275,0.1,II,6.1519637151987e-07,5.361861816780215e-07,0.871569154989243,-0.12843084501075697,DeltaS_int^(2)
3,z,4.275,0.1,III-a,6.1519637151987e-07,6.1519637151987e-07,1.0,0.0,DeltaS_int^(2)
3,z,4.275,0.1,III-b,6.1519637151987e-07,6.158174181378674e-07,1.0010095095594649,0.0010095095594648829,DeltaS_int^(2)
3,z,4.300000000000001,0.1,vis,5.827403362050441e-07,5.827403362050441e-07,1.0,0.0,DeltaS_int^(2)
3,z,4.300000000000001,0.1,I,5.827403362050441e-07,5.827403362050441e-07,1.0,0.0,DeltaS_int^(2)
3,z,4.300000000000001,0.1,II,5.827403362050441e-07,5.078985024043777e-07,0.871569154989243,-0.12843084501075697,DeltaS_int^(2)
3,z,4.300000000000001,0.1,III-a,5.827403362050441e-07,5.827403362050441e-07,1.0,0.0,DeltaS_int^(2)
3,z,4.300000000000001,0.1,III-b,5.827403362050441e-07,5.833286189387175e-07,1.001009510921287,0.0010095109212870934,DeltaS_int^(2)
3,z,4.325,0.1,vis,5.511910514133551e-07,5.511910514133551e-07,1.0,0.0,DeltaS_int^(2)
3,z,4.325,0.1,I,5.511910514133551e-07,5.511910514133551e-07,1.0,0.0,DeltaS_int^(2)
3,z,4.325,0.1,II,5.511910514133551e-07,4.804011189179703e-07,0.871569154989243,-0.12843084501075697,DeltaS_int^(2)
3,z,4.325,0.1,III-a,5.511910514133551e-07,5.511910514133551e-07,1.0,0.0,DeltaS_int^(2)
3,z,4.325,0.1,III-b,5.511910514133551e-07,5.517474855036612e-07,1.0010095121988634,0.0010095121988633604,DeltaS_int^(2)
3,z,4.35,0.1,vis,5.205653958655304e-07,5.205653958655304e-07,1.0,0.0,DeltaS_int^(2)
3,z,4.35,0.1,I,5.205653958655304e-07,5.205653958655304e-07,1.0,0.0,DeltaS_int^(2)
3,z,4.35,0.1,II,5.205653958655304e-07,4.5370874219116114e-07,0.871569154989243,-0.12843084501075697,DeltaS_int^(2)
3,z,4.35,0.1,III-a,5.205653958655304e-07,5.205653958655304e-07,1.0,0.0,DeltaS_int^(2)
3,z,4.35,0.1,III-b,5.205653958655304e-07,5.210909136069837e-07,1.0010095133976002,0.001009513397600248,DeltaS_int^(2)
3,z,4.375,0.1,vis,4.908802482822977e-07,4.908802482822977e-07,1.0,0.0,DeltaS_int^(2)
3,z,4.375,0.1,I,4.908802482822977e-07,4.908802482822977e-07,1.0,0.0,DeltaS_int^(2)
3,z,4.375,0.1,II,4.908802482822977e-07,4.2783608319631204e-07,0.871569154989243,-0.12843084501075697,DeltaS_int^(2)
3,z,4.375,0.1,III-a,4.908802482822977e-07,4.908802482822977e-07,1.0,0.0,DeltaS_int^(2)
3,z,4.375,0.1,III-b,4.908802482822977e-07,4.913757990216286e-07,1.0010095145222586,0.0010095145222586144,DeltaS_int^(2)
3,z,4.4,0.1,vis,4.621524873843861e-07,4.621524873843861e-07,1.0,0.0,DeltaS_int^(2)
3,z,4.4,0.1,I,4.621524873843861e-07,4.621524873843861e-07,1.0,0.0,DeltaS_int^(2)
3,z,4.4,0.1,II,4.621524873843861e-07,4.027978529057862e-07,0.871569154989243,-0.12843084501075697,DeltaS_int^(2)
3,z,4.4,0.1,III-a,4.621524873843861e-07,4.621524873843861e-07,1.0,0.0,DeltaS_int^(2)
3,z,4.4,0.1,III-b,4.621524873843861e-07,4.6261903751962115e-07,1.0010095155775869,0.0010095155775868836,DeltaS_int^(2)
3,z,4.425000000000001,0.1,vis,4.343989918925244e-07,4.343989918925244e-07,1.0,0.0,DeltaS_int^(2)
3,z,4.425000000000001,0.1,I,4.343989918925244e-07,4.343989918925244e-07,1.0,0.0,DeltaS_int^(2)
3,z,4.425000000000001,0.1,II,4.343989918925244e-07,3.786087622919465e-07,0.871569154989243,-0.12843084501075697,DeltaS_int^(2)
3,z,4.425000000000001,0.1,III-a,4.343989918925244e-07,4.343989918925244e-07,1.0,0.0,DeltaS_int^(2)
3,z,4.425000000000001,0.1,III-b,4.343989918925244e-07,4.348375248718608e-07,1.0010095165677662,0.0010095165677661555,DeltaS_int^(2)
3,z,4.45,0.1,vis,4.0763664052744223e-07,4.0763664052744223e-07,1.0,0.0,DeltaS_int^(2)
3,z,4.45,0.1,I,4.0763664052744223e-07,4.0763664052744223e-07,1.0,0.0,DeltaS_int^(2)
3,z,4.45,0.1,II,4.0763664052744223e-07,3.5528352232715664e-07,0.871569154989243,-0.12843084501075697,DeltaS_int^(2)
3,z,4.45,0.1,III-a,4.0763664052744223e-07,4.0763664052744223e-07,1.0,0.0,DeltaS_int^(2)
3,z,4.45,0.1,III-b,4.0763664052744223e-07,4.0804815684845987e-07,1.0010095174969678,0.00100951749696776,DeltaS_int^(2)
3,z,4.475,0.1,vis,3.818823120098667e-07,3.818823120098667e-07,1.0,0.0,DeltaS_int^(2)
3,z,4.475,0.1,I,3.818823120098667e-07,3.818823120098667e-07,1.0,0.0,DeltaS_int^(2)
3,z,4.475,0.1,II,3.818823120098667e-07,3.32836843983778e-07,0.871569154989243,-0.12843084501075697,DeltaS_int^(2)
3,z,4.475,0.1,III-a,3.818823120098667e-07,3.818823120098667e-07,1.0,0.0,DeltaS_int^(2)
3,z,4.475,0.1,III-b,3.818823120098667e-07,3.822678292185853e-07,1.001009518368865,0.0010095183688649811,DeltaS_int^(2)
3,z,4.5,0.1,vis,3.5715288506052567e-07,3.5715288506052567e-07,1.0,0.0,DeltaS_int^(2)
3,z,4.5,0.1,I,3.5715288506052567e-07,3.5715288506052567e-07,1.0,0.0,DeltaS_int^(2)
3,z,4.5,0.1,II,3.5715288506052567e-07,3.112834382341726e-07,0.871569154989243,-0.12843084501075697,DeltaS_int^(2)
3,z,4.5,0.1,III-a,3.5715288506052567e-07,3.5715288506052567e-07,1.0,0.0,DeltaS_int^(2)
3,z,4.5,0.1,III-b,3.5715288506052567e-07,3.575134377507305e-07,1.0010095191871227,0.001009519187122665,DeltaS_int^(2)
3,z,4.525,0.1,vis,3.334652384001486e-07,3.334652384001486e-07,1.0,0.0,DeltaS_int^(2)
3,z,4.525,0.1,I,3.334652384001486e-07,3.334652384001486e-07,1.0,0.0,DeltaS_int^(2)
3,z,4.525,0.1,II,3.334652384001486e-07,2.90638016050704e-07,0.871569154989243,-0.12843084501075697,DeltaS_int^(2)
3,z,4.525,0.1,III-a,3.334652384001486e-07,3.334652384001486e-07,1.0,0.0,DeltaS_int^(2)
3,z,4.525,0.1,III-b,3.334652384001486e-07,3.338018782126018e-07,1.0010095199549682,0.0010095199549682299,DeltaS_int^(2)
3,z,4.550000000000001,0.1,vis,3.1083625074946396e-07,3.1083625074946396e-07,1.0,0.0,DeltaS_int^(2)
3,z,4.550000000000001,0.1,I,3.1083625074946396e-07,3.1083625074946396e-07,1.0,0.0,DeltaS_int^(2)
3,z,4.550000000000001,0.1,II,3.1083625074946396e-07,2.7091528840573476e-07,0.871569154989243,-0.12843084501075697,DeltaS_int^(2)
3,z,4.550000000000001,0.1,III-a,3.1083625074946396e-07,3.1083625074946396e-07,1.0,0.0,DeltaS_int^(2)
3,z,4.550000000000001,0.1,III-b,3.1083625074946396e-07,3.1115004637132843e-07,1.0010095206756222,0.0010095206756222108,DeltaS_int^(2)
3,z,4.575,0.1,vis,2.8928280082920105e-07,2.8928280082920105e-07,1.0,0.0,DeltaS_int^(2)
3,z,4.575,0.1,I,2.8928280082920105e-07,2.8928280082920105e-07,1.0,0.0,DeltaS_int^(2)
3,z,4.575,0.1,II,2.8928280082920105e-07,2.521299662716283e-07,0.871569154989243,-0.12843084501075697,DeltaS_int^(2)
3,z,4.575,0.1,III-a,2.8928280082920105e-07,2.8928280082920105e-07,1.0,0.0,DeltaS_int^(2)
3,z,4.575,0.1,III-b,2.8928280082920105e-07,2.8957483799338165e-07,1.001009521351921,0.0010095213519210056,DeltaS_int^(2)
3,z,4.6,0.1,vis,2.6882176736008747e-07,2.6882176736008747e-07,1.0,0.0,DeltaS_int^(2)
3,z,4.6,0.1,I,2.6882176736008747e-07,2.6882176736008747e-07,1.0,0.0,DeltaS_int^(2)
3,z,4.6,0.1,II,2.6882176736008747e-07,2.3429676062074632e-07,0.871569154989243,-0.12843084501075697,DeltaS_int^(2)
3,z,4.6,0.1,III-a,2.6882176736008747e-07,2.6882176736008747e-07,1.0,0.0,DeltaS_int^(2)
3,z,4.6,0.1,III-b,2.6882176736008747e-07,2.690931488447396e-07,1.0010095219866948,0.0010095219866947946,DeltaS_int^(2)
3,z,4.625,0.1,vis,2.494700290628511e-07,2.494700290628511e-07,1.0,0.0,DeltaS_int^(2)
3,z,4.625,0.1,I,2.494700290628511e-07,2.494700290628511e-07,1.0,0.0,DeltaS_int^(2)
3,z,4.625,0.1,II,2.494700290628511e-07,2.17430382425451e-07,0.871569154989243,-0.12843084501075697,DeltaS_int^(2)
3,z,4.625,0.1,III-a,2.494700290628511e-07,2.494700290628511e-07,1.0,0.0,DeltaS_int^(2)
3,z,4.625,0.1,III-b,2.494700290628511e-07,2.497218746908312e-07,1.0010095225824367,0.001009522582436695,DeltaS_int^(2)
3,z,4.65,0.1,vis,2.3124446465822122e-07,2.3124446465822122e-07,1.0,0.0,DeltaS_int^(2)
3,z,4.65,0.1,I,2.3124446465822122e-07,2.3124446465822122e-07,1.0,0.0,DeltaS_int^(2)
3,z,4.65,0.1,II,2.3124446465822122e-07,2.0154554265810575e-07,0.871569154989243,-0.12843084501075697,DeltaS_int^(2)
3,z,4.65,0.1,III-a,2.3124446465822122e-07,2.3124446465822122e-07,1.0,0.0,DeltaS_int^(2)
3,z,4.65,0.1,III-b,2.3124446465822122e-07,2.3147791129666863e-07,1.0010095231416347,0.0010095231416347161,DeltaS_int^(2)
3,z,4.675000000000001,0.1,vis,2.1416195286692628e-07,2.1416195286692628e-07,1.0,0.0,DeltaS_int^(2)
3,z,4.675000000000001,0.1,I,2.1416195286692628e-07,2.1416195286692628e-07,1.0,0.0,DeltaS_int^(2)
3,z,4.675000000000001,0.1,II,2.1416195286692628e-07,1.8665695229107304e-07,0.871569154989243,-0.12843084501075697,DeltaS_int^(2)
3,z,4.675000000000001,0.1,III-a,2.1416195286692628e-07,2.1416195286692628e-07,1.0,0.0,DeltaS_int^(2)
3,z,4.675000000000001,0.1,III-b,2.1416195286692628e-07,2.143781544268051e-07,1.0010095236664804,0.0010095236664804386,DeltaS_int^(2)
3,z,4.7,0.1,vis,1.982393724096957e-07,1.982393724096957e-07,1.0,0.0,DeltaS_int^(2)
3,z,4.7,0.1,I,1.982393724096957e-07,1.982393724096957e-07,1.0,0.0,DeltaS_int^(2)
3,z,4.7,0.1,II,1.982393724096957e-07,1.7277932229671635e-07,0.871569154989243,-0.12843084501075697,DeltaS_int^(2)
3,z,4.7,0.1,III-a,1.982393724096957e-07,1.982393724096957e-07,1.0,0.0,DeltaS_int^(2)
3,z,4.7,0.1,III-b,1.982393724096957e-07,1.984394998454402e-07,1.001009524159161,0.0010095241591610016,DeltaS_int^(2)
3,z,4.725,0.1,vis,1.8349360200725674e-07,1.8349360200725674e-07,1.0,0.0,DeltaS_int^(2)
3,z,4.725,0.1,I,1.8349360200725674e-07,1.8349360200725674e-07,1.0,0.0,DeltaS_int^(2)
3,z,4.725,0.1,II,1.8349360200725674e-07,1.5992736364739723e-07,0.871569154989243,-0.12843084501075697,DeltaS_int^(2)
3,z,4.725,0.1,III-a,1.8349360200725674e-07,1.8349360200725674e-07,1.0,0.0,DeltaS_int^(2)
3,z,4.725,0.1,III-b,1.8349360200725674e-07,1.8367884331638983e-07,1.0010095246216038,0.0010095246216037523,DeltaS_int^(2)
3,z,4.75,0.1,vis,1.6994152038033784e-07,1.6994152038033784e-07,1.0,0.0,DeltaS_int^(2)
3,z,4.75,0.1,I,1.6994152038033784e-07,1.6994152038033784e-07,1.0,0.0,DeltaS_int^(2)
3,z,4.75,0.1,II,1.6994152038033784e-07,1.4811578731547826e-07,0.871569154989243,-0.12843084501075697,DeltaS_int^(2)
3,z,4.75,0.1,III-a,1.6994152038033784e-07,1.6994152038033784e-07,1.0,0.0,DeltaS_int^(2)
3,z,4.75,0.1,III-b,1.6994152038033784e-07,1.701130806031709e-07,1.0010095250557316,0.0010095250557315971,DeltaS_int^(2)
3,z,4.775,0.1,vis,1.5760000624966794e-07,1.5760000624966794e-07,1.0,0.0,DeltaS_int^(2)
3,z,4.775,0.1,I,1.5760000624966794e-07,1.5760000624966794e-07,1.0,0.0,DeltaS_int^(2)
3,z,4.775,0.1,II,1.5760000624966794e-07,1.3735930427332252e-07,0.871569154989243,-0.12843084501075697,DeltaS_int^(2)
3,z,4.775,0.1,III-a,1.5760000624966794e-07,1.5760000624966794e-07,1.0,0.0,DeltaS_int^(2)
3,z,4.775,0.1,III-b,1.5760000624966794e-07,1.5775910746898366e-07,1.0010095254632394,0.0010095254632394024,DeltaS_int^(2)
3,z,4.800000000000001,0.1,vis,1.4648593833597564e-07,1.4648593833597564e-07,1.0,0.0,DeltaS_int^(2)
3,z,4.800000000000001,0.1,I,1.4648593833597564e-07,1.4648593833597564e-07,1.0,0.0,DeltaS_int^(2)
3,z,4.800000000000001,0.1,II,1.4648593833597564e-07,1.2767262549329264e-07,0.871569154989243,-0.12843084501075697,DeltaS_int^(2)
3,z,4.800000000000001,0.1,III-a,1.4648593833597564e-07,1.4648593833597564e-07,1.0,0.0,DeltaS_int^(2)
3,z,4.800000000000001,0.1,III-b,1.4648593833597564e-07,1.4663381967677477e-07,1.0010095258458185,0.001009525845818482,DeltaS_int^(2)
3,z,4.825,0.1,vis,1.3661619535998967e-07,1.3661619535998967e-07,1.0,0.0,DeltaS_int^(2)
3,z,4.825,0.1,I,1.3661619535998967e-07,1.3661619535998967e-07,1.0,0.0,DeltaS_int^(2)
3,z,4.825,0.1,II,1.3661619535998967e-07,1.1907046194775154e-07,0.871569154989243,-0.12843084501075697,DeltaS_int^(2)
3,z,4.825,0.1,III-a,1.3661619535998967e-07,1.3661619535998967e-07,1.0,0.0,DeltaS_int^(2)
3,z,4.825,0.1,III-b,1.3661619535998967e-07,1.367541129892274e-07,1.0010095262049592,0.001009526204959199,DeltaS_int^(2)
3,z,4.85,0.1,vis,1.2800765604243822e-07,1.2800765604243822e-07,1.0,0.0,DeltaS_int^(2)
3,z,4.85,0.1,I,1.2800765604243822e-07,1.2800765604243822e-07,1.0,0.0,DeltaS_int^(2)
3,z,4.85,0.1,II,1.2800765604243822e-07,1.1156752460906155e-07,0.871569154989243,-0.12843084501075697,DeltaS_int^(2)
3,z,4.85,0.1,III-a,1.2800765604243822e-07,1.2800765604243822e-07,1.0,0.0,DeltaS_int^(2)
3,z,4.85,0.1,III-b,1.2800765604243822e-07,1.281368831688114e-07,1.0010095265421495,0.0010095265421494748,DeltaS_int^(2)
3,z,4.875,0.1,vis,1.2067719910404952e-07,1.2067719910404952e-07,1.0,0.0,DeltaS_int^(2)
3,z,4.875,0.1,I,1.2067719910404952e-07,1.2067719910404952e-07,1.0,0.0,DeltaS_int^(2)
3,z,4.875,0.1,II,1.2067719910404952e-07,1.0517852444958508e-07,0.871569154989243,-0.12843084501075697,DeltaS_int^(2)
3,z,4.875,0.1,III-a,1.2067719910404952e-07,1.2067719910404952e-07,1.0,0.0,DeltaS_int^(2)
3,z,4.875,0.1,III-b,1.2067719910404952e-07,1.2079902597777778e-07,1.0010095268587003,0.0010095268587002604,DeltaS_int^(2)
3,z,4.9,0.1,vis,1.1464170326555262e-07,1.1464170326555262e-07,1.0,0.0,DeltaS_int^(2)
3,z,4.9,0.1,I,1.1464170326555262e-07,1.1464170326555262e-07,1.0,0.0,DeltaS_int^(2)
3,z,4.9,0.1,II,1.1464170326555262e-07,9.991817244168523e-08,0.871569154989243,-0.12843084501075697,DeltaS_int^(2)
3,z,4.9,0.1,III-a,1.1464170326555262e-07,1.1464170326555262e-07,1.0,0.0,DeltaS_int^(2)
3,z,4.9,0.1,III-b,1.1464170326555262e-07,1.1475743717820015e-07,1.0010095271559203,0.0010095271559202867,DeltaS_int^(2)
3,z,4.925000000000001,0.1,vis,1.0991804724767564e-07,1.0991804724767564e-07,1.0,0.0,DeltaS_int^(2)
3,z,4.925000000000001,0.1,I,1.0991804724767564e-07,1.0991804724767564e-07,1.0,0.0,DeltaS_int^(2)
3,z,4.925000000000001,0.1,II,1.0991804724767564e-07,9.580117955772434e-08,0.871569154989243,-0.12843084501075697,DeltaS_int^(2)
3,z,4.925000000000001,0.1,III-a,1.0991804724767564e-07,1.0991804724767564e-07,1.0,0.0,DeltaS_int^(2)
3,z,4.925000000000001,0.1,III-b,1.0991804724767564e-07,1.1002901253196974e-07,1.001009527434963,0.0010095274349630756,DeltaS_int^(2)
3,z,4.95,0.1,vis,1.065231097711474e-07,1.065231097711474e-07,1.0,0.0,DeltaS_int^(2)
3,z,4.95,0.1,I,1.065231097711474e-07,1.065231097711474e-07,1.0,0.0,DeltaS_int^(2)
3,z,4.95,0.1,II,1.065231097711474e-07,9.284225677006532e-08,0.871569154989243,-0.12843084501075697,DeltaS_int^(2)
3,z,4.95,0.1,III-a,1.065231097711474e-07,1.065231097711474e-07,1.0,0.0,DeltaS_int^(2)
3,z,4.95,0.1,III-b,1.065231097711474e-07,1.0663064780082981e-07,1.00100952769698,0.0010095276969799283,DeltaS_int^(2)
3,z,4.975,0.1,vis,1.0447376955669612e-07,1.0447376955669612e-07,1.0,0.0,DeltaS_int^(2)
3,z,4.975,0.1,I,1.0447376955669612e-07,1.0447376955669612e-07,1.0,0.0,DeltaS_int^(2)
3,z,4.975,0.1,II,1.0447376955669612e-07,9.105611505107054e-08,0.871569154989243,-0.12843084501075697,DeltaS_int^(2)
3,z,4.975,0.1,III-a,1.0447376955669612e-07,1.0447376955669612e-07,1.0,0.0,DeltaS_int^(2)
3,z,4.975,0.1,III-b,1.0447376955669612e-07,1.0457923874639935e-07,1.0010095279432412,0.001009527943241162,DeltaS_int^(2)
3,z,5.0,0.1,vis,1.0378690532505048e-07,1.0378690532505048e-07,1.0,0.0,DeltaS_int^(2)
3,z,5.0,0.1,I,1.0378690532505048e-07,1.0378690532505048e-07,1.0,0.0,DeltaS_int^(2)
3,z,5.0,0.1,II,1.0378690532505048e-07,9.045746537310281e-08,0.871569154989243,-0.12843084501075697,DeltaS_int^(2)
3,z,5.0,0.1,III-a,1.0378690532505048e-07,1.0378690532505048e-07,1.0,0.0,DeltaS_int^(2)
3,z,5.0,0.1,III-b,1.0378690532505048e-07,1.0389168113006785e-07,1.0010095281739948,0.0010095281739948003,DeltaS_int^(2)
4,theta,0.0,0.1,vis,-2.5348187550844023e-09,-2.5348187550844023e-09,1.0,0.0,O12^(2)
4,theta,0.0,0.1,I,-2.5348187550844023e-09,-2.5348187550844023e-09,1.0,0.0,O12^(2)
4,theta,0.0,0.1,II,-2.5348187550844023e-09,-2.2092698404197973e-09,0.871569154989243,-0.12843084501075697,O12^(2)
4,theta,0.0,0.1,III-a,-2.5348187550844023e-09,-2.5348187550844023e-09,1.0,0.0,O12^(2)
4,theta,0.0,0.1,III-b,-2.5348187550844023e-09,-2.5373564974595184e-09,1.001001153384251,0.0010011533842511078,O12^(2)
4,theta,0.025,0.1,vis,-2.5237651300546976e-09,-2.5237651300546976e-09,1.0,0.0,O12^(2)
4,theta,0.025,0.1,I,-2.5237651300546976e-09,-2.5237651300546976e-09,1.0,0.0,O12^(2)
4,theta,0.025,0.1,II,-2.5237651300546976e-09,-2.19963584179309e-09,0.871569154989243,-0.12843084501075697,O12^(2)
4,theta,0.025,0.1,III-a,-2.5237651300546976e-09,-2.5237651300546976e-09,1.0,0.0,O12^(2)
4,theta,0.025,0.1,III-b,-2.5237651300546976e-09,-2.526294457624943e-09,1.0010022040245048,0.0010022040245047936,O12^(2)
4,theta,0.05,0.1,vis,-2.5125792287905136e-09,-2.5125792287905136e-09,1.0,0.0,O12^(2)
4,theta,0.05,0.1,I,-2.5125792287905136e-09,-2.5125792287905136e-09,1.0,0.0,O12^(2)
4,theta,0.05,0.1,II,-2.5125792287905136e-09,-2.189886555280472e-09,0.871569154989243,-0.12843084501075697,O12^(2)
4,theta,0.05,0.1,III-a,-2.5125792287905136e-09,-2.5125792287905136e-09,1.0,0.0,O12^(2)
4,theta,0.05,0.1,III-b,-2.5125792287905136e-09,-2.5150996710371e-09,1.0010031294606379,0.0010031294606378527,O12^(2)
4,theta,0.07500000000000001,0.1,vis,-2.5012627326605632e-09,-2.5012627326605632e-09,1.0,0.0,O12^(2)
4,theta,0.07500000000000001,0.1,I,-2.5012627326605632e-09,-2.5012627326605632e-09,1.0,0.0,O12^(2)
4,theta,0.07500000000000001,0.1,II,-2.5012627326605632e-09,-2.180023446311052e-09,0.871569154989243,-0.12843084501075697,O12^(2)
4,theta,0.07500000000000001,0.1,III-a,-2.5012627326605632e-09,-2.5012627326605632e-09,1.0,0.0,O12^(2)
4,theta,0.07500000000000001,0.1,III-b,-2.5012627326605632e-09,-2.5037738343845935e-09,1.001003933609709,0.0010039336097089624,O12^(2)
4,theta,0.1,0.1,vis,-2.4898173230335625e-09,-2.4898173230335625e-09,1.0,0.0,O12^(2)
4,theta,0.1,0.1,I,-2.4898173230335625e-09,-2.4898173230335625e-09,1.0,0.0,O12^(2)
4,theta,0.1,0.1,II,-2.4898173230335625e-09,-2.170047980313941e-09,0.871569154989243,-0.12843084501075697,O12^(2)
4,theta,0.1,0.1,III-a,-2.4898173230335625e-09,-2.4898173230335625e-09,1.0,0.0,O12^(2)
4,theta,0.1,0.1,III-b,-2.4898173230335625e-09,-2.4923186839610903e-09,1.001004636325881,0.001004636325881103,O12^(2)
4,theta,0.125,0.1,vis,-2.4782446812782237e-09,-2.4782446812782237e-09,1.0,0.0,O12^(2)
4,theta,0.125,0.1,I,-2.4782446812782237e-09,-2.4782446812782237e-09,1.0,0.0,O12^(2)
4,theta,0.125,0.1,II,-2.4782446812782237e-09,-2.1599616227182473e-09,0.871569154989243,-0.12843084501075697,O12^(2)
4,theta,0.125,0.1,III-a,-2.4782446812782237e-09,-2.4782446812782237e-09,1.0,0.0,O12^(2)
4,theta,0.125,0.1,III-b,-2.4782446812782237e-09,-2.4807359359820078e-09,1.0010052496924957,0.0010052496924957133,O12^(2)
4,theta,0.15000000000000002,0.1,vis,-2.4665464887632626e-09,-2.4665464887632626e-09,1.0,0.0,O12^(2)
4,theta,0.15000000000000002,0.1,I,-2.4665464887632626e-09,-2.4665464887632626e-09,1.0,0.0,O12^(2)
4,theta,0.15000000000000002,0.1,II,-2.4665464887632626e-09,-2.149765838953081e-09,0.871569154989243,-0.12843084501075697,O12^(2)
4,theta,0.15000000000000002,0.1,III-a,-2.4665464887632626e-09,-2.4665464887632626e-09,1.0,0.0,O12^(2)
4,theta,0.15000000000000002,0.1,III-b,-2.4665464887632626e-09,-2.4690273062211733e-09,1.001005785809922,0.001005785809921944,O12^(2)
4,theta,0.17500000000000002,0.1,vis,-2.4547244268573924e-09,-2.4547244268573924e-09,1.0,0.0,O12^(2)
4,theta,0.17500000000000002,0.1,I,-2.4547244268573924e-09,-2.4547244268573924e-09,1.0,0.0,O12^(2)
4,theta,0.17500000000000002,0.1,II,-2.4547244268573924e-09,-2.1394620944475516e-09,0.871569154989243,-0.12843084501075697,O12^(2)
4,theta,0.17500000000000002,0.1,III-a,-2.4547244268573924e-09,-2.4547244268573924e-09,1.0,0.0,O12^(2)
4,theta,0.17500000000000002,0.1,III-b,-2.4547244268573924e-09,-2.4571945028654406e-09,1.0010062538918922,0.0010062538918922392,O12^(2)
4,theta,0.2,0.1,vis,-2.442780176929328e-09,-2.442780176929328e-09,1.0,0.0,O12^(2)
4,theta,0.2,0.1,I,-2.442780176929328e-09,-2.442780176929328e-09,1.0,0.0,O12^(2)
4,theta,0.2,0.1,II,-2.442780176929328e-09,-2.129051854630768e-09,0.871569154989243,-0.12843084501075697,O12^(2)
4,theta,0.2,0.1,III-a,-2.442780176929328e-09,-2.442780176929328e-09,1.0,0.0,O12^(2)
4,theta,0.2,0.1,III-b,-2.442780176929328e-09,-2.4452392337003054e-09,1.0010066631431687,0.0010066631431686623,O12^(2)
4,theta,0.225,0.1,vis,-2.4307154203477835e-09,-2.4307154203477835e-09,1.0,0.0,O12^(2)
4,theta,0.225,0.1,I,-2.4307154203477835e-09,-2.4307154203477835e-09,1.0,0.0,O12^(2)
4,theta,0.225,0.1,II,-2.4307154203477835e-09,-2.1185365849318403e-09,0.871569154989243,-0.12843084501075697,O12^(2)
4,theta,0.225,0.1,III-a,-2.4307154203477835e-09,-2.4307154203477835e-09,1.0,0.0,O12^(2)
4,theta,0.225,0.1,III-b,-2.4307154203477835e-09,-2.4331632008023827e-09,1.0010070205808992,0.0010070205808991872,O12^(2)
4,theta,0.25,0.1,vis,-2.418531838481473e-09,-2.418531838481473e-09,1.0,0.0,O12^(2)
4,theta,0.25,0.1,I,-2.418531838481473e-09,-2.418531838481473e-09,1.0,0.0,O12^(2)
4,theta,0.25,0.1,II,-2.418531838481473e-09,-2.107917750779878e-09,0.871569154989243,-0.12843084501075697,O12^(2)
4,theta,0.25,0.1,III-a,-2.418531838481473e-09,-2.418531838481473e-09,1.0,0.0,O12^(2)
4,theta,0.25,0.1,III-b,-2.418531838481473e-09,-2.420968105904721e-09,1.001007333202931,0.0010073332029310045,O12^(2)
4,theta,0.275,0.1,vis,-2.406231112699111e-09,-2.406231112699111e-09,1.0,0.0,O12^(2)
4,theta,0.275,0.1,I,-2.406231112699111e-09,-2.406231112699111e-09,1.0,0.0,O12^(2)
4,theta,0.275,0.1,II,-2.406231112699111e-09,-2.0971968176039903e-09,0.871569154989243,-0.12843084501075697,O12^(2)
4,theta,0.275,0.1,III-a,-2.406231112699111e-09,-2.406231112699111e-09,1.0,0.0,O12^(2)
4,theta,0.275,0.1,III-b,-2.406231112699111e-09,-2.4086556464481937e-09,1.0010076063501494,0.0010076063501494037,O12^(2)
4,theta,0.30000000000000004,0.1,vis,-2.3938149243694112e-09,-2.3938149243694112e-09,1.0,0.0,O12^(2)
4,theta,0.30000000000000004,0.1,I,-2.3938149243694112e-09,-2.3938149243694112e-09,1.0,0.0,O12^(2)
4,theta,0.30000000000000004,0.1,II,-2.3938149243694112e-09,-2.0863752508332866e-09,0.871569154989243,-0.12843084501075697,O12^(2)
4,theta,0.30000000000000004,0.1,III-a,-2.3938149243694112e-09,-2.3938149243694112e-09,1.0,0.0,O12^(2)
4,theta,0.30000000000000004,0.1,III-b,-2.3938149243694112e-09,-2.3962275195899304e-09,1.0010078453417424,0.0010078453417423638,O12^(2)
4,theta,0.325,0.1,vis,-2.381284954861088e-09,-2.381284954861088e-09,1.0,0.0,O12^(2)
4,theta,0.325,0.1,I,-2.381284954861088e-09,-2.381284954861088e-09,1.0,0.0,O12^(2)
4,theta,0.325,0.1,II,-2.381284954861088e-09,-2.0754545158968762e-09,0.871569154989243,-0.12843084501075697,O12^(2)
4,theta,0.325,0.1,III-a,-2.381284954861088e-09,-2.381284954861088e-09,1.0,0.0,O12^(2)
4,theta,0.325,0.1,III-b,-2.381284954861088e-09,-2.3836854192612023e-09,1.0010080542419815,0.0010080542419814709,O12^(2)
4,theta,0.35000000000000003,0.1,vis,-2.3686428855428564e-09,-2.3686428855428564e-09,1.0,0.0,O12^(2)
4,theta,0.35000000000000003,0.1,I,-2.3686428855428564e-09,-2.3686428855428564e-09,1.0,0.0,O12^(2)
4,theta,0.35000000000000003,0.1,II,-2.3686428855428564e-09,-2.06443607822387e-09,0.871569154989243,-0.12843084501075697,O12^(2)
4,theta,0.35000000000000003,0.1,III-a,-2.3686428855428564e-09,-2.3686428855428564e-09,1.0,0.0,O12^(2)
4,theta,0.35000000000000003,0.1,III-b,-2.3686428855428564e-09,-2.3710310391642795e-09,1.0010082370947513,0.0010082370947512853,O12^(2)
4,theta,0.375,0.1,vis,-2.3558903977834297e-09,-2.3558903977834297e-09,1.0,0.0,O12^(2)
4,theta,0.375,0.1,I,-2.3558903977834297e-09,-2.3558903977834297e-09,1.0,0.0,O12^(2)
4,theta,0.375,0.1,II,-2.3558903977834297e-09,-2.0533214032433753e-09,0.871569154989243,-0.12843084501075697,O12^(2)
4,theta,0.375,0.1,III-a,-2.3558903977834297e-09,-2.3558903977834297e-09,1.0,0.0,O12^(2)
4,theta,0.375,0.1,III-b,-2.3558903977834297e-09,-2.358266070577037e-09,1.0010083969932737,0.001008396993273708,O12^(2)
4,theta,0.4,0.1,vis,-2.3430291729515224e-09,-2.3430291729515224e-09,1.0,0.0,O12^(2)
4,theta,0.4,0.1,I,-2.3430291729515224e-09,-2.3430291729515224e-09,1.0,0.0,O12^(2)
4,theta,0.4,0.1,II,-2.3430291729515224e-09,-2.0421119563845033e-09,0.871569154989243,-0.12843084501075697,O12^(2)
4,theta,0.4,0.1,III-a,-2.3430291729515224e-09,-2.3430291729515224e-09,1.0,0.0,O12^(2)
4,theta,0.4,0.1,III-b,-2.3430291729515224e-09,-2.345392204595361e-09,1.0010085370131614,0.0010085370131613924,O12^(2)
4,theta,0.42500000000000004,0.1,vis,-2.330060892415849e-09,-2.330060892415849e-09,1.0,0.0,O12^(2)
4,theta,0.42500000000000004,0.1,I,-2.330060892415849e-09,-2.330060892415849e-09,1.0,0.0,O12^(2)
4,theta,0.42500000000000004,0.1,II,-2.330060892415849e-09,-2.030809203076363e-09,0.871569154989243,-0.12843084501075697,O12^(2)
4,theta,0.42500000000000004,0.1,III-a,-2.330060892415849e-09,-2.330060892415849e-09,1.0,0.0,O12^(2)
4,theta,0.42500000000000004,0.1,III-b,-2.330060892415849e-09,-2.3324111304926655e-09,1.001008659509486,0.0010086595094860318,O12^(2)
4,theta,0.45,0.1,vis,-2.3169872375451236e-09,-2.3169872375451236e-09,1.0,0.0,O12^(2)
4,theta,0.45,0.1,I,-2.3169872375451236e-09,-2.3169872375451236e-09,1.0,0.0,O12^(2)
4,theta,0.45,0.1,II,-2.3169872375451236e-09,-2.019414608748064e-09,0.871569154989243,-0.12843084501075697,O12^(2)
4,theta,0.45,0.1,III-a,-2.3169872375451236e-09,-2.3169872375451236e-09,1.0,0.0,O12^(2)
4,theta,0.45,0.1,III-b,-2.3169872375451236e-09,-2.319324537399262e-09,1.0010087668228225,0.001008766822822471,O12^(2)
4,theta,0.47500000000000003,0.1,vis,-2.30380988970806e-09,-2.30380988970806e-09,1.0,0.0,O12^(2)
4,theta,0.47500000000000003,0.1,I,-2.30380988970806e-09,-2.30380988970806e-09,1.0,0.0,O12^(2)
4,theta,0.47500000000000003,0.1,II,-2.30380988970806e-09,-2.0079296388287153e-09,0.871569154989243,-0.12843084501075697,O12^(2)
4,theta,0.47500000000000003,0.1,III-a,-2.30380988970806e-09,-2.30380988970806e-09,1.0,0.0,O12^(2)
4,theta,0.47500000000000003,0.1,III-b,-2.30380988970806e-09,-2.3061341130748947e-09,1.001008860747242,0.0010088607472420463,O12^(2)
4,theta,0.5,0.1,vis,-2.290530530273373e-09,-2.290530530273373e-09,1.0,0.0,O12^(2)
4,theta,0.5,0.1,I,-2.290530530273373e-09,-2.290530530273373e-09,1.0,0.0,O12^(2)
4,theta,0.5,0.1,II,-2.290530530273373e-09,-1.9963557587474265e-09,0.871569154989243,-0.12843084501075697,O12^(2)
4,theta,0.5,0.1,III-a,-2.290530530273373e-09,-2.290530530273373e-09,1.0,0.0,O12^(2)
4,theta,0.5,0.1,III-b,-2.290530530273373e-09,-2.292841545167611e-09,1.0010089430652394,0.0010089430652393538,O12^(2)
4,theta,0.525,0.1,vis,-2.276934306920407e-09,-2.276934306920407e-09,1.0,0.0,O12^(2)
4,theta,0.525,0.1,I,-2.276934306920407e-09,-2.276934306920407e-09,1.0,0.0,O12^(2)
4,theta,0.525,0.1,II,-2.276934306920407e-09,-1.9845057098486366e-09,0.871569154989243,-0.12843084501075697,O12^(2)
4,theta,0.525,0.1,III-a,-2.276934306920407e-09,-2.276934306920407e-09,1.0,0.0,O12^(2)
4,theta,0.525,0.1,III-b,-2.276934306920407e-09,-2.279231768119034e-09,1.0010090151444617,0.0010090151444617224,O12^(2)
4,theta,0.55,0.1,vis,-2.2628472337368953e-09,-2.2628472337368953e-09,1.0,0.0,O12^(2)
4,theta,0.55,0.1,I,-2.2628472337368953e-09,-2.2628472337368953e-09,1.0,0.0,O12^(2)
4,theta,0.55,0.1,II,-2.2628472337368953e-09,-1.972227851377812e-09,0.871569154989243,-0.12843084501075697,O12^(2)
4,theta,0.55,0.1,III-a,-2.2628472337368953e-09,-2.2628472337368953e-09,1.0,0.0,O12^(2)
4,theta,0.55,0.1,III-b,-2.2628472337368953e-09,-2.265130623875106e-09,1.001009078343499,0.0010090783434990591,O12^(2)
4,theta,0.5750000000000001,0.1,vis,-2.2483322917041355e-09,-2.2483322917041355e-09,1.0,0.0,O12^(2)
4,theta,0.5750000000000001,0.1,I,-2.2483322917041355e-09,-2.2483322917041355e-09,1.0,0.0,O12^(2)
4,theta,0.5750000000000001,0.1,II,-2.2483322917041355e-09,-1.9595770756156017e-09,0.871569154989243,-0.12843084501075697,O12^(2)
4,theta,0.5750000000000001,0.1,III-a,-2.2483322917041355e-09,-2.2483322917041355e-09,1.0,0.0,O12^(2)
4,theta,0.5750000000000001,0.1,III-b,-2.2483322917041355e-09,-2.2506011596014018e-09,1.0010091337057418,0.0010091337057418492,O12^(2)
4,theta,0.6000000000000001,0.1,vis,-2.2334524618034243e-09,-2.2334524618034243e-09,1.0,0.0,O12^(2)
4,theta,0.6000000000000001,0.1,I,-2.2334524618034243e-09,-2.2334524618034243e-09,1.0,0.0,O12^(2)
4,theta,0.6000000000000001,0.1,II,-2.2334524618034243e-09,-1.946608274842655e-09,0.871569154989243,-0.12843084501075697,O12^(2)
4,theta,0.6000000000000001,0.1,III-a,-2.2334524618034243e-09,-2.2334524618034243e-09,1.0,0.0,O12^(2)
4,theta,0.6000000000000001,0.1,III-b,-2.2334524618034243e-09,-2.235706422423394e-09,1.0010091822675955,0.0010091822675954987,O12^(2)
4,theta,0.625,0.1,vis,-2.21827072501606e-09,-2.21827072501606e-09,1.0,0.0,O12^(2)
4,theta,0.625,0.1,I,-2.21827072501606e-09,-2.21827072501606e-09,1.0,0.0,O12^(2)
4,theta,0.625,0.1,II,-2.21827072501606e-09,-1.9333763413396228e-09,0.871569154989243,-0.12843084501075697,O12^(2)
4,theta,0.625,0.1,III-a,-2.21827072501606e-09,-2.21827072501606e-09,1.0,0.0,O12^(2)
4,theta,0.625,0.1,III-b,-2.21827072501606e-09,-2.220509458901963e-09,1.001009224825742,0.001009224825742061,O12^(2)
4,theta,0.65,0.1,vis,-2.202850062323339e-09,-2.202850062323339e-09,1.0,0.0,O12^(2)
4,theta,0.65,0.1,I,-2.202850062323339e-09,-2.202850062323339e-09,1.0,0.0,O12^(2)
4,theta,0.65,0.1,II,-2.202850062323339e-09,-1.919936167387154e-09,0.871569154989243,-0.12843084501075697,O12^(2)
4,theta,0.65,0.1,III-a,-2.202850062323339e-09,-2.202850062323339e-09,1.0,0.0,O12^(2)
4,theta,0.65,0.1,III-b,-2.202850062323339e-09,-2.2050733155607975e-09,1.0010092621715314,0.001009262171531411,O12^(2)
4,theta,0.675,0.1,vis,-2.187253454706559e-09,-2.187253454706559e-09,1.0,0.0,O12^(2)
4,theta,0.675,0.1,I,-2.187253454706559e-09,-2.187253454706559e-09,1.0,0.0,O12^(2)
4,theta,0.675,0.1,II,-2.187253454706559e-09,-1.906342645265898e-09,0.871569154989243,-0.12843084501075697,O12^(2)
4,theta,0.675,0.1,III-a,-2.187253454706559e-09,-2.187253454706559e-09,1.0,0.0,O12^(2)
4,theta,0.675,0.1,III-b,-2.187253454706559e-09,-2.1894610384935996e-09,1.0010092949138063,0.0010092949138063023,O12^(2)
4,theta,0.7000000000000001,0.1,vis,-2.1715438831470178e-09,-2.1715438831470178e-09,1.0,0.0,O12^(2)
4,theta,0.7000000000000001,0.1,I,-2.1715438831470178e-09,-2.1715438831470178e-09,1.0,0.0,O12^(2)
4,theta,0.7000000000000001,0.1,II,-2.1715438831470178e-09,-1.8926506672565057e-09,0.871569154989243,-0.12843084501075697,O12^(2)
4,theta,0.7000000000000001,0.1,III-a,-2.1715438831470178e-09,-2.1715438831470178e-09,1.0,0.0,O12^(2)
4,theta,0.7000000000000001,0.1,III-b,-2.1715438831470178e-09,-2.1737356737612956e-09,1.0010093236573703,0.0010093236573702757,O12^(2)
4,theta,0.7250000000000001,0.1,vis,-2.155784328626012e-09,-2.155784328626012e-09,1.0,0.0,O12^(2)
4,theta,0.7250000000000001,0.1,I,-2.155784328626012e-09,-2.155784328626012e-09,1.0,0.0,O12^(2)
4,theta,0.7250000000000001,0.1,II,-2.155784328626012e-09,-1.8789151256396257e-09,0.871569154989243,-0.12843084501075697,O12^(2)
4,theta,0.7250000000000001,0.1,III-a,-2.155784328626012e-09,-2.155784328626012e-09,1.0,0.0,O12^(2)
4,theta,0.7250000000000001,0.1,III-b,-2.155784328626012e-09,-2.1579602670976197e-09,1.0010093488679337,0.0010093488679336904,O12^(2)
4,theta,0.75,0.1,vis,-2.1400377721248394e-09,-2.1400377721248394e-09,1.0,0.0,O12^(2)
4,theta,0.75,0.1,I,-2.1400377721248394e-09,-2.1400377721248394e-09,1.0,0.0,O12^(2)
4,theta,0.75,0.1,II,-2.1400377721248394e-09,-1.8651909126959086e-09,0.871569154989243,-0.12843084501075697,O12^(2)
4,theta,0.75,0.1,III-a,-2.1400377721248394e-09,-2.1400377721248394e-09,1.0,0.0,O12^(2)
4,theta,0.75,0.1,III-b,-2.1400377721248394e-09,-2.1421978642084e-09,1.001009371008165,0.0010093710081648943,O12^(2)
4,theta,0.775,0.1,vis,-2.124367194624797e-09,-2.124367194624797e-09,1.0,0.0,O12^(2)
4,theta,0.775,0.1,I,-2.124367194624797e-09,-2.124367194624797e-09,1.0,0.0,O12^(2)
4,theta,0.775,0.1,II,-2.124367194624797e-09,-1.851532920706003e-09,0.871569154989243,-0.12843084501075697,O12^(2)
4,theta,0.775,0.1,III-a,-2.124367194624797e-09,-2.124367194624797e-09,1.0,0.0,O12^(2)
4,theta,0.775,0.1,III-b,-2.124367194624797e-09,-2.126511510550661e-09,1.001009390434615,0.0010093904346148985,O12^(2)
4,theta,0.8,0.1,vis,-2.108835577107183e-09,-2.108835577107183e-09,1.0,0.0,O12^(2)
4,theta,0.8,0.1,I,-2.108835577107183e-09,-2.108835577107183e-09,1.0,0.0,O12^(2)
4,theta,0.8,0.1,II,-2.108835577107183e-09,-1.83799604195056e-09,0.871569154989243,-0.12843084501075697,O12^(2)
4,theta,0.8,0.1,III-a,-2.108835577107183e-09,-2.108835577107183e-09,1.0,0.0,O12^(2)
4,theta,0.8,0.1,III-b,-2.108835577107183e-09,-2.110964251558255e-09,1.001009407501552,0.0010094075015520954,O12^(2)
4,theta,0.8250000000000001,0.1,vis,-2.0935059005532933e-09,-2.0935059005532933e-09,1.0,0.0,O12^(2)
4,theta,0.8250000000000001,0.1,I,-2.0935059005532933e-09,-2.0935059005532933e-09,1.0,0.0,O12^(2)
4,theta,0.8250000000000001,0.1,II,-2.0935059005532933e-09,-1.8246351687102282e-09,0.871569154989243,-0.12843084501075697,O12^(2)
4,theta,0.8250000000000001,0.1,III-a,-2.0935059005532933e-09,-2.0935059005532933e-09,1.0,0.0,O12^(2)
4,theta,0.8250000000000001,0.1,III-b,-2.0935059005532933e-09,-2.0956191324759343e-09,1.001009422482202,0.001009422482201927,O12^(2)
4,theta,0.8500000000000001,0.1,vis,-2.0784411459444258e-09,-2.0784411459444258e-09,1.0,0.0,O12^(2)
4,theta,0.8500000000000001,0.1,I,-2.0784411459444258e-09,-2.0784411459444258e-09,1.0,0.0,O12^(2)
4,theta,0.8500000000000001,0.1,II,-2.0784411459444258e-09,-1.8115051932656571e-09,0.871569154989243,-0.12843084501075697,O12^(2)
4,theta,0.8500000000000001,0.1,III-a,-2.0784411459444258e-09,-2.0784411459444258e-09,1.0,0.0,O12^(2)
4,theta,0.8500000000000001,0.1,III-b,-2.0784411459444258e-09,-2.0805391985295844e-09,1.001009435648083,0.0010094356480829791,O12^(2)
4,theta,0.875,0.1,vis,-2.0637042942618786e-09,-2.0637042942618786e-09,1.0,0.0,O12^(2)
4,theta,0.875,0.1,I,-2.0637042942618786e-09,-2.0637042942618786e-09,1.0,0.0,O12^(2)
4,theta,0.875,0.1,II,-2.0637042942618786e-09,-1.7986610078974978e-09,0.871569154989243,-0.12843084501075697,O12^(2)
4,theta,0.875,0.1,III-a,-2.0637042942618786e-09,-2.0637042942618786e-09,1.0,0.0,O12^(2)
4,theta,0.875,0.1,III-b,-2.0637042942618786e-09,-2.0657874948014174e-09,1.0010094472087552,0.0010094472087551765,O12^(2)
4,theta,0.9,0.1,vis,-2.049358326486948e-09,-2.049358326486948e-09,1.0,0.0,O12^(2)
4,theta,0.9,0.1,I,-2.049358326486948e-09,-2.049358326486948e-09,1.0,0.0,O12^(2)
4,theta,0.9,0.1,II,-2.049358326486948e-09,-1.7861575048863986e-09,0.871569154989243,-0.12843084501075697,O12^(2)
4,theta,0.9,0.1,III-a,-2.049358326486948e-09,-2.049358326486948e-09,1.0,0.0,O12^(2)
4,theta,0.9,0.1,III-b,-2.049358326486948e-09,-2.051427066358525e-09,1.001009457372505,0.0010094573725050182,O12^(2)
4,theta,0.925,0.1,vis,-2.0354662236009326e-09,-2.0354662236009326e-09,1.0,0.0,O12^(2)
4,theta,0.925,0.1,I,-2.0354662236009326e-09,-2.0354662236009326e-09,1.0,0.0,O12^(2)
4,theta,0.925,0.1,II,-2.0354662236009326e-09,-1.7740495765130105e-09,0.871569154989243,-0.12843084501075697,O12^(2)
4,theta,0.925,0.1,III-a,-2.0354662236009326e-09,-2.0354662236009326e-09,1.0,0.0,O12^(2)
4,theta,0.925,0.1,III-b,-2.0354662236009326e-09,-2.0375209581588626e-09,1.0010094663002047,0.0010094663002047088,O12^(2)
4,theta,0.9500000000000001,0.1,vis,-2.0220909665851287e-09,-2.0220909665851287e-09,1.0,0.0,O12^(2)
4,theta,0.9500000000000001,0.1,I,-2.0220909665851287e-09,-2.0220909665851287e-09,1.0,0.0,O12^(2)
4,theta,0.9500000000000001,0.1,II,-2.0220909665851287e-09,-1.7623921150579824e-09,0.871569154989243,-0.12843084501075697,O12^(2)
4,theta,0.9500000000000001,0.1,III-a,-2.0220909665851287e-09,-2.0220909665851287e-09,1.0,0.0,O12^(2)
4,theta,0.9500000000000001,0.1,III-b,-2.0220909665851287e-09,-2.024132215148437e-09,1.0010094741517763,0.001009474151776324,O12^(2)
4,theta,0.9750000000000001,0.1,vis,-2.009295536420834e-09,-2.009295536420834e-09,1.0,0.0,O12^(2)
4,theta,0.9750000000000001,0.1,I,-2.009295536420834e-09,-2.009295536420834e-09,1.0,0.0,O12^(2)
4,theta,0.9750000000000001,0.1,II,-2.009295536420834e-09,-1.751240012801964e-09,0.871569154989243,-0.12843084501075697,O12^(2)
4,theta,0.9750000000000001,0.1,III-a,-2.009295536420834e-09,-2.009295536420834e-09,1.0,0.0,O12^(2)
4,theta,0.9750000000000001,0.1,III-b,-2.009295536420834e-09,-2.011323882190351e-09,1.0010094810508217,0.001009481050821659,O12^(2)
4,theta,1.0,0.1,vis,-1.997142914089345e-09,-1.997142914089345e-09,1.0,0.0,O12^(2)
4,theta,1.0,0.1,I,-1.997142914089345e-09,-1.997142914089345e-09,1.0,0.0,O12^(2)
4,theta,1.0,0.1,II,-1.997142914089345e-09,-1.740648162025605e-09,0.871569154989243,-0.12843084501075697,O12^(2)
4,theta,1.0,0.1,III-a,-1.997142914089345e-09,-1.997142914089345e-09,1.0,0.0,O12^(2)
4,theta,1.0,0.1,III-b,-1.997142914089345e-09,-1.9991590041383884e-09,1.0010094871202357,0.0010094871202357414,O12^(2)
4,theta,1.0250000000000001,0.1,vis,-1.98533401524321e-09,-1.98533401524321e-09,1.0,0.0,O12^(2)
4,theta,1.0250000000000001,0.1,I,-1.98533401524321e-09,-1.98533401524321e-09,1.0,0.0,O12^(2)
4,theta,1.0250000000000001,0.1,II,-1.98533401524321e-09,-1.7303558900369257e-09,0.871569154989243,-0.12843084501075697,O12^(2)
4,theta,1.0250000000000001,0.1,III-a,-1.98533401524321e-09,-1.98533401524321e-09,1.0,0.0,O12^(2)
4,theta,1.0250000000000001,0.1,III-b,-1.98533401524321e-09,-1.987338194952381e-09,1.0010094924550645,0.0010094924550645423,O12^(2)
4,theta,1.05,0.1,vis,-1.9735477671516907e-09,-1.9735477671516907e-09,1.0,0.0,O12^(2)
4,theta,1.05,0.1,I,-1.9735477671516907e-09,-1.9735477671516907e-09,1.0,0.0,O12^(2)
4,theta,1.05,0.1,II,-1.9735477671516907e-09,-1.7200833597473065e-09,0.871569154989243,-0.12843084501075697,O12^(2)
4,theta,1.05,0.1,III-a,-1.9735477671516907e-09,-1.9735477671516907e-09,1.0,0.0,O12^(2)
4,theta,1.05,0.1,III-b,-1.9735477671516907e-09,-1.9755400579976793e-09,1.0010094971498278,0.0010094971498277872,O12^(2)
4,theta,1.075,0.1,vis,-1.9618141682211547e-09,-1.9618141682211547e-09,1.0,0.0,O12^(2)
4,theta,1.075,0.1,I,-1.9618141682211547e-09,-1.9618141682211547e-09,1.0,0.0,O12^(2)
4,theta,1.075,0.1,II,-1.9618141682211547e-09,-1.7098567168424365e-09,0.871569154989243,-0.12843084501075697,O12^(2)
4,theta,1.075,0.1,III-a,-1.9618141682211547e-09,-1.9618141682211547e-09,1.0,0.0,O12^(2)
4,theta,1.075,0.1,III-b,-1.9618141682211547e-09,-1.9637946221305296e-09,1.0010095012776723,0.0010095012776722978,O12^(2)
4,theta,1.1,0.1,vis,-1.950163216857971e-09,-1.950163216857971e-09,1.0,0.0,O12^(2)
4,theta,1.1,0.1,I,-1.950163216857971e-09,-1.950163216857971e-09,1.0,0.0,O12^(2)
4,theta,1.1,0.1,II,-1.950163216857971e-09,-1.6997021070080058e-09,0.871569154989243,-0.12843084501075697,O12^(2)
4,theta,1.1,0.1,III-a,-1.950163216857971e-09,-1.950163216857971e-09,1.0,0.0,O12^(2)
4,theta,1.1,0.1,III-b,-1.950163216857971e-09,-1.9521319162033306e-09,1.0010095049113537,0.0010095049113536536,O12^(2)
4,theta,1.125,0.1,vis,-1.938624911468509e-09,-1.938624911468509e-09,1.0,0.0,O12^(2)
4,theta,1.125,0.1,I,-1.938624911468509e-09,-1.938624911468509e-09,1.0,0.0,O12^(2)
4,theta,1.125,0.1,II,-1.938624911468509e-09,-1.6896456759297044e-09,0.871569154989243,-0.12843084501075697,O12^(2)
4,theta,1.125,0.1,III-a,-1.938624911468509e-09,-1.938624911468509e-09,1.0,0.0,O12^(2)
4,theta,1.125,0.1,III-b,-1.938624911468509e-09,-1.940581969033475e-09,1.0010095081072097,0.0010095081072096779,O12^(2)
4,theta,1.1500000000000001,0.1,vis,-1.9272292504591356e-09,-1.9272292504591356e-09,1.0,0.0,O12^(2)
4,theta,1.1500000000000001,0.1,I,-1.9272292504591356e-09,-1.9272292504591356e-09,1.0,0.0,O12^(2)
4,theta,1.1500000000000001,0.1,II,-1.9272292504591356e-09,-1.679713569293221e-09,0.871569154989243,-0.12843084501075697,O12^(2)
4,theta,1.1500000000000001,0.1,III-a,-1.9272292504591356e-09,-1.9272292504591356e-09,1.0,0.0,O12^(2)
4,theta,1.1500000000000001,0.1,III-b,-1.9272292504591356e-09,-1.9291748094352983e-09,1.001009510921287,0.0010095109212870934,O12^(2)
4,theta,1.175,0.1,vis,-1.9160062322362214e-09,-1.9160062322362214e-09,1.0,0.0,O12^(2)
4,theta,1.175,0.1,I,-1.9160062322362214e-09,-1.9160062322362214e-09,1.0,0.0,O12^(2)
4,theta,1.175,0.1,II,-1.9160062322362214e-09,-1.6699319327842469e-09,0.871569154989243,-0.12843084501075697,O12^(2)
4,theta,1.175,0.1,III-a,-1.9160062322362214e-09,-1.9160062322362214e-09,1.0,0.0,O12^(2)
4,theta,1.175,0.1,III-b,-1.9160062322362214e-09,-1.9179404661964187e-09,1.00100951339701,0.0010095133970100534,O12^(2)
4,theta,1.2000000000000002,0.1,vis,-1.9049858552061333e-09,-1.9049858552061333e-09,1.0,0.0,O12^(2)
4,theta,1.2000000000000002,0.1,I,-1.9049858552061333e-09,-1.9049858552061333e-09,1.0,0.0,O12^(2)
4,theta,1.2000000000000002,0.1,II,-1.9049858552061333e-09,-1.66032691208847e-09,0.871569154989243,-0.12843084501075697,O12^(2)
4,theta,1.2000000000000002,0.1,III-a,-1.9049858552061333e-09,-1.9049858552061333e-09,1.0,0.0,O12^(2)
4,theta,1.2000000000000002,0.1,III-b,-1.9049858552061333e-09,-1.9069089681020466e-09,1.0010095155775869,0.0010095155775868836,O12^(2)
4,theta,1.225,0.1,vis,-1.8941981177752413e-09,-1.8941981177752413e-09,1.0,0.0,O12^(2)
4,theta,1.225,0.1,I,-1.8941981177752413e-09,-1.8941981177752413e-09,1.0,0.0,O12^(2)
4,theta,1.225,0.1,II,-1.8941981177752413e-09,-1.6509246528915816e-09,0.871569154989243,-0.12843084501075697,O12^(2)
4,theta,1.225,0.1,III-a,-1.8941981177752413e-09,-1.8941981177752413e-09,1.0,0.0,O12^(2)
4,theta,1.225,0.1,III-b,-1.8941981177752413e-09,-1.896110343916997e-09,1.0010095174965128,0.0010095174965127907,O12^(2)
4,theta,1.25,0.1,vis,-1.883673018349913e-09,-1.883673018349913e-09,1.0,0.0,O12^(2)
4,theta,1.25,0.1,I,-1.883673018349913e-09,-1.883673018349913e-09,1.0,0.0,O12^(2)
4,theta,1.25,0.1,II,-1.883673018349913e-09,-1.6417513008792705e-09,0.871569154989243,-0.12843084501075697,O12^(2)
4,theta,1.25,0.1,III-a,-1.883673018349913e-09,-1.883673018349913e-09,1.0,0.0,O12^(2)
4,theta,1.25,0.1,III-b,-1.883673018349913e-09,-1.8855746224042026e-09,1.0010095191871227,0.001009519187122665,O12^(2)
4,theta,1.2750000000000001,0.1,vis,-1.873440555336517e-09,-1.873440555336517e-09,1.0,0.0,O12^(2)
4,theta,1.2750000000000001,0.1,I,-1.873440555336517e-09,-1.873440555336517e-09,1.0,0.0,O12^(2)
4,theta,1.2750000000000001,0.1,II,-1.873440555336517e-09,-1.6328330017372265e-09,0.871569154989243,-0.12843084501075697,O12^(2)
4,theta,1.2750000000000001,0.1,III-a,-1.873440555336517e-09,-1.873440555336517e-09,1.0,0.0,O12^(2)
4,theta,1.2750000000000001,0.1,III-b,-1.873440555336517e-09,-1.875331832311021e-09,1.0010095206752714,0.0010095206752713803,O12^(2)
4,theta,1.3,0.1,vis,-1.8635307271414233e-09,-1.8635307271414233e-09,1.0,0.0,O12^(2)
4,theta,1.3,0.1,I,-1.8635307271414233e-09,-1.8635307271414233e-09,1.0,0.0,O12^(2)
4,theta,1.3,0.1,II,-1.8635307271414233e-09,-1.6241959011511399e-09,0.871569154989243,-0.12843084501075697,O12^(2)
4,theta,1.3,0.1,III-a,-1.8635307271414233e-09,-1.8635307271414233e-09,1.0,0.0,O12^(2)
4,theta,1.3,0.1,III-b,-1.8635307271414233e-09,-1.8654120023833537e-09,1.0010095219866948,0.0010095219866947946,O12^(2)
4,theta,1.3250000000000002,0.1,vis,-1.8539735321709988e-09,-1.8539735321709988e-09,1.0,0.0,O12^(2)
4,theta,1.3250000000000002,0.1,I,-1.8539735321709988e-09,-1.8539735321709988e-09,1.0,0.0,O12^(2)
4,theta,1.3250000000000002,0.1,II,-1.8539735321709988e-09,-1.6158661448066995e-09,0.871569154989243,-0.12843084501075697,O12^(2)
4,theta,1.3250000000000002,0.1,III-a,-1.8539735321709988e-09,-1.8539735321709988e-09,1.0,0.0,O12^(2)
4,theta,1.3250000000000002,0.1,III-b,-1.8539735321709988e-09,-1.8558451613552017e-09,1.001009523141364,0.0010095231413640438,O12^(2)
4,theta,1.35,0.1,vis,-1.8447989688316132e-09,-1.8447989688316132e-09,1.0,0.0,O12^(2)
4,theta,1.35,0.1,I,-1.8447989688316132e-09,-1.8447989688316132e-09,1.0,0.0,O12^(2)
4,theta,1.35,0.1,II,-1.8447989688316132e-09,-1.607869878389596e-09,0.871569154989243,-0.12843084501075697,O12^(2)
4,theta,1.35,0.1,III-a,-1.8447989688316132e-09,-1.8447989688316132e-09,1.0,0.0,O12^(2)
4,theta,1.35,0.1,III-b,-1.8447989688316132e-09,-1.846661337959444e-09,1.001009524159161,0.0010095241591610016,O12^(2)
4,theta,1.375,0.1,vis,-1.8360370355296346e-09,-1.8360370355296346e-09,1.0,0.0,O12^(2)
4,theta,1.375,0.1,I,-1.8360370355296346e-09,-1.8360370355296346e-09,1.0,0.0,O12^(2)
4,theta,1.375,0.1,II,-1.8360370355296346e-09,-1.6002332475855185e-09,0.871569154989243,-0.12843084501075697,O12^(2)
4,theta,1.375,0.1,III-a,-1.8360370355296346e-09,-1.8360370355296346e-09,1.0,0.0,O12^(2)
4,theta,1.375,0.1,III-b,-1.8360370355296346e-09,-1.8378905609198688e-09,1.0010095250555224,0.001009525055522431,O12^(2)
4,theta,1.4000000000000001,0.1,vis,-1.8277177306714318e-09,-1.8277177306714318e-09,1.0,0.0,O12^(2)
4,theta,1.4000000000000001,0.1,I,-1.8277177306714318e-09,-1.8277177306714318e-09,1.0,0.0,O12^(2)
4,theta,1.4000000000000001,0.1,II,-1.8277177306714318e-09,-1.5929823980801568e-09,0.871569154989243,-0.12843084501075697,O12^(2)
4,theta,1.4000000000000001,0.1,III-a,-1.8277177306714318e-09,-1.8277177306714318e-09,1.0,0.0,O12^(2)
4,theta,1.4000000000000001,0.1,III-b,-1.8277177306714318e-09,-1.8295628589594053e-09,1.0010095258458185,0.001009525845818482,O12^(2)
4,theta,1.425,0.1,vis,-1.8198710526633737e-09,-1.8198710526633737e-09,1.0,0.0,O12^(2)
4,theta,1.425,0.1,I,-1.8198710526633737e-09,-1.8198710526633737e-09,1.0,0.0,O12^(2)
4,theta,1.425,0.1,II,-1.8198710526633737e-09,-1.5861434755592007e-09,0.871569154989243,-0.12843084501075697,O12^(2)
4,theta,1.425,0.1,III-a,-1.8198710526633737e-09,-1.8198710526633737e-09,1.0,0.0,O12^(2)
4,theta,1.425,0.1,III-b,-1.8198710526633737e-09,-1.8217082607940326e-09,1.0010095265419878,0.0010095265419878263,O12^(2)
4,theta,1.4500000000000002,0.1,vis,-1.8125269999118282e-09,-1.8125269999118282e-09,1.0,0.0,O12^(2)
4,theta,1.4500000000000002,0.1,I,-1.8125269999118282e-09,-1.8125269999118282e-09,1.0,0.0,O12^(2)
4,theta,1.4500000000000002,0.1,II,-1.8125269999118282e-09,-1.5797426257083398e-09,0.871569154989243,-0.12843084501075697,O12^(2)
4,theta,1.4500000000000002,0.1,III-a,-1.8125269999118282e-09,-1.8125269999118282e-09,1.0,0.0,O12^(2)
4,theta,1.4500000000000002,0.1,III-b,-1.8125269999118282e-09,-1.8143567951390778e-09,1.0010095271559203,0.0010095271559202867,O12^(2)
4,theta,1.475,0.1,vis,-1.8057155708231644e-09,-1.8057155708231644e-09,1.0,0.0,O12^(2)
4,theta,1.475,0.1,I,-1.8057155708231644e-09,-1.8057155708231644e-09,1.0,0.0,O12^(2)
4,theta,1.475,0.1,II,-1.8057155708231644e-09,-1.573805994213264e-09,0.871569154989243,-0.12843084501075697,O12^(2)
4,theta,1.475,0.1,III-a,-1.8057155708231644e-09,-1.8057155708231644e-09,1.0,0.0,O12^(2)
4,theta,1.475,0.1,III-b,-1.8057155708231644e-09,-1.8075384907045526e-09,1.001009527696855,0.0010095276968549172,O12^(2)
4,theta,1.5,0.1,vis,-1.799466763803751e-09,-1.799466763803751e-09,1.0,0.0,O12^(2)
4,theta,1.5,0.1,I,-1.799466763803751e-09,-1.799466763803751e-09,1.0,0.0,O12^(2)
4,theta,1.5,0.1,II,-1.799466763803751e-09,-1.568359726759663e-09,0.871569154989243,-0.12843084501075697,O12^(2)
4,theta,1.5,0.1,III-a,-1.799466763803751e-09,-1.799466763803751e-09,1.0,0.0,O12^(2)
4,theta,1.5,0.1,III-b,-1.799466763803751e-09,-1.8012833761999781e-09,1.0010095281739948,0.0010095281739948003,O12^(2)
4,theta,1.5250000000000001,0.1,vis,-1.7934718809597534e-09,-1.7934718809597534e-09,1.0,0.0,O12^(2)
4,theta,1.5250000000000001,0.1,I,-1.7934718809597534e-09,-1.7934718809597534e-09,1.0,0.0,O12^(2)
4,theta,1.5250000000000001,0.1,II,-1.7934718809597534e-09,-1.5631347717850604e-09,0.871569154989243,-0.12843084501075697,O12^(2)
4,theta,1.5250000000000001,0.1,III-a,-1.7934718809597534e-09,-1.7934718809597534e-09,1.0,0.0,O12^(2)
4,theta,1.5250000000000001,0.1,III-b,-1.7934718809597534e-09,-1.7952824421070035e-09,1.0010095285944942,0.0010095285944942134,O12^(2)
4,theta,1.55,0.1,vis,-1.7874279252860892e-09,-1.7874279252860892e-09,1.0,0.0,O12^(2)
4,theta,1.55,0.1,I,-1.7874279252860892e-09,-1.7874279252860892e-09,1.0,0.0,O12^(2)
4,theta,1.55,0.1,II,-1.7874279252860892e-09,-1.5578670464457726e-09,0.871569154989243,-0.12843084501075697,O12^(2)
4,theta,1.55,0.1,III-a,-1.7874279252860892e-09,-1.7874279252860892e-09,1.0,0.0,O12^(2)
4,theta,1.55,0.1,III-b,-1.7874279252860892e-09,-1.7892323855503735e-09,1.0010095289654801,0.001009528965480122,O12^(2)
4,theta,1.5750000000000002,0.1,vis,-1.7813734465222547e-09,-1.7813734465222547e-09,1.0,0.0,O12^(2)
4,theta,1.5750000000000002,0.1,I,-1.7813734465222547e-09,-1.7813734465222547e-09,1.0,0.0,O12^(2)
4,theta,1.5750000000000002,0.1,II,-1.7813734465222547e-09,-1.552590149505677e-09,0.871569154989243,-0.12843084501075697,O12^(2)
4,theta,1.5750000000000002,0.1,III-a,-1.7813734465222547e-09,-1.7813734465222547e-09,1.0,0.0,O12^(2)
4,theta,1.5750000000000002,0.1,III-b,-1.7813734465222547e-09,-1.783171795197394e-09,1.0010095292924963,0.001009529292496314,O12^(2)
4,theta,1.6,0.1,vis,-1.775346994407746e-09,-1.775346994407746e-09,1.0,0.0,O12^(2)
4,theta,1.6,0.1,I,-1.775346994407746e-09,-1.775346994407746e-09,1.0,0.0,O12^(2)
4,theta,1.6,0.1,II,-1.775346994407746e-09,-1.5473376797286514e-09,0.871569154989243,-0.12843084501075697,O12^(2)
4,theta,1.6,0.1,III-a,-1.775346994407746e-09,-1.775346994407746e-09,1.0,0.0,O12^(2)
4,theta,1.6,0.1,III-b,-1.775346994407746e-09,-1.777139259715255e-09,1.0010095295810648,0.0010095295810648164,O12^(2)
4,theta,1.625,0.1,vis,-1.7693871186820594e-09,-1.7693871186820594e-09,1.0,0.0,O12^(2)
4,theta,1.625,0.1,I,-1.7693871186820594e-09,-1.7693871186820594e-09,1.0,0.0,O12^(2)
4,theta,1.625,0.1,II,-1.7693871186820594e-09,-1.542143235878574e-09,0.871569154989243,-0.12843084501075697,O12^(2)
4,theta,1.625,0.1,III-a,-1.7693871186820594e-09,-1.7693871186820594e-09,1.0,0.0,O12^(2)
4,theta,1.625,0.1,III-b,-1.7693871186820594e-09,-1.7711733677688887e-09,1.0010095298354833,0.0010095298354833027,O12^(2)
4,theta,1.6500000000000001,0.1,vis,-1.7635323690846914e-09,-1.7635323690846914e-09,1.0,0.0,O12^(2)
4,theta,1.6500000000000001,0.1,I,-1.7635323690846914e-09,-1.7635323690846914e-09,1.0,0.0,O12^(2)
4,theta,1.6500000000000001,0.1,II,-1.7635323690846914e-09,-1.5370404167193224e-09,0.871569154989243,-0.12843084501075697,O12^(2)
4,theta,1.6500000000000001,0.1,III-a,-1.7635323690846914e-09,-1.7635323690846914e-09,1.0,0.0,O12^(2)
4,theta,1.6500000000000001,0.1,III-b,-1.7635323690846914e-09,-1.765312708023124e-09,1.0010095300600332,0.0010095300600332369,O12^(2)
4,theta,1.675,0.1,vis,-1.7578212953551385e-09,-1.7578212953551385e-09,1.0,0.0,O12^(2)
4,theta,1.675,0.1,I,-1.7578212953551385e-09,-1.7578212953551385e-09,1.0,0.0,O12^(2)
4,theta,1.675,0.1,II,-1.7578212953551385e-09,-1.5320628210147748e-09,0.871569154989243,-0.12843084501075697,O12^(2)
4,theta,1.675,0.1,III-a,-1.7578212953551385e-09,-1.7578212953551385e-09,1.0,0.0,O12^(2)
4,theta,1.675,0.1,III-b,-1.7578212953551385e-09,-1.7595958691410406e-09,1.001009530258048,0.0010095302580479526,O12^(2)
4,theta,1.7000000000000002,0.1,vis,-1.752292447232896e-09,-1.752292447232896e-09,1.0,0.0,O12^(2)
4,theta,1.7000000000000002,0.1,I,-1.752292447232896e-09,-1.752292447232896e-09,1.0,0.0,O12^(2)
4,theta,1.7000000000000002,0.1,II,-1.752292447232896e-09,-1.5272440475288079e-09,0.871569154989243,-0.12843084501075697,O12^(2)
4,theta,1.7000000000000002,0.1,III-a,-1.752292447232896e-09,-1.752292447232896e-09,1.0,0.0,O12^(2)
4,theta,1.7000000000000002,0.1,III-b,-1.752292447232896e-09,-1.754061439785628e-09,1.0010095304328483,0.001009530432848349,O12^(2)
4,theta,1.725,0.1,vis,-1.7469843744574614e-09,-1.7469843744574614e-09,1.0,0.0,O12^(2)
4,theta,1.725,0.1,I,-1.7469843744574614e-09,-1.7469843744574614e-09,1.0,0.0,O12^(2)
4,theta,1.725,0.1,II,-1.7469843744574614e-09,-1.522617695025301e-09,0.871569154989243,-0.12843084501075697,O12^(2)
4,theta,1.725,0.1,III-a,-1.7469843744574614e-09,-1.7469843744574614e-09,1.0,0.0,O12^(2)
4,theta,1.725,0.1,III-b,-1.7469843744574614e-09,-1.7487480086185244e-09,1.0010095305870212,0.0010095305870212457,O12^(2)
4,theta,1.75,0.1,vis,-1.7419356267683303e-09,-1.7419356267683303e-09,1.0,0.0,O12^(2)
4,theta,1.75,0.1,I,-1.7419356267683303e-09,-1.7419356267683303e-09,1.0,0.0,O12^(2)
4,theta,1.75,0.1,II,-1.7419356267683303e-09,-1.518217362268131e-09,0.871569154989243,-0.12843084501075697,O12^(2)
4,theta,1.75,0.1,III-a,-1.7419356267683303e-09,-1.7419356267683303e-09,1.0,0.0,O12^(2)
4,theta,1.75,0.1,III-b,-1.7419356267683303e-09,-1.7436941643012924e-09,1.0010095307231441,0.0010095307231441364,O12^(2)
4,theta,1.7750000000000001,0.1,vis,-1.7371847539049994e-09,-1.7371847539049994e-09,1.0,0.0,O12^(2)
4,theta,1.7750000000000001,0.1,I,-1.7371847539049994e-09,-1.7371847539049994e-09,1.0,0.0,O12^(2)
4,theta,1.7750000000000001,0.1,II,-1.7371847539049994e-09,-1.5140766480211763e-09,0.871569154989243,-0.12843084501075697,O12^(2)
4,theta,1.7750000000000001,0.1,III-a,-1.7371847539049994e-09,-1.7371847539049994e-09,1.0,0.0,O12^(2)
4,theta,1.7750000000000001,0.1,III-b,-1.7371847539049994e-09,-1.738938495494447e-09,1.0010095308432252,0.0010095308432251926,O12^(2)
4,theta,1.8,0.1,vis,-1.7327703056069643e-09,-1.7327703056069643e-09,1.0,0.0,O12^(2)
4,theta,1.8,0.1,I,-1.7327703056069643e-09,-1.7327703056069643e-09,1.0,0.0,O12^(2)
4,theta,1.8,0.1,II,-1.7327703056069643e-09,-1.5102291510483143e-09,0.871569154989243,-0.12843084501075697,O12^(2)
4,theta,1.8,0.1,III-a,-1.7327703056069643e-09,-1.7327703056069643e-09,1.0,0.0,O12^(2)
4,theta,1.8,0.1,III-b,-1.7327703056069643e-09,-1.734519590858443e-09,1.0010095309492657,0.0010095309492657023,O12^(2)
4,theta,1.8250000000000002,0.1,vis,-1.728730831613722e-09,-1.728730831613722e-09,1.0,0.0,O12^(2)
4,theta,1.8250000000000002,0.1,I,-1.728730831613722e-09,-1.728730831613722e-09,1.0,0.0,O12^(2)
4,theta,1.8250000000000002,0.1,II,-1.728730831613722e-09,-1.506708470113423e-09,0.871569154989243,-0.12843084501075697,O12^(2)
4,theta,1.8250000000000002,0.1,III-a,-1.728730831613722e-09,-1.728730831613722e-09,1.0,0.0,O12^(2)
4,theta,1.8250000000000002,0.1,III-b,-1.728730831613722e-09,-1.7304760390529255e-09,1.0010095310428255,0.0010095310428255289,O12^(2)
4,theta,1.85,0.1,vis,-1.7251048816647684e-09,-1.7251048816647684e-09,1.0,0.0,O12^(2)
4,theta,1.85,0.1,I,-1.7251048816647684e-09,-1.7251048816647684e-09,1.0,0.0,O12^(2)
4,theta,1.85,0.1,II,-1.7251048816647684e-09,-1.5035482039803804e-09,0.871569154989243,-0.12843084501075697,O12^(2)
4,theta,1.85,0.1,III-a,-1.7251048816647684e-09,-1.7251048816647684e-09,1.0,0.0,O12^(2)
4,theta,1.85,0.1,III-b,-1.7251048816647684e-09,-1.7268464287374907e-09,1.0010095311254592,0.0010095311254592065,O12^(2)
4,theta,1.875,0.1,vis,-1.7219310054996e-09,-1.7219310054996e-09,1.0,0.0,O12^(2)
4,theta,1.875,0.1,I,-1.7219310054996e-09,-1.7219310054996e-09,1.0,0.0,O12^(2)
4,theta,1.875,0.1,II,-1.7219310054996e-09,-1.500781951413064e-09,0.871569154989243,-0.12843084501075697,O12^(2)
4,theta,1.875,0.1,III-a,-1.7219310054996e-09,-1.7219310054996e-09,1.0,0.0,O12^(2)
4,theta,1.875,0.1,III-b,-1.7219310054996e-09,-1.7236693485711083e-09,1.001009531198379,0.0010095311983790989,O12^(2)
4,theta,1.9000000000000001,0.1,vis,-1.719247752857713e-09,-1.719247752857713e-09,1.0,0.0,O12^(2)
4,theta,1.9000000000000001,0.1,I,-1.719247752857713e-09,-1.719247752857713e-09,1.0,0.0,O12^(2)
4,theta,1.9000000000000001,0.1,II,-1.719247752857713e-09,-1.4984433111753518e-09,0.871569154989243,-0.12843084501075697,O12^(2)
4,theta,1.9000000000000001,0.1,III-a,-1.719247752857713e-09,-1.719247752857713e-09,1.0,0.0,O12^(2)
4,theta,1.9000000000000001,0.1,III-b,-1.719247752857713e-09,-1.7209833872127103e-09,1.0010095312627936,0.0010095312627935726,O12^(2)
4,theta,1.925,0.1,vis,-1.7170936734786036e-09,-1.7170936734786036e-09,1.0,0.0,O12^(2)
4,theta,1.925,0.1,I,-1.7170936734786036e-09,-1.7170936734786036e-09,1.0,0.0,O12^(2)
4,theta,1.925,0.1,II,-1.7170936734786036e-09,-1.4965658820311217e-09,0.871569154989243,-0.12843084501075697,O12^(2)
4,theta,1.925,0.1,III-a,-1.7170936734786036e-09,-1.7170936734786036e-09,1.0,0.0,O12^(2)
4,theta,1.925,0.1,III-b,-1.7170936734786036e-09,-1.7188271333207436e-09,1.0010095313196445,0.001009531319644541,O12^(2)
4,theta,1.9500000000000002,0.1,vis,-1.715507317101768e-09,-1.715507317101768e-09,1.0,0.0,O12^(2)
4,theta,1.9500000000000002,0.1,I,-1.715507317101768e-09,-1.715507317101768e-09,1.0,0.0,O12^(2)
4,theta,1.9500000000000002,0.1,II,-1.715507317101768e-09,-1.4951832627442513e-09,0.871569154989243,-0.12843084501075697,O12^(2)
4,theta,1.9500000000000002,0.1,III-a,-1.715507317101768e-09,-1.715507317101768e-09,1.0,0.0,O12^(2)
4,theta,1.9500000000000002,0.1,III-b,-1.715507317101768e-09,-1.7172391755536271e-09,1.001009531369872,0.0010095313698719188,O12^(2)
4,theta,1.975,0.1,vis,-1.7145272334667027e-09,-1.7145272334667027e-09,1.0,0.0,O12^(2)
4,theta,1.975,0.1,I,-1.7145272334667027e-09,-1.7145272334667027e-09,1.0,0.0,O12^(2)
4,theta,1.975,0.1,II,-1.7145272334667027e-09,-1.4943290520786187e-09,0.871569154989243,-0.12843084501075697,O12^(2)
4,theta,1.975,0.1,III-a,-1.7145272334667027e-09,-1.7145272334667027e-09,1.0,0.0,O12^(2)
4,theta,1.975,0.1,III-b,-1.7145272334667027e-09,-1.716258102569403e-09,1.0010095314142082,0.0010095314142082312,O12^(2)
4,theta,2.0,0.1,vis,-1.714191972312904e-09,-1.714191972312904e-09,1.0,0.0,O12^(2)
4,theta,2.0,0.1,I,-1.714191972312904e-09,-1.714191972312904e-09,1.0,0.0,O12^(2)
4,theta,2.0,0.1,II,-1.714191972312904e-09,-1.4940368487981016e-09,0.871569154989243,-0.12843084501075697,O12^(2)
4,theta,2.0,0.1,III-a,-1.714191972312904e-09,-1.714191972312904e-09,1.0,0.0,O12^(2)
4,theta,2.0,0.1,III-b,-1.714191972312904e-09,-1.7159225030260926e-09,1.0010095314533842,0.001009531453384227,O12^(2)
4,theta,2.025,0.1,vis,-1.7143321825850956e-09,-1.7143321825850956e-09,1.0,0.0,O12^(2)
4,theta,2.025,0.1,I,-1.7143321825850956e-09,-1.7143321825850956e-09,1.0,0.0,O12^(2)
4,theta,2.025,0.1,II,-1.7143321825850956e-09,-1.4941590517465563e-09,0.871569154989243,-0.12843084501075697,O12^(2)
4,theta,2.025,0.1,III-a,-1.7143321825850956e-09,-1.7143321825850956e-09,1.0,0.0,O12^(2)
4,theta,2.025,0.1,III-b,-1.7143321825850956e-09,-1.7160628549042557e-09,1.0010095314879701,0.0010095314879701167,O12^(2)
4,theta,2.0500000000000003,0.1,vis,-1.7147490755456243e-09,-1.7147490755456243e-09,1.0,0.0,O12^(2)
4,theta,2.0500000000000003,0.1,I,-1.7147490755456243e-09,-1.7147490755456243e-09,1.0,0.0,O12^(2)
4,theta,2.0500000000000003,0.1,II,-1.7147490755456243e-09,-1.4945224027918854e-09,0.871569154989243,-0.12843084501075697,O12^(2)
4,theta,2.0500000000000003,0.1,III-a,-1.7147490755456243e-09,-1.7147490755456243e-09,1.0,0.0,O12^(2)
4,theta,2.0500000000000003,0.1,III-b,-1.7147490755456243e-09,-1.716480168783766e-09,1.0010095315185348,0.0010095315185347786,O12^(2)
4,theta,2.075,0.1,vis,-1.7154370444104214e-09,-1.7154370444104214e-09,1.0,0.0,O12^(2)
4,theta,2.075,0.1,I,-1.7154370444104214e-09,-1.7154370444104214e-09,1.0,0.0,O12^(2)
4,theta,2.075,0.1,II,-1.7154370444104214e-09,-1.4951220152340355e-09,0.871569154989243,-0.12843084501075697,O12^(2)
4,theta,2.075,0.1,III-a,-1.7154370444104214e-09,-1.7154370444104214e-09,1.0,0.0,O12^(2)
4,theta,2.075,0.1,III-b,-1.7154370444104214e-09,-1.7171688322211106e-09,1.0010095315455219,0.0010095315455218579,O12^(2)
4,theta,2.1,0.1,vis,-1.716390482395418e-09,-1.716390482395418e-09,1.0,0.0,O12^(2)
4,theta,2.1,0.1,I,-1.716390482395418e-09,-1.716390482395418e-09,1.0,0.0,O12^(2)
4,theta,2.1,0.1,II,-1.716390482395418e-09,-1.4959530023729538e-09,0.871569154989243,-0.12843084501075697,O12^(2)
4,theta,2.1,0.1,III-a,-1.716390482395418e-09,-1.716390482395418e-09,1.0,0.0,O12^(2)
4,theta,2.1,0.1,III-b,-1.716390482395418e-09,-1.7181232327727691e-09,1.001009531569374,0.0010095315693738893,O12^(2)
4,theta,2.125,0.1,vis,-1.717603782716545e-09,-1.717603782716545e-09,1.0,0.0,O12^(2)
4,theta,2.125,0.1,I,-1.717603782716545e-09,-1.717603782716545e-09,1.0,0.0,O12^(2)
4,theta,2.125,0.1,II,-1.717603782716545e-09,-1.4970104775085864e-09,0.871569154989243,-0.12843084501075697,O12^(2)
4,theta,2.125,0.1,III-a,-1.717603782716545e-09,-1.717603782716545e-09,1.0,0.0,O12^(2)
4,theta,2.125,0.1,III-b,-1.717603782716545e-09,-1.7193377579950506e-09,1.0010095315904366,0.0010095315904365965,O12^(2)
4,theta,2.15,0.1,vis,-1.7190713385897335e-09,-1.7190713385897335e-09,1.0,0.0,O12^(2)
4,theta,2.15,0.1,I,-1.7190713385897335e-09,-1.7190713385897335e-09,1.0,0.0,O12^(2)
4,theta,2.15,0.1,II,-1.7190713385897335e-09,-1.4982895539408808e-09,0.871569154989243,-0.12843084501075697,O12^(2)
4,theta,2.15,0.1,III-a,-1.7190713385897335e-09,-1.7190713385897335e-09,1.0,0.0,O12^(2)
4,theta,2.15,0.1,III-b,-1.7190713385897335e-09,-1.7208067954442595e-09,1.0010095316090546,0.0010095316090545925,O12^(2)
4,theta,2.1750000000000003,0.1,vis,-1.7207875432309143e-09,-1.7207875432309143e-09,1.0,0.0,O12^(2)
4,theta,2.1750000000000003,0.1,I,-1.7207875432309143e-09,-1.7207875432309143e-09,1.0,0.0,O12^(2)
4,theta,2.1750000000000003,0.1,II,-1.7207875432309143e-09,-1.4997853449697836e-09,0.871569154989243,-0.12843084501075697,O12^(2)
4,theta,2.1750000000000003,0.1,III-a,-1.7207875432309143e-09,-1.7207875432309143e-09,1.0,0.0,O12^(2)
4,theta,2.1750000000000003,0.1,III-b,-1.7207875432309143e-09,-1.7225247326765676e-09,1.0010095316254972,0.0010095316254972175,O12^(2)
4,theta,2.2,0.1,vis,-1.7227467898560193e-09,-1.7227467898560193e-09,1.0,0.0,O12^(2)
4,theta,2.2,0.1,I,-1.7227467898560193e-09,-1.7227467898560193e-09,1.0,0.0,O12^(2)
4,theta,2.2,0.1,II,-1.7227467898560193e-09,-1.5014929638952418e-09,0.871569154989243,-0.12843084501075697,O12^(2)
4,theta,2.2,0.1,III-a,-1.7227467898560193e-09,-1.7227467898560193e-09,1.0,0.0,O12^(2)
4,theta,2.2,0.1,III-b,-1.7227467898560193e-09,-1.7244859572481437e-09,1.0010095316400327,0.0010095316400327015,O12^(2)
4,theta,2.225,0.1,vis,-1.7249434716809789e-09,-1.7249434716809789e-09,1.0,0.0,O12^(2)
4,theta,2.225,0.1,I,-1.7249434716809789e-09,-1.7249434716809789e-09,1.0,0.0,O12^(2)
4,theta,2.225,0.1,II,-1.7249434716809789e-09,-1.503407524017202e-09,0.871569154989243,-0.12843084501075697,O12^(2)
4,theta,2.225,0.1,III-a,-1.7249434716809789e-09,-1.7249434716809789e-09,1.0,0.0,O12^(2)
4,theta,2.225,0.1,III-b,-1.7249434716809789e-09,-1.7266848567150543e-09,1.001009531652871,0.0010095316528710985,O12^(2)
4,theta,2.25,0.1,vis,-1.7273719819217241e-09,-1.7273719819217241e-09,1.0,0.0,O12^(2)
4,theta,2.25,0.1,I,-1.7273719819217241e-09,-1.7273719819217241e-09,1.0,0.0,O12^(2)
4,theta,2.25,0.1,II,-1.7273719819217241e-09,-1.505524138635611e-09,0.871569154989243,-0.12843084501075697,O12^(2)
4,theta,2.25,0.1,III-a,-1.7273719819217241e-09,-1.7273719819217241e-09,1.0,0.0,O12^(2)
4,theta,2.25,0.1,III-b,-1.7273719819217241e-09,-1.729115818633363e-09,1.0010095316642214,0.0010095316642213525,O12^(2)
4,theta,2.275,0.1,vis,-1.7300267137941866e-09,-1.7300267137941866e-09,1.0,0.0,O12^(2)
4,theta,2.275,0.1,I,-1.7300267137941866e-09,-1.7300267137941866e-09,1.0,0.0,O12^(2)
4,theta,2.275,0.1,II,-1.7300267137941866e-09,-1.5078379210504163e-09,0.871569154989243,-0.12843084501075697,O12^(2)
4,theta,2.275,0.1,III-a,-1.7300267137941866e-09,-1.7300267137941866e-09,1.0,0.0,O12^(2)
4,theta,2.275,0.1,III-b,-1.7300267137941866e-09,-1.7317732305590554e-09,1.001009531674247,0.0010095316742471105,O12^(2)
4,theta,2.3000000000000003,0.1,vis,-1.7329020605142968e-09,-1.7329020605142968e-09,1.0,0.0,O12^(2)
4,theta,2.3000000000000003,0.1,I,-1.7329020605142968e-09,-1.7329020605142968e-09,1.0,0.0,O12^(2)
4,theta,2.3000000000000003,0.1,II,-1.7329020605142968e-09,-1.5103439845615637e-09,0.871569154989243,-0.12843084501075697,O12^(2)
4,theta,2.3000000000000003,0.1,III-a,-1.7329020605142968e-09,-1.7329020605142968e-09,1.0,0.0,O12^(2)
4,theta,2.3000000000000003,0.1,III-b,-1.7329020605142968e-09,-1.7346514800481154e-09,1.0010095316831116,0.0010095316831115753,O12^(2)
4,theta,2.325,0.1,vis,-1.7359924152979863e-09,-1.7359924152979863e-09,1.0,0.0,O12^(2)
4,theta,2.325,0.1,I,-1.7359924152979863e-09,-1.7359924152979863e-09,1.0,0.0,O12^(2)
4,theta,2.325,0.1,II,-1.7359924152979863e-09,-1.513037442469001e-09,0.871569154989243,-0.12843084501075697,O12^(2)
4,theta,2.325,0.1,III-a,-1.7359924152979863e-09,-1.7359924152979863e-09,1.0,0.0,O12^(2)
4,theta,2.325,0.1,III-b,-1.7359924152979863e-09,-1.737744954656465e-09,1.0010095316909422,0.0010095316909422003,O12^(2)
4,theta,2.35,0.1,vis,-1.7392921713611857e-09,-1.7392921713611857e-09,1.0,0.0,O12^(2)
4,theta,2.35,0.1,I,-1.7392921713611857e-09,-1.7392921713611857e-09,1.0,0.0,O12^(2)
4,theta,2.35,0.1,II,-1.7392921713611857e-09,-1.5159134080726744e-09,0.871569154989243,-0.12843084501075697,O12^(2)
4,theta,2.35,0.1,III-a,-1.7392921713611857e-09,-1.7392921713611857e-09,1.0,0.0,O12^(2)
4,theta,2.35,0.1,III-b,-1.7392921713611857e-09,-1.741048041940025e-09,1.001009531697866,0.0010095316978659952,O12^(2)
4,theta,2.375,0.1,vis,-1.7427957219198264e-09,-1.7427957219198264e-09,1.0,0.0,O12^(2)
4,theta,2.375,0.1,I,-1.7427957219198264e-09,-1.7427957219198264e-09,1.0,0.0,O12^(2)
4,theta,2.375,0.1,II,-1.7427957219198264e-09,-1.518966994672531e-09,0.871569154989243,-0.12843084501075697,O12^(2)
4,theta,2.375,0.1,III-a,-1.7427957219198264e-09,-1.7427957219198264e-09,1.0,0.0,O12^(2)
4,theta,2.375,0.1,III-b,-1.7427957219198264e-09,-1.7445551294546694e-09,1.0010095317039824,0.0010095317039824359,O12^(2)
4,theta,2.4000000000000004,0.1,vis,-1.7464974601898394e-09,-1.7464974601898394e-09,1.0,0.0,O12^(2)
4,theta,2.4000000000000004,0.1,I,-1.7464974601898394e-09,-1.7464974601898394e-09,1.0,0.0,O12^(2)
4,theta,2.4000000000000004,0.1,II,-1.7464974601898394e-09,-1.5221933155685174e-09,0.871569154989243,-0.12843084501075697,O12^(2)
4,theta,2.4000000000000004,0.1,III-a,-1.7464974601898394e-09,-1.7464974601898394e-09,1.0,0.0,O12^(2)
4,theta,2.4000000000000004,0.1,III-b,-1.7464974601898394e-09,-1.7482606047562719e-09,1.001009531709391,0.0010095317093909983,O12^(2)
4,theta,2.4250000000000003,0.1,vis,-1.750391779387156e-09,-1.750391779387156e-09,1.0,0.0,O12^(2)
4,theta,2.4250000000000003,0.1,I,-1.750391779387156e-09,-1.750391779387156e-09,1.0,0.0,O12^(2)
4,theta,2.4250000000000003,0.1,II,-1.750391779387156e-09,-1.525587484060581e-09,0.871569154989243,-0.12843084501075697,O12^(2)
4,theta,2.4250000000000003,0.1,III-a,-1.750391779387156e-09,-1.750391779387156e-09,1.0,0.0,O12^(2)
4,theta,2.4250000000000003,0.1,III-b,-1.750391779387156e-09,-1.752158855400668e-09,1.001009531714169,0.0010095317141689542,O12^(2)
4,theta,2.45,0.1,vis,-1.754473072727707e-09,-1.754473072727707e-09,1.0,0.0,O12^(2)
4,theta,2.45,0.1,I,-1.754473072727707e-09,-1.754473072727707e-09,1.0,0.0,O12^(2)
4,theta,2.45,0.1,II,-1.754473072727707e-09,-1.5291446134486682e-09,0.871569154989243,-0.12843084501075697,O12^(2)
4,theta,2.45,0.1,III-a,-1.754473072727707e-09,-1.754473072727707e-09,1.0,0.0,O12^(2)
4,theta,2.45,0.1,III-b,-1.754473072727707e-09,-1.7562442689436934e-09,1.0010095317183938,0.0010095317183937969,O12^(2)
4,theta,2.475,0.1,vis,-1.7587357334274234e-09,-1.7587357334274234e-09,1.0,0.0,O12^(2)
4,theta,2.475,0.1,I,-1.7587357334274234e-09,-1.7587357334274234e-09,1.0,0.0,O12^(2)
4,theta,2.475,0.1,II,-1.7587357334274234e-09,-1.532859817032726e-09,0.871569154989243,-0.12843084501075697,O12^(2)
4,theta,2.475,0.1,III-a,-1.7587357334274234e-09,-1.7587357334274234e-09,1.0,0.0,O12^(2)
4,theta,2.475,0.1,III-b,-1.7587357334274234e-09,-1.760511232941155e-09,1.0010095317221261,0.0010095317221261446,O12^(2)
4,theta,2.5,0.1,vis,-1.7631741547022365e-09,-1.7631741547022365e-09,1.0,0.0,O12^(2)
4,theta,2.5,0.1,I,-1.7631741547022365e-09,-1.7631741547022365e-09,1.0,0.0,O12^(2)
4,theta,2.5,0.1,II,-1.7631741547022365e-09,-1.5367282081127012e-09,0.871569154989243,-0.12843084501075697,O12^(2)
4,theta,2.5,0.1,III-a,-1.7631741547022365e-09,-1.7631741547022365e-09,1.0,0.0,O12^(2)
4,theta,2.5,0.1,III-b,-1.7631741547022365e-09,-1.7649541349488603e-09,1.0010095317254264,0.0010095317254263936,O12^(2)
4,theta,2.5250000000000004,0.1,vis,-1.7677827297680774e-09,-1.7677827297680774e-09,1.0,0.0,O12^(2)
4,theta,2.5250000000000004,0.1,I,-1.7677827297680774e-09,-1.7677827297680774e-09,1.0,0.0,O12^(2)
4,theta,2.5250000000000004,0.1,II,-1.7677827297680774e-09,-1.5407448999885406e-09,0.871569154989243,-0.12843084501075697,O12^(2)
4,theta,2.5250000000000004,0.1,III-a,-1.7677827297680774e-09,-1.7677827297680774e-09,1.0,0.0,O12^(2)
4,theta,2.5250000000000004,0.1,III-b,-1.7677827297680774e-09,-1.7695673625225927e-09,1.0010095317283416,0.0010095317283416172,O12^(2)
4,theta,2.5500000000000003,0.1,vis,-1.772555851840877e-09,-1.772555851840877e-09,1.0,0.0,O12^(2)
4,theta,2.5500000000000003,0.1,I,-1.772555851840877e-09,-1.772555851840877e-09,1.0,0.0,O12^(2)
4,theta,2.5500000000000003,0.1,II,-1.772555851840877e-09,-1.544905005960191e-09,0.871569154989243,-0.12843084501075697,O12^(2)
4,theta,2.5500000000000003,0.1,III-a,-1.772555851840877e-09,-1.772555851840877e-09,1.0,0.0,O12^(2)
4,theta,2.5500000000000003,0.1,III-b,-1.772555851840877e-09,-1.7743453032181372e-09,1.0010095317309193,0.001009531730919333,O12^(2)
4,theta,2.575,0.1,vis,-1.7774879141365665e-09,-1.7774879141365665e-09,1.0,0.0,O12^(2)
4,theta,2.575,0.1,I,-1.7774879141365665e-09,-1.7774879141365665e-09,1.0,0.0,O12^(2)
4,theta,2.575,0.1,II,-1.7774879141365665e-09,-1.5492036393275994e-09,0.871569154989243,-0.12843084501075697,O12^(2)
4,theta,2.575,0.1,III-a,-1.7774879141365665e-09,-1.7774879141365665e-09,1.0,0.0,O12^(2)
4,theta,2.575,0.1,III-b,-1.7774879141365665e-09,-1.77928234459126e-09,1.0010095317331962,0.0010095317331961784,O12^(2)
4,theta,2.6,0.1,vis,-1.7825733098710767e-09,-1.7825733098710767e-09,1.0,0.0,O12^(2)
4,theta,2.6,0.1,I,-1.7825733098710767e-09,-1.7825733098710767e-09,1.0,0.0,O12^(2)
4,theta,2.6,0.1,II,-1.7825733098710767e-09,-1.5536359133907124e-09,0.871569154989243,-0.12843084501075697,O12^(2)
4,theta,2.6,0.1,III-a,-1.7825733098710767e-09,-1.7825733098710767e-09,1.0,0.0,O12^(2)
4,theta,2.6,0.1,III-b,-1.7825733098710767e-09,-1.784372874197728e-09,1.001009531735209,0.0010095317352090127,O12^(2)
4,theta,2.625,0.1,vis,-1.7878064322603391e-09,-1.7878064322603391e-09,1.0,0.0,O12^(2)
4,theta,2.625,0.1,I,-1.7878064322603391e-09,-1.7878064322603391e-09,1.0,0.0,O12^(2)
4,theta,2.625,0.1,II,-1.7878064322603391e-09,-1.5581969414494771e-09,0.871569154989243,-0.12843084501075697,O12^(2)
4,theta,2.625,0.1,III-a,-1.7878064322603391e-09,-1.7878064322603391e-09,1.0,0.0,O12^(2)
4,theta,2.625,0.1,III-b,-1.7878064322603391e-09,-1.7896112795932952e-09,1.001009531736987,0.0010095317369869239,O12^(2)
4,theta,2.6500000000000004,0.1,vis,-1.7931816745202848e-09,-1.7931816745202848e-09,1.0,0.0,O12^(2)
4,theta,2.6500000000000004,0.1,I,-1.7931816745202848e-09,-1.7931816745202848e-09,1.0,0.0,O12^(2)
4,theta,2.6500000000000004,0.1,II,-1.7931816745202848e-09,-1.5628818368038405e-09,0.871569154989243,-0.12843084501075697,O12^(2)
4,theta,2.6500000000000004,0.1,III-a,-1.7931816745202848e-09,-1.7931816745202848e-09,1.0,0.0,O12^(2)
4,theta,2.6500000000000004,0.1,III-b,-1.7931816745202848e-09,-1.7949919483337142e-09,1.0010095317385583,0.0010095317385583336,O12^(2)
4,theta,2.6750000000000003,0.1,vis,-1.7986934298668443e-09,-1.7986934298668443e-09,1.0,0.0,O12^(2)
4,theta,2.6750000000000003,0.1,I,-1.7986934298668443e-09,-1.7986934298668443e-09,1.0,0.0,O12^(2)
4,theta,2.6750000000000003,0.1,II,-1.7986934298668443e-09,-1.5676857127537487e-09,0.871569154989243,-0.12843084501075697,O12^(2)
4,theta,2.6750000000000003,0.1,III-a,-1.7986934298668443e-09,-1.7986934298668443e-09,1.0,0.0,O12^(2)
4,theta,2.6750000000000003,0.1,III-b,-1.7986934298668443e-09,-1.800509267974727e-09,1.001009531739946,0.0010095317399458903,O12^(2)
4,theta,2.7,0.1,vis,-1.8043360915159492e-09,-1.8043360915159492e-09,1.0,0.0,O12^(2)
4,theta,2.7,0.1,I,-1.8043360915159492e-09,-1.8043360915159492e-09,1.0,0.0,O12^(2)
4,theta,2.7,0.1,II,-1.8043360915159492e-09,-1.5726036825991493e-09,0.871569154989243,-0.12843084501075697,O12^(2)
4,theta,2.7,0.1,III-a,-1.8043360915159492e-09,-1.8043360915159492e-09,1.0,0.0,O12^(2)
4,theta,2.7,0.1,III-b,-1.8043360915159492e-09,-1.8061576260720773e-09,1.0010095317411722,0.0010095317411722426,O12^(2)
4,theta,2.725,0.1,vis,-1.8101040526835305e-09,-1.8101040526835305e-09,1.0,0.0,O12^(2)
4,theta,2.725,0.1,I,-1.8101040526835305e-09,-1.8101040526835305e-09,1.0,0.0,O12^(2)
4,theta,2.725,0.1,II,-1.8101040526835305e-09,-1.5776308596399888e-09,0.871569154989243,-0.12843084501075697,O12^(2)
4,theta,2.725,0.1,III-a,-1.8101040526835305e-09,-1.8101040526835305e-09,1.0,0.0,O12^(2)
4,theta,2.725,0.1,III-b,-1.8101040526835305e-09,-1.8119314101814984e-09,1.0010095317422547,0.00100953174225471,O12^(2)
4,theta,2.75,0.1,vis,-1.8159917065855192e-09,-1.8159917065855192e-09,1.0,0.0,O12^(2)
4,theta,2.75,0.1,I,-1.8159917065855192e-09,-1.8159917065855192e-09,1.0,0.0,O12^(2)
4,theta,2.75,0.1,II,-1.8159917065855192e-09,-1.5827623571762144e-09,0.871569154989243,-0.12843084501075697,O12^(2)
4,theta,2.75,0.1,III-a,-1.8159917065855192e-09,-1.8159917065855192e-09,1.0,0.0,O12^(2)
4,theta,2.75,0.1,III-b,-1.8159917065855192e-09,-1.8178250078587253e-09,1.001009531743211,0.0010095317432110562,O12^(2)
4,theta,2.7750000000000004,0.1,vis,-1.8219934464378463e-09,-1.8219934464378463e-09,1.0,0.0,O12^(2)
4,theta,2.7750000000000004,0.1,I,-1.8219934464378463e-09,-1.8219934464378463e-09,1.0,0.0,O12^(2)
4,theta,2.7750000000000004,0.1,II,-1.8219934464378463e-09,-1.5879932885077724e-09,0.871569154989243,-0.12843084501075697,O12^(2)
4,theta,2.7750000000000004,0.1,III-a,-1.8219934464378463e-09,-1.8219934464378463e-09,1.0,0.0,O12^(2)
4,theta,2.7750000000000004,0.1,III-b,-1.8219934464378463e-09,-1.823832806659485e-09,1.0010095317440548,0.0010095317440548257,O12^(2)
4,theta,2.8000000000000003,0.1,vis,-1.828103665456443e-09,-1.828103665456443e-09,1.0,0.0,O12^(2)
4,theta,2.8000000000000003,0.1,I,-1.828103665456443e-09,-1.828103665456443e-09,1.0,0.0,O12^(2)
4,theta,2.8000000000000003,0.1,II,-1.828103665456443e-09,-1.5933187669346098e-09,0.871569154989243,-0.12843084501075697,O12^(2)
4,theta,2.8000000000000003,0.1,III-a,-1.828103665456443e-09,-1.828103665456443e-09,1.0,0.0,O12^(2)
4,theta,2.8000000000000003,0.1,III-b,-1.828103665456443e-09,-1.829949194139507e-09,1.0010095317448002,0.0010095317448002294,O12^(2)
4,theta,2.825,0.1,vis,-1.8343167568572401e-09,-1.8343167568572401e-09,1.0,0.0,O12^(2)
4,theta,2.825,0.1,I,-1.8343167568572401e-09,-1.8343167568572401e-09,1.0,0.0,O12^(2)
4,theta,2.825,0.1,II,-1.8343167568572401e-09,-1.5987339057566736e-09,0.871569154989243,-0.12843084501075697,O12^(2)
4,theta,2.825,0.1,III-a,-1.8343167568572401e-09,-1.8343167568572401e-09,1.0,0.0,O12^(2)
4,theta,2.825,0.1,III-b,-1.8343167568572401e-09,-1.8361685578545122e-09,1.0010095317454575,0.0010095317454574815,O12^(2)
4,theta,2.85,0.1,vis,-1.8406271138561692e-09,-1.8406271138561692e-09,1.0,0.0,O12^(2)
4,theta,2.85,0.1,I,-1.8406271138561692e-09,-1.8406271138561692e-09,1.0,0.0,O12^(2)
4,theta,2.85,0.1,II,-1.8406271138561692e-09,-1.6042338182739106e-09,0.871569154989243,-0.12843084501075697,O12^(2)
4,theta,2.85,0.1,III-a,-1.8406271138561692e-09,-1.8406271138561692e-09,1.0,0.0,O12^(2)
4,theta,2.85,0.1,III-b,-1.8406271138561692e-09,-1.8424852853602244e-09,1.0010095317460375,0.001009531746037462,O12^(2)
4,theta,2.875,0.1,vis,-1.847029129669161e-09,-1.847029129669161e-09,1.0,0.0,O12^(2)
4,theta,2.875,0.1,I,-1.847029129669161e-09,-1.847029129669161e-09,1.0,0.0,O12^(2)
4,theta,2.875,0.1,II,-1.847029129669161e-09,-1.6098136177862676e-09,0.871569154989243,-0.12843084501075697,O12^(2)
4,theta,2.875,0.1,III-a,-1.847029129669161e-09,-1.847029129669161e-09,1.0,0.0,O12^(2)
4,theta,2.875,0.1,III-b,-1.847029129669161e-09,-1.8488937642123625e-09,1.0010095317465488,0.0010095317465488307,O12^(2)
4,theta,2.9000000000000004,0.1,vis,-1.853517197512147e-09,-1.853517197512147e-09,1.0,0.0,O12^(2)
4,theta,2.9000000000000004,0.1,I,-1.853517197512147e-09,-1.853517197512147e-09,1.0,0.0,O12^(2)
4,theta,2.9000000000000004,0.1,II,-1.853517197512147e-09,-1.6154684175936919e-09,0.871569154989243,-0.12843084501075697,O12^(2)
4,theta,2.9000000000000004,0.1,III-a,-1.853517197512147e-09,-1.853517197512147e-09,1.0,0.0,O12^(2)
4,theta,2.9000000000000004,0.1,III-b,-1.853517197512147e-09,-1.8553883819666456e-09,1.0010095317469998,0.0010095317469998033,O12^(2)
4,theta,2.9250000000000003,0.1,vis,-1.8600857106010578e-09,-1.8600857106010578e-09,1.0,0.0,O12^(2)
4,theta,2.9250000000000003,0.1,I,-1.8600857106010578e-09,-1.8600857106010578e-09,1.0,0.0,O12^(2)
4,theta,2.9250000000000003,0.1,II,-1.8600857106010578e-09,-1.6211933309961296e-09,0.871569154989243,-0.12843084501075697,O12^(2)
4,theta,2.9250000000000003,0.1,III-a,-1.8600857106010578e-09,-1.8600857106010578e-09,1.0,0.0,O12^(2)
4,theta,2.9250000000000003,0.1,III-b,-1.8600857106010578e-09,-1.8619635261787892e-09,1.001009531747397,0.001009531747397041,O12^(2)
4,theta,2.95,0.1,vis,-1.8667290621518245e-09,-1.8667290621518245e-09,1.0,0.0,O12^(2)
4,theta,2.95,0.1,I,-1.8667290621518245e-09,-1.8667290621518245e-09,1.0,0.0,O12^(2)
4,theta,2.95,0.1,II,-1.8667290621518245e-09,-1.626983471293528e-09,0.871569154989243,-0.12843084501075697,O12^(2)
4,theta,2.95,0.1,III-a,-1.8667290621518245e-09,-1.8667290621518245e-09,1.0,0.0,O12^(2)
4,theta,2.95,0.1,III-b,-1.8667290621518245e-09,-1.8686135844045085e-09,1.0010095317477468,0.0010095317477467614,O12^(2)
4,theta,2.975,0.1,vis,-1.873441645380378e-09,-1.873441645380378e-09,1.0,0.0,O12^(2)
4,theta,2.975,0.1,I,-1.873441645380378e-09,-1.873441645380378e-09,1.0,0.0,O12^(2)
4,theta,2.975,0.1,II,-1.873441645380378e-09,-1.6328339517858332e-09,0.871569154989243,-0.12843084501075697,O12^(2)
4,theta,2.975,0.1,III-a,-1.873441645380378e-09,-1.873441645380378e-09,1.0,0.0,O12^(2)
4,theta,2.975,0.1,III-b,-1.873441645380378e-09,-1.8753329441995172e-09,1.0010095317480545,0.0010095317480545152,O12^(2)
4,theta,3.0,0.1,vis,-1.88021785350265e-09,-1.88021785350265e-09,1.0,0.0,O12^(2)
4,theta,3.0,0.1,I,-1.88021785350265e-09,-1.88021785350265e-09,1.0,0.0,O12^(2)
4,theta,3.0,0.1,II,-1.88021785350265e-09,-1.6387398857729931e-09,0.871569154989243,-0.12843084501075697,O12^(2)
4,theta,3.0,0.1,III-a,-1.88021785350265e-09,-1.88021785350265e-09,1.0,0.0,O12^(2)
4,theta,3.0,0.1,III-b,-1.88021785350265e-09,-1.882115993119529e-09,1.0010095317483254,0.0010095317483254096,O12^(2)
4,theta,3.0250000000000004,0.1,vis,-1.887441175757145e-09,-1.887441175757145e-09,1.0,0.0,O12^(2)
4,theta,3.0250000000000004,0.1,I,-1.887441175757145e-09,-1.887441175757145e-09,1.0,0.0,O12^(2)
4,theta,3.0250000000000004,0.1,II,-1.887441175757145e-09,-1.6450355106465583e-09,0.871569154989243,-0.12843084501075697,O12^(2)
4,theta,3.0250000000000004,0.1,III-a,-1.887441175757145e-09,-1.887441175757145e-09,1.0,0.0,O12^(2)
4,theta,3.0250000000000004,0.1,III-b,-1.887441175757145e-09,-1.889346607547618e-09,1.0010095317485634,0.0010095317485634414,O12^(2)
4,theta,3.0500000000000003,0.1,vis,-1.8954870482132695e-09,-1.8954870482132695e-09,1.0,0.0,O12^(2)
4,theta,3.0500000000000003,0.1,I,-1.8954870482132695e-09,-1.8954870482132695e-09,1.0,0.0,O12^(2)
4,theta,3.0500000000000003,0.1,II,-1.8954870482132695e-09,-1.652048044904294e-09,0.871569154989243,-0.12843084501075697,O12^(2)
4,theta,3.0500000000000003,0.1,III-a,-1.8954870482132695e-09,-1.8954870482132695e-09,1.0,0.0,O12^(2)
4,theta,3.0500000000000003,0.1,III-b,-1.8954870482132695e-09,-1.897400602567828e-09,1.0010095317487724,0.0010095317487723854,O12^(2)
4,theta,3.075,0.1,vis,-1.9043377843333015e-09,-1.9043377843333015e-09,1.0,0.0,O12^(2)
4,theta,3.075,0.1,I,-1.9043377843333015e-09,-1.9043377843333015e-09,1.0,0.0,O12^(2)
4,theta,3.075,0.1,II,-1.9043377843333015e-09,-1.659762073505463e-09,0.871569154989243,-0.12843084501075697,O12^(2)
4,theta,3.075,0.1,III-a,-1.9043377843333015e-09,-1.9043377843333015e-09,1.0,0.0,O12^(2)
4,theta,3.075,0.1,III-b,-1.9043377843333015e-09,-1.906260273787322e-09,1.0010095317489556,0.0010095317489555722,O12^(2)
4,theta,3.1,0.1,vis,-1.9139756975795226e-09,-1.9139756975795226e-09,1.0,0.0,O12^(2)
4,theta,3.1,0.1,I,-1.9139756975795226e-09,-1.9139756975795226e-09,1.0,0.0,O12^(2)
4,theta,3.1,0.1,II,-1.9139756975795226e-09,-1.6681621814093315e-09,0.871569154989243,-0.12843084501075697,O12^(2)
4,theta,3.1,0.1,III-a,-1.9139756975795226e-09,-1.9139756975795226e-09,1.0,0.0,O12^(2)
4,theta,3.1,0.1,III-b,-1.9139756975795226e-09,-1.915907916813266e-09,1.0010095317491163,0.0010095317491163325,O12^(2)
4,theta,3.125,0.1,vis,-1.924383101414214e-09,-1.924383101414214e-09,1.0,0.0,O12^(2)
4,theta,3.125,0.1,I,-1.924383101414214e-09,-1.924383101414214e-09,1.0,0.0,O12^(2)
4,theta,3.125,0.1,II,-1.924383101414214e-09,-1.677232953575165e-09,0.871569154989243,-0.12843084501075697,O12^(2)
4,theta,3.125,0.1,III-a,-1.924383101414214e-09,-1.924383101414214e-09,1.0,0.0,O12^(2)
4,theta,3.125,0.1,III-b,-1.924383101414214e-09,-1.9263258272528246e-09,1.0010095317492567,0.0010095317492566647,O12^(2)
4,theta,3.1500000000000004,0.1,vis,-1.9355423092996554e-09,-1.9355423092996554e-09,1.0,0.0,O12^(2)
4,theta,3.1500000000000004,0.1,I,-1.9355423092996554e-09,-1.9355423092996554e-09,1.0,0.0,O12^(2)
4,theta,3.1500000000000004,0.1,II,-1.9355423092996554e-09,-1.6869589749622287e-09,0.871569154989243,-0.12843084501075697,O12^(2)
4,theta,3.1500000000000004,0.1,III-a,-1.9355423092996554e-09,-1.9355423092996554e-09,1.0,0.0,O12^(2)
4,theta,3.1500000000000004,0.1,III-b,-1.9355423092996554e-09,-1.9374963007131612e-09,1.0010095317493797,0.0010095317493796774,O12^(2)
4,theta,3.1750000000000003,0.1,vis,-1.947435634698127e-09,-1.947435634698127e-09,1.0,0.0,O12^(2)
4,theta,3.1750000000000003,0.1,I,-1.947435634698127e-09,-1.947435634698127e-09,1.0,0.0,O12^(2)
4,theta,3.1750000000000003,0.1,II,-1.947435634698127e-09,-1.697324830529787e-09,0.871569154989243,-0.12843084501075697,O12^(2)
4,theta,3.1750000000000003,0.1,III-a,-1.947435634698127e-09,-1.947435634698127e-09,1.0,0.0,O12^(2)
4,theta,3.1750000000000003,0.1,III-b,-1.947435634698127e-09,-1.949401632801437e-09,1.0010095317494867,0.0010095317494867029,O12^(2)
4,theta,3.2,0.1,vis,-1.960045391071911e-09,-1.960045391071911e-09,1.0,0.0,O12^(2)
4,theta,3.2,0.1,I,-1.960045391071911e-09,-1.960045391071911e-09,1.0,0.0,O12^(2)
4,theta,3.2,0.1,II,-1.960045391071911e-09,-1.708315105237106e-09,0.871569154989243,-0.12843084501075697,O12^(2)
4,theta,3.2,0.1,III-a,-1.960045391071911e-09,-1.960045391071911e-09,1.0,0.0,O12^(2)
4,theta,3.2,0.1,III-b,-1.960045391071911e-09,-1.962024119124816e-09,1.00100953174958,0.0010095317495799616,O12^(2)
4,theta,3.225,0.1,vis,-1.9733538918832865e-09,-1.9733538918832865e-09,1.0,0.0,O12^(2)
4,theta,3.225,0.1,I,-1.9733538918832865e-09,-1.9733538918832865e-09,1.0,0.0,O12^(2)
4,theta,3.225,0.1,II,-1.9733538918832865e-09,-1.71991438404345e-09,0.871569154989243,-0.12843084501075697,O12^(2)
4,theta,3.225,0.1,III-a,-1.9733538918832865e-09,-1.9733538918832865e-09,1.0,0.0,O12^(2)
4,theta,3.225,0.1,III-b,-1.9733538918832865e-09,-1.9753460552904596e-09,1.001009531749661,0.001009531749661008,O12^(2)
4,theta,3.25,0.1,vis,-1.987343450594534e-09,-1.987343450594534e-09,1.0,0.0,O12^(2)
4,theta,3.25,0.1,I,-1.987343450594534e-09,-1.987343450594534e-09,1.0,0.0,O12^(2)
4,theta,3.25,0.1,II,-1.987343450594534e-09,-1.7321072519080847e-09,0.871569154989243,-0.12843084501075697,O12^(2)
4,theta,3.25,0.1,III-a,-1.987343450594534e-09,-1.987343450594534e-09,1.0,0.0,O12^(2)
4,theta,3.25,0.1,III-b,-1.987343450594534e-09,-1.9893497369055294e-09,1.001009531749731,0.001009531749730952,O12^(2)
4,theta,3.2750000000000004,0.1,vis,-2.0019963806679346e-09,-2.0019963806679346e-09,1.0,0.0,O12^(2)
4,theta,3.2750000000000004,0.1,I,-2.0019963806679346e-09,-2.0019963806679346e-09,1.0,0.0,O12^(2)
4,theta,3.2750000000000004,0.1,II,-2.0019963806679346e-09,-1.7448782937902746e-09,0.871569154989243,-0.12843084501075697,O12^(2)
4,theta,3.2750000000000004,0.1,III-a,-2.0019963806679346e-09,-2.0019963806679346e-09,1.0,0.0,O12^(2)
4,theta,3.2750000000000004,0.1,III-b,-2.0019963806679346e-09,-2.0040174595771868e-09,1.0010095317497916,0.0010095317497915701,O12^(2)
4,theta,3.3000000000000003,0.1,vis,-2.017294995565768e-09,-2.017294995565768e-09,1.0,0.0,O12^(2)
4,theta,3.3000000000000003,0.1,I,-2.017294995565768e-09,-2.017294995565768e-09,1.0,0.0,O12^(2)
4,theta,3.3000000000000003,0.1,II,-2.017294995565768e-09,-1.7582120946492853e-09,0.871569154989243,-0.12843084501075697,O12^(2)
4,theta,3.3000000000000003,0.1,III-a,-2.017294995565768e-09,-2.017294995565768e-09,1.0,0.0,O12^(2)
4,theta,3.3000000000000003,0.1,III-b,-2.017294995565768e-09,-2.0193315189125925e-09,1.0010095317498438,0.0010095317498437506,O12^(2)
4,theta,3.325,0.1,vis,-2.0332216087503155e-09,-2.0332216087503155e-09,1.0,0.0,O12^(2)
4,theta,3.325,0.1,I,-2.0332216087503155e-09,-2.0332216087503155e-09,1.0,0.0,O12^(2)
4,theta,3.325,0.1,II,-2.0332216087503155e-09,-1.7720932394443817e-09,0.871569154989243,-0.12843084501075697,O12^(2)
4,theta,3.325,0.1,III-a,-2.0332216087503155e-09,-2.0332216087503155e-09,1.0,0.0,O12^(2)
4,theta,3.325,0.1,III-b,-2.0332216087503155e-09,-2.035274210518908e-09,1.0010095317498884,0.0010095317498883816,O12^(2)
4,theta,3.35,0.1,vis,-2.049758533683857e-09,-2.049758533683857e-09,1.0,0.0,O12^(2)
4,theta,3.35,0.1,I,-2.049758533683857e-09,-2.049758533683857e-09,1.0,0.0,O12^(2)
4,theta,3.35,0.1,II,-2.049758533683857e-09,-1.7865063131348292e-09,0.871569154989243,-0.12843084501075697,O12^(2)
4,theta,3.35,0.1,III-a,-2.049758533683857e-09,-2.049758533683857e-09,1.0,0.0,O12^(2)
4,theta,3.35,0.1,III-b,-2.049758533683857e-09,-2.0518278300032934e-09,1.0010095317499264,0.0010095317499263512,O12^(2)
4,theta,3.375,0.1,vis,-2.0668880838286743e-09,-2.0668880838286743e-09,1.0,0.0,O12^(2)
4,theta,3.375,0.1,I,-2.0668880838286743e-09,-2.0668880838286743e-09,1.0,0.0,O12^(2)
4,theta,3.375,0.1,II,-2.0668880838286743e-09,-1.8014359006798933e-09,0.871569154989243,-0.12843084501075697,O12^(2)
4,theta,3.375,0.1,III-a,-2.0668880838286743e-09,-2.0668880838286743e-09,1.0,0.0,O12^(2)
4,theta,3.375,0.1,III-b,-2.0668880838286743e-09,-2.0689746729729103e-09,1.0010095317499585,0.0010095317499585477,O12^(2)
4,theta,3.4000000000000004,0.1,vis,-2.0845925726470464e-09,-2.0845925726470464e-09,1.0,0.0,O12^(2)
4,theta,3.4000000000000004,0.1,I,-2.0845925726470464e-09,-2.0845925726470464e-09,1.0,0.0,O12^(2)
4,theta,3.4000000000000004,0.1,II,-2.0845925726470464e-09,-1.8168665870388384e-09,0.871569154989243,-0.12843084501075697,O12^(2)
4,theta,3.4000000000000004,0.1,III-a,-2.0845925726470464e-09,-2.0845925726470464e-09,1.0,0.0,O12^(2)
4,theta,3.4000000000000004,0.1,III-b,-2.0845925726470464e-09,-2.0866970350349177e-09,1.0010095317499856,0.001009531749985637,O12^(2)
4,theta,3.4250000000000003,0.1,vis,-2.1028543136012545e-09,-2.1028543136012545e-09,1.0,0.0,O12^(2)
4,theta,3.4250000000000003,0.1,I,-2.1028543136012545e-09,-2.1028543136012545e-09,1.0,0.0,O12^(2)
4,theta,3.4250000000000003,0.1,II,-2.1028543136012545e-09,-1.8327829571709301e-09,0.871569154989243,-0.12843084501075697,O12^(2)
4,theta,3.4250000000000003,0.1,III-a,-2.1028543136012545e-09,-2.1028543136012545e-09,1.0,0.0,O12^(2)
4,theta,3.4250000000000003,0.1,III-b,-2.1028543136012545e-09,-2.1049772117964763e-09,1.001009531750008,0.0010095317500080636,O12^(2)
4,theta,3.45,0.1,vis,-2.121655620153579e-09,-2.121655620153579e-09,1.0,0.0,O12^(2)
4,theta,3.45,0.1,I,-2.121655620153579e-09,-2.121655620153579e-09,1.0,0.0,O12^(2)
4,theta,3.45,0.1,II,-2.121655620153579e-09,-1.8491695960354334e-09,0.871569154989243,-0.12843084501075697,O12^(2)
4,theta,3.45,0.1,III-a,-2.121655620153579e-09,-2.121655620153579e-09,1.0,0.0,O12^(2)
4,theta,3.45,0.1,III-b,-2.121655620153579e-09,-2.1237974988647464e-09,1.0010095317500265,0.0010095317500264933,O12^(2)
4,theta,3.475,0.1,vis,-2.1409788057663e-09,-2.1409788057663e-09,1.0,0.0,O12^(2)
4,theta,3.475,0.1,I,-2.1409788057663e-09,-2.1409788057663e-09,1.0,0.0,O12^(2)
4,theta,3.475,0.1,II,-2.1409788057663e-09,-1.8660110885916125e-09,0.871569154989243,-0.12843084501075697,O12^(2)
4,theta,3.475,0.1,III-a,-2.1409788057663e-09,-2.1409788057663e-09,1.0,0.0,O12^(2)
4,theta,3.475,0.1,III-b,-2.1409788057663e-09,-2.143140191846887e-09,1.0010095317500416,0.0010095317500415923,O12^(2)
4,theta,3.5,0.1,vis,-2.1608061839016985e-09,-2.1608061839016985e-09,1.0,0.0,O12^(2)
4,theta,3.5,0.1,I,-2.1608061839016985e-09,-2.1608061839016985e-09,1.0,0.0,O12^(2)
4,theta,3.5,0.1,II,-2.1608061839016985e-09,-1.883292019798734e-09,0.871569154989243,-0.12843084501075697,O12^(2)
4,theta,3.5,0.1,III-a,-2.1608061839016985e-09,-2.1608061839016985e-09,1.0,0.0,O12^(2)
4,theta,3.5,0.1,III-b,-2.1608061839016985e-09,-2.162987586350059e-09,1.0010095317500534,0.0010095317500533607,O12^(2)
4,theta,3.5250000000000004,0.1,vis,-2.181120068022056e-09,-2.181120068022056e-09,1.0,0.0,O12^(2)
4,theta,3.5250000000000004,0.1,I,-2.181120068022056e-09,-2.181120068022056e-09,1.0,0.0,O12^(2)
4,theta,3.5250000000000004,0.1,II,-2.181120068022056e-09,-1.900996974616064e-09,0.871569154989243,-0.12843084501075697,O12^(2)
4,theta,3.5250000000000004,0.1,III-a,-2.181120068022056e-09,-2.181120068022056e-09,1.0,0.0,O12^(2)
4,theta,3.5250000000000004,0.1,III-b,-2.181120068022056e-09,-2.183321977981423e-09,1.0010095317500625,0.0010095317500624645,O12^(2)
4,theta,3.5500000000000003,0.1,vis,-2.201902771589651e-09,-2.201902771589651e-09,1.0,0.0,O12^(2)
4,theta,3.5500000000000003,0.1,I,-2.201902771589651e-09,-2.201902771589651e-09,1.0,0.0,O12^(2)
4,theta,3.5500000000000003,0.1,II,-2.201902771589651e-09,-1.9191105380028646e-09,0.871569154989243,-0.12843084501075697,O12^(2)
4,theta,3.5500000000000003,0.1,III-a,-2.201902771589651e-09,-2.201902771589651e-09,1.0,0.0,O12^(2)
4,theta,3.5500000000000003,0.1,III-b,-2.201902771589651e-09,-2.204125662348136e-09,1.0010095317500691,0.0010095317500691259,O12^(2)
4,theta,3.575,0.1,vis,-2.2231366080667654e-09,-2.2231366080667654e-09,1.0,0.0,O12^(2)
4,theta,3.575,0.1,I,-2.2231366080667654e-09,-2.2231366080667654e-09,1.0,0.0,O12^(2)
4,theta,3.575,0.1,II,-2.2231366080667654e-09,-1.9376172949184026e-09,0.871569154989243,-0.12843084501075697,O12^(2)
4,theta,3.575,0.1,III-a,-2.2231366080667654e-09,-2.2231366080667654e-09,1.0,0.0,O12^(2)
4,theta,3.575,0.1,III-b,-2.2231366080667654e-09,-2.22538093505736e-09,1.0010095317500738,0.0010095317500737888,O12^(2)
4,theta,3.6,0.1,vis,-2.244803890915679e-09,-2.244803890915679e-09,1.0,0.0,O12^(2)
4,theta,3.6,0.1,I,-2.244803890915679e-09,-2.244803890915679e-09,1.0,0.0,O12^(2)
4,theta,3.6,0.1,II,-2.244803890915679e-09,-1.9565018303219433e-09,0.871569154989243,-0.12843084501075697,O12^(2)
4,theta,3.6,0.1,III-a,-2.244803890915679e-09,-2.244803890915679e-09,1.0,0.0,O12^(2)
4,theta,3.6,0.1,III-b,-2.244803890915679e-09,-2.2470700917162537e-09,1.0010095317500765,0.0010095317500764533,O12^(2)
4,theta,3.625,0.1,vis,-2.2668869335986724e-09,-2.2668869335986724e-09,1.0,0.0,O12^(2)
4,theta,3.625,0.1,I,-2.2668869335986724e-09,-2.2668869335986724e-09,1.0,0.0,O12^(2)
4,theta,3.625,0.1,II,-2.2668869335986724e-09,-1.975748729172751e-09,0.871569154989243,-0.12843084501075697,O12^(2)
4,theta,3.625,0.1,III-a,-2.2668869335986724e-09,-2.2668869335986724e-09,1.0,0.0,O12^(2)
4,theta,3.625,0.1,III-b,-2.2668869335986724e-09,-2.2691754279319748e-09,1.001009531750077,0.0010095317500768974,O12^(2)
4,theta,3.6500000000000004,0.1,vis,-2.289368049578027e-09,-2.289368049578027e-09,1.0,0.0,O12^(2)
4,theta,3.6500000000000004,0.1,I,-2.289368049578027e-09,-2.289368049578027e-09,1.0,0.0,O12^(2)
4,theta,3.6500000000000004,0.1,II,-2.289368049578027e-09,-1.9953425764300926e-09,0.871569154989243,-0.12843084501075697,O12^(2)
4,theta,3.6500000000000004,0.1,III-a,-2.289368049578027e-09,-2.289368049578027e-09,1.0,0.0,O12^(2)
4,theta,3.6500000000000004,0.1,III-b,-2.289368049578027e-09,-2.291679239311688e-09,1.0010095317500771,0.0010095317500771195,O12^(2)
4,theta,3.6750000000000003,0.1,vis,-2.312229552316022e-09,-2.312229552316022e-09,1.0,0.0,O12^(2)
4,theta,3.6750000000000003,0.1,I,-2.312229552316022e-09,-2.312229552316022e-09,1.0,0.0,O12^(2)
4,theta,3.6750000000000003,0.1,II,-2.312229552316022e-09,-2.015267957053231e-09,0.871569154989243,-0.12843084501075697,O12^(2)
4,theta,3.6750000000000003,0.1,III-a,-2.312229552316022e-09,-2.312229552316022e-09,1.0,0.0,O12^(2)
4,theta,3.6750000000000003,0.1,III-b,-2.312229552316022e-09,-2.314563821462548e-09,1.0010095317500756,0.0010095317500755652,O12^(2)
4,theta,3.7,0.1,vis,-2.335453755274939e-09,-2.335453755274939e-09,1.0,0.0,O12^(2)
4,theta,3.7,0.1,I,-2.335453755274939e-09,-2.335453755274939e-09,1.0,0.0,O12^(2)
4,theta,3.7,0.1,II,-2.335453755274939e-09,-2.0355094560014327e-09,0.871569154989243,-0.12843084501075697,O12^(2)
4,theta,3.7,0.1,III-a,-2.335453755274939e-09,-2.335453755274939e-09,1.0,0.0,O12^(2)
4,theta,3.7,0.1,III-b,-2.335453755274939e-09,-2.3378114699917153e-09,1.0010095317500727,0.0010095317500726786,O12^(2)
4,theta,3.725,0.1,vis,-2.3590229719170574e-09,-2.3590229719170574e-09,1.0,0.0,O12^(2)
4,theta,3.725,0.1,I,-2.3590229719170574e-09,-2.3590229719170574e-09,1.0,0.0,O12^(2)
4,theta,3.725,0.1,II,-2.3590229719170574e-09,-2.0560516582339625e-09,0.871569154989243,-0.12843084501075697,O12^(2)
4,theta,3.725,0.1,III-a,-2.3590229719170574e-09,-2.3590229719170574e-09,1.0,0.0,O12^(2)
4,theta,3.725,0.1,III-b,-2.3590229719170574e-09,-2.3614044805063498e-09,1.001009531750069,0.0010095317500689038,O12^(2)
4,theta,3.75,0.1,vis,-2.3829195157046585e-09,-2.3829195157046585e-09,1.0,0.0,O12^(2)
4,theta,3.75,0.1,I,-2.3829195157046585e-09,-2.3829195157046585e-09,1.0,0.0,O12^(2)
4,theta,3.75,0.1,II,-2.3829195157046585e-09,-2.0768791487100856e-09,0.871569154989243,-0.12843084501075697,O12^(2)
4,theta,3.75,0.1,III-a,-2.3829195157046585e-09,-2.3829195157046585e-09,1.0,0.0,O12^(2)
4,theta,3.75,0.1,III-b,-2.3829195157046585e-09,-2.3853251486136107e-09,1.0010095317500645,0.001009531750064463,O12^(2)
4,theta,3.7750000000000004,0.1,vis,-2.407125700100024e-09,-2.407125700100024e-09,1.0,0.0,O12^(2)
4,theta,3.7750000000000004,0.1,I,-2.407125700100024e-09,-2.407125700100024e-09,1.0,0.0,O12^(2)
4,theta,3.7750000000000004,0.1,II,-2.407125700100024e-09,-2.0979765123890678e-09,0.871569154989243,-0.12843084501075697,O12^(2)
4,theta,3.7750000000000004,0.1,III-a,-2.407125700100024e-09,-2.407125700100024e-09,1.0,0.0,O12^(2)
4,theta,3.7750000000000004,0.1,III-b,-2.407125700100024e-09,-2.409555769920658e-09,1.0010095317500591,0.0010095317500591339,O12^(2)
4,theta,3.8000000000000003,0.1,vis,-2.4316238385654315e-09,-2.4316238385654315e-09,1.0,0.0,O12^(2)
4,theta,3.8000000000000003,0.1,I,-2.4316238385654315e-09,-2.4316238385654315e-09,1.0,0.0,O12^(2)
4,theta,3.8000000000000003,0.1,II,-2.4316238385654315e-09,-2.1193283342301725e-09,0.871569154989243,-0.12843084501075697,O12^(2)
4,theta,3.8000000000000003,0.1,III-a,-2.4316238385654315e-09,-2.4316238385654315e-09,1.0,0.0,O12^(2)
4,theta,3.8000000000000003,0.1,III-b,-2.4316238385654315e-09,-2.4340786400346494e-09,1.0010095317500531,0.0010095317500531387,O12^(2)
4,theta,3.825,0.1,vis,-2.456396244563164e-09,-2.456396244563164e-09,1.0,0.0,O12^(2)
4,theta,3.825,0.1,I,-2.456396244563164e-09,-2.456396244563164e-09,1.0,0.0,O12^(2)
4,theta,3.825,0.1,II,-2.456396244563164e-09,-2.1409191991926666e-09,0.871569154989243,-0.12843084501075697,O12^(2)
4,theta,3.825,0.1,III-a,-2.456396244563164e-09,-2.456396244563164e-09,1.0,0.0,O12^(2)
4,theta,3.825,0.1,III-b,-2.456396244563164e-09,-2.4588760545627457e-09,1.0010095317500467,0.0010095317500466994,O12^(2)
4,theta,3.85,0.1,vis,-2.4814252315555006e-09,-2.4814252315555006e-09,1.0,0.0,O12^(2)
4,theta,3.85,0.1,I,-2.4814252315555006e-09,-2.4814252315555006e-09,1.0,0.0,O12^(2)
4,theta,3.85,0.1,II,-2.4814252315555006e-09,-2.1627336922358143e-09,0.871569154989243,-0.12843084501075697,O12^(2)
4,theta,3.85,0.1,III-a,-2.4814252315555006e-09,-2.4814252315555006e-09,1.0,0.0,O12^(2)
4,theta,3.85,0.1,III-b,-2.4814252315555006e-09,-2.4839303091121052e-09,1.0010095317500396,0.001009531750039594,O12^(2)
4,theta,3.875,0.1,vis,-2.5066931130047226e-09,-2.5066931130047226e-09,1.0,0.0,O12^(2)
4,theta,3.875,0.1,I,-2.5066931130047226e-09,-2.5066931130047226e-09,1.0,0.0,O12^(2)
4,theta,3.875,0.1,II,-2.5066931130047226e-09,-2.184756398318881e-09,0.871569154989243,-0.12843084501075697,O12^(2)
4,theta,3.875,0.1,III-a,-2.5066931130047226e-09,-2.5066931130047226e-09,1.0,0.0,O12^(2)
4,theta,3.875,0.1,III-b,-2.5066931130047226e-09,-2.509223699289888e-09,1.0010095317500323,0.0010095317500322665,O12^(2)
4,theta,3.9000000000000004,0.1,vis,-2.53218220237311e-09,-2.53218220237311e-09,1.0,0.0,O12^(2)
4,theta,3.9000000000000004,0.1,I,-2.53218220237311e-09,-2.53218220237311e-09,1.0,0.0,O12^(2)
4,theta,3.9000000000000004,0.1,II,-2.53218220237311e-09,-2.206971902401132e-09,0.871569154989243,-0.12843084501075697,O12^(2)
4,theta,3.9000000000000004,0.1,III-a,-2.53218220237311e-09,-2.53218220237311e-09,1.0,0.0,O12^(2)
4,theta,3.9000000000000004,0.1,III-b,-2.53218220237311e-09,-2.534738520703253e-09,1.0010095317500247,0.001009531750024717,O12^(2)
4,theta,3.9250000000000003,0.1,vis,-2.557874813122944e-09,-2.557874813122944e-09,1.0,0.0,O12^(2)
4,theta,3.9250000000000003,0.1,I,-2.557874813122944e-09,-2.557874813122944e-09,1.0,0.0,O12^(2)
4,theta,3.9250000000000003,0.1,II,-2.557874813122944e-09,-2.229364789441832e-09,0.871569154989243,-0.12843084501075697,O12^(2)
4,theta,3.9250000000000003,0.1,III-a,-2.557874813122944e-09,-2.557874813122944e-09,1.0,0.0,O12^(2)
4,theta,3.9250000000000003,0.1,III-b,-2.557874813122944e-09,-2.5604570689593593e-09,1.0010095317500165,0.0010095317500165013,O12^(2)
4,theta,3.95,0.1,vis,-2.5837532587165047e-09,-2.5837532587165047e-09,1.0,0.0,O12^(2)
4,theta,3.95,0.1,I,-2.5837532587165047e-09,-2.5837532587165047e-09,1.0,0.0,O12^(2)
4,theta,3.95,0.1,II,-2.5837532587165047e-09,-2.251919644400247e-09,0.871569154989243,-0.12843084501075697,O12^(2)
4,theta,3.95,0.1,III-a,-2.5837532587165047e-09,-2.5837532587165047e-09,1.0,0.0,O12^(2)
4,theta,3.95,0.1,III-b,-2.5837532587165047e-09,-2.5863616396653666e-09,1.0010095317500083,0.0010095317500082857,O12^(2)
4,theta,3.975,0.1,vis,-2.609799852616072e-09,-2.609799852616072e-09,1.0,0.0,O12^(2)
4,theta,3.975,0.1,I,-2.609799852616072e-09,-2.609799852616072e-09,1.0,0.0,O12^(2)
4,theta,3.975,0.1,II,-2.609799852616072e-09,-2.274621052235641e-09,0.871569154989243,-0.12843084501075697,O12^(2)
4,theta,3.975,0.1,III-a,-2.609799852616072e-09,-2.609799852616072e-09,1.0,0.0,O12^(2)
4,theta,3.975,0.1,III-b,-2.609799852616072e-09,-2.612434528428433e-09,1.0010095317499998,0.001009531749999848,O12^(2)
4,theta,4.0,0.1,vis,-2.6359969082839275e-09,-2.6359969082839275e-09,1.0,0.0,O12^(2)
4,theta,4.0,0.1,I,-2.6359969082839275e-09,-2.6359969082839275e-09,1.0,0.0,O12^(2)
4,theta,4.0,0.1,II,-2.6359969082839275e-09,-2.29745359790728e-09,0.871569154989243,-0.12843084501075697,O12^(2)
4,theta,4.0,0.1,III-a,-2.6359969082839275e-09,-2.6359969082839275e-09,1.0,0.0,O12^(2)
4,theta,4.0,0.1,III-b,-2.6359969082839275e-09,-2.6386580308557185e-09,1.0010095317499912,0.0010095317499911882,O12^(2)
4,z,1.0,0.1,vis,-4.180060872854133e-06,-4.180060872854133e-06,1.0,0.0,O12^(2)
4,z,1.0,0.1,I,-4.180060872854133e-06,-4.180060872854133e-06,1.0,0.0,O12^(2)
4,z,1.0,0.1,II,-4.180060872854133e-06,-3.6432121227570745e-06,0.871569154989243,-0.12843084501075697,O12^(2)
4,z,1.0,0.1,III-a,-4.180060872854133e-06,-4.180060872854133e-06,1.0,0.0,O12^(2)
4,z,1.0,0.1,III-b,-4.180060872854133e-06,-4.1842783162840775e-06,1.0010089430652394,0.0010089430652393538,O12^(2)
4,z,1.025,0.1,vis,-3.8764235415044035e-06,-3.8764235415044035e-06,1.0,0.0,O12^(2)
4,z,1.025,0.1,I,-3.8764235415044035e-06,-3.8764235415044035e-06,1.0,0.0,O12^(2)
4,z,1.025,0.1,II,-3.8764235415044035e-06,-3.378571190449402e-06,0.871569154989243,-0.12843084501075697,O12^(2)
4,z,1.025,0.1,III-a,-3.8764235415044035e-06,-3.8764235415044035e-06,1.0,0.0,O12^(2)
4,z,1.025,0.1,III-b,-3.8764235415044035e-06,-3.880334776359989e-06,1.001008980265884,0.0010089802658839186,O12^(2)
4,z,1.05,0.1,vis,-3.57465956941042e-06,-3.57465956941042e-06,1.0,0.0,O12^(2)
4,z,1.05,0.1,I,-3.57465956941042e-06,-3.57465956941042e-06,1.0,0.0,O12^(2)
4,z,1.05,0.1,II,-3.57465956941042e-06,-3.115563020285251e-06,0.871569154989243,-0.12843084501075697,O12^(2)
4,z,1.05,0.1,III-a,-3.57465956941042e-06,-3.57465956941042e-06,1.0,0.0,O12^(2)
4,z,1.05,0.1,III-b,-3.57465956941042e-06,-3.578266455120237e-06,1.0010090151634807,0.001009015163480731,O12^(2)
4,z,1.075,0.1,vis,-3.27619994102334e-06,-3.27619994102334e-06,1.0,0.0,O12^(2)
4,z,1.075,0.1,I,-3.27619994102334e-06,-3.27619994102334e-06,1.0,0.0,O12^(2)
4,z,1.075,0.1,II,-3.27619994102334e-06,-2.8554348141735203e-06,0.871569154989243,-0.12843084501075697,O12^(2)
4,z,1.075,0.1,III-a,-3.27619994102334e-06,-3.27619994102334e-06,1.0,0.0,O12^(2)
4,z,1.075,0.1,III-b,-3.27619994102334e-06,-3.2795057833463382e-06,1.0010090477939406,0.0010090477939406206,O12^(2)
4,z,1.1,0.1,vis,-2.9824756407943094e-06,-2.9824756407943094e-06,1.0,0.0,O12^(2)
4,z,1.1,0.1,I,-2.9824756407943094e-06,-2.9824756407943094e-06,1.0,0.0,O12^(2)
4,z,1.1,0.1,II,-2.9824756407943094e-06,-2.5994337740230973e-06,0.871569154989243,-0.12843084501075697,O12^(2)
4,z,1.1,0.1,III-a,-2.9824756407943094e-06,-2.9824756407943094e-06,1.0,0.0,O12^(2)
4,z,1.1,0.1,III-b,-2.9824756407943094e-06,-2.9854851923734485e-06,1.001009078343499,0.0010090783434990591,O12^(2)
4,z,1.125,0.1,vis,-2.6949176531744822e-06,-2.6949176531744822e-06,1.0,0.0,O12^(2)
4,z,1.125,0.1,I,-2.6949176531744822e-06,-2.6949176531744822e-06,1.0,0.0,O12^(2)
4,z,1.125,0.1,II,-2.6949176531744822e-06,-2.3488071017428772e-06,0.871569154989243,-0.12843084501075697,O12^(2)
4,z,1.125,0.1,III-a,-2.6949176531744822e-06,-2.6949176531744822e-06,1.0,0.0,O12^(2)
4,z,1.125,0.1,III-b,-2.6949176531744822e-06,-2.6976371132873344e-06,1.0010091069423397,0.0010091069423396881,O12^(2)
4,z,1.15,0.1,vis,-2.414956962615007e-06,-2.414956962615007e-06,1.0,0.0,O12^(2)
4,z,1.15,0.1,I,-2.414956962615007e-06,-2.414956962615007e-06,1.0,0.0,O12^(2)
4,z,1.15,0.1,II,-2.414956962615007e-06,-2.1048019992417507e-06,0.871569154989243,-0.12843084501075697,O12^(2)
4,z,1.15,0.1,III-a,-2.414956962615007e-06,-2.414956962615007e-06,1.0,0.0,O12^(2)
4,z,1.15,0.1,III-b,-2.414956962615007e-06,-2.4173939771188256e-06,1.001009133720205,0.0010091337202049466,O12^(2)
4,z,1.175,0.1,vis,-2.1440245535670315e-06,-2.1440245535670315e-06,1.0,0.0,O12^(2)
4,z,1.175,0.1,I,-2.1440245535670315e-06,-2.1440245535670315e-06,1.0,0.0,O12^(2)
4,z,1.175,0.1,II,-2.1440245535670315e-06,-1.8686656684286067e-06,0.871569154989243,-0.12843084501075697,O12^(2)
4,z,1.175,0.1,III-a,-2.1440245535670315e-06,-2.1440245535670315e-06,1.0,0.0,O12^(2)
4,z,1.175,0.1,III-b,-2.1440245535670315e-06,-2.1461882147930356e-06,1.0010091587908376,0.0010091587908376276,O12^(2)
4,z,1.2,0.1,vis,-1.8835514104817112e-06,-1.8835514104817112e-06,1.0,0.0,O12^(2)
4,z,1.2,0.1,I,-1.8835514104817112e-06,-1.8835514104817112e-06,1.0,0.0,O12^(2)
4,z,1.2,0.1,II,-1.8835514104817112e-06,-1.6416453112123419e-06,0.871569154989243,-0.12843084501075697,O12^(2)
4,z,1.2,0.1,III-a,-1.8835514104817112e-06,-1.8835514104817112e-06,1.0,0.0,O12^(2)
4,z,1.2,0.1,III-b,-1.8835514104817112e-06,-1.8854522571652738e-06,1.0010091822675955,0.0010091822675954987,O12^(2)
4,z,1.225,0.1,vis,-1.6349685178101926e-06,-1.6349685178101926e-06,1.0,0.0,O12^(2)
4,z,1.225,0.1,I,-1.6349685178101926e-06,-1.6349685178101926e-06,1.0,0.0,O12^(2)
4,z,1.225,0.1,II,-1.6349685178101926e-06,-1.4249881295018447e-06,0.871569154989243,-0.12843084501075697,O12^(2)
4,z,1.225,0.1,III-a,-1.6349685178101926e-06,-1.6349685178101926e-06,1.0,0.0,O12^(2)
4,z,1.225,0.1,III-b,-1.6349685178101926e-06,-1.6366185349867862e-06,1.0010092042498797,0.0010092042498797138,O12^(2)
4,z,1.25,0.1,vis,-1.3997068600036298e-06,-1.3997068600036298e-06,1.0,0.0,O12^(2)
4,z,1.25,0.1,I,-1.3997068600036298e-06,-1.3997068600036298e-06,1.0,0.0,O12^(2)
4,z,1.25,0.1,II,-1.3997068600036298e-06,-1.2199413252060103e-06,0.871569154989243,-0.12843084501075697,O12^(2)
4,z,1.25,0.1,III-a,-1.3997068600036298e-06,-1.3997068600036298e-06,1.0,0.0,O12^(2)
4,z,1.25,0.1,III-b,-1.3997068600036298e-06,-1.4011194789309211e-06,1.0010092248367546,0.0010092248367545853,O12^(2)
4,z,1.275,0.1,vis,-1.179197421513171e-06,-1.179197421513171e-06,1.0,0.0,O12^(2)
4,z,1.275,0.1,I,-1.179197421513171e-06,-1.179197421513171e-06,1.0,0.0,O12^(2)
4,z,1.275,0.1,II,-1.179197421513171e-06,-1.0277521002337288e-06,0.871569154989243,-0.12843084501075697,O12^(2)
4,z,1.275,0.1,III-a,-1.179197421513171e-06,-1.179197421513171e-06,1.0,0.0,O12^(2)
4,z,1.275,0.1,III-b,-1.179197421513171e-06,-1.180387519571383e-06,1.0010092441151073,0.0010092441151072773,O12^(2)
4,z,1.3,0.1,vis,-9.748711867899654e-07,-9.748711867899654e-07,1.0,0.0,O12^(2)
4,z,1.3,0.1,I,-9.748711867899654e-07,-9.748711867899654e-07,1.0,0.0,O12^(2)
4,z,1.3,0.1,II,-9.748711867899654e-07,-8.496676564938907e-07,0.871569154989243,-0.12843084501075697,O12^(2)
4,z,1.3,0.1,III-a,-9.748711867899654e-07,-9.748711867899654e-07,1.0,0.0,O12^(2)
4,z,1.3,0.1,III-b,-9.748711867899654e-07,-9.758550874009084e-07,1.0010092621715314,0.001009262171531411,O12^(2)
4,z,1.325,0.1,vis,-7.881591402851673e-07,-7.881591402851673e-07,1.0,0.0,O12^(2)
4,z,1.325,0.1,I,-7.881591402851673e-07,-7.881591402851673e-07,1.0,0.0,O12^(2)
4,z,1.325,0.1,II,-7.881591402851673e-07,-6.869351958953916e-07,0.871569154989243,-0.12843084501075697,O12^(2)
4,z,1.325,0.1,III-a,-7.881591402851673e-07,-7.881591402851673e-07,1.0,0.0,O12^(2)
4,z,1.325,0.1,III-b,-7.881591402851673e-07,-7.889546128187386e-07,1.0010092790819929,0.0010092790819928865,O12^(2)
4,z,1.35,0.1,vis,-6.204922664499228e-07,-6.204922664499228e-07,1.0,0.0,O12^(2)
4,z,1.35,0.1,I,-6.204922664499228e-07,-6.204922664499228e-07,1.0,0.0,O12^(2)
4,z,1.35,0.1,II,-6.204922664499228e-07,-5.408019203471195e-07,0.871569154989243,-0.12843084501075697,O12^(2)
4,z,1.35,0.1,III-a,-6.204922664499228e-07,-6.204922664499228e-07,1.0,0.0,O12^(2)
4,z,1.35,0.1,III-b,-6.204922664499228e-07,-6.211185261437163e-07,1.001009294922202,0.0010092949222020309,O12^(2)
4,z,1.375,0.1,vis,-4.733015497353857e-07,-4.733015497353857e-07,1.0,0.0,O12^(2)
4,z,1.375,0.1,I,-4.733015497353857e-07,-4.733015497353857e-07,1.0,0.0,O12^(2)
4,z,1.375,0.1,II,-4.733015497353857e-07,-4.125150317579693e-07,0.871569154989243,-0.12843084501075697,O12^(2)
4,z,1.375,0.1,III-a,-4.733015497353857e-07,-4.733015497353857e-07,1.0,0.0,O12^(2)
4,z,1.375,0.1,III-b,-4.733015497353857e-07,-4.737792576082898e-07,1.0010093097585908,0.001009309758590815,O12^(2)
4,z,1.4,0.1,vis,-3.480179745927063e-07,-3.480179745927063e-07,1.0,0.0,O12^(2)
4,z,1.4,0.1,I,-3.480179745927063e-07,-3.480179745927063e-07,1.0,0.0,O12^(2)
4,z,1.4,0.1,II,-3.480179745927063e-07,-3.033217320368329e-07,0.871569154989243,-0.12843084501075697,O12^(2)
4,z,1.4,0.1,III-a,-3.480179745927063e-07,-3.480179745927063e-07,1.0,0.0,O12^(2)
4,z,1.4,0.1,III-b,-3.480179745927063e-07,-3.483692373676528e-07,1.0010093236573703,0.0010093236573702757,O12^(2)
4,z,1.425,0.1,vis,-2.4607252547303204e-07,-2.4607252547303204e-07,1.0,0.0,O12^(2)
4,z,1.425,0.1,I,-2.4607252547303204e-07,-2.4607252547303204e-07,1.0,0.0,O12^(2)
4,z,1.425,0.1,II,-2.4607252547303204e-07,-2.1446922309259952e-07,0.871569154989243,-0.12843084501075697,O12^(2)
4,z,1.425,0.1,III-a,-2.4607252547303204e-07,-2.4607252547303204e-07,1.0,0.0,O12^(2)
4,z,1.425,0.1,III-b,-2.4607252547303204e-07,-2.4632089549810753e-07,1.0010093366766486,0.0010093366766485978,O12^(2)
4,z,1.45,0.1,vis,-1.6889618682751743e-07,-1.6889618682751743e-07,1.0,0.0,O12^(2)
4,z,1.45,0.1,I,-1.6889618682751743e-07,-1.6889618682751743e-07,1.0,0.0,O12^(2)
4,z,1.45,0.1,II,-1.6889618682751743e-07,-1.4720470683416468e-07,0.871569154989243,-0.12843084501075697,O12^(2)
4,z,1.45,0.1,III-a,-1.6889618682751743e-07,-1.6889618682751743e-07,1.0,0.0,O12^(2)
4,z,1.45,0.1,III-b,-1.6889618682751743e-07,-1.6906666200357242e-07,1.001009348874342,0.0010093488743418977,O12^(2)
4,z,1.475,0.1,vis,-1.1791994310730954e-07,-1.1791994310730954e-07,1.0,0.0,O12^(2)
4,z,1.475,0.1,I,-1.1791994310730954e-07,-1.1791994310730954e-07,1.0,0.0,O12^(2)
4,z,1.475,0.1,II,-1.1791994310730954e-07,-1.0277538517041739e-07,0.871569154989243,-0.12843084501075697,O12^(2)
4,z,1.475,0.1,III-a,-1.1791994310730954e-07,-1.1791994310730954e-07,1.0,0.0,O12^(2)
4,z,1.475,0.1,III-b,-1.1791994310730954e-07,-1.1803896681661239e-07,1.0010093603012897,0.00100936030128973,O12^(2)
4,z,1.5,0.1,vis,-9.457477876356177e-08,-9.457477876356177e-08,1.0,0.0,O12^(2)
4,z,1.5,0.1,I,-9.457477876356177e-08,-9.457477876356177e-08,1.0,0.0,O12^(2)
4,z,1.5,0.1,II,-9.457477876356177e-08,-8.242846001025213e-08,0.871569154989243,-0.12843084501075697,O12^(2)
4,z,1.5,0.1,III-a,-9.457477876356177e-08,-9.457477876356177e-08,1.0,0.0,O12^(2)
4,z,1.5,0.1,III-b,-9.457477876356177e-08,-9.467023980334932e-08,1.001009371008165,0.0010093710081648943,O12^(2)
4,z,1.525,0.1,vis,-8.574268795111283e-08,-8.574268795111283e-08,1.0,0.0,O12^(2)
4,z,1.525,0.1,I,-8.574268795111283e-08,-8.574268795111283e-08,1.0,0.0,O12^(2)
4,z,1.525,0.1,II,-8.574268795111283e-08,-7.473068208405776e-08,0.871569154989243,-0.12843084501075697,O12^(2)
4,z,1.525,0.1,III-a,-8.574268795111283e-08,-8.574268795111283e-08,1.0,0.0,O12^(2)
4,z,1.525,0.1,III-b,-8.574268795111283e-08,-8.582923499460275e-08,1.001009381039457,0.0010093810394569136,O12^(2)
4,z,1.55,0.1,vis,-7.735181169097315e-08,-7.735181169097315e-08,1.0,0.0,O12^(2)
4,z,1.55,0.1,I,-7.735181169097315e-08,-7.735181169097315e-08,1.0,0.0,O12^(2)
4,z,1.55,0.1,II,-7.735181169097315e-08,-6.741745315238852e-08,0.871569154989243,-0.12843084501075697,O12^(2)
4,z,1.55,0.1,III-a,-7.735181169097315e-08,-7.735181169097315e-08,1.0,0.0,O12^(2)
4,z,1.55,0.1,III-b,-7.735181169097315e-08,-7.742988987017293e-08,1.0010093904395116,0.0010093904395116482,O12^(2)
4,z,1.5750000000000002,0.1,vis,-6.940235473354701e-08,-6.940235473354701e-08,1.0,0.0,O12^(2)
4,z,1.5750000000000002,0.1,I,-6.940235473354701e-08,-6.940235473354701e-08,1.0,0.0,O12^(2)
4,z,1.5750000000000002,0.1,II,-6.940235473354701e-08,-6.048895166938126e-08,0.871569154989243,-0.12843084501075697,O12^(2)
4,z,1.5750000000000002,0.1,III-a,-6.940235473354701e-08,-6.940235473354701e-08,1.0,0.0,O12^(2)
4,z,1.5750000000000002,0.1,III-b,-6.940235473354701e-08,-6.947240941817388e-08,1.0010093992472708,0.0010093992472708369,O12^(2)
4,z,1.6,0.1,vis,-6.189452182923855e-08,-6.189452182923855e-08,1.0,0.0,O12^(2)
4,z,1.6,0.1,I,-6.189452182923855e-08,-6.189452182923855e-08,1.0,0.0,O12^(2)
4,z,1.6,0.1,II,-6.189452182923855e-08,-5.39453560891727e-08,0.871569154989243,-0.12843084501075697,O12^(2)
4,z,1.6,0.1,III-a,-6.189452182923855e-08,-6.189452182923855e-08,1.0,0.0,O12^(2)
4,z,1.6,0.1,III-b,-6.189452182923855e-08,-6.195699862387797e-08,1.001009407501552,0.0010094075015520954,O12^(2)
4,z,1.625,0.1,vis,-5.48285177284519e-08,-5.48285177284519e-08,1.0,0.0,O12^(2)
4,z,1.625,0.1,I,-5.48285177284519e-08,-5.48285177284519e-08,1.0,0.0,O12^(2)
4,z,1.625,0.1,II,-5.48285177284519e-08,-4.7786844865899554e-08,0.871569154989243,-0.12843084501075697,O12^(2)
4,z,1.625,0.1,III-a,-5.48285177284519e-08,-5.48285177284519e-08,1.0,0.0,O12^(2)
4,z,1.625,0.1,III-b,-5.48285177284519e-08,-5.488386246963891e-08,1.001009415236449,0.0010094152364490405,O12^(2)
4,z,1.65,0.1,vis,-4.8204547181591196e-08,-4.8204547181591196e-08,1.0,0.0,O12^(2)
4,z,1.65,0.1,I,-4.8204547181591196e-08,-4.8204547181591196e-08,1.0,0.0,O12^(2)
4,z,1.65,0.1,II,-4.8204547181591196e-08,-4.201359645369854e-08,0.871569154989243,-0.12843084501075697,O12^(2)
4,z,1.65,0.1,III-a,-4.8204547181591196e-08,-4.8204547181591196e-08,1.0,0.0,O12^(2)
4,z,1.65,0.1,III-b,-4.8204547181591196e-08,-4.8253205935441235e-08,1.001009422485948,0.0010094224859480416,O12^(2)
4,z,1.675,0.1,vis,-4.202281493906053e-08,-4.202281493906053e-08,1.0,0.0,O12^(2)
4,z,1.675,0.1,I,-4.202281493906053e-08,-4.202281493906053e-08,1.0,0.0,O12^(2)
4,z,1.675,0.1,II,-4.202281493906053e-08,-3.6625789306706324e-08,0.871569154989243,-0.12843084501075697,O12^(2)
4,z,1.675,0.1,III-a,-4.202281493906053e-08,-4.202281493906053e-08,1.0,0.0,O12^(2)
4,z,1.675,0.1,III-b,-4.202281493906053e-08,-4.206523399888404e-08,1.001009429279905,0.0010094292799049942,O12^(2)
4,z,1.7000000000000002,0.1,vis,-3.6283525751264127e-08,-3.6283525751264127e-08,1.0,0.0,O12^(2)
4,z,1.7000000000000002,0.1,I,-3.6283525751264127e-08,-3.6283525751264127e-08,1.0,0.0,O12^(2)
4,z,1.7000000000000002,0.1,II,-3.6283525751264127e-08,-3.1623601879059714e-08,0.871569154989243,-0.12843084501075697,O12^(2)
4,z,1.7000000000000002,0.1,III-a,-3.6283525751264127e-08,-3.6283525751264127e-08,1.0,0.0,O12^(2)
4,z,1.7000000000000002,0.1,III-b,-3.6283525751264127e-08,-3.632015163559559e-08,1.001009435648083,0.0010094356480829791,O12^(2)
4,z,1.725,0.1,vis,-3.098688436860616e-08,-3.098688436860616e-08,1.0,0.0,O12^(2)
4,z,1.725,0.1,I,-3.098688436860616e-08,-3.098688436860616e-08,1.0,0.0,O12^(2)
4,z,1.725,0.1,II,-3.098688436860616e-08,-2.7007212624895456e-08,0.871569154989243,-0.12843084501075697,O12^(2)
4,z,1.725,0.1,III-a,-3.098688436860616e-08,-3.098688436860616e-08,1.0,0.0,O12^(2)
4,z,1.725,0.1,III-b,-3.098688436860616e-08,-3.101816381925761e-08,1.0010094416166324,0.0010094416166324116,O12^(2)
4,z,1.75,0.1,vis,-2.613309554149074e-08,-2.613309554149074e-08,1.0,0.0,O12^(2)
4,z,1.75,0.1,I,-2.613309554149074e-08,-2.613309554149074e-08,1.0,0.0,O12^(2)
4,z,1.75,0.1,II,-2.613309554149074e-08,-2.277679999835024e-08,0.871569154989243,-0.12843084501075697,O12^(2)
4,z,1.75,0.1,III-a,-2.613309554149074e-08,-2.613309554149074e-08,1.0,0.0,O12^(2)
4,z,1.75,0.1,III-b,-2.613309554149074e-08,-2.61594755219162e-08,1.001009447211624,0.0010094472116239928,O12^(2)
4,z,1.775,0.1,vis,-2.172236402032201e-08,-2.172236402032201e-08,1.0,0.0,O12^(2)
4,z,1.775,0.1,I,-2.172236402032201e-08,-2.172236402032201e-08,1.0,0.0,O12^(2)
4,z,1.775,0.1,II,-2.172236402032201e-08,-1.893254245356079e-08,0.871569154989243,-0.12843084501075697,O12^(2)
4,z,1.775,0.1,III-a,-2.172236402032201e-08,-2.172236402032201e-08,1.0,0.0,O12^(2)
4,z,1.775,0.1,III-b,-2.172236402032201e-08,-2.174429171403175e-08,1.0010094524559678,0.0010094524559678408,O12^(2)
4,z,1.8,0.1,vis,-1.7754894555504087e-08,-1.7754894555504087e-08,1.0,0.0,O12^(2)
4,z,1.8,0.1,I,-1.7754894555504087e-08,-1.7754894555504087e-08,1.0,0.0,O12^(2)
4,z,1.8,0.1,II,-1.7754894555504087e-08,-1.5474618444663808e-08,0.871569154989243,-0.12843084501075697,O12^(2)
4,z,1.8,0.1,III-a,-1.7754894555504087e-08,-1.7754894555504087e-08,1.0,0.0,O12^(2)
4,z,1.8,0.1,III-b,-1.7754894555504087e-08,-1.777281736471119e-08,1.001009457372505,0.0010094573725050182,O12^(2)
4,z,1.8250000000000002,0.1,vis,-1.4230891897441187e-08,-1.4230891897441187e-08,1.0,0.0,O12^(2)
4,z,1.8250000000000002,0.1,I,-1.4230891897441187e-08,-1.4230891897441187e-08,1.0,0.0,O12^(2)
4,z,1.8250000000000002,0.1,II,-1.4230891897441187e-08,-1.240320642579608e-08,0.871569154989243,-0.12843084501075697,O12^(2)
4,z,1.8250000000000002,0.1,III-a,-1.4230891897441187e-08,-1.4230891897441187e-08,1.0,0.0,O12^(2)
4,z,1.8250000000000002,0.1,III-b,-1.4230891897441187e-08,-1.424525744177181e-08,1.0010094619813117,0.0010094619813116879,O12^(2)
4,z,1.85,0.1,vis,-1.1150560796537426e-08,-1.1150560796537426e-08,1.0,0.0,O12^(2)
4,z,1.85,0.1,I,-1.1150560796537426e-08,-1.1150560796537426e-08,1.0,0.0,O12^(2)
4,z,1.85,0.1,II,-1.1150560796537426e-08,-9.718484851094305e-09,0.871569154989243,-0.12843084501075697,O12^(2)
4,z,1.85,0.1,III-a,-1.1150560796537426e-08,-1.1150560796537426e-08,1.0,0.0,O12^(2)
4,z,1.85,0.1,III-b,-1.1150560796537426e-08,-1.1161816911914435e-08,1.0010094663024038,0.0010094663024038386,O12^(2)
4,z,1.875,0.1,vis,-8.514106003196984e-09,-8.514106003196984e-09,1.0,0.0,O12^(2)
4,z,1.875,0.1,I,-8.514106003196984e-09,-8.514106003196984e-09,1.0,0.0,O12^(2)
4,z,1.875,0.1,II,-8.514106003196984e-09,-7.420632174695237e-09,0.871569154989243,-0.12843084501075697,O12^(2)
4,z,1.875,0.1,III-a,-8.514106003196984e-09,-8.514106003196984e-09,1.0,0.0,O12^(2)
4,z,1.875,0.1,III-b,-8.514106003196984e-09,-8.522700740792721e-09,1.0010094703533772,0.0010094703533771732,O12^(2)
4,z,1.9,0.1,vis,-6.321732267823985e-09,-6.321732267823985e-09,1.0,0.0,O12^(2)
4,z,1.9,0.1,I,-6.321732267823985e-09,-6.321732267823985e-09,1.0,0.0,O12^(2)
4,z,1.9,0.1,II,-6.321732267823985e-09,-5.509826850735582e-09,0.871569154989243,-0.12843084501075697,O12^(2)
4,z,1.9,0.1,III-a,-6.321732267823985e-09,-6.321732267823985e-09,1.0,0.0,O12^(2)
4,z,1.9,0.1,III-b,-6.321732267823985e-09,-6.328113893142804e-09,1.0010094741517763,0.001009474151776324,O12^(2)
4,z,1.925,0.1,vis,-4.573644340822541e-09,-4.573644340822541e-09,1.0,0.0,O12^(2)
4,z,1.925,0.1,I,-4.573644340822541e-09,-4.573644340822541e-09,1.0,0.0,O12^(2)
4,z,1.925,0.1,II,-4.573644340822541e-09,-3.986247333352036e-09,0.871569154989243,-0.12843084501075697,O12^(2)
4,z,1.925,0.1,III-a,-4.573644340822541e-09,-4.573644340822541e-09,1.0,0.0,O12^(2)
4,z,1.925,0.1,III-b,-4.573644340822541e-09,-4.578261332851912e-09,1.0010094777130265,0.0010094777130265076,O12^(2)
4,z,1.9500000000000002,0.1,vis,-3.2700469725968597e-09,-3.2700469725968597e-09,1.0,0.0,O12^(2)
4,z,1.9500000000000002,0.1,I,-3.2700469725968597e-09,-3.2700469725968597e-09,1.0,0.0,O12^(2)
4,z,1.9500000000000002,0.1,II,-3.2700469725968597e-09,-2.8500720766813775e-09,0.871569154989243,-0.12843084501075697,O12^(2)
4,z,1.9500000000000002,0.1,III-a,-3.2700469725968597e-09,-3.2700469725968597e-09,1.0,0.0,O12^(2)
4,z,1.9500000000000002,0.1,III-b,-3.2700469725968597e-09,-3.2733480230565113e-09,1.0010094810525092,0.001009481052509198,O12^(2)
4,z,1.975,0.1,vis,-2.4111449135510638e-09,-2.4111449135510638e-09,1.0,0.0,O12^(2)
4,z,1.975,0.1,I,-2.4111449135510638e-09,-2.4111449135510638e-09,1.0,0.0,O12^(2)
4,z,1.975,0.1,II,-2.4111449135510638e-09,-2.101479534860312e-09,0.871569154989243,-0.12843084501075697,O12^(2)
4,z,1.975,0.1,III-a,-2.4111449135510638e-09,-2.4111449135510638e-09,1.0,0.0,O12^(2)
4,z,1.975,0.1,III-b,-2.4111449135510638e-09,-2.4135789262060222e-09,1.0010094841837498,0.001009484183749798,O12^(2)
4,z,2.0,0.1,vis,-1.997142914089345e-09,-1.997142914089345e-09,1.0,0.0,O12^(2)
4,z,2.0,0.1,I,-1.997142914089345e-09,-1.997142914089345e-09,1.0,0.0,O12^(2)
4,z,2.0,0.1,II,-1.997142914089345e-09,-1.740648162025605e-09,0.871569154989243,-0.12843084501075697,O12^(2)
4,z,2.0,0.1,III-a,-1.997142914089345e-09,-1.997142914089345e-09,1.0,0.0,O12^(2)
4,z,2.0,0.1,III-b,-1.997142914089345e-09,-1.9991590041383884e-09,1.0010094871202357,0.0010094871202357414,O12^(2)
4,z,2.0250000000000004,0.1,vis,-1.8103434550384986e-09,-1.8103434550384986e-09,1.0,0.0,O12^(2)
4,z,2.0250000000000004,0.1,I,-1.8103434550384986e-09,-1.8103434550384986e-09,1.0,0.0,O12^(2)
4,z,2.0250000000000004,0.1,II,-1.8103434550384986e-09,-1.577839515348211e-09,0.871569154989243,-0.12843084501075697,O12^(2)
4,z,2.0250000000000004,0.1,III-a,-1.8103434550384986e-09,-1.8103434550384986e-09,1.0,0.0,O12^(2)
4,z,2.0250000000000004,0.1,III-b,-1.8103434550384986e-09,-1.812170978424514e-09,1.0010094898738298,0.0010094898738297609,O12^(2)
4,z,2.05,0.1,vis,-1.6329128805448168e-09,-1.6329128805448168e-09,1.0,0.0,O12^(2)
4,z,2.05,0.1,I,-1.6329128805448168e-09,-1.6329128805448168e-09,1.0,0.0,O12^(2)
4,z,2.05,0.1,II,-1.6329128805448168e-09,-1.4231964994674968e-09,0.871569154989243,-0.12843084501075697,O12^(2)
4,z,2.05,0.1,III-a,-1.6329128805448168e-09,-1.6329128805448168e-09,1.0,0.0,O12^(2)
4,z,2.05,0.1,III-b,-1.6329128805448168e-09,-1.6345612937796208e-09,1.0010094924563606,0.0010094924563606167,O12^(2)
4,z,2.075,0.1,vis,-1.464851735991545e-09,-1.464851735991545e-09,1.0,0.0,O12^(2)
4,z,2.075,0.1,I,-1.464851735991545e-09,-1.464851735991545e-09,1.0,0.0,O12^(2)
4,z,2.075,0.1,II,-1.464851735991545e-09,-1.2767195897226767e-09,0.871569154989243,-0.12843084501075697,O12^(2)
4,z,2.075,0.1,III-a,-1.464851735991545e-09,-1.464851735991545e-09,1.0,0.0,O12^(2)
4,z,2.075,0.1,III-b,-1.464851735991545e-09,-1.466330496316401e-09,1.0010094948782342,0.0010094948782342072,O12^(2)
4,z,2.1,0.1,vis,-1.3061605667619504e-09,-1.3061605667619504e-09,1.0,0.0,O12^(2)
4,z,2.1,0.1,I,-1.3061605667619504e-09,-1.3061605667619504e-09,1.0,0.0,O12^(2)
4,z,2.1,0.1,II,-1.3061605667619504e-09,-1.138409261452984e-09,0.871569154989243,-0.12843084501075697,O12^(2)
4,z,2.1,0.1,III-a,-1.3061605667619504e-09,-1.3061605667619504e-09,1.0,0.0,O12^(2)
4,z,2.1,0.1,III-b,-1.3061605667619504e-09,-1.3074791321313142e-09,1.0010094971498278,0.0010094971498277872,O12^(2)
4,z,2.125,0.1,vis,-1.1568399182392894e-09,-1.1568399182392894e-09,1.0,0.0,O12^(2)
4,z,2.125,0.1,I,-1.1568399182392894e-09,-1.1568399182392894e-09,1.0,0.0,O12^(2)
4,z,2.125,0.1,II,-1.1568399182392894e-09,-1.0082659899976425e-09,0.871569154989243,-0.12843084501075697,O12^(2)
4,z,2.125,0.1,III-a,-1.1568399182392894e-09,-1.1568399182392894e-09,1.0,0.0,O12^(2)
4,z,2.125,0.1,III-b,-1.1568399182392894e-09,-1.1580077473041405e-09,1.001009499280271,0.0010094992802709424,O12^(2)
4,z,2.1500000000000004,0.1,vis,-1.016890335806817e-09,-1.016890335806817e-09,1.0,0.0,O12^(2)
4,z,2.1500000000000004,0.1,I,-1.016890335806817e-09,-1.016890335806817e-09,1.0,0.0,O12^(2)
4,z,2.1500000000000004,0.1,II,-1.016890335806817e-09,-8.862902506958751e-10,0.871569154989243,-0.12843084501075697,O12^(2)
4,z,2.1500000000000004,0.1,III-a,-1.016890335806817e-09,-1.016890335806817e-09,1.0,0.0,O12^(2)
4,z,2.1500000000000004,0.1,III-b,-1.016890335806817e-09,-1.0179168879010798e-09,1.0010095012786686,0.001009501278668612,O12^(2)
4,z,2.175,0.1,vis,-8.863123648477995e-10,-8.863123648477995e-10,1.0,0.0,O12^(2)
4,z,2.175,0.1,I,-8.863123648477995e-10,-8.863123648477995e-10,1.0,0.0,O12^(2)
4,z,2.175,0.1,II,-8.863123648477995e-10,-7.724825188869143e-10,0.871569154989243,-0.12843084501075697,O12^(2)
4,z,2.175,0.1,III-a,-8.863123648477995e-10,-8.863123648477995e-10,1.0,0.0,O12^(2)
4,z,2.175,0.1,III-b,-8.863123648477995e-10,-8.872070999746854e-10,1.0010095031530328,0.0010095031530328313,O12^(2)
4,z,2.2,0.1,vis,-7.651065507454857e-10,-7.651065507454857e-10,1.0,0.0,O12^(2)
4,z,2.2,0.1,I,-7.651065507454857e-10,-7.651065507454857e-10,1.0,0.0,O12^(2)
4,z,2.2,0.1,II,-7.651065507454857e-10,-6.668432699099773e-10,0.871569154989243,-0.12843084501075697,O12^(2)
4,z,2.2,0.1,III-a,-7.651065507454857e-10,-7.651065507454857e-10,1.0,0.0,O12^(2)
4,z,2.2,0.1,III-b,-7.651065507454857e-10,-7.65878929566172e-10,1.0010095049113537,0.0010095049113536536,O12^(2)
4,z,2.225,0.1,vis,-6.532734388831404e-10,-6.532734388831404e-10,1.0,0.0,O12^(2)
4,z,2.225,0.1,I,-6.532734388831404e-10,-6.532734388831404e-10,1.0,0.0,O12^(2)
4,z,2.225,0.1,II,-6.532734388831404e-10,-5.693729791042955e-10,0.871569154989243,-0.12843084501075697,O12^(2)
4,z,2.225,0.1,III-a,-6.532734388831404e-10,-6.532734388831404e-10,1.0,0.0,O12^(2)
4,z,2.225,0.1,III-b,-6.532734388831404e-10,-6.539329227056003e-10,1.0010095065606637,0.0010095065606636755,O12^(2)
4,z,2.25,0.1,vis,-5.508135746440202e-10,-5.508135746440202e-10,1.0,0.0,O12^(2)
4,z,2.25,0.1,I,-5.508135746440202e-10,-5.508135746440202e-10,1.0,0.0,O12^(2)
4,z,2.25,0.1,II,-5.508135746440202e-10,-4.80072121809093e-10,0.871569154989243,-0.12843084501075697,O12^(2)
4,z,2.25,0.1,III-a,-5.508135746440202e-10,-5.508135746440202e-10,1.0,0.0,O12^(2)
4,z,2.25,0.1,III-b,-5.508135746440202e-10,-5.513696254136069e-10,1.0010095081079764,0.001009508107976398,O12^(2)
4,z,2.2750000000000004,0.1,vis,-4.577275034113817e-10,-4.577275034113817e-10,1.0,0.0,O12^(2)
4,z,2.2750000000000004,0.1,I,-4.577275034113817e-10,-4.577275034113817e-10,1.0,0.0,O12^(2)
4,z,2.2750000000000004,0.1,II,-4.577275034113817e-10,-3.989411733635938e-10,0.871569154989243,-0.12843084501075697,O12^(2)
4,z,2.2750000000000004,0.1,III-a,-4.577275034113817e-10,-4.577275034113817e-10,1.0,0.0,O12^(2)
4,z,2.2750000000000004,0.1,III-b,-4.577275034113817e-10,-4.5818958370170545e-10,1.0010095095594649,0.0010095095594648829,O12^(2)
4,z,2.3,0.1,vis,-3.740157705684882e-10,-3.740157705684882e-10,1.0,0.0,O12^(2)
4,z,2.3,0.1,I,-3.740157705684882e-10,-3.740157705684882e-10,1.0,0.0,O12^(2)
4,z,2.3,0.1,II,-3.740157705684882e-10,-3.2598060910702784e-10,0.871569154989243,-0.12843084501075697,O12^(2)
4,z,2.3,0.1,III-a,-3.740157705684882e-10,-3.740157705684882e-10,1.0,0.0,O12^(2)
4,z,2.3,0.1,III-b,-3.740157705684882e-10,-3.743933435736107e-10,1.001009510921287,0.0010095109212870934,O12^(2)
4,z,2.325,0.1,vis,-2.9967892149859173e-10,-2.9967892149859173e-10,1.0,0.0,O12^(2)
4,z,2.325,0.1,I,-2.9967892149859173e-10,-2.9967892149859173e-10,1.0,0.0,O12^(2)
4,z,2.325,0.1,II,-2.9967892149859173e-10,-2.611909043786153e-10,0.871569154989243,-0.12843084501075697,O12^(2)
4,z,2.325,0.1,III-a,-2.9967892149859173e-10,-2.9967892149859173e-10,1.0,0.0,O12^(2)
4,z,2.325,0.1,III-b,-2.9967892149859173e-10,-2.999814510255868e-10,1.0010095121988634,0.0010095121988633604,O12^(2)
4,z,2.35,0.1,vis,-2.3471750158495495e-10,-2.3471750158495495e-10,1.0,0.0,O12^(2)
4,z,2.35,0.1,I,-2.3471750158495495e-10,-2.3471750158495495e-10,1.0,0.0,O12^(2)
4,z,2.35,0.1,II,-2.3471750158495495e-10,-2.045725345175855e-10,0.871569154989243,-0.12843084501075697,O12^(2)
4,z,2.35,0.1,III-a,-2.3471750158495495e-10,-2.3471750158495495e-10,1.0,0.0,O12^(2)
4,z,2.35,0.1,III-b,-2.3471750158495495e-10,-2.3495445204745624e-10,1.0010095133976002,0.001009513397600248,O12^(2)
4,z,2.375,0.1,vis,-1.7913205621083498e-10,-1.7913205621083498e-10,1.0,0.0,O12^(2)
4,z,2.375,0.1,I,-1.7913205621083498e-10,-1.7913205621083498e-10,1.0,0.0,O12^(2)
4,z,2.375,0.1,II,-1.7913205621083498e-10,-1.5612597486316302e-10,0.871569154989243,-0.12843084501075697,O12^(2)
4,z,2.375,0.1,III-a,-1.7913205621083498e-10,-1.7913205621083498e-10,1.0,0.0,O12^(2)
4,z,2.375,0.1,III-b,-1.7913205621083498e-10,-1.7931289262298186e-10,1.0010095145222586,0.0010095145222586144,O12^(2)
4,z,2.4000000000000004,0.1,vis,-1.3292313075949005e-10,-1.3292313075949005e-10,1.0,0.0,O12^(2)
4,z,2.4000000000000004,0.1,I,-1.3292313075949005e-10,-1.3292313075949005e-10,1.0,0.0,O12^(2)
4,z,2.4000000000000004,0.1,II,-1.3292313075949005e-10,-1.158517007545734e-10,0.871569154989243,-0.12843084501075697,O12^(2)
4,z,2.4000000000000004,0.1,III-a,-1.3292313075949005e-10,-1.3292313075949005e-10,1.0,0.0,O12^(2)
4,z,2.4000000000000004,0.1,III-b,-1.3292313075949005e-10,-1.3305731873061337e-10,1.0010095155775869,0.0010095155775868836,O12^(2)
4,z,2.425,0.1,vis,-9.609127061417948e-11,-9.609127061417948e-11,1.0,0.0,O12^(2)
4,z,2.425,0.1,I,-9.609127061417948e-11,-9.609127061417948e-11,1.0,0.0,O12^(2)
4,z,2.425,0.1,II,-9.609127061417948e-11,-8.37501875310431e-11,0.871569154989243,-0.12843084501075697,O12^(2)
4,z,2.425,0.1,III-a,-9.609127061417948e-11,-9.609127061417948e-11,1.0,0.0,O12^(2)
4,z,2.425,0.1,III-b,-9.609127061417948e-11,-9.61882763438822e-11,1.0010095165677662,0.0010095165677661555,O12^(2)
4,z,2.45,0.1,vis,-6.863702115816005e-11,-6.863702115816005e-11,1.0,0.0,O12^(2)
4,z,2.45,0.1,I,-6.863702115816005e-11,-6.863702115816005e-11,1.0,0.0,O12^(2)
4,z,2.45,0.1,II,-6.863702115816005e-11,-5.982191053179635e-11,0.871569154989243,-0.12843084501075697,O12^(2)
4,z,2.45,0.1,III-a,-6.863702115816005e-11,-6.863702115816005e-11,1.0,0.0,O12^(2)
4,z,2.45,0.1,III-b,-6.863702115816005e-11,-6.870631143195896e-11,1.0010095174969678,0.00100951749696776,O12^(2)
4,z,2.475,0.1,vis,-5.0560927774691753e-11,-5.0560927774691753e-11,1.0,0.0,O12^(2)
4,z,2.475,0.1,I,-5.0560927774691753e-11,-5.0560927774691753e-11,1.0,0.0,O12^(2)
4,z,2.475,0.1,II,-5.0560927774691753e-11,-4.406734509606024e-11,0.871569154989243,-0.12843084501075697,O12^(2)
4,z,2.475,0.1,III-a,-5.0560927774691753e-11,-5.0560927774691753e-11,1.0,0.0,O12^(2)
4,z,2.475,0.1,III-b,-5.0560927774691753e-11,-5.061196996002716e-11,1.001009518368865,0.0010095183688649811,O12^(2)
4,z,2.5,0.1,vis,-4.186353584703189e-11,-4.186353584703189e-11,1.0,0.0,O12^(2)
4,z,2.5,0.1,I,-4.186353584703189e-11,-4.186353584703189e-11,1.0,0.0,O12^(2)
4,z,2.5,0.1,II,-4.186353584703189e-11,-3.648696656305947e-11,0.871569154989243,-0.12843084501075697,O12^(2)
4,z,2.5,0.1,III-a,-4.186353584703189e-11,-4.186353584703189e-11,1.0,0.0,O12^(2)
4,z,2.5,0.1,III-b,-4.186353584703189e-11,-4.190579788971027e-11,1.0010095191871227,0.001009519187122665,O12^(2)
4,z,2.5250000000000004,0.1,vis,-3.795222253500174e-11,-3.795222253500174e-11,1.0,0.0,O12^(2)
4,z,2.5250000000000004,0.1,I,-3.795222253500174e-11,-3.795222253500174e-11,1.0,0.0,O12^(2)
4,z,2.5250000000000004,0.1,II,-3.795222253500174e-11,-3.307798652479517e-11,0.871569154989243,-0.12843084501075697,O12^(2)
4,z,2.5250000000000004,0.1,III-a,-3.795222253500174e-11,-3.795222253500174e-11,1.0,0.0,O12^(2)
4,z,2.5250000000000004,0.1,III-b,-3.795222253500174e-11,-3.799053606098622e-11,1.0010095199549682,0.0010095199549682299,O12^(2)
4,z,2.55,0.1,vis,-3.4234328488005334e-11,-3.4234328488005334e-11,1.0,0.0,O12^(2)
4,z,2.55,0.1,I,-3.4234328488005334e-11,-3.4234328488005334e-11,1.0,0.0,O12^(2)
4,z,2.55,0.1,II,-3.4234328488005334e-11,-2.983758475191498e-11,0.871569154989243,-0.12843084501075697,O12^(2)
4,z,2.55,0.1,III-a,-3.4234328488005334e-11,-3.4234328488005334e-11,1.0,0.0,O12^(2)
4,z,2.55,0.1,III-b,-3.4234328488005334e-11,-3.426888875043002e-11,1.0010095206756222,0.0010095206756222108,O12^(2)
4,z,2.575,0.1,vis,-3.071034432367517e-11,-3.071034432367517e-11,1.0,0.0,O12^(2)
4,z,2.575,0.1,I,-3.071034432367517e-11,-3.071034432367517e-11,1.0,0.0,O12^(2)
4,z,2.575,0.1,II,-3.071034432367517e-11,-2.6766188851614263e-11,0.871569154989243,-0.12843084501075697,O12^(2)
4,z,2.575,0.1,III-a,-3.071034432367517e-11,-3.071034432367517e-11,1.0,0.0,O12^(2)
4,z,2.575,0.1,III-b,-3.071034432367517e-11,-3.074134707199476e-11,1.001009521351921,0.0010095213519210056,O12^(2)
4,z,2.6,0.1,vis,-2.738076065964416e-11,-2.738076065964416e-11,1.0,0.0,O12^(2)
4,z,2.6,0.1,I,-2.738076065964416e-11,-2.738076065964416e-11,1.0,0.0,O12^(2)
4,z,2.6,0.1,II,-2.738076065964416e-11,-2.386422643108877e-11,0.871569154989243,-0.12843084501075697,O12^(2)
4,z,2.6,0.1,III-a,-2.738076065964416e-11,-2.738076065964416e-11,1.0,0.0,O12^(2)
4,z,2.6,0.1,III-b,-2.738076065964416e-11,-2.74084021395425e-11,1.0010095219866948,0.0010095219866947946,O12^(2)
4,z,2.625,0.1,vis,-2.4246068113545004e-11,-2.4246068113545004e-11,1.0,0.0,O12^(2)
4,z,2.625,0.1,I,-2.4246068113545004e-11,-2.4246068113545004e-11,1.0,0.0,O12^(2)
4,z,2.625,0.1,II,-2.4246068113545004e-11,-2.113212509753405e-11,0.871569154989243,-0.12843084501075697,O12^(2)
4,z,2.625,0.1,III-a,-2.4246068113545004e-11,-2.4246068113545004e-11,1.0,0.0,O12^(2)
4,z,2.625,0.1,III-b,-2.4246068113545004e-11,-2.4270545066840926e-11,1.0010095225824367,0.001009522582436695,O12^(2)
4,z,2.6500000000000004,0.1,vis,-2.1306757303010386e-11,-2.1306757303010386e-11,1.0,0.0,O12^(2)
4,z,2.6500000000000004,0.1,I,-2.1306757303010386e-11,-2.1306757303010386e-11,1.0,0.0,O12^(2)
4,z,2.6500000000000004,0.1,II,-2.1306757303010386e-11,-1.8570312458145646e-11,0.871569154989243,-0.12843084501075697,O12^(2)
4,z,2.6500000000000004,0.1,III-a,-2.1306757303010386e-11,-2.1306757303010386e-11,1.0,0.0,O12^(2)
4,z,2.6500000000000004,0.1,III-b,-2.1306757303010386e-11,-2.132826696758097e-11,1.0010095231416347,0.0010095231416347161,O12^(2)
4,z,2.675,0.1,vis,-1.8563318845673205e-11,-1.8563318845673205e-11,1.0,0.0,O12^(2)
4,z,2.675,0.1,I,-1.8563318845673205e-11,-1.8563318845673205e-11,1.0,0.0,O12^(2)
4,z,2.675,0.1,II,-1.8563318845673205e-11,-1.6179216120119287e-11,0.871569154989243,-0.12843084501075697,O12^(2)
4,z,2.675,0.1,III-a,-1.8563318845673205e-11,-1.8563318845673205e-11,1.0,0.0,O12^(2)
4,z,2.675,0.1,III-b,-1.8563318845673205e-11,-1.8582058955376335e-11,1.0010095236664804,0.0010095236664804386,O12^(2)
4,z,2.7,0.1,vis,-1.6016243359166015e-11,-1.6016243359166015e-11,1.0,0.0,O12^(2)
4,z,2.7,0.1,I,-1.6016243359166015e-11,-1.6016243359166015e-11,1.0,0.0,O12^(2)
4,z,2.7,0.1,II,-1.6016243359166015e-11,-1.39592636906504e-11,0.871569154989243,-0.12843084501075697,O12^(2)
4,z,2.7,0.1,III-a,-1.6016243359166015e-11,-1.6016243359166015e-11,1.0,0.0,O12^(2)
4,z,2.7,0.1,III-b,-1.6016243359166015e-11,-1.6032412143776096e-11,1.001009524159161,0.0010095241591610016,O12^(2)
4,z,2.725,0.1,vis,-1.3666021461121697e-11,-1.3666021461121697e-11,1.0,0.0,O12^(2)
4,z,2.725,0.1,I,-1.3666021461121697e-11,-1.3666021461121697e-11,1.0,0.0,O12^(2)
4,z,2.725,0.1,II,-1.3666021461121697e-11,-1.1910882776934699e-11,0.871569154989243,-0.12843084501075697,O12^(2)
4,z,2.725,0.1,III-a,-1.3666021461121697e-11,-1.3666021461121697e-11,1.0,0.0,O12^(2)
4,z,2.725,0.1,III-b,-1.3666021461121697e-11,-1.3679817646266064e-11,1.0010095246216038,0.0010095246216037523,O12^(2)
4,z,2.75,0.1,vis,-1.1513143769172951e-11,-1.1513143769172951e-11,1.0,0.0,O12^(2)
4,z,2.75,0.1,I,-1.1513143769172951e-11,-1.1513143769172951e-11,1.0,0.0,O12^(2)
4,z,2.75,0.1,II,-1.1513143769172951e-11,-1.0034500986167737e-11,0.871569154989243,-0.12843084501075697,O12^(2)
4,z,2.75,0.1,III-a,-1.1513143769172951e-11,-1.1513143769172951e-11,1.0,0.0,O12^(2)
4,z,2.75,0.1,III-b,-1.1513143769172951e-11,-1.152476657627817e-11,1.0010095250557316,0.0010095250557315971,O12^(2)
4,z,2.7750000000000004,0.1,vis,-9.558100900952487e-12,-9.558100900952487e-12,1.0,0.0,O12^(2)
4,z,2.7750000000000004,0.1,I,-9.558100900952487e-12,-9.558100900952487e-12,1.0,0.0,O12^(2)
4,z,2.7750000000000004,0.1,II,-9.558100900952487e-12,-8.330545925545081e-12,0.871569154989243,-0.12843084501075697,O12^(2)
4,z,2.7750000000000004,0.1,III-a,-9.558100900952487e-12,-9.558100900952487e-12,1.0,0.0,O12^(2)
4,z,2.7750000000000004,0.1,III-b,-9.558100900952487e-12,-9.56775004719221e-12,1.0010095254632394,0.0010095254632394024,O12^(2)
4,z,2.8,0.1,vis,-7.801383474093153e-12,-7.801383474093153e-12,1.0,0.0,O12^(2)
4,z,2.8,0.1,I,-7.801383474093153e-12,-7.801383474093153e-12,1.0,0.0,O12^(2)
4,z,2.8,0.1,II,-7.801383474093153e-12,-6.799445202262415e-12,0.871569154989243,-0.12843084501075697,O12^(2)
4,z,2.8,0.1,III-a,-7.801383474093153e-12,-7.801383474093153e-12,1.0,0.0,O12^(2)
4,z,2.8,0.1,III-b,-7.801383474093153e-12,-7.809259172343391e-12,1.0010095258458185,0.001009525845818482,O12^(2)
4,z,2.825,0.1,vis,-6.243482106227562e-12,-6.243482106227562e-12,1.0,0.0,O12^(2)
4,z,2.825,0.1,I,-6.243482106227562e-12,-6.243482106227562e-12,1.0,0.0,O12^(2)
4,z,2.825,0.1,II,-6.243482106227562e-12,-5.441626423515215e-12,0.871569154989243,-0.12843084501075697,O12^(2)
4,z,2.825,0.1,III-a,-6.243482106227562e-12,-6.243482106227562e-12,1.0,0.0,O12^(2)
4,z,2.825,0.1,III-b,-6.243482106227562e-12,-6.249785065023992e-12,1.0010095262049592,0.001009526204959199,O12^(2)
4,z,2.85,0.1,vis,-4.884887414988551e-12,-4.884887414988551e-12,1.0,0.0,O12^(2)
4,z,2.85,0.1,I,-4.884887414988551e-12,-4.884887414988551e-12,1.0,0.0,O12^(2)
4,z,2.85,0.1,II,-4.884887414988551e-12,-4.25751719649916e-12,0.871569154989243,-0.12843084501075697,O12^(2)
4,z,2.85,0.1,III-a,-4.884887414988551e-12,-4.884887414988551e-12,1.0,0.0,O12^(2)
4,z,2.85,0.1,III-b,-4.884887414988551e-12,-4.889818838489394e-12,1.0010095265421495,0.0010095265421494748,O12^(2)
4,z,2.875,0.1,vis,-3.726090018008839e-12,-3.726090018008839e-12,1.0,0.0,O12^(2)
4,z,2.875,0.1,I,-3.726090018008839e-12,-3.726090018008839e-12,1.0,0.0,O12^(2)
4,z,2.875,0.1,II,-3.726090018008839e-12,-3.247545128409817e-12,0.871569154989243,-0.12843084501075697,O12^(2)
4,z,2.875,0.1,III-a,-3.726090018008839e-12,-3.726090018008839e-12,1.0,0.0,O12^(2)
4,z,2.875,0.1,III-b,-3.726090018008839e-12,-3.729851605959954e-12,1.0010095268587003,0.0010095268587002604,O12^(2)
4,z,2.9000000000000004,0.1,vis,-2.7675805329211487e-12,-2.7675805329211487e-12,1.0,0.0,O12^(2)
4,z,2.9000000000000004,0.1,I,-2.7675805329211487e-12,-2.7675805329211487e-12,1.0,0.0,O12^(2)
4,z,2.9000000000000004,0.1,II,-2.7675805329211487e-12,-2.4121378264427644e-12,0.871569154989243,-0.12843084501075697,O12^(2)
4,z,2.9000000000000004,0.1,III-a,-2.7675805329211487e-12,-2.7675805329211487e-12,1.0,0.0,O12^(2)
4,z,2.9000000000000004,0.1,III-b,-2.7675805329211487e-12,-2.7703744806253288e-12,1.0010095271559203,0.0010095271559202867,O12^(2)
4,z,2.925,0.1,vis,-2.009849577358276e-12,-2.009849577358276e-12,1.0,0.0,O12^(2)
4,z,2.925,0.1,I,-2.009849577358276e-12,-2.009849577358276e-12,1.0,0.0,O12^(2)
4,z,2.925,0.1,II,-2.009849577358276e-12,-1.7517228977936397e-12,0.871569154989243,-0.12843084501075697,O12^(2)
4,z,2.925,0.1,III-a,-2.009849577358276e-12,-2.009849577358276e-12,1.0,0.0,O12^(2)
4,z,2.925,0.1,III-b,-2.009849577358276e-12,-2.011878575646768e-12,1.001009527434963,0.0010095274349630756,O12^(2)
4,z,2.95,0.1,vis,-1.4533877689529083e-12,-1.4533877689529083e-12,1.0,0.0,O12^(2)
4,z,2.95,0.1,I,-1.4533877689529083e-12,-1.4533877689529083e-12,1.0,0.0,O12^(2)
4,z,2.95,0.1,II,-1.4533877689529083e-12,-1.2667279496579875e-12,0.871569154989243,-0.12843084501075697,O12^(2)
4,z,2.95,0.1,III-a,-1.4533877689529083e-12,-1.4533877689529083e-12,1.0,0.0,O12^(2)
4,z,2.95,0.1,III-b,-1.4533877689529083e-12,-1.4548550041601182e-12,1.00100952769698,0.0010095276969799283,O12^(2)
4,z,2.975,0.1,vis,-1.098685725337819e-12,-1.098685725337819e-12,1.0,0.0,O12^(2)
4,z,2.975,0.1,I,-1.098685725337819e-12,-1.098685725337819e-12,1.0,0.0,O12^(2)
4,z,2.975,0.1,II,-1.098685725337819e-12,-9.575805892314265e-13,0.871569154989243,-0.12843084501075697,O12^(2)
4,z,2.975,0.1,III-a,-1.098685725337819e-12,-1.098685725337819e-12,1.0,0.0,O12^(2)
4,z,2.975,0.1,III-b,-1.098685725337819e-12,-1.0997948792781077e-12,1.0010095279429863,0.0010095279429862547,O12^(2)
4,z,3.0,0.1,vis,-9.462340641457645e-13,-9.462340641457645e-13,1.0,0.0,O12^(2)
4,z,3.0,0.1,I,-9.462340641457645e-13,-9.462340641457645e-13,1.0,0.0,O12^(2)
4,z,3.0,0.1,II,-9.462340641457645e-13,-8.247084237095611e-13,0.871569154989243,-0.12843084501075697,O12^(2)
4,z,3.0,0.1,III-a,-9.462340641457645e-13,-9.462340641457645e-13,1.0,0.0,O12^(2)
4,z,3.0,0.1,III-b,-9.462340641457645e-13,-9.471893140927132e-13,1.0010095281739948,0.0010095281739948003,O12^(2)
4,z,3.025,0.1,vis,-8.959178104679822e-13,-8.959178104679822e-13,1.0,0.0,O12^(2)
4,z,3.025,0.1,I,-8.959178104679822e-13,-8.959178104679822e-13,1.0,0.0,O12^(2)
4,z,3.025,0.1,II,-8.959178104679822e-13,-7.80854329009392e-13,0.871569154989243,-0.12843084501075697,O12^(2)
4,z,3.025,0.1,III-a,-8.959178104679822e-13,-8.959178104679822e-13,1.0,0.0,O12^(2)
4,z,3.025,0.1,III-b,-8.959178104679822e-13,-8.968222649335617e-13,1.001009528390899,0.0010095283908990726,O12^(2)
4,z,3.0500000000000003,0.1,vis,-8.472801324982371e-13,-8.472801324982371e-13,1.0,0.0,O12^(2)
4,z,3.0500000000000003,0.1,I,-8.472801324982371e-13,-8.472801324982371e-13,1.0,0.0,O12^(2)
4,z,3.0500000000000003,0.1,II,-8.472801324982371e-13,-7.384632291206624e-13,0.871569154989243,-0.12843084501075697,O12^(2)
4,z,3.0500000000000003,0.1,III-a,-8.472801324982371e-13,-8.472801324982371e-13,1.0,0.0,O12^(2)
4,z,3.0500000000000003,0.1,III-b,-8.472801324982371e-13,-8.481354860196227e-13,1.0010095285945908,0.0010095285945908028,O12^(2)
4,z,3.075,0.1,vis,-8.002988625230263e-13,-8.002988625230263e-13,1.0,0.0,O12^(2)
4,z,3.075,0.1,I,-8.002988625230263e-13,-8.002988625230263e-13,1.0,0.0,O12^(2)
4,z,3.075,0.1,II,-8.002988625230263e-13,-6.975158033480465e-13,0.871569154989243,-0.12843084501075697,O12^(2)
4,z,3.075,0.1,III-a,-8.002988625230263e-13,-8.002988625230263e-13,1.0,0.0,O12^(2)
4,z,3.075,0.1,III-b,-8.002988625230263e-13,-8.011067872620314e-13,1.0010095287858563,0.0010095287858562507,O12^(2)
4,z,3.1,0.1,vis,-7.549518328288438e-13,-7.549518328288438e-13,1.0,0.0,O12^(2)
4,z,3.1,0.1,I,-7.549518328288438e-13,-7.549518328288438e-13,1.0,0.0,O12^(2)
4,z,3.1,0.1,II,-7.549518328288438e-13,-6.579927309962157e-13,0.871569154989243,-0.12843084501075697,O12^(2)
4,z,3.1,0.1,III-a,-7.549518328288438e-13,-7.549518328288438e-13,1.0,0.0,O12^(2)
4,z,3.1,0.1,III-b,-7.549518328288438e-13,-7.557139785716268e-13,1.0010095289654801,0.001009528965480122,O12^(2)
4,z,3.125,0.1,vis,-7.112168757021848e-13,-7.112168757021848e-13,1.0,0.0,O12^(2)
4,z,3.125,0.1,I,-7.112168757021848e-13,-7.112168757021848e-13,1.0,0.0,O12^(2)
4,z,3.125,0.1,II,-7.112168757021848e-13,-6.198746913698428e-13,0.871569154989243,-0.12843084501075697,O12^(2)
4,z,3.125,0.1,III-a,-7.112168757021848e-13,-7.112168757021848e-13,1.0,0.0,O12^(2)
4,z,3.125,0.1,III-b,-7.112168757021848e-13,-7.119348698589087e-13,1.0010095291341548,0.0010095291341547519,O12^(2)
4,z,3.15,0.1,vis,-6.690718234295447e-13,-6.690718234295447e-13,1.0,0.0,O12^(2)
4,z,3.15,0.1,I,-6.690718234295447e-13,-6.690718234295447e-13,1.0,0.0,O12^(2)
4,z,3.15,0.1,II,-6.690718234295447e-13,-5.831423637736003e-13,0.871569154989243,-0.12843084501075697,O12^(2)
4,z,3.15,0.1,III-a,-6.690718234295447e-13,-6.690718234295447e-13,1.0,0.0,O12^(2)
4,z,3.15,0.1,III-b,-6.690718234295447e-13,-6.697472710341308e-13,1.0010095292925711,0.001009529292571143,O12^(2)
4,z,3.1750000000000003,0.1,vis,-6.284945082974176e-13,-6.284945082974176e-13,1.0,0.0,O12^(2)
4,z,3.1750000000000003,0.1,I,-6.284945082974176e-13,-6.284945082974176e-13,1.0,0.0,O12^(2)
4,z,3.1750000000000003,0.1,II,-6.284945082974176e-13,-5.4777642751216e-13,0.871569154989243,-0.12843084501075697,O12^(2)
4,z,3.1750000000000003,0.1,III-a,-6.284945082974176e-13,-6.284945082974176e-13,1.0,0.0,O12^(2)
4,z,3.1750000000000003,0.1,III-b,-6.284945082974176e-13,-6.291289920072633e-13,1.0010095294413384,0.0010095294413383638,O12^(2)
4,z,3.2,0.1,vis,-5.894627625923003e-13,-5.894627625923003e-13,1.0,0.0,O12^(2)
4,z,3.2,0.1,I,-5.894627625923003e-13,-5.894627625923003e-13,1.0,0.0,O12^(2)
4,z,3.2,0.1,II,-5.894627625923003e-13,-5.13757561890196e-13,0.871569154989243,-0.12843084501075697,O12^(2)
4,z,3.2,0.1,III-a,-5.894627625923003e-13,-5.894627625923003e-13,1.0,0.0,O12^(2)
4,z,3.2,0.1,III-b,-5.894627625923003e-13,-5.900578426880734e-13,1.0010095295810648,0.0010095295810648164,O12^(2)
4,z,3.225,0.1,vis,-5.51954418600687e-13,-5.51954418600687e-13,1.0,0.0,O12^(2)
4,z,3.225,0.1,I,-5.51954418600687e-13,-5.51954418600687e-13,1.0,0.0,O12^(2)
4,z,3.225,0.1,II,-5.51954418600687e-13,-4.810664462123797e-13,0.871569154989243,-0.12843084501075697,O12^(2)
4,z,3.225,0.1,III-a,-5.51954418600687e-13,-5.51954418600687e-13,1.0,0.0,O12^(2)
4,z,3.225,0.1,III-b,-5.51954418600687e-13,-5.525116329860926e-13,1.0010095297122872,0.0010095297122871827,O12^(2)
4,z,3.25,0.1,vis,-5.159473086090731e-13,-5.159473086090731e-13,1.0,0.0,O12^(2)
4,z,3.25,0.1,I,-5.159473086090731e-13,-5.159473086090731e-13,1.0,0.0,O12^(2)
4,z,3.25,0.1,II,-5.159473086090731e-13,-4.49683759783384e-13,0.871569154989243,-0.12843084501075697,O12^(2)
4,z,3.25,0.1,III-a,-5.159473086090731e-13,-5.159473086090731e-13,1.0,0.0,O12^(2)
4,z,3.25,0.1,III-b,-5.159473086090731e-13,-5.164681728106811e-13,1.0010095298355413,0.0010095298355412563,O12^(2)
4,z,3.275,0.1,vis,-4.814192649039535e-13,-4.814192649039535e-13,1.0,0.0,O12^(2)
4,z,3.275,0.1,I,-4.814192649039535e-13,-4.814192649039535e-13,1.0,0.0,O12^(2)
4,z,3.275,0.1,II,-4.814192649039535e-13,-4.195901819078813e-13,0.871569154989243,-0.12843084501075697,O12^(2)
4,z,3.275,0.1,III-a,-4.814192649039535e-13,-4.814192649039535e-13,1.0,0.0,O12^(2)
4,z,3.275,0.1,III-b,-4.814192649039535e-13,-4.819052720710066e-13,1.0010095299512993,0.001009529951299326,O12^(2)
4,z,3.3000000000000003,0.1,vis,-4.4834811977182284e-13,-4.4834811977182284e-13,1.0,0.0,O12^(2)
4,z,3.3000000000000003,0.1,I,-4.4834811977182284e-13,-4.4834811977182284e-13,1.0,0.0,O12^(2)
4,z,3.3000000000000003,0.1,II,-4.4834811977182284e-13,-3.9076639189054357e-13,0.871569154989243,-0.12843084501075697,O12^(2)
4,z,3.3000000000000003,0.1,III-a,-4.4834811977182284e-13,-4.4834811977182284e-13,1.0,0.0,O12^(2)
4,z,3.3000000000000003,0.1,III-b,-4.4834811977182284e-13,-4.4880074067609187e-13,1.0010095300600332,0.0010095300600332369,O12^(2)
4,z,3.325,0.1,vis,-4.1671170549917746e-13,-4.1671170549917746e-13,1.0,0.0,O12^(2)
4,z,3.325,0.1,I,-4.1671170549917746e-13,-4.1671170549917746e-13,1.0,0.0,O12^(2)
4,z,3.325,0.1,II,-4.1671170549917746e-13,-3.631930690360444e-13,0.871569154989243,-0.12843084501075697,O12^(2)
4,z,3.325,0.1,III-a,-4.1671170549917746e-13,-4.1671170549917746e-13,1.0,0.0,O12^(2)
4,z,3.325,0.1,III-b,-4.1671170549917746e-13,-4.1713238853480373e-13,1.0010095301621593,0.0010095301621593222,O12^(2)
4,z,3.35,0.1,vis,-3.86487854372512e-13,-3.86487854372512e-13,1.0,0.0,O12^(2)
4,z,3.35,0.1,I,-3.86487854372512e-13,-3.86487854372512e-13,1.0,0.0,O12^(2)
4,z,3.35,0.1,II,-3.86487854372512e-13,-3.368508926490559e-13,0.871569154989243,-0.12843084501075697,O12^(2)
4,z,3.35,0.1,III-a,-3.86487854372512e-13,-3.86487854372512e-13,1.0,0.0,O12^(2)
4,z,3.35,0.1,III-b,-3.86487854372512e-13,-3.868780255558864e-13,1.0010095302580928,0.0010095302580928056,O12^(2)
4,z,3.375,0.1,vis,-3.5765439867832145e-13,-3.5765439867832145e-13,1.0,0.0,O12^(2)
4,z,3.375,0.1,I,-3.5765439867832145e-13,-3.5765439867832145e-13,1.0,0.0,O12^(2)
4,z,3.375,0.1,II,-3.5765439867832145e-13,-3.1172054203425047e-13,0.871569154989243,-0.12843084501075697,O12^(2)
4,z,3.375,0.1,III-a,-3.5765439867832145e-13,-3.5765439867832145e-13,1.0,0.0,O12^(2)
4,z,3.375,0.1,III-b,-3.5765439867832145e-13,-3.580154616479546e-13,1.0010095303482005,0.0010095303482005047,O12^(2)
4,z,3.4000000000000004,0.1,vis,-3.301891707031004e-13,-3.301891707031004e-13,1.0,0.0,O12^(2)
4,z,3.4000000000000004,0.1,I,-3.301891707031004e-13,-3.301891707031004e-13,1.0,0.0,O12^(2)
4,z,3.4000000000000004,0.1,II,-3.301891707031004e-13,-2.877826964963001e-13,0.871569154989243,-0.12843084501075697,O12^(2)
4,z,3.4000000000000004,0.1,III-a,-3.301891707031004e-13,-3.301891707031004e-13,1.0,0.0,O12^(2)
4,z,3.4000000000000004,0.1,III-b,-3.301891707031004e-13,-3.3052250671952216e-13,1.0010095304328483,0.001009530432848349,O12^(2)
4,z,3.4250000000000003,0.1,vis,-3.040700027333451e-13,-3.040700027333451e-13,1.0,0.0,O12^(2)
4,z,3.4250000000000003,0.1,I,-3.040700027333451e-13,-3.040700027333451e-13,1.0,0.0,O12^(2)
4,z,3.4250000000000003,0.1,II,-3.040700027333451e-13,-2.650180353398784e-13,0.871569154989243,-0.12843084501075697,O12^(2)
4,z,3.4250000000000003,0.1,III-a,-3.040700027333451e-13,-3.040700027333451e-13,1.0,0.0,O12^(2)
4,z,3.4250000000000003,0.1,III-b,-3.040700027333451e-13,-3.0437697067899764e-13,1.0010095305123594,0.0010095305123594134,O12^(2)
4,z,3.45,0.1,vis,-2.792747270555502e-13,-2.792747270555502e-13,1.0,0.0,O12^(2)
4,z,3.45,0.1,I,-2.792747270555502e-13,-2.792747270555502e-13,1.0,0.0,O12^(2)
4,z,3.45,0.1,II,-2.792747270555502e-13,-2.434072378696574e-13,0.871569154989243,-0.12843084501075697,O12^(2)
4,z,3.45,0.1,III-a,-2.792747270555502e-13,-2.792747270555502e-13,1.0,0.0,O12^(2)
4,z,3.45,0.1,III-b,-2.792747270555502e-13,-2.795566634347045e-13,1.001009530587056,0.0010095305870561067,O12^(2)
4,z,3.475,0.1,vis,-2.5578117595621086e-13,-2.5578117595621086e-13,1.0,0.0,O12^(2)
4,z,3.475,0.1,I,-2.5578117595621086e-13,-2.5578117595621086e-13,1.0,0.0,O12^(2)
4,z,3.475,0.1,II,-2.5578117595621086e-13,-2.229309833903096e-13,0.871569154989243,-0.12843084501075697,O12^(2)
4,z,3.475,0.1,III-a,-2.5578117595621086e-13,-2.5578117595621086e-13,1.0,0.0,O12^(2)
4,z,3.475,0.1,III-b,-2.5578117595621086e-13,-2.5603939489487925e-13,1.001009530657223,0.00100953065722309,O12^(2)
4,z,3.5,0.1,vis,-2.3356718172182225e-13,-2.3356718172182225e-13,1.0,0.0,O12^(2)
4,z,3.5,0.1,I,-2.3356718172182225e-13,-2.3356718172182225e-13,1.0,0.0,O12^(2)
4,z,3.5,0.1,II,-2.3356718172182225e-13,-2.0356995120650758e-13,0.871569154989243,-0.12843084501075697,O12^(2)
4,z,3.5,0.1,III-a,-2.3356718172182225e-13,-2.3356718172182225e-13,1.0,0.0,O12^(2)
4,z,3.5,0.1,III-b,-2.3356718172182225e-13,-2.3380297496768864e-13,1.0010095307231441,0.0010095307231441364,O12^(2)
4,z,3.5250000000000004,0.1,vis,-2.1261057663887895e-13,-2.1261057663887895e-13,1.0,0.0,O12^(2)
4,z,3.5250000000000004,0.1,I,-2.1261057663887895e-13,-2.1261057663887895e-13,1.0,0.0,O12^(2)
4,z,3.5250000000000004,0.1,II,-2.1261057663887895e-13,-1.8530482062292341e-13,0.871569154989243,-0.12843084501075697,O12^(2)
4,z,3.5250000000000004,0.1,III-a,-2.1261057663887895e-13,-2.1261057663887895e-13,1.0,0.0,O12^(2)
4,z,3.5250000000000004,0.1,III-b,-2.1261057663887895e-13,-2.1282521356122747e-13,1.0010095307850704,0.0010095307850703783,O12^(2)
4,z,3.5500000000000003,0.1,vis,-1.9288919299387696e-13,-1.9288919299387696e-13,1.0,0.0,O12^(2)
4,z,3.5500000000000003,0.1,I,-1.9288919299387696e-13,-1.9288919299387696e-13,1.0,0.0,O12^(2)
4,z,3.5500000000000003,0.1,II,-1.9288919299387696e-13,-1.6811627094423035e-13,0.871569154989243,-0.12843084501075697,O12^(2)
4,z,3.5500000000000003,0.1,III-a,-1.9288919299387696e-13,-1.9288919299387696e-13,1.0,0.0,O12^(2)
4,z,3.5500000000000003,0.1,III-b,-1.9288919299387696e-13,-1.9308392058353432e-13,1.0010095308432523,0.001009530843252282,O12^(2)
4,z,3.575,0.1,vis,-1.7438086307331122e-13,-1.7438086307331122e-13,1.0,0.0,O12^(2)
4,z,3.575,0.1,I,-1.7438086307331122e-13,-1.7438086307331122e-13,1.0,0.0,O12^(2)
4,z,3.575,0.1,II,-1.7438086307331122e-13,-1.5198498147510076e-13,0.871569154989243,-0.12843084501075697,O12^(2)
4,z,3.575,0.1,III-a,-1.7438086307331122e-13,-1.7438086307331122e-13,1.0,0.0,O12^(2)
4,z,3.575,0.1,III-b,-1.7438086307331122e-13,-1.74556905942588e-13,1.0010095308979103,0.001009530897910338,O12^(2)
4,z,3.6,0.1,vis,-1.5706341916367633e-13,-1.5706341916367633e-13,1.0,0.0,O12^(2)
4,z,3.6,0.1,I,-1.5706341916367633e-13,-1.5706341916367633e-13,1.0,0.0,O12^(2)
4,z,3.6,0.1,II,-1.5706341916367633e-13,-1.3689163152020666e-13,0.871569154989243,-0.12843084501075697,O12^(2)
4,z,3.6,0.1,III-a,-1.5706341916367633e-13,-1.5706341916367633e-13,1.0,0.0,O12^(2)
4,z,3.6,0.1,III-b,-1.5706341916367633e-13,-1.5722197954631956e-13,1.0010095309492657,0.0010095309492657023,O12^(2)
4,z,3.625,0.1,vis,-1.40914693551468e-13,-1.40914693551468e-13,1.0,0.0,O12^(2)
4,z,3.625,0.1,I,-1.40914693551468e-13,-1.40914693551468e-13,1.0,0.0,O12^(2)
4,z,3.625,0.1,II,-1.40914693551468e-13,-1.228169003842211e-13,0.871569154989243,-0.12843084501075697,O12^(2)
4,z,3.625,0.1,III-a,-1.40914693551468e-13,-1.40914693551468e-13,1.0,0.0,O12^(2)
4,z,3.625,0.1,III-b,-1.40914693551468e-13,-1.4105695130261323e-13,1.0010095309975129,0.0010095309975128863,O12^(2)
4,z,3.6500000000000004,0.1,vis,-1.259125185231809e-13,-1.259125185231809e-13,1.0,0.0,O12^(2)
4,z,3.6500000000000004,0.1,I,-1.259125185231809e-13,-1.259125185231809e-13,1.0,0.0,O12^(2)
4,z,3.6500000000000004,0.1,II,-1.259125185231809e-13,-1.097414673718162e-13,0.871569154989243,-0.12843084501075697,O12^(2)
4,z,3.6500000000000004,0.1,III-a,-1.259125185231809e-13,-1.259125185231809e-13,1.0,0.0,O12^(2)
4,z,3.6500000000000004,0.1,III-b,-1.259125185231809e-13,-1.2603963111931304e-13,1.0010095310428464,0.001009531042846401,O12^(2)
4,z,3.6750000000000003,0.1,vis,-1.1203472636531075e-13,-1.1203472636531075e-13,1.0,0.0,O12^(2)
4,z,3.6750000000000003,0.1,I,-1.1203472636531075e-13,-1.1203472636531075e-13,1.0,0.0,O12^(2)
4,z,3.6750000000000003,0.1,II,-1.1203472636531075e-13,-9.764601178766496e-14,0.871569154989243,-0.12843084501075697,O12^(2)
4,z,3.6750000000000003,0.1,III-a,-1.1203472636531075e-13,-1.1203472636531075e-13,1.0,0.0,O12^(2)
4,z,3.6750000000000003,0.1,III-b,-1.1203472636531075e-13,-1.1214782890422509e-13,1.001009531085438,0.001009531085438109,O12^(2)
4,z,3.7,0.1,vis,-9.925914936435239e-14,-9.925914936435239e-14,1.0,0.0,O12^(2)
4,z,3.7,0.1,I,-9.925914936435239e-14,-9.925914936435239e-14,1.0,0.0,O12^(2)
4,z,3.7,0.1,II,-9.925914936435239e-14,-8.651121293643968e-14,0.871569154989243,-0.12843084501075697,O12^(2)
4,z,3.7,0.1,III-a,-9.925914936435239e-14,-9.925914936435239e-14,1.0,0.0,O12^(2)
4,z,3.7,0.1,III-b,-9.925914936435239e-14,-9.935935456512232e-14,1.0010095311254592,0.0010095311254592065,O12^(2)
4,z,3.725,0.1,vis,-8.756361980680081e-14,-8.756361980680081e-14,1.0,0.0,O12^(2)
4,z,3.725,0.1,I,-8.756361980680081e-14,-8.756361980680081e-14,1.0,0.0,O12^(2)
4,z,3.725,0.1,II,-8.756361980680081e-14,-7.631775012281273e-14,0.871569154989243,-0.12843084501075697,O12^(2)
4,z,3.725,0.1,III-a,-8.756361980680081e-14,-8.756361980680081e-14,1.0,0.0,O12^(2)
4,z,3.725,0.1,III-b,-8.756361980680081e-14,-8.765201800974623e-14,1.0010095311630614,0.0010095311630613502,O12^(2)
4,z,3.75,0.1,vis,-7.692596997915144e-14,-7.692596997915144e-14,1.0,0.0,O12^(2)
4,z,3.75,0.1,I,-7.692596997915144e-14,-7.692596997915144e-14,1.0,0.0,O12^(2)
4,z,3.75,0.1,II,-7.692596997915144e-14,-6.70463026514569e-14,0.871569154989243,-0.12843084501075697,O12^(2)
4,z,3.75,0.1,III-a,-7.692596997915144e-14,-7.692596997915144e-14,1.0,0.0,O12^(2)
4,z,3.75,0.1,III-b,-7.692596997915144e-14,-7.700362914581224e-14,1.0010095311983955,0.0010095311983955302,O12^(2)
4,z,3.7750000000000004,0.1,vis,-6.732403216789884e-14,-6.732403216789884e-14,1.0,0.0,O12^(2)
4,z,3.7750000000000004,0.1,I,-6.732403216789884e-14,-6.732403216789884e-14,1.0,0.0,O12^(2)
4,z,3.7750000000000004,0.1,II,-6.732403216789884e-14,-5.867754982704421e-14,0.871569154989243,-0.12843084501075697,O12^(2)
4,z,3.7750000000000004,0.1,III-a,-6.732403216789884e-14,-6.732403216789884e-14,1.0,0.0,O12^(2)
4,z,3.7750000000000004,0.1,III-b,-6.732403216789884e-14,-6.739199788100925e-14,1.0010095312315952,0.0010095312315951954,O12^(2)
4,z,3.8000000000000003,0.1,vis,-5.873563865953886e-14,-5.873563865953886e-14,1.0,0.0,O12^(2)
4,z,3.8000000000000003,0.1,I,-5.873563865953886e-14,-5.873563865953886e-14,1.0,0.0,O12^(2)
4,z,3.8000000000000003,0.1,II,-5.873563865953886e-14,-5.11921709542478e-14,0.871569154989243,-0.12843084501075697,O12^(2)
4,z,3.8000000000000003,0.1,III-a,-5.873563865953886e-14,-5.873563865953886e-14,1.0,0.0,O12^(2)
4,z,3.8000000000000003,0.1,III-b,-5.873563865953886e-14,-5.879493412300581e-14,1.0010095312627936,0.0010095312627935726,O12^(2)
4,z,3.825,0.1,vis,-5.113862174056627e-14,-5.113862174056627e-14,1.0,0.0,O12^(2)
4,z,3.825,0.1,I,-5.113862174056627e-14,-5.113862174056627e-14,1.0,0.0,O12^(2)
4,z,3.825,0.1,II,-5.113862174056627e-14,-4.457084533773988e-14,0.871569154989243,-0.12843084501075697,O12^(2)
4,z,3.825,0.1,III-a,-5.113862174056627e-14,-5.113862174056627e-14,1.0,0.0,O12^(2)
4,z,3.825,0.1,III-b,-5.113862174056627e-14,-5.1190247779448665e-14,1.0010095312921083,0.0010095312921083455,O12^(2)
4,z,3.85,0.1,vis,-4.4510813697476535e-14,-4.4510813697476535e-14,1.0,0.0,O12^(2)
4,z,3.85,0.1,I,-4.4510813697476535e-14,-4.4510813697476535e-14,1.0,0.0,O12^(2)
4,z,3.85,0.1,II,-4.4510813697476535e-14,-3.879425228219325e-14,0.871569154989243,-0.12843084501075697,O12^(2)
4,z,3.85,0.1,III-a,-4.4510813697476535e-14,-4.4510813697476535e-14,1.0,0.0,O12^(2)
4,z,3.85,0.1,III-b,-4.4510813697476535e-14,-4.455574875796756e-14,1.0010095313196572,0.0010095313196571976,O12^(2)
4,z,3.875,0.1,vis,-3.883004681676447e-14,-3.883004681676447e-14,1.0,0.0,O12^(2)
4,z,3.875,0.1,I,-3.883004681676447e-14,-3.883004681676447e-14,1.0,0.0,O12^(2)
4,z,3.875,0.1,II,-3.883004681676447e-14,-3.3843071092280154e-14,0.871569154989243,-0.12843084501075697,O12^(2)
4,z,3.875,0.1,III-a,-3.883004681676447e-14,-3.883004681676447e-14,1.0,0.0,O12^(2)
4,z,3.875,0.1,III-b,-3.883004681676447e-14,-3.8869246966174925e-14,1.0010095313455438,0.0010095313455438237,O12^(2)
4,z,3.9000000000000004,0.1,vis,-3.407415338492482e-14,-3.407415338492482e-14,1.0,0.0,O12^(2)
4,z,3.9000000000000004,0.1,I,-3.407415338492482e-14,-3.407415338492482e-14,1.0,0.0,O12^(2)
4,z,3.9000000000000004,0.1,II,-3.407415338492482e-14,-2.969798107267278e-14,0.871569154989243,-0.12843084501075697,O12^(2)
4,z,3.9000000000000004,0.1,III-a,-3.407415338492482e-14,-3.407415338492482e-14,1.0,0.0,O12^(2)
4,z,3.9000000000000004,0.1,III-b,-3.407415338492482e-14,-3.410855231166873e-14,1.001009531369872,0.0010095313698719188,O12^(2)
4,z,3.9250000000000003,0.1,vis,-3.0220965688453774e-14,-3.0220965688453774e-14,1.0,0.0,O12^(2)
4,z,3.9250000000000003,0.1,I,-3.0220965688453774e-14,-3.0220965688453774e-14,1.0,0.0,O12^(2)
4,z,3.9250000000000003,0.1,II,-3.0220965688453774e-14,-2.6339661528044563e-14,0.871569154989243,-0.12843084501075697,O12^(2)
4,z,3.9250000000000003,0.1,III-a,-3.0220965688453774e-14,-3.0220965688453774e-14,1.0,0.0,O12^(2)
4,z,3.9250000000000003,0.1,III-b,-3.0220965688453774e-14,-3.0251474702034965e-14,1.0010095313927327,0.0010095313927327432,O12^(2)
4,z,3.95,0.1,vis,-2.724831601384549e-14,-2.724831601384549e-14,1.0,0.0,O12^(2)
4,z,3.95,0.1,I,-2.724831601384549e-14,-2.724831601384549e-14,1.0,0.0,O12^(2)
4,z,3.95,0.1,II,-2.724831601384549e-14,-2.3748791763067173e-14,0.871569154989243,-0.12843084501075697,O12^(2)
4,z,3.95,0.1,III-a,-2.724831601384549e-14,-2.724831601384549e-14,1.0,0.0,O12^(2)
4,z,3.95,0.1,III-b,-2.724831601384549e-14,-2.7275824044846006e-14,1.001009531414218,0.0010095314142180012,O12^(2)
4,z,3.975,0.1,vis,-2.513403664759603e-14,-2.513403664759603e-14,1.0,0.0,O12^(2)
4,z,3.975,0.1,I,-2.513403664759603e-14,-2.513403664759603e-14,1.0,0.0,O12^(2)
4,z,3.975,0.1,II,-2.513403664759603e-14,-2.190605108241394e-14,0.871569154989243,-0.12843084501075697,O12^(2)
4,z,3.975,0.1,III-a,-2.513403664759603e-14,-2.513403664759603e-14,1.0,0.0,O12^(2)
4,z,3.975,0.1,III-b,-2.513403664759603e-14,-2.515941024766535e-14,1.0010095314344083,0.001009531434408295,O12^(2)
4,z,4.0,0.1,vis,-2.3855959876199682e-14,-2.3855959876199682e-14,1.0,0.0,O12^(2)
4,z,4.0,0.1,I,-2.3855959876199682e-14,-2.3855959876199682e-14,1.0,0.0,O12^(2)
4,z,4.0,0.1,II,-2.3855959876199682e-14,-2.0792118790756645e-14,0.871569154989243,-0.12843084501075697,O12^(2)
4,z,4.0,0.1,III-a,-2.3855959876199682e-14,-2.3855959876199682e-14,1.0,0.0,O12^(2)
4,z,4.0,0.1,III-b,-2.3855959876199682e-14,-2.3880043218045376e-14,1.0010095314533842,0.001009531453384227,O12^(2)
4,z,4.025,0.1,vis,-2.299882416445309e-14,-2.299882416445309e-14,1.0,0.0,O12^(2)
4,z,4.025,0.1,I,-2.299882416445309e-14,-2.299882416445309e-14,1.0,0.0,O12^(2)
4,z,4.025,0.1,II,-2.299882416445309e-14,-2.0045065742758563e-14,0.871569154989243,-0.12843084501075697,O12^(2)
4,z,4.025,0.1,III-a,-2.299882416445309e-14,-2.299882416445309e-14,1.0,0.0,O12^(2)
4,z,4.025,0.1,III-b,-2.299882416445309e-14,-2.3022042201248096e-14,1.001009531471217,0.0010095314712170733,O12^(2)
4,z,4.050000000000001,0.1,vis,-2.216218801613364e-14,-2.216218801613364e-14,1.0,0.0,O12^(2)
4,z,4.050000000000001,0.1,I,-2.216218801613364e-14,-2.216218801613364e-14,1.0,0.0,O12^(2)
4,z,4.050000000000001,0.1,II,-2.216218801613364e-14,-1.9315879481934325e-14,0.871569154989243,-0.12843084501075697,O12^(2)
4,z,4.050000000000001,0.1,III-a,-2.216218801613364e-14,-2.216218801613364e-14,1.0,0.0,O12^(2)
4,z,4.050000000000001,0.1,III-b,-2.216218801613364e-14,-2.218456144277841e-14,1.0010095314879779,0.0010095314879778883,O12^(2)
4,z,4.075,0.1,vis,-2.134611377620809e-14,-2.134611377620809e-14,1.0,0.0,O12^(2)
4,z,4.075,0.1,I,-2.134611377620809e-14,-2.134611377620809e-14,1.0,0.0,O12^(2)
4,z,4.075,0.1,II,-2.134611377620809e-14,-1.8604614346233923e-14,0.871569154989243,-0.12843084501075697,O12^(2)
4,z,4.075,0.1,III-a,-2.134611377620809e-14,-2.134611377620809e-14,1.0,0.0,O12^(2)
4,z,4.075,0.1,III-b,-2.134611377620809e-14,-2.1367663350547366e-14,1.0010095315037295,0.0010095315037295105,O12^(2)
4,z,4.1,0.1,vis,-2.0550663789643142e-14,-2.0550663789643142e-14,1.0,0.0,O12^(2)
4,z,4.1,0.1,I,-2.0550663789643142e-14,-2.0550663789643142e-14,1.0,0.0,O12^(2)
4,z,4.1,0.1,II,-2.0550663789643142e-14,-1.791132467360731e-14,0.871569154989243,-0.12843084501075697,O12^(2)
4,z,4.1,0.1,III-a,-2.0550663789643142e-14,-2.0550663789643142e-14,1.0,0.0,O12^(2)
4,z,4.1,0.1,III-b,-2.0550663789643142e-14,-2.05714103324656e-14,1.0010095315185348,0.0010095315185347786,O12^(2)
4,z,4.125,0.1,vis,-1.9775900401405512e-14,-1.9775900401405512e-14,1.0,0.0,O12^(2)
4,z,4.125,0.1,I,-1.9775900401405512e-14,-1.9775900401405512e-14,1.0,0.0,O12^(2)
4,z,4.125,0.1,II,-1.9775900401405512e-14,-1.7236064802004435e-14,0.871569154989243,-0.12843084501075697,O12^(2)
4,z,4.125,0.1,III-a,-1.9775900401405512e-14,-1.9775900401405512e-14,1.0,0.0,O12^(2)
4,z,4.125,0.1,III-b,-1.9775900401405512e-14,-1.9795864796443305e-14,1.0010095315324492,0.0010095315324492038,O12^(2)
4,z,4.15,0.1,vis,-1.9021885956461967e-14,-1.9021885956461967e-14,1.0,0.0,O12^(2)
4,z,4.15,0.1,I,-1.9021885956461967e-14,-1.9021885956461967e-14,1.0,0.0,O12^(2)
4,z,4.15,0.1,II,-1.9021885956461967e-14,-1.6578889069375304e-14,0.871569154989243,-0.12843084501075697,O12^(2)
4,z,4.15,0.1,III-a,-1.9021885956461967e-14,-1.9021885956461967e-14,1.0,0.0,O12^(2)
4,z,4.15,0.1,III-b,-1.9021885956461967e-14,-1.904108915039045e-14,1.0010095315455279,0.001009531545527853,O12^(2)
4,z,4.175000000000001,0.1,vis,-1.8288682799779233e-14,-1.8288682799779233e-14,1.0,0.0,O12^(2)
4,z,4.175000000000001,0.1,I,-1.8288682799779233e-14,-1.8288682799779233e-14,1.0,0.0,O12^(2)
4,z,4.175000000000001,0.1,II,-1.8288682799779233e-14,-1.593985181366989e-14,0.871569154989243,-0.12843084501075697,O12^(2)
4,z,4.175000000000001,0.1,III-a,-1.8288682799779233e-14,-1.8288682799779233e-14,1.0,0.0,O12^(2)
4,z,4.175000000000001,0.1,III-b,-1.8288682799779233e-14,-1.8307145802216566e-14,1.0010095315578198,0.0010095315578197983,O12^(2)
4,z,4.2,0.1,vis,-1.7576353276324075e-14,-1.7576353276324075e-14,1.0,0.0,O12^(2)
4,z,4.2,0.1,I,-1.7576353276324075e-14,-1.7576353276324075e-14,1.0,0.0,O12^(2)
4,z,4.2,0.1,II,-1.7576353276324075e-14,-1.5319007372838188e-14,0.871569154989243,-0.12843084501075697,O12^(2)
4,z,4.2,0.1,III-a,-1.7576353276324075e-14,-1.7576353276324075e-14,1.0,0.0,O12^(2)
4,z,4.2,0.1,III-b,-1.7576353276324075e-14,-1.7594097159830993e-14,1.001009531569374,0.0010095315693738893,O12^(2)
4,z,4.225,0.1,vis,-1.6884959731063203e-14,-1.6884959731063203e-14,1.0,0.0,O12^(2)
4,z,4.225,0.1,I,-1.6884959731063203e-14,-1.6884959731063203e-14,1.0,0.0,O12^(2)
4,z,4.225,0.1,II,-1.6884959731063203e-14,-1.4716410084830153e-14,0.871569154989243,-0.12843084501075697,O12^(2)
4,z,4.225,0.1,III-a,-1.6884959731063203e-14,-1.6884959731063203e-14,1.0,0.0,O12^(2)
4,z,4.225,0.1,III-b,-1.6884959731063203e-14,-1.690200563114268e-14,1.0010095315802334,0.0010095315802334248,O12^(2)
4,z,4.25,0.1,vis,-1.6214564508963328e-14,-1.6214564508963328e-14,1.0,0.0,O12^(2)
4,z,4.25,0.1,I,-1.6214564508963328e-14,-1.6214564508963328e-14,1.0,0.0,O12^(2)
4,z,4.25,0.1,II,-1.6214564508963328e-14,-1.4132114287595738e-14,0.871569154989243,-0.12843084501075697,O12^(2)
4,z,4.25,0.1,III-a,-1.6214564508963328e-14,-1.6214564508963328e-14,1.0,0.0,O12^(2)
4,z,4.25,0.1,III-b,-1.6214564508963328e-14,-1.6230933624060374e-14,1.0010095315904413,0.0010095315904412594,O12^(2)
4,z,4.275,0.1,vis,-1.5565229954991214e-14,-1.5565229954991214e-14,1.0,0.0,O12^(2)
4,z,4.275,0.1,I,-1.5565229954991214e-14,-1.5565229954991214e-14,1.0,0.0,O12^(2)
4,z,4.275,0.1,II,-1.5565229954991214e-14,-1.3566174319084945e-14,0.871569154989243,-0.12843084501075697,O12^(2)
4,z,4.275,0.1,III-a,-1.5565229954991214e-14,-1.5565229954991214e-14,1.0,0.0,O12^(2)
4,z,4.275,0.1,III-b,-1.5565229954991214e-14,-1.5580943546492602e-14,1.0010095316000358,0.0010095316000358068,O12^(2)
4,z,4.300000000000001,0.1,vis,-1.493701841411359e-14,-1.493701841411359e-14,1.0,0.0,O12^(2)
4,z,4.300000000000001,0.1,I,-1.493701841411359e-14,-1.493701841411359e-14,1.0,0.0,O12^(2)
4,z,4.300000000000001,0.1,II,-1.493701841411359e-14,-1.3018644517247745e-14,0.871569154989243,-0.12843084501075697,O12^(2)
4,z,4.300000000000001,0.1,III-a,-1.493701841411359e-14,-1.493701841411359e-14,1.0,0.0,O12^(2)
4,z,4.300000000000001,0.1,III-b,-1.493701841411359e-14,-1.495209780634767e-14,1.0010095316090546,0.0010095316090545925,O12^(2)
4,z,4.325,0.1,vis,-1.432999223129722e-14,-1.432999223129722e-14,1.0,0.0,O12^(2)
4,z,4.325,0.1,I,-1.432999223129722e-14,-1.432999223129722e-14,1.0,0.0,O12^(2)
4,z,4.325,0.1,II,-1.432999223129722e-14,-1.2489579220034135e-14,0.871569154989243,-0.12843084501075697,O12^(2)
4,z,4.325,0.1,III-a,-1.432999223129722e-14,-1.432999223129722e-14,1.0,0.0,O12^(2)
4,z,4.325,0.1,III-b,-1.432999223129722e-14,-1.43444588115337e-14,1.0010095316175318,0.0010095316175318114,O12^(2)
4,z,4.35,0.1,vis,-1.374421375150881e-14,-1.374421375150881e-14,1.0,0.0,O12^(2)
4,z,4.35,0.1,I,-1.374421375150881e-14,-1.374421375150881e-14,1.0,0.0,O12^(2)
4,z,4.35,0.1,II,-1.374421375150881e-14,-1.1979032765394067e-14,0.871569154989243,-0.12843084501075697,O12^(2)
4,z,4.35,0.1,III-a,-1.374421375150881e-14,-1.374421375150881e-14,1.0,0.0,O12^(2)
4,z,4.35,0.1,III-b,-1.374421375150881e-14,-1.3758088969958602e-14,1.0010095316255008,0.0010095316255007702,O12^(2)
4,z,4.375,0.1,vis,-1.3179745319715081e-14,-1.3179745319715081e-14,1.0,0.0,O12^(2)
4,z,4.375,0.1,I,-1.3179745319715081e-14,-1.3179745319715081e-14,1.0,0.0,O12^(2)
4,z,4.375,0.1,II,-1.3179745319715081e-14,-1.1487059491277504e-14,0.871569154989243,-0.12843084501075697,O12^(2)
4,z,4.375,0.1,III-a,-1.3179745319715081e-14,-1.3179745319715081e-14,1.0,0.0,O12^(2)
4,z,4.375,0.1,III-b,-1.3179745319715081e-14,-1.3193050689530102e-14,1.0010095316329912,0.001009531632991223,O12^(2)
4,z,4.4,0.1,vis,-1.2636649280882788e-14,-1.2636649280882788e-14,1.0,0.0,O12^(2)
4,z,4.4,0.1,I,-1.2636649280882788e-14,-1.2636649280882788e-14,1.0,0.0,O12^(2)
4,z,4.4,0.1,II,-1.2636649280882788e-14,-1.1013713735634438e-14,0.871569154989243,-0.12843084501075697,O12^(2)
4,z,4.4,0.1,III-a,-1.2636649280882788e-14,-1.2636649280882788e-14,1.0,0.0,O12^(2)
4,z,4.4,0.1,III-b,-1.2636649280882788e-14,-1.2649406378155835e-14,1.0010095316400327,0.0010095316400327015,O12^(2)
4,z,4.425000000000001,0.1,vis,-1.2114987979978669e-14,-1.2114987979978669e-14,1.0,0.0,O12^(2)
4,z,4.425000000000001,0.1,I,-1.2114987979978669e-14,-1.2114987979978669e-14,1.0,0.0,O12^(2)
4,z,4.425000000000001,0.1,II,-1.2114987979978669e-14,-1.0559049836414845e-14,0.871569154989243,-0.12843084501075697,O12^(2)
4,z,4.425000000000001,0.1,III-a,-1.2114987979978669e-14,-1.2114987979978669e-14,1.0,0.0,O12^(2)
4,z,4.425000000000001,0.1,III-b,-1.2114987979978669e-14,-1.2127218443743262e-14,1.0010095316466516,0.001009531646651629,O12^(2)
4,z,4.45,0.1,vis,-1.1614823761969475e-14,-1.1614823761969475e-14,1.0,0.0,O12^(2)
4,z,4.45,0.1,I,-1.1614823761969475e-14,-1.1614823761969475e-14,1.0,0.0,O12^(2)
4,z,4.45,0.1,II,-1.1614823761969475e-14,-1.0123122131568716e-14,0.871569154989243,-0.12843084501075697,O12^(2)
4,z,4.45,0.1,III-a,-1.1614823761969475e-14,-1.1614823761969475e-14,1.0,0.0,O12^(2)
4,z,4.45,0.1,III-b,-1.1614823761969475e-14,-1.1626549294199736e-14,1.001009531652874,0.001009531652873985,O12^(2)
4,z,4.475,0.1,vis,-1.1136218971821921e-14,-1.1136218971821921e-14,1.0,0.0,O12^(2)
4,z,4.475,0.1,I,-1.1136218971821921e-14,-1.1136218971821921e-14,1.0,0.0,O12^(2)
4,z,4.475,0.1,II,-1.1136218971821921e-14,-9.705984959046009e-15,0.871569154989243,-0.12843084501075697,O12^(2)
4,z,4.475,0.1,III-a,-1.1136218971821921e-14,-1.1136218971821921e-14,1.0,0.0,O12^(2)
4,z,4.475,0.1,III-b,-1.1136218971821921e-14,-1.1147461337432445e-14,1.0010095316587229,0.001009531658722862,O12^(2)
4,z,4.5,0.1,vis,-1.0679235954502732e-14,-1.0679235954502732e-14,1.0,0.0,O12^(2)
4,z,4.5,0.1,I,-1.0679235954502732e-14,-1.0679235954502732e-14,1.0,0.0,O12^(2)
4,z,4.5,0.1,II,-1.0679235954502732e-14,-9.307692656796687e-15,0.871569154989243,-0.12843084501075697,O12^(2)
4,z,4.5,0.1,III-a,-1.0679235954502732e-14,-1.0679235954502732e-14,1.0,0.0,O12^(2)
4,z,4.5,0.1,III-b,-1.0679235954502732e-14,-1.0690016981348493e-14,1.0010095316642214,0.0010095316642213525,O12^(2)
4,z,4.525,0.1,vis,-1.0243937054978658e-14,-1.0243937054978658e-14,1.0,0.0,O12^(2)
4,z,4.525,0.1,I,-1.0243937054978658e-14,-1.0243937054978658e-14,1.0,0.0,O12^(2)
4,z,4.525,0.1,II,-1.0243937054978658e-14,-8.928299562770744e-15,0.871569154989243,-0.12843084501075697,O12^(2)
4,z,4.525,0.1,III-a,-1.0243937054978658e-14,-1.0243937054978658e-14,1.0,0.0,O12^(2)
4,z,4.525,0.1,III-b,-1.0243937054978658e-14,-1.0254278633854897e-14,1.00100953166939,0.0010095316693901069,O12^(2)
4,z,4.550000000000001,0.1,vis,-9.830384618216429e-15,-9.830384618216429e-15,1.0,0.0,O12^(2)
4,z,4.550000000000001,0.1,I,-9.830384618216429e-15,-9.830384618216429e-15,1.0,0.0,O12^(2)
4,z,4.550000000000001,0.1,II,-9.830384618216429e-15,-8.567860014918146e-15,0.871569154989243,-0.12843084501075697,O12^(2)
4,z,4.550000000000001,0.1,III-a,-9.830384618216429e-15,-9.830384618216429e-15,1.0,0.0,O12^(2)
4,z,4.550000000000001,0.1,III-b,-9.830384618216429e-15,-9.840308702858572e-15,1.0010095316742493,0.001009531674249331,O12^(2)
4,z,4.575,0.1,vis,-9.438640989182804e-15,-9.438640989182804e-15,1.0,0.0,O12^(2)
4,z,4.575,0.1,I,-9.438640989182804e-15,-9.438640989182804e-15,1.0,0.0,O12^(2)
4,z,4.575,0.1,II,-9.438640989182804e-15,-8.226428351188888e-15,0.871569154989243,-0.12843084501075697,O12^(2)
4,z,4.575,0.1,III-a,-9.438640989182804e-15,-9.438640989182804e-15,1.0,0.0,O12^(2)
4,z,4.575,0.1,III-b,-9.438640989182804e-15,-9.448169596266367e-15,1.0010095316788172,0.0010095316788172326,O12^(2)
4,z,4.6,0.1,vis,-9.068768512844497e-15,-9.068768512844497e-15,1.0,0.0,O12^(2)
4,z,4.6,0.1,I,-9.068768512844497e-15,-9.068768512844497e-15,1.0,0.0,O12^(2)
4,z,4.6,0.1,II,-9.068768512844497e-15,-7.904058909532932e-15,0.871569154989243,-0.12843084501075697,O12^(2)
4,z,4.6,0.1,III-a,-9.068768512844497e-15,-9.068768512844497e-15,1.0,0.0,O12^(2)
4,z,4.6,0.1,III-b,-9.068768512844497e-15,-9.077923721985018e-15,1.0010095316831116,0.0010095316831115753,O12^(2)
4,z,4.625,0.1,vis,-8.720829534168237e-15,-8.720829534168237e-15,1.0,0.0,O12^(2)
4,z,4.625,0.1,I,-8.720829534168237e-15,-8.720829534168237e-15,1.0,0.0,O12^(2)
4,z,4.625,0.1,II,-8.720829534168237e-15,-7.600806027900244e-15,0.871569154989243,-0.12843084501075697,O12^(2)
4,z,4.625,0.1,III-a,-8.720829534168237e-15,-8.720829534168237e-15,1.0,0.0,O12^(2)
4,z,4.625,0.1,III-b,-8.720829534168237e-15,-8.729633487921201e-15,1.0010095316871486,0.0010095316871485682,O12^(2)
4,z,4.65,0.1,vis,-8.39488639812077e-15,-8.39488639812077e-15,1.0,0.0,O12^(2)
4,z,4.65,0.1,I,-8.39488639812077e-15,-8.39488639812077e-15,1.0,0.0,O12^(2)
4,z,4.65,0.1,II,-8.39488639812077e-15,-7.31672404424081e-15,0.871569154989243,-0.12843084501075697,O12^(2)
4,z,4.65,0.1,III-a,-8.39488639812077e-15,-8.39488639812077e-15,1.0,0.0,O12^(2)
4,z,4.65,0.1,III-b,-8.39488639812077e-15,-8.403361301981548e-15,1.001009531690944,0.0010095316909439767,O12^(2)
4,z,4.675000000000001,0.1,vis,-8.091001449668828e-15,-8.091001449668828e-15,1.0,0.0,O12^(2)
4,z,4.675000000000001,0.1,I,-8.091001449668828e-15,-8.091001449668828e-15,1.0,0.0,O12^(2)
4,z,4.675000000000001,0.1,II,-8.091001449668828e-15,-7.051867296504601e-15,0.871569154989243,-0.12843084501075697,O12^(2)
4,z,4.675000000000001,0.1,III-a,-8.091001449668828e-15,-8.091001449668828e-15,1.0,0.0,O12^(2)
4,z,4.675000000000001,0.1,III-b,-8.091001449668828e-15,-8.099169572072608e-15,1.0010095316945116,0.0010095316945115673,O12^(2)
4,z,4.7,0.1,vis,-7.809237033779163e-15,-7.809237033779163e-15,1.0,0.0,O12^(2)
4,z,4.7,0.1,I,-7.809237033779163e-15,-7.809237033779163e-15,1.0,0.0,O12^(2)
4,z,4.7,0.1,II,-7.809237033779163e-15,-6.8062901226416084e-15,0.871569154989243,-0.12843084501075697,O12^(2)
4,z,4.7,0.1,III-a,-7.809237033779163e-15,-7.809237033779163e-15,1.0,0.0,O12^(2)
4,z,4.7,0.1,III-b,-7.809237033779163e-15,-7.817120706100912e-15,1.001009531697866,0.0010095316978659952,O12^(2)
4,z,4.725,0.1,vis,-7.549655495418494e-15,-7.549655495418494e-15,1.0,0.0,O12^(2)
4,z,4.725,0.1,I,-7.549655495418494e-15,-7.549655495418494e-15,1.0,0.0,O12^(2)
4,z,4.725,0.1,II,-7.549655495418494e-15,-6.580046860601791e-15,0.871569154989243,-0.12843084501075697,O12^(2)
4,z,4.725,0.1,III-a,-7.549655495418494e-15,-7.549655495418494e-15,1.0,0.0,O12^(2)
4,z,4.725,0.1,III-b,-7.549655495418494e-15,-7.557277111972893e-15,1.0010095317010193,0.0010095317010192506,O12^(2)
4,z,4.75,0.1,vis,-7.312319179553555e-15,-7.312319179553555e-15,1.0,0.0,O12^(2)
4,z,4.75,0.1,I,-7.312319179553555e-15,-7.312319179553555e-15,1.0,0.0,O12^(2)
4,z,4.75,0.1,II,-7.312319179553555e-15,-6.3731918483351266e-15,0.871569154989243,-0.12843084501075697,O12^(2)
4,z,4.75,0.1,III-a,-7.312319179553555e-15,-7.312319179553555e-15,1.0,0.0,O12^(2)
4,z,4.75,0.1,III-b,-7.312319179553555e-15,-7.319701197594963e-15,1.0010095317039838,0.0010095317039837681,O12^(2)
4,z,4.775,0.1,vis,-7.097290431151084e-15,-7.097290431151084e-15,1.0,0.0,O12^(2)
4,z,4.775,0.1,I,-7.097290431151084e-15,-7.097290431151084e-15,1.0,0.0,O12^(2)
4,z,4.775,0.1,II,-7.097290431151084e-15,-6.185779423791591e-15,0.871569154989243,-0.12843084501075697,O12^(2)
4,z,4.775,0.1,III-a,-7.097290431151084e-15,-7.097290431151084e-15,1.0,0.0,O12^(2)
4,z,4.775,0.1,III-b,-7.097290431151084e-15,-7.1044553708734926e-15,1.0010095317067709,0.001009531706770872,O12^(2)
4,z,4.800000000000001,0.1,vis,-6.90463159517782e-15,-6.90463159517782e-15,1.0,0.0,O12^(2)
4,z,4.800000000000001,0.1,I,-6.90463159517782e-15,-6.90463159517782e-15,1.0,0.0,O12^(2)
4,z,4.800000000000001,0.1,II,-6.90463159517782e-15,-6.0178639249211624e-15,0.871569154989243,-0.12843084501075697,O12^(2)
4,z,4.800000000000001,0.1,III-a,-6.90463159517782e-15,-6.90463159517782e-15,1.0,0.0,O12^(2)
4,z,4.800000000000001,0.1,III-b,-6.90463159517782e-15,-6.911602039714815e-15,1.001009531709391,0.0010095317093909983,O12^(2)
4,z,4.825,0.1,vis,-6.734405016600508e-15,-6.734405016600508e-15,1.0,0.0,O12^(2)
4,z,4.825,0.1,I,-6.734405016600508e-15,-6.734405016600508e-15,1.0,0.0,O12^(2)
4,z,4.825,0.1,II,-6.734405016600508e-15,-5.869499689673824e-15,0.871569154989243,-0.12843084501075697,O12^(2)
4,z,4.825,0.1,III-a,-6.734405016600508e-15,-6.734405016600508e-15,1.0,0.0,O12^(2)
4,z,4.825,0.1,III-b,-6.734405016600508e-15,-6.741203612025236e-15,1.0010095317118541,0.0010095317118541391,O12^(2)
4,z,4.85,0.1,vis,-6.586673040385871e-15,-6.586673040385871e-15,1.0,0.0,O12^(2)
4,z,4.85,0.1,I,-6.586673040385871e-15,-6.586673040385871e-15,1.0,0.0,O12^(2)
4,z,4.85,0.1,II,-6.586673040385871e-15,-5.740741055999542e-15,0.871569154989243,-0.12843084501075697,O12^(2)
4,z,4.85,0.1,III-a,-6.586673040385871e-15,-6.586673040385871e-15,1.0,0.0,O12^(2)
4,z,4.85,0.1,III-b,-6.586673040385871e-15,-6.593322495711008e-15,1.0010095317141698,0.0010095317141698423,O12^(2)
4,z,4.875,0.1,vis,-6.461498011500646e-15,-6.461498011500646e-15,1.0,0.0,O12^(2)
4,z,4.875,0.1,I,-6.461498011500646e-15,-6.461498011500646e-15,1.0,0.0,O12^(2)
4,z,4.875,0.1,II,-6.461498011500646e-15,-5.631642361848292e-15,0.871569154989243,-0.12843084501075697,O12^(2)
4,z,4.875,0.1,III-a,-6.461498011500646e-15,-6.461498011500646e-15,1.0,0.0,O12^(2)
4,z,4.875,0.1,III-b,-6.461498011500646e-15,-6.4680210986783696e-15,1.001009531716347,0.0010095317163469897,O12^(2)
4,z,4.9,0.1,vis,-6.3589422749115635e-15,-6.3589422749115635e-15,1.0,0.0,O12^(2)
4,z,4.9,0.1,I,-6.3589422749115635e-15,-6.3589422749115635e-15,1.0,0.0,O12^(2)
4,z,4.9,0.1,II,-6.3589422749115635e-15,-5.542257945170046e-15,0.871569154989243,-0.12843084501075697,O12^(2)
4,z,4.9,0.1,III-a,-6.3589422749115635e-15,-6.3589422749115635e-15,1.0,0.0,O12^(2)
4,z,4.9,0.1,III-b,-6.3589422749115635e-15,-6.365361828833522e-15,1.0010095317183938,0.0010095317183937969,O12^(2)
4,z,4.925000000000001,0.1,vis,-6.279068175585369e-15,-6.279068175585369e-15,1.0,0.0,O12^(2)
4,z,4.925000000000001,0.1,I,-6.279068175585369e-15,-6.279068175585369e-15,1.0,0.0,O12^(2)
4,z,4.925000000000001,0.1,II,-6.279068175585369e-15,-5.472642143914788e-15,0.871569154989243,-0.12843084501075697,O12^(2)
4,z,4.925000000000001,0.1,III-a,-6.279068175585369e-15,-6.279068175585369e-15,1.0,0.0,O12^(2)
4,z,4.925000000000001,0.1,III-b,-6.279068175585369e-15,-6.28540709408266e-15,1.0010095317203178,0.0010095317203178134,O12^(2)
4,z,4.95,0.1,vis,-6.221938058488797e-15,-6.221938058488797e-15,1.0,0.0,O12^(2)
4,z,4.95,0.1,I,-6.221938058488797e-15,-6.221938058488797e-15,1.0,0.0,O12^(2)
4,z,4.95,0.1,II,-6.221938058488797e-15,-5.422849296032492e-15,0.871569154989243,-0.12843084501075697,O12^(2)
4,z,4.95,0.1,III-a,-6.221938058488797e-15,-6.221938058488797e-15,1.0,0.0,O12^(2)
4,z,4.95,0.1,III-b,-6.221938058488797e-15,-6.2282193023319495e-15,1.0010095317221268,0.0010095317221268107,O12^(2)
4,z,4.975,0.1,vis,-6.187614268588584e-15,-6.187614268588584e-15,1.0,0.0,O12^(2)
4,z,4.975,0.1,I,-6.187614268588584e-15,-6.187614268588584e-15,1.0,0.0,O12^(2)
4,z,4.975,0.1,II,-6.187614268588584e-15,-5.392933739473135e-15,0.871569154989243,-0.12843084501075697,O12^(2)
4,z,4.975,0.1,III-a,-6.187614268588584e-15,-6.187614268588584e-15,1.0,0.0,O12^(2)
4,z,4.975,0.1,III-b,-6.187614268588584e-15,-6.193860861487542e-15,1.0010095317238292,0.0010095317238292267,O12^(2)
4,z,5.0,0.1,vis,-6.176159150851459e-15,-6.176159150851459e-15,1.0,0.0,O12^(2)
4,z,5.0,0.1,I,-6.176159150851459e-15,-6.176159150851459e-15,1.0,0.0,O12^(2)
4,z,5.0,0.1,II,-6.176159150851459e-15,-5.382949812186687e-15,0.871569154989243,-0.12843084501075697,O12^(2)
4,z,5.0,0.1,III-a,-6.176159150851459e-15,-6.176159150851459e-15,1.0,0.0,O12^(2)
4,z,5.0,0.1,III-b,-6.176159150851459e-15,-6.1823941794555265e-15,1.0010095317254264,0.0010095317254263936,O12^(2)
5,theta,0.0,0.1,vis,2.499321436699612e-09,2.499321436699612e-09,1.0,0.0,O12^(2)
5,theta,0.0,0.1,I,2.499321436699612e-09,2.499321436699612e-09,1.0,0.0,O12^(2)
5,theta,0.0,0.1,II,2.499321436699612e-09,2.1783314726307818e-09,0.871569154989243,-0.12843084501075697,O12^(2)
5,theta,0.0,0.1,III-a,2.499321436699612e-09,2.499321436699612e-09,1.0,0.0,O12^(2)
5,theta,0.0,0.1,III-b,2.499321436699612e-09,2.501843109730974e-09,1.0010089430652394,0.0010089430652393538,O12^(2)
5,theta,0.025,0.1,vis,2.493706391453831e-09,2.493706391453831e-09,1.0,0.0,O12^(2)
5,theta,0.025,0.1,I,2.493706391453831e-09,2.493706391453831e-09,1.0,0.0,O12^(2)
5,theta,0.025,0.1,II,2.493706391453831e-09,2.17343757239069e-09,0.871569154989243,-0.12843084501075697,O12^(2)
5,theta,0.025,0.1,III-a,2.493706391453831e-09,2.493706391453831e-09,1.0,0.0,O12^(2)
5,theta,0.025,0.1,III-b,2.493706391453831e-09,2.4962226582225106e-09,1.0010090469260147,0.0010090469260146673,O12^(2)
5,theta,0.05,0.1,vis,2.488120662702754e-09,2.488120662702754e-09,1.0,0.0,O12^(2)
5,theta,0.05,0.1,I,2.488120662702754e-09,2.488120662702754e-09,1.0,0.0,O12^(2)
5,theta,0.05,0.1,II,2.488120662702754e-09,2.1685692235031144e-09,0.871569154989243,-0.12843084501075697,O12^(2)
5,theta,0.05,0.1,III-a,2.488120662702754e-09,2.488120662702754e-09,1.0,0.0,O12^(2)
5,theta,0.05,0.1,III-b,2.488120662702754e-09,2.490631509163426e-09,1.001009133720205,0.0010091337202049466,O12^(2)
5,theta,0.07500000000000001,0.1,vis,2.4825920482795582e-09,2.4825920482795582e-09,1.0,0.0,O12^(2)
5,theta,0.07500000000000001,0.1,I,2.4825920482795582e-09,2.4825920482795582e-09,1.0,0.0,O12^(2)
5,theta,0.07500000000000001,0.1,II,2.4825920482795582e-09,2.1637506537020285e-09,0.871569154989243,-0.12843084501075697,O12^(2)
5,theta,0.07500000000000001,0.1,III-a,2.4825920482795582e-09,2.4825920482795582e-09,1.0,0.0,O12^(2)
5,theta,0.07500000000000001,0.1,III-b,2.4825920482795582e-09,2.485097490580083e-09,1.0010092041913454,0.0010092041913454253,O12^(2)
5,theta,0.1,0.1,vis,2.477148346017423e-09,2.477148346017423e-09,1.0,0.0,O12^(2)
5,theta,0.1,0.1,I,2.477148346017423e-09,2.477148346017423e-09,1.0,0.0,O12^(2)
5,theta,0.1,0.1,II,2.477148346017423e-09,2.1590060907214063e-09,0.871569154989243,-0.12843084501075697,O12^(2)
5,theta,0.1,0.1,III-a,2.477148346017423e-09,2.477148346017423e-09,1.0,0.0,O12^(2)
5,theta,0.1,0.1,III-b,2.477148346017423e-09,2.4796484381363297e-09,1.0010092621715314,0.001009262171531411,O12^(2)
5,theta,0.125,0.1,vis,2.4718173537495248e-09,2.4718173537495248e-09,1.0,0.0,O12^(2)
5,theta,0.125,0.1,I,2.4718173537495248e-09,2.4718173537495248e-09,1.0,0.0,O12^(2)
5,theta,0.125,0.1,II,2.4718173537495248e-09,2.15435976229522e-09,0.871569154989243,-0.12843084501075697,O12^(2)
5,theta,0.125,0.1,III-a,2.4718173537495248e-09,2.4718173537495248e-09,1.0,0.0,O12^(2)
5,theta,0.125,0.1,III-b,2.4718173537495248e-09,2.474312183029803e-09,1.0010093097196255,0.0010093097196255396,O12^(2)
5,theta,0.15000000000000002,0.1,vis,2.466626869309042e-09,2.466626869309042e-09,1.0,0.0,O12^(2)
5,theta,0.15000000000000002,0.1,I,2.466626869309042e-09,2.466626869309042e-09,1.0,0.0,O12^(2)
5,theta,0.15000000000000002,0.1,II,2.466626869309042e-09,2.1498358961574437e-09,0.871569154989243,-0.12843084501075697,O12^(2)
5,theta,0.15000000000000002,0.1,III-a,2.466626869309042e-09,2.466626869309042e-09,1.0,0.0,O12^(2)
5,theta,0.15000000000000002,0.1,III-b,2.466626869309042e-09,2.469116556363001e-09,1.001009348874342,0.0010093488743418977,O12^(2)
5,theta,0.17500000000000002,0.1,vis,2.461604690529153e-09,2.461604690529153e-09,1.0,0.0,O12^(2)
5,theta,0.17500000000000002,0.1,I,2.461604690529153e-09,2.461604690529153e-09,1.0,0.0,O12^(2)
5,theta,0.17500000000000002,0.1,II,2.461604690529153e-09,2.1454587200420512e-09,0.871569154989243,-0.12843084501075697,O12^(2)
5,theta,0.17500000000000002,0.1,III-a,2.461604690529153e-09,2.461604690529153e-09,1.0,0.0,O12^(2)
5,theta,0.17500000000000002,0.1,III-b,2.461604690529153e-09,2.4640893875663915e-09,1.0010093810134495,0.0010093810134494952,O12^(2)
5,theta,0.2,0.1,vis,2.456778615243035e-09,2.456778615243035e-09,1.0,0.0,O12^(2)
5,theta,0.2,0.1,I,2.456778615243035e-09,2.456778615243035e-09,1.0,0.0,O12^(2)
5,theta,0.2,0.1,II,2.456778615243035e-09,2.1412524616830148e-09,0.871569154989243,-0.12843084501075697,O12^(2)
5,theta,0.2,0.1,III-a,2.456778615243035e-09,2.456778615243035e-09,1.0,0.0,O12^(2)
5,theta,0.2,0.1,III-b,2.456778615243035e-09,2.4592585060069145e-09,1.001009407501552,0.0010094075015520954,O12^(2)
5,theta,0.225,0.1,vis,2.452176441283867e-09,2.452176441283867e-09,1.0,0.0,O12^(2)
5,theta,0.225,0.1,I,2.452176441283867e-09,2.452176441283867e-09,1.0,0.0,O12^(2)
5,theta,0.225,0.1,II,2.452176441283867e-09,2.137241348814309e-09,0.871569154989243,-0.12843084501075697,O12^(2)
5,theta,0.225,0.1,III-a,2.452176441283867e-09,2.452176441283867e-09,1.0,0.0,O12^(2)
5,theta,0.225,0.1,III-b,2.452176441283867e-09,2.4546517399405186e-09,1.0010094292625027,0.0010094292625026924,O12^(2)
5,theta,0.25,0.1,vis,2.4478259664848255e-09,2.4478259664848255e-09,1.0,0.0,O12^(2)
5,theta,0.25,0.1,I,2.4478259664848255e-09,2.4478259664848255e-09,1.0,0.0,O12^(2)
5,theta,0.25,0.1,II,2.4478259664848255e-09,2.1334496091699065e-09,0.871569154989243,-0.12843084501075697,O12^(2)
5,theta,0.25,0.1,III-a,2.4478259664848255e-09,2.4478259664848255e-09,1.0,0.0,O12^(2)
5,theta,0.25,0.1,III-b,2.4478259664848255e-09,2.4502969175812346e-09,1.001009447211624,0.0010094472116239928,O12^(2)
5,theta,0.275,0.1,vis,2.4437549886790894e-09,2.4437549886790894e-09,1.0,0.0,O12^(2)
5,theta,0.275,0.1,I,2.4437549886790894e-09,2.4437549886790894e-09,1.0,0.0,O12^(2)
5,theta,0.275,0.1,II,2.4437549886790894e-09,2.129901470483781e-09,0.871569154989243,-0.12843084501075697,O12^(2)
5,theta,0.275,0.1,III-a,2.4437549886790894e-09,2.4437549886790894e-09,1.0,0.0,O12^(2)
5,theta,0.275,0.1,III-b,2.4437549886790894e-09,2.4462218664032786e-09,1.00100946196964,0.0010094619696399132,O12^(2)
5,theta,0.30000000000000004,0.1,vis,2.439991305699837e-09,2.439991305699837e-09,1.0,0.0,O12^(2)
5,theta,0.30000000000000004,0.1,I,2.439991305699837e-09,2.439991305699837e-09,1.0,0.0,O12^(2)
5,theta,0.30000000000000004,0.1,II,2.439991305699837e-09,2.1266211604899064e-09,0.871569154989243,-0.12843084501075697,O12^(2)
5,theta,0.30000000000000004,0.1,III-a,2.439991305699837e-09,2.439991305699837e-09,1.0,0.0,O12^(2)
5,theta,0.30000000000000004,0.1,III-b,2.439991305699837e-09,2.4424544138535e-09,1.0010094741517763,0.001009474151776324,O12^(2)
5,theta,0.325,0.1,vis,2.436562715380244e-09,2.436562715380244e-09,1.0,0.0,O12^(2)
5,theta,0.325,0.1,I,2.436562715380244e-09,2.436562715380244e-09,1.0,0.0,O12^(2)
5,theta,0.325,0.1,II,2.436562715380244e-09,2.123632906922255e-09,0.871569154989243,-0.12843084501075697,O12^(2)
5,theta,0.325,0.1,III-a,2.436562715380244e-09,2.436562715380244e-09,1.0,0.0,O12^(2)
5,theta,0.325,0.1,III-b,2.436562715380244e-09,2.4390223868850184e-09,1.001009484175904,0.001009484175904074,O12^(2)
5,theta,0.35000000000000003,0.1,vis,2.433497015553491e-09,2.433497015553491e-09,1.0,0.0,O12^(2)
5,theta,0.35000000000000003,0.1,I,2.433497015553491e-09,2.433497015553491e-09,1.0,0.0,O12^(2)
5,theta,0.35000000000000003,0.1,II,2.433497015553491e-09,2.120960937514801e-09,0.871569154989243,-0.12843084501075697,O12^(2)
5,theta,0.35000000000000003,0.1,III-a,2.433497015553491e-09,2.433497015553491e-09,1.0,0.0,O12^(2)
5,theta,0.35000000000000003,0.1,III-b,2.433497015553491e-09,2.435953612433268e-09,1.0010094924563606,0.0010094924563606167,O12^(2)
5,theta,0.375,0.1,vis,2.430822004052755e-09,2.430822004052755e-09,1.0,0.0,O12^(2)
5,theta,0.375,0.1,I,2.430822004052755e-09,2.430822004052755e-09,1.0,0.0,O12^(2)
5,theta,0.375,0.1,II,2.430822004052755e-09,2.118629480001518e-09,0.871569154989243,-0.12843084501075697,O12^(2)
5,theta,0.375,0.1,III-a,2.430822004052755e-09,2.430822004052755e-09,1.0,0.0,O12^(2)
5,theta,0.375,0.1,III-b,2.430822004052755e-09,2.4332759171034667e-09,1.001009499274986,0.0010094992749860587,O12^(2)
5,theta,0.4,0.1,vis,2.428565478711213e-09,2.428565478711213e-09,1.0,0.0,O12^(2)
5,theta,0.4,0.1,I,2.428565478711213e-09,2.428565478711213e-09,1.0,0.0,O12^(2)
5,theta,0.4,0.1,II,2.428565478711213e-09,2.1166627621163783e-09,0.871569154989243,-0.12843084501075697,O12^(2)
5,theta,0.4,0.1,III-a,2.428565478711213e-09,2.428565478711213e-09,1.0,0.0,O12^(2)
5,theta,0.4,0.1,III-b,2.428565478711213e-09,2.431017127489516e-09,1.0010095049113537,0.0010095049113536536,O12^(2)
5,theta,0.42500000000000004,0.1,vis,2.4267552373620444e-09,2.4267552373620444e-09,1.0,0.0,O12^(2)
5,theta,0.42500000000000004,0.1,I,2.4267552373620444e-09,2.4267552373620444e-09,1.0,0.0,O12^(2)
5,theta,0.42500000000000004,0.1,II,2.4267552373620444e-09,2.115085011593357e-09,0.871569154989243,-0.12843084501075697,O12^(2)
5,theta,0.42500000000000004,0.1,III-a,2.4267552373620444e-09,2.4267552373620444e-09,1.0,0.0,O12^(2)
5,theta,0.42500000000000004,0.1,III-b,2.4267552373620444e-09,2.4292050699639873e-09,1.0010095095558982,0.0010095095558981804,O12^(2)
5,theta,0.45,0.1,vis,2.4254190778384262e-09,2.4254190778384262e-09,1.0,0.0,O12^(2)
5,theta,0.45,0.1,I,2.4254190778384262e-09,2.4254190778384262e-09,1.0,0.0,O12^(2)
5,theta,0.45,0.1,II,2.4254190778384262e-09,2.113920456166426e-09,0.871569154989243,-0.12843084501075697,O12^(2)
5,theta,0.45,0.1,III-a,2.4254190778384262e-09,2.4254190778384262e-09,1.0,0.0,O12^(2)
5,theta,0.45,0.1,III-b,2.4254190778384262e-09,2.4278675708922995e-09,1.0010095133976002,0.001009513397600248,O12^(2)
5,theta,0.47500000000000003,0.1,vis,2.4245847979735363e-09,2.4245847979735363e-09,1.0,0.0,O12^(2)
5,theta,0.47500000000000003,0.1,I,2.4245847979735363e-09,2.4245847979735363e-09,1.0,0.0,O12^(2)
5,theta,0.47500000000000003,0.1,II,2.4245847979735363e-09,2.1131933235695595e-09,0.871569154989243,-0.12843084501075697,O12^(2)
5,theta,0.47500000000000003,0.1,III-a,2.4245847979735363e-09,2.4245847979735363e-09,1.0,0.0,O12^(2)
5,theta,0.47500000000000003,0.1,III-b,2.4245847979735363e-09,2.4270324564911973e-09,1.0010095165653545,0.001009516565354529,O12^(2)
5,theta,0.5,0.1,vis,2.424280195600553e-09,2.424280195600553e-09,1.0,0.0,O12^(2)
5,theta,0.5,0.1,I,2.424280195600553e-09,2.424280195600553e-09,1.0,0.0,O12^(2)
5,theta,0.5,0.1,II,2.424280195600553e-09,2.1129278415367307e-09,0.871569154989243,-0.12843084501075697,O12^(2)
5,theta,0.5,0.1,III-a,2.424280195600553e-09,2.424280195600553e-09,1.0,0.0,O12^(2)
5,theta,0.5,0.1,III-b,2.424280195600553e-09,2.426727552972973e-09,1.0010095191871227,0.001009519187122665,O12^(2)
5,theta,0.525,0.1,vis,2.4242504513372027e-09,2.4242504513372027e-09,1.0,0.0,O12^(2)
5,theta,0.525,0.1,I,2.4242504513372027e-09,2.4242504513372027e-09,1.0,0.0,O12^(2)
5,theta,0.525,0.1,II,2.4242504513372027e-09,2.112901917354257e-09,0.871569154989243,-0.12843084501075697,O12^(2)
5,theta,0.525,0.1,III-a,2.4242504513372027e-09,2.4242504513372027e-09,1.0,0.0,O12^(2)
5,theta,0.525,0.1,III-b,2.4242504513372027e-09,2.4266977839262723e-09,1.0010095213502876,0.0010095213502876454,O12^(2)
5,theta,0.55,0.1,vis,2.424222215156948e-09,2.424222215156948e-09,1.0,0.0,O12^(2)
5,theta,0.55,0.1,I,2.424222215156948e-09,2.424222215156948e-09,1.0,0.0,O12^(2)
5,theta,0.55,0.1,II,2.424222215156948e-09,2.1128773075704924e-09,0.871569154989243,-0.12843084501075697,O12^(2)
5,theta,0.55,0.1,III-a,2.424222215156948e-09,2.424222215156948e-09,1.0,0.0,O12^(2)
5,theta,0.55,0.1,III-b,2.424222215156948e-09,2.426669523583614e-09,1.0010095231416347,0.0010095231416347161,O12^(2)
5,theta,0.5750000000000001,0.1,vis,2.4241954889265714e-09,2.4241954889265714e-09,1.0,0.0,O12^(2)
5,theta,0.5750000000000001,0.1,I,2.4241954889265714e-09,2.4241954889265714e-09,1.0,0.0,O12^(2)
5,theta,0.5750000000000001,0.1,II,2.4241954889265714e-09,2.112854013812467e-09,0.871569154989243,-0.12843084501075697,O12^(2)
5,theta,0.5750000000000001,0.1,III-a,2.4241954889265714e-09,2.4241954889265714e-09,1.0,0.0,O12^(2)
5,theta,0.5750000000000001,0.1,III-b,2.4241954889265714e-09,2.4266427739575376e-09,1.0010095246204957,0.0010095246204957498,O12^(2)
5,theta,0.6000000000000001,0.1,vis,2.4241702745128543e-09,2.4241702745128543e-09,1.0,0.0,O12^(2)
5,theta,0.6000000000000001,0.1,I,2.4241702745128543e-09,2.4241702745128543e-09,1.0,0.0,O12^(2)
5,theta,0.6000000000000001,0.1,II,2.4241702745128543e-09,2.1128320377072096e-09,0.871569154989243,-0.12843084501075697,O12^(2)
5,theta,0.6000000000000001,0.1,III-a,2.4241702745128543e-09,2.4241702745128543e-09,1.0,0.0,O12^(2)
5,theta,0.6000000000000001,0.1,III-b,2.4241702745128543e-09,2.42661753705964e-09,1.0010095258458185,0.001009525845818482,O12^(2)
5,theta,0.625,0.1,vis,2.424146573782578e-09,2.424146573782578e-09,1.0,0.0,O12^(2)
5,theta,0.625,0.1,I,2.424146573782578e-09,2.424146573782578e-09,1.0,0.0,O12^(2)
5,theta,0.625,0.1,II,2.424146573782578e-09,2.11281138088175e-09,0.871569154989243,-0.12843084501075697,O12^(2)
5,theta,0.625,0.1,III-a,2.424146573782578e-09,2.424146573782578e-09,1.0,0.0,O12^(2)
5,theta,0.625,0.1,III-b,2.424146573782578e-09,2.4265938148564127e-09,1.0010095268579475,0.0010095268579475292,O12^(2)
5,theta,0.65,0.1,vis,2.4241243886025243e-09,2.4241243886025243e-09,1.0,0.0,O12^(2)
5,theta,0.65,0.1,I,2.4241243886025243e-09,2.4241243886025243e-09,1.0,0.0,O12^(2)
5,theta,0.65,0.1,II,2.4241243886025243e-09,2.1127920449631177e-09,0.871569154989243,-0.12843084501075697,O12^(2)
5,theta,0.65,0.1,III-a,2.4241243886025243e-09,2.4241243886025243e-09,1.0,0.0,O12^(2)
5,theta,0.65,0.1,III-b,2.4241243886025243e-09,2.426571609313743e-09,1.00100952769698,0.0010095276969799283,O12^(2)
5,theta,0.675,0.1,vis,2.4241037208394758e-09,2.4241037208394758e-09,1.0,0.0,O12^(2)
5,theta,0.675,0.1,I,2.4241037208394758e-09,2.4241037208394758e-09,1.0,0.0,O12^(2)
5,theta,0.675,0.1,II,2.4241037208394758e-09,2.112774031578342e-09,0.871569154989243,-0.12843084501075697,O12^(2)
5,theta,0.675,0.1,III-a,2.4241037208394758e-09,2.4241037208394758e-09,1.0,0.0,O12^(2)
5,theta,0.675,0.1,III-b,2.4241037208394758e-09,2.4265509223669062e-09,1.001009528390387,0.0010095283903870378,O12^(2)
5,theta,0.7000000000000001,0.1,vis,2.4240845723602135e-09,2.4240845723602135e-09,1.0,0.0,O12^(2)
5,theta,0.7000000000000001,0.1,I,2.4240845723602135e-09,2.4240845723602135e-09,1.0,0.0,O12^(2)
5,theta,0.7000000000000001,0.1,II,2.4240845723602135e-09,2.112757342354452e-09,0.871569154989243,-0.12843084501075697,O12^(2)
5,theta,0.7000000000000001,0.1,III-a,2.4240845723602135e-09,2.4240845723602135e-09,1.0,0.0,O12^(2)
5,theta,0.7000000000000001,0.1,III-b,2.4240845723602135e-09,2.4265317559507845e-09,1.0010095289654801,0.001009528965480122,O12^(2)
5,theta,0.7250000000000001,0.1,vis,2.4240669450315195e-09,2.4240669450315195e-09,1.0,0.0,O12^(2)
5,theta,0.7250000000000001,0.1,I,2.4240669450315195e-09,2.4240669450315195e-09,1.0,0.0,O12^(2)
5,theta,0.7250000000000001,0.1,II,2.4240669450315195e-09,2.1127419789184775e-09,0.871569154989243,-0.12843084501075697,O12^(2)
5,theta,0.7250000000000001,0.1,III-a,2.4240669450315195e-09,2.4240669450315195e-09,1.0,0.0,O12^(2)
5,theta,0.7250000000000001,0.1,III-b,2.4240669450315195e-09,2.4265141119794577e-09,1.0010095294409893,0.0010095294409893096,O12^(2)
5,theta,0.75,0.1,vis,2.424050840720176e-09,2.424050840720176e-09,1.0,0.0,O12^(2)
5,theta,0.75,0.1,I,2.424050840720176e-09,2.424050840720176e-09,1.0,0.0,O12^(2)
5,theta,0.75,0.1,II,2.424050840720176e-09,2.1127279428974478e-09,0.871569154989243,-0.12843084501075697,O12^(2)
5,theta,0.75,0.1,III-a,2.424050840720176e-09,2.424050840720176e-09,1.0,0.0,O12^(2)
5,theta,0.75,0.1,III-b,2.424050840720176e-09,2.4264979923667517e-09,1.0010095298355413,0.0010095298355412563,O12^(2)
5,theta,0.775,0.1,vis,2.424036261292964e-09,2.424036261292964e-09,1.0,0.0,O12^(2)
5,theta,0.775,0.1,I,2.424036261292964e-09,2.424036261292964e-09,1.0,0.0,O12^(2)
5,theta,0.775,0.1,II,2.424036261292964e-09,2.1127152359183927e-09,0.871569154989243,-0.12843084501075697,O12^(2)
5,theta,0.775,0.1,III-a,2.424036261292964e-09,2.424036261292964e-09,1.0,0.0,O12^(2)
5,theta,0.775,0.1,III-b,2.424036261292964e-09,2.42648339901233e-09,1.0010095301619213,0.0010095301619212904,O12^(2)
5,theta,0.8,0.1,vis,2.424023208616666e-09,2.424023208616666e-09,1.0,0.0,O12^(2)
5,theta,0.8,0.1,I,2.424023208616666e-09,2.424023208616666e-09,1.0,0.0,O12^(2)
5,theta,0.8,0.1,II,2.424023208616666e-09,2.112703859608341e-09,0.871569154989243,-0.12843084501075697,O12^(2)
5,theta,0.8,0.1,III-a,2.424023208616666e-09,2.424023208616666e-09,1.0,0.0,O12^(2)
5,theta,0.8,0.1,III-b,2.424023208616666e-09,2.426470333815695e-09,1.0010095304328483,0.001009530432848349,O12^(2)
5,theta,0.8250000000000001,0.1,vis,2.424011684558063e-09,2.424011684558063e-09,1.0,0.0,O12^(2)
5,theta,0.8250000000000001,0.1,I,2.424011684558063e-09,2.424011684558063e-09,1.0,0.0,O12^(2)
5,theta,0.8250000000000001,0.1,II,2.424011684558063e-09,2.112693815594323e-09,0.871569154989243,-0.12843084501075697,O12^(2)
5,theta,0.8250000000000001,0.1,III-a,2.424011684558063e-09,2.424011684558063e-09,1.0,0.0,O12^(2)
5,theta,0.8250000000000001,0.1,III-b,2.424011684558063e-09,2.4264587986666977e-09,1.0010095306570606,0.0010095306570605533,O12^(2)
5,theta,0.8500000000000001,0.1,vis,2.424001690983938e-09,2.424001690983938e-09,1.0,0.0,O12^(2)
5,theta,0.8500000000000001,0.1,I,2.424001690983938e-09,2.424001690983938e-09,1.0,0.0,O12^(2)
5,theta,0.8500000000000001,0.1,II,2.424001690983938e-09,2.112685105503367e-09,0.871569154989243,-0.12843084501075697,O12^(2)
5,theta,0.8500000000000001,0.1,III-a,2.424001690983938e-09,2.424001690983938e-09,1.0,0.0,O12^(2)
5,theta,0.8500000000000001,0.1,III-b,2.424001690983938e-09,2.4264487954550822e-09,1.0010095308432523,0.001009530843252282,O12^(2)
5,theta,0.875,0.1,vis,2.4239932297610715e-09,2.4239932297610715e-09,1.0,0.0,O12^(2)
5,theta,0.875,0.1,I,2.4239932297610715e-09,2.4239932297610715e-09,1.0,0.0,O12^(2)
5,theta,0.875,0.1,II,2.4239932297610715e-09,2.112677730962503e-09,0.871569154989243,-0.12843084501075697,O12^(2)
5,theta,0.875,0.1,III-a,2.4239932297610715e-09,2.4239932297610715e-09,1.0,0.0,O12^(2)
5,theta,0.875,0.1,III-b,2.4239932297610715e-09,2.4264403260640072e-09,1.0010095309974016,0.001009530997401642,O12^(2)
5,theta,0.9,0.1,vis,2.4239863027562457e-09,2.4239863027562457e-09,1.0,0.0,O12^(2)
5,theta,0.9,0.1,I,2.4239863027562457e-09,2.4239863027562457e-09,1.0,0.0,O12^(2)
5,theta,0.9,0.1,II,2.4239863027562457e-09,2.1126716935987607e-09,0.871569154989243,-0.12843084501075697,O12^(2)
5,theta,0.9,0.1,III-a,2.4239863027562457e-09,2.4239863027562457e-09,1.0,0.0,O12^(2)
5,theta,0.9,0.1,III-b,2.4239863027562457e-09,2.426433392376565e-09,1.0010095311254592,0.0010095311254592065,O12^(2)
5,theta,0.925,0.1,vis,2.4239809118362424e-09,2.4239809118362424e-09,1.0,0.0,O12^(2)
5,theta,0.925,0.1,I,2.4239809118362424e-09,2.4239809118362424e-09,1.0,0.0,O12^(2)
5,theta,0.925,0.1,II,2.4239809118362424e-09,2.1126669950391685e-09,0.871569154989243,-0.12843084501075697,O12^(2)
5,theta,0.925,0.1,III-a,2.4239809118362424e-09,2.4239809118362424e-09,1.0,0.0,O12^(2)
5,theta,0.925,0.1,III-b,2.4239809118362424e-09,2.426427996271347e-09,1.001009531231519,0.0010095312315190341,O12^(2)
5,theta,0.9500000000000001,0.1,vis,2.4239770588678436e-09,2.4239770588678436e-09,1.0,0.0,O12^(2)
5,theta,0.9500000000000001,0.1,I,2.4239770588678436e-09,2.4239770588678436e-09,1.0,0.0,O12^(2)
5,theta,0.9500000000000001,0.1,II,2.4239770588678436e-09,2.1126636369107572e-09,0.871569154989243,-0.12843084501075697,O12^(2)
5,theta,0.9500000000000001,0.1,III-a,2.4239770588678436e-09,2.4239770588678436e-09,1.0,0.0,O12^(2)
5,theta,0.9500000000000001,0.1,III-b,2.4239770588678436e-09,2.4264241396269012e-09,1.0010095313196572,0.0010095313196571976,O12^(2)
5,theta,0.9750000000000001,0.1,vis,2.423974745717831e-09,2.423974745717831e-09,1.0,0.0,O12^(2)
5,theta,0.9750000000000001,0.1,I,2.423974745717831e-09,2.423974745717831e-09,1.0,0.0,O12^(2)
5,theta,0.9750000000000001,0.1,II,2.423974745717831e-09,2.112661620840555e-09,0.871569154989243,-0.12843084501075697,O12^(2)
5,theta,0.9750000000000001,0.1,III-a,2.423974745717831e-09,2.423974745717831e-09,1.0,0.0,O12^(2)
5,theta,0.9750000000000001,0.1,III-b,2.423974745717831e-09,2.426421824318698e-09,1.0010095313926806,0.0010095313926805627,O12^(2)
5,theta,1.0,0.1,vis,2.4239739742529867e-09,2.4239739742529867e-09,1.0,0.0,O12^(2)
5,theta,1.0,0.1,I,2.4239739742529867e-09,2.4239739742529867e-09,1.0,0.0,O12^(2)
5,theta,1.0,0.1,II,2.4239739742529867e-09,2.112660948455593e-09,0.871569154989243,-0.12843084501075697,O12^(2)
5,theta,1.0,0.1,III-a,2.4239739742529867e-09,2.4239739742529867e-09,1.0,0.0,O12^(2)
5,theta,1.0,0.1,III-b,2.4239739742529867e-09,2.4264210522221797e-09,1.0010095314533842,0.001009531453384227,O12^(2)
5,theta,1.0250000000000001,0.1,vis,2.4250317685735528e-09,2.4250317685735528e-09,1.0,0.0,O12^(2)
5,theta,1.0250000000000001,0.1,I,2.4250317685735528e-09,2.4250317685735528e-09,1.0,0.0,O12^(2)
5,theta,1.0250000000000001,0.1,II,2.4250317685735528e-09,2.113582889357721e-09,0.871569154989243,-0.12843084501075697,O12^(2)
5,theta,1.0250000000000001,0.1,III-a,2.4250317685735528e-09,2.4250317685735528e-09,1.0,0.0,O12^(2)
5,theta,1.0250000000000001,0.1,III-b,2.4250317685735528e-09,2.427479914541386e-09,1.0010095315036938,0.0010095315036937613,O12^(2)
5,theta,1.05,0.1,vis,2.428127580321349e-09,2.428127580321349e-09,1.0,0.0,O12^(2)
5,theta,1.05,0.1,I,2.428127580321349e-09,2.428127580321349e-09,1.0,0.0,O12^(2)
5,theta,1.05,0.1,II,2.428127580321349e-09,2.1162811033867533e-09,0.871569154989243,-0.12843084501075697,O12^(2)
5,theta,1.05,0.1,III-a,2.428127580321349e-09,2.428127580321349e-09,1.0,0.0,O12^(2)
5,theta,1.05,0.1,III-b,2.428127580321349e-09,2.4305788517102494e-09,1.0010095315455279,0.001009531545527853,O12^(2)
5,theta,1.075,0.1,vis,2.4331450526755232e-09,2.4331450526755232e-09,1.0,0.0,O12^(2)
5,theta,1.075,0.1,I,2.4331450526755232e-09,2.4331450526755232e-09,1.0,0.0,O12^(2)
5,theta,1.075,0.1,II,2.4331450526755232e-09,2.120654177526663e-09,0.871569154989243,-0.12843084501075697,O12^(2)
5,theta,1.075,0.1,III-a,2.4331450526755232e-09,2.4331450526755232e-09,1.0,0.0,O12^(2)
5,theta,1.075,0.1,III-b,2.4331450526755232e-09,2.435601389445428e-09,1.0010095315802088,0.0010095315802087779,O12^(2)
5,theta,1.1,0.1,vis,2.4399678288152237e-09,2.4399678288152237e-09,1.0,0.0,O12^(2)
5,theta,1.1,0.1,I,2.4399678288152237e-09,2.4399678288152237e-09,1.0,0.0,O12^(2)
5,theta,1.1,0.1,II,2.4399678288152237e-09,2.1266006987614227e-09,0.871569154989243,-0.12843084501075697,O12^(2)
5,theta,1.1,0.1,III-a,2.4399678288152237e-09,2.4399678288152237e-09,1.0,0.0,O12^(2)
5,theta,1.1,0.1,III-b,2.4399678288152237e-09,2.442431053463489e-09,1.0010095316090546,0.0010095316090545925,O12^(2)
5,theta,1.125,0.1,vis,2.4484795519195976e-09,2.4484795519195976e-09,1.0,0.0,O12^(2)
5,theta,1.125,0.1,I,2.4484795519195976e-09,2.4484795519195976e-09,1.0,0.0,O12^(2)
5,theta,1.125,0.1,II,2.4484795519195976e-09,2.134019254075004e-09,0.871569154989243,-0.12843084501075697,O12^(2)
5,theta,1.125,0.1,III-a,2.4484795519195976e-09,2.4484795519195976e-09,1.0,0.0,O12^(2)
5,theta,1.125,0.1,III-b,2.4484795519195976e-09,2.4509513694799513e-09,1.0010095316329743,0.0010095316329743476,O12^(2)
5,theta,1.1500000000000001,0.1,vis,2.4585638651677936e-09,2.4585638651677936e-09,1.0,0.0,O12^(2)
5,theta,1.1500000000000001,0.1,I,2.4585638651677936e-09,2.4585638651677936e-09,1.0,0.0,O12^(2)
5,theta,1.1500000000000001,0.1,II,2.4585638651677936e-09,2.142808430451381e-09,0.871569154989243,-0.12843084501075697,O12^(2)
5,theta,1.1500000000000001,0.1,III-a,2.4585638651677936e-09,2.4585638651677936e-09,1.0,0.0,O12^(2)
5,theta,1.1500000000000001,0.1,III-b,2.4585638651677936e-09,2.4610458632102926e-09,1.001009531652874,0.001009531652873985,O12^(2)
5,theta,1.175,0.1,vis,2.470104411738958e-09,2.470104411738958e-09,1.0,0.0,O12^(2)
5,theta,1.175,0.1,I,2.470104411738958e-09,2.470104411738958e-09,1.0,0.0,O12^(2)
5,theta,1.175,0.1,II,2.470104411738958e-09,2.152866814874525e-09,0.871569154989243,-0.12843084501075697,O12^(2)
5,theta,1.175,0.1,III-a,2.470104411738958e-09,2.470104411738958e-09,1.0,0.0,O12^(2)
5,theta,1.175,0.1,III-b,2.470104411738958e-09,2.4725980603692803e-09,1.0010095316693786,0.0010095316693785605,O12^(2)
5,theta,1.2000000000000002,0.1,vis,2.4829848348122405e-09,2.4829848348122405e-09,1.0,0.0,O12^(2)
5,theta,1.2000000000000002,0.1,I,2.4829848348122405e-09,2.4829848348122405e-09,1.0,0.0,O12^(2)
5,theta,1.2000000000000002,0.1,II,2.4829848348122405e-09,2.1640929943284095e-09,0.871569154989243,-0.12843084501075697,O12^(2)
5,theta,1.2000000000000002,0.1,III-a,2.4829848348122405e-09,2.4829848348122405e-09,1.0,0.0,O12^(2)
5,theta,1.2000000000000002,0.1,III-b,2.4829848348122405e-09,2.485491486671669e-09,1.0010095316831116,0.0010095316831115753,O12^(2)
5,theta,1.225,0.1,vis,2.497088777566787e-09,2.497088777566787e-09,1.0,0.0,O12^(2)
5,theta,1.225,0.1,I,2.497088777566787e-09,2.497088777566787e-09,1.0,0.0,O12^(2)
5,theta,1.225,0.1,II,2.497088777566787e-09,2.1763855557970066e-09,0.871569154989243,-0.12843084501075697,O12^(2)
5,theta,1.225,0.1,III-a,2.497088777566787e-09,2.497088777566787e-09,1.0,0.0,O12^(2)
5,theta,1.225,0.1,III-b,2.497088777566787e-09,2.4996096678317307e-09,1.0010095316945038,0.0010095316945037958,O12^(2)
5,theta,1.25,0.1,vis,2.512299883181747e-09,2.512299883181747e-09,1.0,0.0,O12^(2)
5,theta,1.25,0.1,I,2.512299883181747e-09,2.512299883181747e-09,1.0,0.0,O12^(2)
5,theta,1.25,0.1,II,2.512299883181747e-09,2.189643086264289e-09,0.871569154989243,-0.12843084501075697,O12^(2)
5,theta,1.25,0.1,III-a,2.512299883181747e-09,2.512299883181747e-09,1.0,0.0,O12^(2)
5,theta,1.25,0.1,III-b,2.512299883181747e-09,2.5148361295637337e-09,1.0010095317039838,0.0010095317039837681,O12^(2)
5,theta,1.2750000000000001,0.1,vis,2.5285017948362674e-09,2.5285017948362674e-09,1.0,0.0,O12^(2)
5,theta,1.2750000000000001,0.1,I,2.5285017948362674e-09,2.5285017948362674e-09,1.0,0.0,O12^(2)
5,theta,1.2750000000000001,0.1,II,2.5285017948362674e-09,2.20376417271423e-09,0.871569154989243,-0.12843084501075697,O12^(2)
5,theta,1.2750000000000001,0.1,III-a,2.5285017948362674e-09,2.5285017948362674e-09,1.0,0.0,O12^(2)
5,theta,1.2750000000000001,0.1,III-b,2.5285017948362674e-09,2.531054397581621e-09,1.0010095317118486,0.001009531711848588,O12^(2)
5,theta,1.3,0.1,vis,2.5455781557094955e-09,2.5455781557094955e-09,1.0,0.0,O12^(2)
5,theta,1.3,0.1,I,2.5455781557094955e-09,2.5455781557094955e-09,1.0,0.0,O12^(2)
5,theta,1.3,0.1,II,2.5455781557094955e-09,2.2186474021308007e-09,0.871569154989243,-0.12843084501075697,O12^(2)
5,theta,1.3,0.1,III-a,2.5455781557094955e-09,2.5455781557094955e-09,1.0,0.0,O12^(2)
5,theta,1.3,0.1,III-b,2.5455781557094955e-09,2.548147997599335e-09,1.0010095317183938,0.0010095317183937969,O12^(2)
5,theta,1.3250000000000002,0.1,vis,2.5634126089805803e-09,2.5634126089805803e-09,1.0,0.0,O12^(2)
5,theta,1.3250000000000002,0.1,I,2.5634126089805803e-09,2.5634126089805803e-09,1.0,0.0,O12^(2)
5,theta,1.3250000000000002,0.1,II,2.5634126089805803e-09,2.2341913614979753e-09,0.871569154989243,-0.12843084501075697,O12^(2)
5,theta,1.3250000000000002,0.1,III-a,2.5634126089805803e-09,2.5634126089805803e-09,1.0,0.0,O12^(2)
5,theta,1.3250000000000002,0.1,III-b,2.5634126089805803e-09,2.5660004553305956e-09,1.0010095317238237,0.0010095317238236756,O12^(2)
5,theta,1.35,0.1,vis,2.5818887978286688e-09,2.5818887978286688e-09,1.0,0.0,O12^(2)
5,theta,1.35,0.1,I,2.5818887978286688e-09,2.5818887978286688e-09,1.0,0.0,O12^(2)
5,theta,1.35,0.1,II,2.5818887978286688e-09,2.2502946377997253e-09,0.871569154989243,-0.12843084501075697,O12^(2)
5,theta,1.35,0.1,III-a,2.5818887978286688e-09,2.5818887978286688e-09,1.0,0.0,O12^(2)
5,theta,1.35,0.1,III-b,2.5818887978286688e-09,2.5844952964891283e-09,1.0010095317283423,0.0010095317283422833,O12^(2)
5,theta,1.375,0.1,vis,2.6008903654329083e-09,2.6008903654329083e-09,1.0,0.0,O12^(2)
5,theta,1.375,0.1,I,2.6008903654329083e-09,2.6008903654329083e-09,1.0,0.0,O12^(2)
5,theta,1.375,0.1,II,2.6008903654329083e-09,2.2668558180200234e-09,0.871569154989243,-0.12843084501075697,O12^(2)
5,theta,1.375,0.1,III-a,2.6008903654329083e-09,2.6008903654329083e-09,1.0,0.0,O12^(2)
5,theta,1.375,0.1,III-b,2.6008903654329083e-09,2.6035160467885016e-09,1.0010095317320906,0.0010095317320906183,O12^(2)
5,theta,1.4000000000000001,0.1,vis,2.6203009549724482e-09,2.6203009549724482e-09,1.0,0.0,O12^(2)
5,theta,1.4000000000000001,0.1,I,2.6203009549724482e-09,2.6203009549724482e-09,1.0,0.0,O12^(2)
5,theta,1.4000000000000001,0.1,II,2.6203009549724482e-09,2.283773489142843e-09,0.871569154989243,-0.12843084501075697,O12^(2)
5,theta,1.4000000000000001,0.1,III-a,2.6203009549724482e-09,2.6203009549724482e-09,1.0,0.0,O12^(2)
5,theta,1.4000000000000001,0.1,III-b,2.6203009549724482e-09,2.6229462319422915e-09,1.001009531735209,0.0010095317352090127,O12^(2)
5,theta,1.425,0.1,vis,2.640004209626435e-09,2.640004209626435e-09,1.0,0.0,O12^(2)
5,theta,1.425,0.1,I,2.640004209626435e-09,2.640004209626435e-09,1.0,0.0,O12^(2)
5,theta,1.425,0.1,II,2.640004209626435e-09,2.300946238152156e-09,0.871569154989243,-0.12843084501075697,O12^(2)
5,theta,1.425,0.1,III-a,2.640004209626435e-09,2.640004209626435e-09,1.0,0.0,O12^(2)
5,theta,1.425,0.1,III-b,2.640004209626435e-09,2.6426693776639655e-09,1.0010095317377952,0.0010095317377951663,O12^(2)
5,theta,1.4500000000000002,0.1,vis,2.6598837725740167e-09,2.6598837725740167e-09,1.0,0.0,O12^(2)
5,theta,1.4500000000000002,0.1,I,2.6598837725740167e-09,2.6598837725740167e-09,1.0,0.0,O12^(2)
5,theta,1.4500000000000002,0.1,II,2.6598837725740167e-09,2.318272652031936e-09,0.871569154989243,-0.12843084501075697,O12^(2)
5,theta,1.4500000000000002,0.1,III-a,2.6598837725740167e-09,2.6598837725740167e-09,1.0,0.0,O12^(2)
5,theta,1.4500000000000002,0.1,III-b,2.6598837725740167e-09,2.662569009666998e-09,1.0010095317399461,0.0010095317399461123,O12^(2)
5,theta,1.475,0.1,vis,2.6798232869943416e-09,2.6798232869943416e-09,1.0,0.0,O12^(2)
5,theta,1.475,0.1,I,2.6798232869943416e-09,2.6798232869943416e-09,1.0,0.0,O12^(2)
5,theta,1.475,0.1,II,2.6798232869943416e-09,2.335651317766154e-09,0.871569154989243,-0.12843084501075697,O12^(2)
5,theta,1.475,0.1,III-a,2.6798232869943416e-09,2.6798232869943416e-09,1.0,0.0,O12^(2)
5,theta,1.475,0.1,III-b,2.6798232869943416e-09,2.682528653664787e-09,1.0010095317417291,0.0010095317417291305,O12^(2)
5,theta,1.5,0.1,vis,2.699706396066557e-09,2.699706396066557e-09,1.0,0.0,O12^(2)
5,theta,1.5,0.1,I,2.699706396066557e-09,2.699706396066557e-09,1.0,0.0,O12^(2)
5,theta,1.5,0.1,II,2.699706396066557e-09,2.3529808223387835e-09,0.871569154989243,-0.12843084501075697,O12^(2)
5,theta,1.5,0.1,III-a,2.699706396066557e-09,2.699706396066557e-09,1.0,0.0,O12^(2)
5,theta,1.5,0.1,III-b,2.699706396066557e-09,2.702431835370736e-09,1.001009531743211,0.0010095317432110562,O12^(2)
5,theta,1.5250000000000001,0.1,vis,2.7203111197873336e-09,2.7203111197873336e-09,1.0,0.0,O12^(2)
5,theta,1.5250000000000001,0.1,I,2.7203111197873336e-09,2.7203111197873336e-09,1.0,0.0,O12^(2)
5,theta,1.5250000000000001,0.1,II,2.7203111197873336e-09,2.370939263980888e-09,0.871569154989243,-0.12843084501075697,O12^(2)
5,theta,1.5250000000000001,0.1,III-a,2.7203111197873336e-09,2.7203111197873336e-09,1.0,0.0,O12^(2)
5,theta,1.5250000000000001,0.1,III-b,2.7203111197873336e-09,2.7230573602175073e-09,1.0010095317444383,0.0010095317444382967,O12^(2)
5,theta,1.55,0.1,vis,2.7424891623058277e-09,2.7424891623058277e-09,1.0,0.0,O12^(2)
5,theta,1.55,0.1,I,2.7424891623058277e-09,2.7424891623058277e-09,1.0,0.0,O12^(2)
5,theta,1.55,0.1,II,2.7424891623058277e-09,2.3902689617580473e-09,0.871569154989243,-0.12843084501075697,O12^(2)
5,theta,1.55,0.1,III-a,2.7424891623058277e-09,2.7424891623058277e-09,1.0,0.0,O12^(2)
5,theta,1.55,0.1,III-b,2.7424891623058277e-09,2.745257792176749e-09,1.0010095317454577,0.0010095317454577035,O12^(2)
5,theta,1.5750000000000002,0.1,vis,2.766234693029915e-09,2.766234693029915e-09,1.0,0.0,O12^(2)
5,theta,1.5750000000000002,0.1,I,2.766234693029915e-09,2.766234693029915e-09,1.0,0.0,O12^(2)
5,theta,1.5750000000000002,0.1,II,2.766234693029915e-09,2.410964833906011e-09,0.871569154989243,-0.12843084501075697,O12^(2)
5,theta,1.5750000000000002,0.1,III-a,2.766234693029915e-09,2.766234693029915e-09,1.0,0.0,O12^(2)
5,theta,1.5750000000000002,0.1,III-b,2.766234693029915e-09,2.7690272947702472e-09,1.0010095317463008,0.0010095317463008069,O12^(2)
5,theta,1.6,0.1,vis,2.791541881367472e-09,2.791541881367472e-09,1.0,0.0,O12^(2)
5,theta,1.6,0.1,I,2.791541881367472e-09,2.791541881367472e-09,1.0,0.0,O12^(2)
5,theta,1.6,0.1,II,2.791541881367472e-09,2.433021798660529e-09,0.871569154989243,-0.12843084501075697,O12^(2)
5,theta,1.6,0.1,III-a,2.791541881367472e-09,2.791541881367472e-09,1.0,0.0,O12^(2)
5,theta,1.6,0.1,III-b,2.791541881367472e-09,2.794360031519792e-09,1.0010095317469998,0.0010095317469998033,O12^(2)
5,theta,1.625,0.1,vis,2.8184048967263744e-09,2.8184048967263744e-09,1.0,0.0,O12^(2)
5,theta,1.625,0.1,I,2.8184048967263744e-09,2.8184048967263744e-09,1.0,0.0,O12^(2)
5,theta,1.625,0.1,II,2.8184048967263744e-09,2.456434774257351e-09,0.871569154989243,-0.12843084501075697,O12^(2)
5,theta,1.625,0.1,III-a,2.8184048967263744e-09,2.8184048967263744e-09,1.0,0.0,O12^(2)
5,theta,1.625,0.1,III-b,2.8184048967263744e-09,2.8212501659471464e-09,1.0010095317475771,0.0010095317475771193,O12^(2)
5,theta,1.6500000000000001,0.1,vis,2.8468179085144985e-09,2.8468179085144985e-09,1.0,0.0,O12^(2)
5,theta,1.6500000000000001,0.1,I,2.8468179085144985e-09,2.8468179085144985e-09,1.0,0.0,O12^(2)
5,theta,1.6500000000000001,0.1,II,2.8468179085144985e-09,2.4811986789322256e-09,0.871569154989243,-0.12843084501075697,O12^(2)
5,theta,1.6500000000000001,0.1,III-a,2.8468179085144985e-09,2.8468179085144985e-09,1.0,0.0,O12^(2)
5,theta,1.6500000000000001,0.1,III-b,2.8468179085144985e-09,2.8496918615740746e-09,1.0010095317480547,0.0010095317480547372,O12^(2)
5,theta,1.675,0.1,vis,2.8767750861397205e-09,2.8767750861397205e-09,1.0,0.0,O12^(2)
5,theta,1.675,0.1,I,2.8767750861397205e-09,2.8767750861397205e-09,1.0,0.0,O12^(2)
5,theta,1.675,0.1,II,2.8767750861397205e-09,2.507308430920903e-09,0.871569154989243,-0.12843084501075697,O12^(2)
5,theta,1.675,0.1,III-a,2.8767750861397205e-09,2.8767750861397205e-09,1.0,0.0,O12^(2)
5,theta,1.675,0.1,III-b,2.8767750861397205e-09,2.8796792819223225e-09,1.001009531748448,0.0010095317484479782,O12^(2)
5,theta,1.7000000000000002,0.1,vis,2.9082705990099154e-09,2.9082705990099154e-09,1.0,0.0,O12^(2)
5,theta,1.7000000000000002,0.1,I,2.9082705990099154e-09,2.9082705990099154e-09,1.0,0.0,O12^(2)
5,theta,1.7000000000000002,0.1,II,2.9082705990099154e-09,2.534758948459132e-09,0.871569154989243,-0.12843084501075697,O12^(2)
5,theta,1.7000000000000002,0.1,III-a,2.9082705990099154e-09,2.9082705990099154e-09,1.0,0.0,O12^(2)
5,theta,1.7000000000000002,0.1,III-b,2.9082705990099154e-09,2.9112065905136372e-09,1.0010095317487724,0.0010095317487723854,O12^(2)
5,theta,1.725,0.1,vis,2.9412986165329604e-09,2.9412986165329604e-09,1.0,0.0,O12^(2)
5,theta,1.725,0.1,I,2.9412986165329604e-09,2.9412986165329604e-09,1.0,0.0,O12^(2)
5,theta,1.725,0.1,II,2.9412986165329604e-09,2.563545149782662e-09,0.871569154989243,-0.12843084501075697,O12^(2)
5,theta,1.725,0.1,III-a,2.9412986165329604e-09,2.9412986165329604e-09,1.0,0.0,O12^(2)
5,theta,1.725,0.1,III-b,2.9412986165329604e-09,2.944267950869753e-09,1.0010095317490384,0.0010095317490383948,O12^(2)
5,theta,1.75,0.1,vis,2.9758533081167313e-09,2.9758533081167313e-09,1.0,0.0,O12^(2)
5,theta,1.75,0.1,I,2.9758533081167313e-09,2.9758533081167313e-09,1.0,0.0,O12^(2)
5,theta,1.75,0.1,II,2.9758533081167313e-09,2.593661953127243e-09,0.871569154989243,-0.12843084501075697,O12^(2)
5,theta,1.75,0.1,III-a,2.9758533081167313e-09,2.9758533081167313e-09,1.0,0.0,O12^(2)
5,theta,1.75,0.1,III-b,2.9758533081167313e-09,2.978857526512406e-09,1.0010095317492569,0.0010095317492568867,O12^(2)
5,theta,1.7750000000000001,0.1,vis,3.011928843169104e-09,3.011928843169104e-09,1.0,0.0,O12^(2)
5,theta,1.7750000000000001,0.1,I,3.011928843169104e-09,3.011928843169104e-09,1.0,0.0,O12^(2)
5,theta,1.7750000000000001,0.1,II,3.011928843169104e-09,2.6251042767286243e-09,0.871569154989243,-0.12843084501075697,O12^(2)
5,theta,1.7750000000000001,0.1,III-a,3.011928843169104e-09,3.011928843169104e-09,1.0,0.0,O12^(2)
5,theta,1.7750000000000001,0.1,III-b,3.011928843169104e-09,3.0149694809633223e-09,1.001009531749435,0.0010095317494349665,O12^(2)
5,theta,1.8,0.1,vis,3.049519391097954e-09,3.049519391097954e-09,1.0,0.0,O12^(2)
5,theta,1.8,0.1,I,3.049519391097954e-09,3.049519391097954e-09,1.0,0.0,O12^(2)
5,theta,1.8,0.1,II,3.049519391097954e-09,2.657867038822555e-09,0.871569154989243,-0.12843084501075697,O12^(2)
5,theta,1.8,0.1,III-a,3.049519391097954e-09,3.049519391097954e-09,1.0,0.0,O12^(2)
5,theta,1.8,0.1,III-b,3.049519391097954e-09,3.0525979777442273e-09,1.00100953174958,0.0010095317495799616,O12^(2)
5,theta,1.8250000000000002,0.1,vis,3.0886191213111593e-09,3.0886191213111593e-09,1.0,0.0,O12^(2)
5,theta,1.8250000000000002,0.1,I,3.0886191213111593e-09,3.0886191213111593e-09,1.0,0.0,O12^(2)
5,theta,1.8250000000000002,0.1,II,3.0886191213111593e-09,2.6919451576447855e-09,0.871569154989243,-0.12843084501075697,O12^(2)
5,theta,1.8250000000000002,0.1,III-a,3.0886191213111593e-09,3.0886191213111593e-09,1.0,0.0,O12^(2)
5,theta,1.8250000000000002,0.1,III-b,3.0886191213111593e-09,3.0917371803768446e-09,1.0010095317496972,0.0010095317496972012,O12^(2)
5,theta,1.85,0.1,vis,3.129222203216593e-09,3.129222203216593e-09,1.0,0.0,O12^(2)
5,theta,1.85,0.1,I,3.129222203216593e-09,3.129222203216593e-09,1.0,0.0,O12^(2)
5,theta,1.85,0.1,II,3.129222203216593e-09,2.7273335514310632e-09,0.871569154989243,-0.12843084501075697,O12^(2)
5,theta,1.85,0.1,III-a,3.129222203216593e-09,3.129222203216593e-09,1.0,0.0,O12^(2)
5,theta,1.85,0.1,III-b,3.129222203216593e-09,3.132381252382893e-09,1.0010095317497916,0.0010095317497915701,O12^(2)
5,theta,1.875,0.1,vis,3.1713228062221326e-09,3.1713228062221326e-09,1.0,0.0,O12^(2)
5,theta,1.875,0.1,I,3.1713228062221326e-09,3.1713228062221326e-09,1.0,0.0,O12^(2)
5,theta,1.875,0.1,II,3.1713228062221326e-09,2.764027138417139e-09,0.871569154989243,-0.12843084501075697,O12^(2)
5,theta,1.875,0.1,III-a,3.1713228062221326e-09,3.1713228062221326e-09,1.0,0.0,O12^(2)
5,theta,1.875,0.1,III-b,3.1713228062221326e-09,3.1745243572840905e-09,1.0010095317498668,0.0010095317498668432,O12^(2)
5,theta,1.9000000000000001,0.1,vis,3.214915099735655e-09,3.214915099735655e-09,1.0,0.0,O12^(2)
5,theta,1.9000000000000001,0.1,I,3.214915099735655e-09,3.214915099735655e-09,1.0,0.0,O12^(2)
5,theta,1.9000000000000001,0.1,II,3.214915099735655e-09,2.802020836838763e-09,0.871569154989243,-0.12843084501075697,O12^(2)
5,theta,1.9000000000000001,0.1,III-a,3.214915099735655e-09,3.214915099735655e-09,1.0,0.0,O12^(2)
5,theta,1.9000000000000001,0.1,III-b,3.214915099735655e-09,3.2181606586021558e-09,1.0010095317499264,0.0010095317499263512,O12^(2)
5,theta,1.925,0.1,vis,3.2599932531650352e-09,3.2599932531650352e-09,1.0,0.0,O12^(2)
5,theta,1.925,0.1,I,3.2599932531650352e-09,3.2599932531650352e-09,1.0,0.0,O12^(2)
5,theta,1.925,0.1,II,3.2599932531650352e-09,2.841309564931683e-09,0.871569154989243,-0.12843084501075697,O12^(2)
5,theta,1.925,0.1,III-a,3.2599932531650352e-09,3.2599932531650352e-09,1.0,0.0,O12^(2)
5,theta,1.925,0.1,III-b,3.2599932531650352e-09,3.2632843198588017e-09,1.0010095317499725,0.0010095317499725365,O12^(2)
5,theta,1.9500000000000002,0.1,vis,3.3065514359181504e-09,3.3065514359181504e-09,1.0,0.0,O12^(2)
5,theta,1.9500000000000002,0.1,I,3.3065514359181504e-09,3.3065514359181504e-09,1.0,0.0,O12^(2)
5,theta,1.9500000000000002,0.1,II,3.3065514359181504e-09,2.8818882409316505e-09,0.871569154989243,-0.12843084501075697,O12^(2)
5,theta,1.9500000000000002,0.1,III-a,3.3065514359181504e-09,3.3065514359181504e-09,1.0,0.0,O12^(2)
5,theta,1.9500000000000002,0.1,III-b,3.3065514359181504e-09,3.3098895045757446e-09,1.001009531750008,0.0010095317500080636,O12^(2)
5,theta,1.975,0.1,vis,3.3545838174028744e-09,3.3545838174028744e-09,1.0,0.0,O12^(2)
5,theta,1.975,0.1,I,3.3545838174028744e-09,3.3545838174028744e-09,1.0,0.0,O12^(2)
5,theta,1.975,0.1,II,3.3545838174028744e-09,2.9237517830744124e-09,0.871569154989243,-0.12843084501075697,O12^(2)
5,theta,1.975,0.1,III-a,3.3545838174028744e-09,3.3545838174028744e-09,1.0,0.0,O12^(2)
5,theta,1.975,0.1,III-b,3.3545838174028744e-09,3.3579703762746947e-09,1.0010095317500345,0.001009531750034487,O12^(2)
5,theta,2.0,0.1,vis,3.404084567027085e-09,3.404084567027085e-09,1.0,0.0,O12^(2)
5,theta,2.0,0.1,I,3.404084567027085e-09,3.404084567027085e-09,1.0,0.0,O12^(2)
5,theta,2.0,0.1,II,3.404084567027085e-09,2.9668951095957197e-09,0.871569154989243,-0.12843084501075697,O12^(2)
5,theta,2.0,0.1,III-a,3.404084567027085e-09,3.404084567027085e-09,1.0,0.0,O12^(2)
5,theta,2.0,0.1,III-b,3.404084567027085e-09,3.407521098477366e-09,1.0010095317500534,0.0010095317500533607,O12^(2)
5,theta,2.025,0.1,vis,3.4555380190153628e-09,3.4555380190153628e-09,1.0,0.0,O12^(2)
5,theta,2.025,0.1,I,3.4555380190153628e-09,3.4555380190153628e-09,1.0,0.0,O12^(2)
5,theta,2.025,0.1,II,3.4555380190153628e-09,3.0117403512664225e-09,0.871569154989243,-0.12843084501075697,O12^(2)
5,theta,2.025,0.1,III-a,3.4555380190153628e-09,3.4555380190153628e-09,1.0,0.0,O12^(2)
5,theta,2.025,0.1,III-b,3.4555380190153628e-09,3.45902649435912e-09,1.0010095317500662,0.0010095317500662393,O12^(2)
5,theta,2.0500000000000003,0.1,vis,3.5094541566387797e-09,3.5094541566387797e-09,1.0,0.0,O12^(2)
5,theta,2.0500000000000003,0.1,I,3.5094541566387797e-09,3.5094541566387797e-09,1.0,0.0,O12^(2)
5,theta,2.0500000000000003,0.1,II,3.5094541566387797e-09,3.058731993775148e-09,0.871569154989243,-0.12843084501075697,O12^(2)
5,theta,2.0500000000000003,0.1,III-a,3.5094541566387797e-09,3.5094541566387797e-09,1.0,0.0,O12^(2)
5,theta,2.0500000000000003,0.1,III-b,3.5094541566387797e-09,3.512997062035335e-09,1.0010095317500738,0.0010095317500737888,O12^(2)
5,theta,2.075,0.1,vis,3.5658656228749466e-09,3.5658656228749466e-09,1.0,0.0,O12^(2)
5,theta,2.075,0.1,I,3.5658656228749466e-09,3.5658656228749466e-09,1.0,0.0,O12^(2)
5,theta,2.075,0.1,II,3.5658656228749466e-09,3.107898487734308e-09,0.871569154989243,-0.12843084501075697,O12^(2)
5,theta,2.075,0.1,III-a,3.5658656228749466e-09,3.5658656228749466e-09,1.0,0.0,O12^(2)
5,theta,2.075,0.1,III-b,3.5658656228749466e-09,3.5694654774377433e-09,1.001009531750076,0.0010095317500760093,O12^(2)
5,theta,2.1,0.1,vis,3.6248050607014776e-09,3.6248050607014776e-09,1.0,0.0,O12^(2)
5,theta,2.1,0.1,I,3.6248050607014776e-09,3.6248050607014776e-09,1.0,0.0,O12^(2)
5,theta,2.1,0.1,II,3.6248050607014776e-09,3.1592682837563188e-09,0.871569154989243,-0.12843084501075697,O12^(2)
5,theta,2.1,0.1,III-a,3.6248050607014776e-09,3.6248050607014776e-09,1.0,0.0,O12^(2)
5,theta,2.1,0.1,III-b,3.6248050607014776e-09,3.628464416498096e-09,1.0010095317500771,0.0010095317500771195,O12^(2)
5,theta,2.125,0.1,vis,3.6863051130959838e-09,3.6863051130959838e-09,1.0,0.0,O12^(2)
5,theta,2.125,0.1,I,3.6863051130959838e-09,3.6863051130959838e-09,1.0,0.0,O12^(2)
5,theta,2.125,0.1,II,3.6863051130959838e-09,3.2128698324535924e-09,0.871569154989243,-0.12843084501075697,O12^(2)
5,theta,2.125,0.1,III-a,3.6863051130959838e-09,3.6863051130959838e-09,1.0,0.0,O12^(2)
5,theta,2.125,0.1,III-b,3.6863051130959838e-09,3.6900265551481154e-09,1.0010095317500742,0.001009531750074233,O12^(2)
5,theta,2.15,0.1,vis,3.7503984230360785e-09,3.7503984230360785e-09,1.0,0.0,O12^(2)
5,theta,2.15,0.1,I,3.7503984230360785e-09,3.7503984230360785e-09,1.0,0.0,O12^(2)
5,theta,2.15,0.1,II,3.7503984230360785e-09,3.2687315844385446e-09,0.871569154989243,-0.12843084501075697,O12^(2)
5,theta,2.15,0.1,III-a,3.7503984230360785e-09,3.7503984230360785e-09,1.0,0.0,O12^(2)
5,theta,2.15,0.1,III-b,3.7503984230360785e-09,3.754184569319542e-09,1.001009531750069,0.0010095317500689038,O12^(2)
5,theta,2.1750000000000003,0.1,vis,3.817117633499376e-09,3.817117633499376e-09,1.0,0.0,O12^(2)
5,theta,2.1750000000000003,0.1,I,3.817117633499376e-09,3.817117633499376e-09,1.0,0.0,O12^(2)
5,theta,2.1750000000000003,0.1,II,3.817117633499376e-09,3.3268819903235905e-09,0.871569154989243,-0.12843084501075697,O12^(2)
5,theta,2.1750000000000003,0.1,III-a,3.817117633499376e-09,3.817117633499376e-09,1.0,0.0,O12^(2)
5,theta,2.1750000000000003,0.1,III-b,3.817117633499376e-09,3.820971134944116e-09,1.001009531750062,0.0010095317500620204,O12^(2)
5,theta,2.2,0.1,vis,3.886495387463485e-09,3.886495387463485e-09,1.0,0.0,O12^(2)
5,theta,2.2,0.1,I,3.886495387463485e-09,3.886495387463485e-09,1.0,0.0,O12^(2)
5,theta,2.2,0.1,II,3.886495387463485e-09,3.38734950072114e-09,0.871569154989243,-0.12843084501075697,O12^(2)
5,theta,2.2,0.1,III-a,3.886495387463485e-09,3.886495387463485e-09,1.0,0.0,O12^(2)
5,theta,2.2,0.1,III-b,3.886495387463485e-09,3.890418927953564e-09,1.0010095317500531,0.0010095317500531387,O12^(2)
5,theta,2.225,0.1,vis,3.9585643279060184e-09,3.9585643279060184e-09,1.0,0.0,O12^(2)
5,theta,2.225,0.1,I,3.9585643279060184e-09,3.9585643279060184e-09,1.0,0.0,O12^(2)
5,theta,2.225,0.1,II,3.9585643279060184e-09,3.450162566243609e-09,0.871569154989243,-0.12843084501075697,O12^(2)
5,theta,2.225,0.1,III-a,3.9585643279060184e-09,3.9585643279060184e-09,1.0,0.0,O12^(2)
5,theta,2.225,0.1,III-b,3.9585643279060184e-09,3.962560624279629e-09,1.0010095317500434,0.0010095317500433687,O12^(2)
5,theta,2.25,0.1,vis,4.033357097804592e-09,4.033357097804592e-09,1.0,0.0,O12^(2)
5,theta,2.25,0.1,I,4.033357097804592e-09,4.033357097804592e-09,1.0,0.0,O12^(2)
5,theta,2.25,0.1,II,4.033357097804592e-09,3.5153496375034137e-09,0.871569154989243,-0.12843084501075697,O12^(2)
5,theta,2.25,0.1,III-a,4.033357097804592e-09,4.033357097804592e-09,1.0,0.0,O12^(2)
5,theta,2.25,0.1,III-b,4.033357097804592e-09,4.037428899854043e-09,1.0010095317500323,0.0010095317500322665,O12^(2)
5,theta,2.275,0.1,vis,4.1109063401368145e-09,4.1109063401368145e-09,1.0,0.0,O12^(2)
5,theta,2.275,0.1,I,4.1109063401368145e-09,4.1109063401368145e-09,1.0,0.0,O12^(2)
5,theta,2.275,0.1,II,4.1109063401368145e-09,3.582939165112965e-09,0.871569154989243,-0.12843084501075697,O12^(2)
5,theta,2.275,0.1,III-a,4.1109063401368145e-09,4.1109063401368145e-09,1.0,0.0,O12^(2)
5,theta,2.275,0.1,III-b,4.1109063401368145e-09,4.1150564306085444e-09,1.0010095317500207,0.0010095317500207202,O12^(2)
5,theta,2.3000000000000003,0.1,vis,4.191244697880302e-09,4.191244697880302e-09,1.0,0.0,O12^(2)
5,theta,2.3000000000000003,0.1,I,4.191244697880302e-09,4.191244697880302e-09,1.0,0.0,O12^(2)
5,theta,2.3000000000000003,0.1,II,4.191244697880302e-09,3.65295959968468e-09,0.871569154989243,-0.12843084501075697,O12^(2)
5,theta,2.3000000000000003,0.1,III-a,4.191244697880302e-09,4.191244697880302e-09,1.0,0.0,O12^(2)
5,theta,2.3000000000000003,0.1,III-b,4.191244697880302e-09,4.195475892474866e-09,1.0010095317500083,0.0010095317500082857,O12^(2)
5,theta,2.325,0.1,vis,4.274404814012664e-09,4.274404814012664e-09,1.0,0.0,O12^(2)
5,theta,2.325,0.1,I,4.274404814012664e-09,4.274404814012664e-09,1.0,0.0,O12^(2)
5,theta,2.325,0.1,II,4.274404814012664e-09,3.72543939183097e-09,0.871569154989243,-0.12843084501075697,O12^(2)
5,theta,2.325,0.1,III-a,4.274404814012664e-09,4.274404814012664e-09,1.0,0.0,O12^(2)
5,theta,2.325,0.1,III-b,4.274404814012664e-09,4.278719961384744e-09,1.0010095317499956,0.0010095317499956291,O12^(2)
5,theta,2.35,0.1,vis,4.360419331511512e-09,4.360419331511512e-09,1.0,0.0,O12^(2)
5,theta,2.35,0.1,I,4.360419331511512e-09,4.360419331511512e-09,1.0,0.0,O12^(2)
5,theta,2.35,0.1,II,4.360419331511512e-09,3.800406992164249e-09,0.871569154989243,-0.12843084501075697,O12^(2)
5,theta,2.35,0.1,III-a,4.360419331511512e-09,4.360419331511512e-09,1.0,0.0,O12^(2)
5,theta,2.35,0.1,III-b,4.360419331511512e-09,4.364821313269909e-09,1.0010095317499823,0.0010095317499823064,O12^(2)
5,theta,2.375,0.1,vis,4.449320893354463e-09,4.449320893354463e-09,1.0,0.0,O12^(2)
5,theta,2.375,0.1,I,4.449320893354463e-09,4.449320893354463e-09,1.0,0.0,O12^(2)
5,theta,2.375,0.1,II,4.449320893354463e-09,3.877890851296933e-09,0.871569154989243,-0.12843084501075697,O12^(2)
5,theta,2.375,0.1,III-a,4.449320893354463e-09,4.449320893354463e-09,1.0,0.0,O12^(2)
5,theta,2.375,0.1,III-b,4.449320893354463e-09,4.4538126240621045e-09,1.001009531749969,0.0010095317499689838,O12^(2)
5,theta,2.4000000000000004,0.1,vis,4.541142142519126e-09,4.541142142519126e-09,1.0,0.0,O12^(2)
5,theta,2.4000000000000004,0.1,I,4.541142142519126e-09,4.541142142519126e-09,1.0,0.0,O12^(2)
5,theta,2.4000000000000004,0.1,II,4.541142142519126e-09,3.9579194198414355e-09,0.871569154989243,-0.12843084501075697,O12^(2)
5,theta,2.4000000000000004,0.1,III-a,4.541142142519126e-09,4.541142142519126e-09,1.0,0.0,O12^(2)
5,theta,2.4000000000000004,0.1,III-b,4.541142142519126e-09,4.545726569693059e-09,1.0010095317499552,0.001009531749955217,O12^(2)
5,theta,2.4250000000000003,0.1,vis,4.635915721983114e-09,4.635915721983114e-09,1.0,0.0,O12^(2)
5,theta,2.4250000000000003,0.1,I,4.635915721983114e-09,4.635915721983114e-09,1.0,0.0,O12^(2)
5,theta,2.4250000000000003,0.1,II,4.635915721983114e-09,4.040521148410169e-09,0.871569154989243,-0.12843084501075697,O12^(2)
5,theta,2.4250000000000003,0.1,III-a,4.635915721983114e-09,4.635915721983114e-09,1.0,0.0,O12^(2)
5,theta,2.4250000000000003,0.1,III-b,4.635915721983114e-09,4.640595826094509e-09,1.0010095317499415,0.0010095317499414502,O12^(2)
5,theta,2.45,0.1,vis,4.733674274724039e-09,4.733674274724039e-09,1.0,0.0,O12^(2)
5,theta,2.45,0.1,I,4.733674274724039e-09,4.733674274724039e-09,1.0,0.0,O12^(2)
5,theta,2.45,0.1,II,4.733674274724039e-09,4.1257244876155485e-09,0.871569154989243,-0.12843084501075697,O12^(2)
5,theta,2.45,0.1,III-a,4.733674274724039e-09,4.733674274724039e-09,1.0,0.0,O12^(2)
5,theta,2.45,0.1,III-b,4.733674274724039e-09,4.738453069198188e-09,1.0010095317499277,0.0010095317499276835,O12^(2)
5,theta,2.475,0.1,vis,4.834450443719514e-09,4.834450443719514e-09,1.0,0.0,O12^(2)
5,theta,2.475,0.1,I,4.834450443719514e-09,4.834450443719514e-09,1.0,0.0,O12^(2)
5,theta,2.475,0.1,II,4.834450443719514e-09,4.213557888069988e-09,0.871569154989243,-0.12843084501075697,O12^(2)
5,theta,2.475,0.1,III-a,4.834450443719514e-09,4.834450443719514e-09,1.0,0.0,O12^(2)
5,theta,2.475,0.1,III-b,4.834450443719514e-09,4.839330974935834e-09,1.001009531749914,0.0010095317499139167,O12^(2)
5,theta,2.5,0.1,vis,4.938276871947151e-09,4.938276871947151e-09,1.0,0.0,O12^(2)
5,theta,2.5,0.1,I,4.938276871947151e-09,4.938276871947151e-09,1.0,0.0,O12^(2)
5,theta,2.5,0.1,II,4.938276871947151e-09,4.304049800385901e-09,0.871569154989243,-0.12843084501075697,O12^(2)
5,theta,2.5,0.1,III-a,4.938276871947151e-09,4.938276871947151e-09,1.0,0.0,O12^(2)
5,theta,2.5,0.1,III-b,4.938276871947151e-09,4.94326221923918e-09,1.0010095317499001,0.00100953174990015,O12^(2)
5,theta,2.5250000000000004,0.1,vis,5.045186202384566e-09,5.045186202384566e-09,1.0,0.0,O12^(2)
5,theta,2.5250000000000004,0.1,I,5.045186202384566e-09,5.045186202384566e-09,1.0,0.0,O12^(2)
5,theta,2.5250000000000004,0.1,II,5.045186202384566e-09,4.397228675175704e-09,0.871569154989243,-0.12843084501075697,O12^(2)
5,theta,2.5250000000000004,0.1,III-a,5.045186202384566e-09,5.045186202384566e-09,1.0,0.0,O12^(2)
5,theta,2.5250000000000004,0.1,III-b,5.045186202384566e-09,5.050279478039961e-09,1.0010095317498862,0.0010095317498861611,O12^(2)
5,theta,2.5500000000000003,0.1,vis,5.155211078009365e-09,5.155211078009365e-09,1.0,0.0,O12^(2)
5,theta,2.5500000000000003,0.1,I,5.155211078009365e-09,5.155211078009365e-09,1.0,0.0,O12^(2)
5,theta,2.5500000000000003,0.1,II,5.155211078009365e-09,4.493122963051807e-09,0.871569154989243,-0.12843084501075697,O12^(2)
5,theta,2.5500000000000003,0.1,III-a,5.155211078009365e-09,5.155211078009365e-09,1.0,0.0,O12^(2)
5,theta,2.5500000000000003,0.1,III-b,5.155211078009365e-09,5.160415427269911e-09,1.0010095317498726,0.0010095317498726164,O12^(2)
5,theta,2.575,0.1,vis,5.268384141799165e-09,5.268384141799165e-09,1.0,0.0,O12^(2)
5,theta,2.575,0.1,I,5.268384141799165e-09,5.268384141799165e-09,1.0,0.0,O12^(2)
5,theta,2.575,0.1,II,5.268384141799165e-09,4.591761114626627e-09,0.871569154989243,-0.12843084501075697,O12^(2)
5,theta,2.575,0.1,III-a,5.268384141799165e-09,5.268384141799165e-09,1.0,0.0,O12^(2)
5,theta,2.575,0.1,III-b,5.268384141799165e-09,5.273702742860764e-09,1.0010095317498588,0.0010095317498588496,O12^(2)
5,theta,2.6,0.1,vis,5.384738036731576e-09,5.384738036731576e-09,1.0,0.0,O12^(2)
5,theta,2.6,0.1,I,5.384738036731576e-09,5.384738036731576e-09,1.0,0.0,O12^(2)
5,theta,2.6,0.1,II,5.384738036731576e-09,4.6931715805125755e-09,0.871569154989243,-0.12843084501075697,O12^(2)
5,theta,2.6,0.1,III-a,5.384738036731576e-09,5.384738036731576e-09,1.0,0.0,O12^(2)
5,theta,2.6,0.1,III-b,5.384738036731576e-09,5.3901741007442565e-09,1.0010095317498453,0.001009531749845305,O12^(2)
5,theta,2.625,0.1,vis,5.504305405784212e-09,5.504305405784212e-09,1.0,0.0,O12^(2)
5,theta,2.625,0.1,I,5.504305405784212e-09,5.504305405784212e-09,1.0,0.0,O12^(2)
5,theta,2.625,0.1,II,5.504305405784212e-09,4.797382811322069e-09,0.871569154989243,-0.12843084501075697,O12^(2)
5,theta,2.625,0.1,III-a,5.504305405784212e-09,5.504305405784212e-09,1.0,0.0,O12^(2)
5,theta,2.625,0.1,III-b,5.504305405784212e-09,5.509862176852123e-09,1.001009531749832,0.0010095317498319822,O12^(2)
5,theta,2.6500000000000004,0.1,vis,5.627118891934688e-09,5.627118891934688e-09,1.0,0.0,O12^(2)
5,theta,2.6500000000000004,0.1,I,5.627118891934688e-09,5.627118891934688e-09,1.0,0.0,O12^(2)
5,theta,2.6500000000000004,0.1,II,5.627118891934688e-09,4.904423257667522e-09,0.871569154989243,-0.12843084501075697,O12^(2)
5,theta,2.6500000000000004,0.1,III-a,5.627118891934688e-09,5.627118891934688e-09,1.0,0.0,O12^(2)
5,theta,2.6500000000000004,0.1,III-b,5.627118891934688e-09,5.632799647116101e-09,1.0010095317498187,0.0010095317498186596,O12^(2)
5,theta,2.6750000000000003,0.1,vis,5.753211138160612e-09,5.753211138160612e-09,1.0,0.0,O12^(2)
5,theta,2.6750000000000003,0.1,I,5.753211138160612e-09,5.753211138160612e-09,1.0,0.0,O12^(2)
5,theta,2.6750000000000003,0.1,II,5.753211138160612e-09,5.0143213701613455e-09,0.871569154989243,-0.12843084501075697,O12^(2)
5,theta,2.6750000000000003,0.1,III-a,5.753211138160612e-09,5.753211138160612e-09,1.0,0.0,O12^(2)
5,theta,2.6750000000000003,0.1,III-b,5.753211138160612e-09,5.75901918746792e-09,1.0010095317498056,0.001009531749805559,O12^(2)
5,theta,2.7,0.1,vis,5.882614787439597e-09,5.882614787439597e-09,1.0,0.0,O12^(2)
5,theta,2.7,0.1,I,5.882614787439597e-09,5.882614787439597e-09,1.0,0.0,O12^(2)
5,theta,2.7,0.1,II,5.882614787439597e-09,5.127105599415955e-09,0.871569154989243,-0.12843084501075697,O12^(2)
5,theta,2.7,0.1,III-a,5.882614787439597e-09,5.882614787439597e-09,1.0,0.0,O12^(2)
5,theta,2.7,0.1,III-b,5.882614787439597e-09,5.888553473839315e-09,1.0010095317497925,0.0010095317497924583,O12^(2)
5,theta,2.725,0.1,vis,6.015362482749255e-09,6.015362482749255e-09,1.0,0.0,O12^(2)
5,theta,2.725,0.1,I,6.015362482749255e-09,6.015362482749255e-09,1.0,0.0,O12^(2)
5,theta,2.725,0.1,II,6.015362482749255e-09,5.242804396043764e-09,0.871569154989243,-0.12843084501075697,O12^(2)
5,theta,2.725,0.1,III-a,6.015362482749255e-09,6.015362482749255e-09,1.0,0.0,O12^(2)
5,theta,2.725,0.1,III-b,6.015362482749255e-09,6.021435182162023e-09,1.0010095317497796,0.0010095317497795797,O12^(2)
5,theta,2.75,0.1,vis,6.1514868670672015e-09,6.1514868670672015e-09,1.0,0.0,O12^(2)
5,theta,2.75,0.1,I,6.1514868670672015e-09,6.1514868670672015e-09,1.0,0.0,O12^(2)
5,theta,2.75,0.1,II,6.1514868670672015e-09,5.3614462106571865e-09,0.871569154989243,-0.12843084501075697,O12^(2)
5,theta,2.75,0.1,III-a,6.1514868670672015e-09,6.1514868670672015e-09,1.0,0.0,O12^(2)
5,theta,2.75,0.1,III-b,6.1514868670672015e-09,6.157696988367779e-09,1.0010095317497667,0.0010095317497667011,O12^(2)
5,theta,2.7750000000000004,0.1,vis,6.29102058337105e-09,6.29102058337105e-09,1.0,0.0,O12^(2)
5,theta,2.7750000000000004,0.1,I,6.29102058337105e-09,6.29102058337105e-09,1.0,0.0,O12^(2)
5,theta,2.7750000000000004,0.1,II,6.29102058337105e-09,5.4830594938686405e-09,0.871569154989243,-0.12843084501075697,O12^(2)
5,theta,2.7750000000000004,0.1,III-a,6.29102058337105e-09,6.29102058337105e-09,1.0,0.0,O12^(2)
5,theta,2.7750000000000004,0.1,III-b,6.29102058337105e-09,6.29737156838832e-09,1.0010095317497543,0.0010095317497542666,O12^(2)
5,theta,2.8000000000000003,0.1,vis,6.433996274638406e-09,6.433996274638406e-09,1.0,0.0,O12^(2)
5,theta,2.8000000000000003,0.1,I,6.433996274638406e-09,6.433996274638406e-09,1.0,0.0,O12^(2)
5,theta,2.8000000000000003,0.1,II,6.433996274638406e-09,5.607672696290534e-09,0.871569154989243,-0.12843084501075697,O12^(2)
5,theta,2.8000000000000003,0.1,III-a,6.433996274638406e-09,6.433996274638406e-09,1.0,0.0,O12^(2)
5,theta,2.8000000000000003,0.1,III-b,6.433996274638406e-09,6.440491598155373e-09,1.0010095317497416,0.00100953174974161,O12^(2)
5,theta,2.825,0.1,vis,6.5804465838468874e-09,6.5804465838468874e-09,1.0,0.0,O12^(2)
5,theta,2.825,0.1,I,6.5804465838468874e-09,6.5804465838468874e-09,1.0,0.0,O12^(2)
5,theta,2.825,0.1,II,6.5804465838468874e-09,5.735314268535283e-09,0.871569154989243,-0.12843084501075697,O12^(2)
5,theta,2.825,0.1,III-a,6.5804465838468874e-09,6.5804465838468874e-09,1.0,0.0,O12^(2)
5,theta,2.825,0.1,III-b,6.5804465838468874e-09,6.587089753600679e-09,1.0010095317497294,0.0010095317497293976,O12^(2)
5,theta,2.85,0.1,vis,6.730404153974105e-09,6.730404153974105e-09,1.0,0.0,O12^(2)
5,theta,2.85,0.1,I,6.730404153974105e-09,6.730404153974105e-09,1.0,0.0,O12^(2)
5,theta,2.85,0.1,II,6.730404153974105e-09,5.866012661215302e-09,0.871569154989243,-0.12843084501075697,O12^(2)
5,theta,2.85,0.1,III-a,6.730404153974105e-09,6.730404153974105e-09,1.0,0.0,O12^(2)
5,theta,2.85,0.1,III-b,6.730404153974105e-09,6.7371987106559705e-09,1.0010095317497172,0.0010095317497171852,O12^(2)
5,theta,2.875,0.1,vis,6.8839016279976706e-09,6.8839016279976706e-09,1.0,0.0,O12^(2)
5,theta,2.875,0.1,I,6.8839016279976706e-09,6.8839016279976706e-09,1.0,0.0,O12^(2)
5,theta,2.875,0.1,II,6.8839016279976706e-09,5.999796324943004e-09,0.871569154989243,-0.12843084501075697,O12^(2)
5,theta,2.875,0.1,III-a,6.8839016279976706e-09,6.8839016279976706e-09,1.0,0.0,O12^(2)
5,theta,2.875,0.1,III-b,6.8839016279976706e-09,6.890851145252982e-09,1.0010095317497052,0.0010095317497051948,O12^(2)
5,theta,2.9000000000000004,0.1,vis,7.040971648895202e-09,7.040971648895202e-09,1.0,0.0,O12^(2)
5,theta,2.9000000000000004,0.1,I,7.040971648895202e-09,7.040971648895202e-09,1.0,0.0,O12^(2)
5,theta,2.9000000000000004,0.1,II,7.040971648895202e-09,6.136693710330808e-09,0.871569154989243,-0.12843084501075697,O12^(2)
5,theta,2.9000000000000004,0.1,III-a,7.040971648895202e-09,7.040971648895202e-09,1.0,0.0,O12^(2)
5,theta,2.9000000000000004,0.1,III-b,7.040971648895202e-09,7.048079733323453e-09,1.0010095317496934,0.0010095317496934264,O12^(2)
5,theta,2.9250000000000003,0.1,vis,7.201646859644304e-09,7.201646859644304e-09,1.0,0.0,O12^(2)
5,theta,2.9250000000000003,0.1,I,7.201646859644304e-09,7.201646859644304e-09,1.0,0.0,O12^(2)
5,theta,2.9250000000000003,0.1,II,7.201646859644304e-09,6.276733267991122e-09,0.871569154989243,-0.12843084501075697,O12^(2)
5,theta,2.9250000000000003,0.1,III-a,7.201646859644304e-09,7.201646859644304e-09,1.0,0.0,O12^(2)
5,theta,2.9250000000000003,0.1,III-b,7.201646859644304e-09,7.2089171507991105e-09,1.0010095317496817,0.001009531749681658,O12^(2)
5,theta,2.95,0.1,vis,7.365959903222592e-09,7.365959903222592e-09,1.0,0.0,O12^(2)
5,theta,2.95,0.1,I,7.365959903222592e-09,7.365959903222592e-09,1.0,0.0,O12^(2)
5,theta,2.95,0.1,II,7.365959903222592e-09,6.419943448536361e-09,0.871569154989243,-0.12843084501075697,O12^(2)
5,theta,2.95,0.1,III-a,7.365959903222592e-09,7.365959903222592e-09,1.0,0.0,O12^(2)
5,theta,2.95,0.1,III-b,7.365959903222592e-09,7.3733960736116925e-09,1.0010095317496701,0.0010095317496701117,O12^(2)
5,theta,2.975,0.1,vis,7.533943422607678e-09,7.533943422607678e-09,1.0,0.0,O12^(2)
5,theta,2.975,0.1,I,7.533943422607678e-09,7.533943422607678e-09,1.0,0.0,O12^(2)
5,theta,2.975,0.1,II,7.533943422607678e-09,6.56635270257894e-09,0.871569154989243,-0.12843084501075697,O12^(2)
5,theta,2.975,0.1,III-a,7.533943422607678e-09,7.533943422607678e-09,1.0,0.0,O12^(2)
5,theta,2.975,0.1,III-b,7.533943422607678e-09,7.541549177692932e-09,1.0010095317496586,0.0010095317496585654,O12^(2)
5,theta,3.0,0.1,vis,7.705630060777177e-09,7.705630060777177e-09,1.0,0.0,O12^(2)
5,theta,3.0,0.1,I,7.705630060777177e-09,7.705630060777177e-09,1.0,0.0,O12^(2)
5,theta,3.0,0.1,II,7.705630060777177e-09,6.715989480731274e-09,0.871569154989243,-0.12843084501075697,O12^(2)
5,theta,3.0,0.1,III-a,7.705630060777177e-09,7.705630060777177e-09,1.0,0.0,O12^(2)
5,theta,3.0,0.1,III-b,7.705630060777177e-09,7.713409138974567e-09,1.0010095317496472,0.0010095317496472411,O12^(2)
5,theta,3.0250000000000004,0.1,vis,7.888633255208938e-09,7.888633255208938e-09,1.0,0.0,O12^(2)
5,theta,3.0250000000000004,0.1,I,7.888633255208938e-09,7.888633255208938e-09,1.0,0.0,O12^(2)
5,theta,3.0250000000000004,0.1,II,7.888633255208938e-09,6.875489420262496e-09,0.871569154989243,-0.12843084501075697,O12^(2)
5,theta,3.0250000000000004,0.1,III-a,7.888633255208938e-09,7.888633255208938e-09,1.0,0.0,O12^(2)
5,theta,3.0250000000000004,0.1,III-b,7.888633255208938e-09,7.896597080941307e-09,1.0010095317496361,0.001009531749636139,O12^(2)
5,theta,3.0500000000000003,0.1,vis,8.09028236694708e-09,8.09028236694708e-09,1.0,0.0,O12^(2)
5,theta,3.0500000000000003,0.1,I,8.09028236694708e-09,8.09028236694708e-09,1.0,0.0,O12^(2)
5,theta,3.0500000000000003,0.1,II,8.09028236694708e-09,7.051240566184439e-09,0.871569154989243,-0.12843084501075697,O12^(2)
5,theta,3.0500000000000003,0.1,III-a,8.09028236694708e-09,8.09028236694708e-09,1.0,0.0,O12^(2)
5,theta,3.0500000000000003,0.1,III-b,8.09028236694708e-09,8.098449763859943e-09,1.001009531749625,0.0010095317496250367,O12^(2)
5,theta,3.075,0.1,vis,8.310183924318634e-09,8.310183924318634e-09,1.0,0.0,O12^(2)
5,theta,3.075,0.1,I,8.310183924318634e-09,8.310183924318634e-09,1.0,0.0,O12^(2)
5,theta,3.075,0.1,II,8.310183924318634e-09,7.2428999807235835e-09,0.871569154989243,-0.12843084501075697,O12^(2)
5,theta,3.075,0.1,III-a,8.310183924318634e-09,8.310183924318634e-09,1.0,0.0,O12^(2)
5,theta,3.075,0.1,III-b,8.310183924318634e-09,8.318573318835367e-09,1.0010095317496142,0.0010095317496141565,O12^(2)
5,theta,3.1,0.1,vis,8.547944455650632e-09,8.547944455650632e-09,1.0,0.0,O12^(2)
5,theta,3.1,0.1,I,8.547944455650632e-09,8.547944455650632e-09,1.0,0.0,O12^(2)
5,theta,3.1,0.1,II,8.547944455650632e-09,7.450124726106406e-09,0.871569154989243,-0.12843084501075697,O12^(2)
5,theta,3.1,0.1,III-a,8.547944455650632e-09,8.547944455650632e-09,1.0,0.0,O12^(2)
5,theta,3.1,0.1,III-b,8.547944455650632e-09,8.55657387697246e-09,1.0010095317496035,0.0010095317496034983,O12^(2)
5,theta,3.125,0.1,vis,8.803170489270102e-09,8.803170489270102e-09,1.0,0.0,O12^(2)
5,theta,3.125,0.1,I,8.803170489270102e-09,8.803170489270102e-09,1.0,0.0,O12^(2)
5,theta,3.125,0.1,II,8.803170489270102e-09,7.672571864559383e-09,0.871569154989243,-0.12843084501075697,O12^(2)
5,theta,3.125,0.1,III-a,8.803170489270102e-09,8.803170489270102e-09,1.0,0.0,O12^(2)
5,theta,3.125,0.1,III-b,8.803170489270102e-09,8.8120575693761e-09,1.0010095317495928,0.0010095317495928402,O12^(2)
5,theta,3.1500000000000004,0.1,vis,9.075468553504078e-09,9.075468553504078e-09,1.0,0.0,O12^(2)
5,theta,3.1500000000000004,0.1,I,9.075468553504078e-09,9.075468553504078e-09,1.0,0.0,O12^(2)
5,theta,3.1500000000000004,0.1,II,9.075468553504078e-09,7.909898458308997e-09,0.871569154989243,-0.12843084501075697,O12^(2)
5,theta,3.1500000000000004,0.1,III-a,9.075468553504078e-09,9.075468553504078e-09,1.0,0.0,O12^(2)
5,theta,3.1500000000000004,0.1,III-b,9.075468553504078e-09,9.084630527151176e-09,1.0010095317495824,0.001009531749582404,O12^(2)
5,theta,3.1750000000000003,0.1,vis,9.364445176679578e-09,9.364445176679578e-09,1.0,0.0,O12^(2)
5,theta,3.1750000000000003,0.1,I,9.364445176679578e-09,9.364445176679578e-09,1.0,0.0,O12^(2)
5,theta,3.1750000000000003,0.1,II,9.364445176679578e-09,8.161761569581712e-09,0.871569154989243,-0.12843084501075697,O12^(2)
5,theta,3.1750000000000003,0.1,III-a,9.364445176679578e-09,9.364445176679578e-09,1.0,0.0,O12^(2)
5,theta,3.1750000000000003,0.1,III-b,9.364445176679578e-09,9.373898881402562e-09,1.001009531749572,0.001009531749571968,O12^(2)
5,theta,3.2,0.1,vis,9.669706887123639e-09,9.669706887123639e-09,1.0,0.0,O12^(2)
5,theta,3.2,0.1,I,9.669706887123639e-09,9.669706887123639e-09,1.0,0.0,O12^(2)
5,theta,3.2,0.1,II,9.669706887123639e-09,8.427818260604014e-09,0.871569154989243,-0.12843084501075697,O12^(2)
5,theta,3.2,0.1,III-a,9.669706887123639e-09,9.669706887123639e-09,1.0,0.0,O12^(2)
5,theta,3.2,0.1,III-b,9.669706887123639e-09,9.679468763235146e-09,1.0010095317495618,0.001009531749561754,O12^(2)
5,theta,3.225,0.1,vis,9.99086021316329e-09,9.99086021316329e-09,1.0,0.0,O12^(2)
5,theta,3.225,0.1,I,9.99086021316329e-09,9.99086021316329e-09,1.0,0.0,O12^(2)
5,theta,3.225,0.1,II,9.99086021316329e-09,8.707725593602378e-09,0.871569154989243,-0.12843084501075697,O12^(2)
5,theta,3.225,0.1,III-a,9.99086021316329e-09,9.99086021316329e-09,1.0,0.0,O12^(2)
5,theta,3.225,0.1,III-b,9.99086021316329e-09,1.0000946303753811e-08,1.0010095317495515,0.00100953174955154,O12^(2)
5,theta,3.25,0.1,vis,1.0327511683125558e-08,1.0327511683125558e-08,1.0,0.0,O12^(2)
5,theta,3.25,0.1,I,1.0327511683125558e-08,1.0327511683125558e-08,1.0,0.0,O12^(2)
5,theta,3.25,0.1,II,1.0327511683125558e-08,9.001140630803277e-09,0.871569154989243,-0.12843084501075697,O12^(2)
5,theta,3.25,0.1,III-a,1.0327511683125558e-08,1.0327511683125558e-08,1.0,0.0,O12^(2)
5,theta,3.25,0.1,III-b,1.0327511683125558e-08,1.0337937634063435e-08,1.0010095317495415,0.001009531749541548,O12^(2)
5,theta,3.2750000000000004,0.1,vis,1.067926782533748e-08,1.067926782533748e-08,1.0,0.0,O12^(2)
5,theta,3.2750000000000004,0.1,I,1.067926782533748e-08,1.067926782533748e-08,1.0,0.0,O12^(2)
5,theta,3.2750000000000004,0.1,II,1.067926782533748e-08,9.3077204344332e-09,0.871569154989243,-0.12843084501075697,O12^(2)
5,theta,3.2750000000000004,0.1,III-a,1.067926782533748e-08,1.067926782533748e-08,1.0,0.0,O12^(2)
5,theta,3.2750000000000004,0.1,III-b,1.067926782533748e-08,1.069004888526891e-08,1.0010095317495316,0.0010095317495315559,O12^(2)
5,theta,3.3000000000000003,0.1,vis,1.1045735168126071e-08,1.1045735168126071e-08,1.0,0.0,O12^(2)
5,theta,3.3000000000000003,0.1,I,1.1045735168126071e-08,1.1045735168126071e-08,1.0,0.0,O12^(2)
5,theta,3.3000000000000003,0.1,II,1.1045735168126071e-08,9.627122066718603e-09,0.871569154989243,-0.12843084501075697,O12^(2)
5,theta,3.3000000000000003,0.1,III-a,1.1045735168126071e-08,1.1045735168126071e-08,1.0,0.0,O12^(2)
5,theta,3.3000000000000003,0.1,III-b,1.1045735168126071e-08,1.1056886188475104e-08,1.0010095317495218,0.001009531749521786,O12^(2)
5,theta,3.325,0.1,vis,1.142652023981837e-08,1.142652023981837e-08,1.0,0.0,O12^(2)
5,theta,3.325,0.1,I,1.142652023981837e-08,1.142652023981837e-08,1.0,0.0,O12^(2)
5,theta,3.325,0.1,II,1.142652023981837e-08,9.959002589885979e-09,0.871569154989243,-0.12843084501075697,O12^(2)
5,theta,3.325,0.1,III-a,1.142652023981837e-08,1.142652023981837e-08,1.0,0.0,O12^(2)
5,theta,3.325,0.1,III-b,1.142652023981837e-08,1.143805567478691e-08,1.0010095317495122,0.001009531749512238,O12^(2)
5,theta,3.35,0.1,vis,1.1821229568741405e-08,1.1821229568741405e-08,1.0,0.0,O12^(2)
5,theta,3.35,0.1,I,1.1821229568741405e-08,1.1821229568741405e-08,1.0,0.0,O12^(2)
5,theta,3.35,0.1,II,1.1821229568741405e-08,1.03030190661618e-08,0.871569154989243,-0.12843084501075697,O12^(2)
5,theta,3.35,0.1,III-a,1.1821229568741405e-08,1.1821229568741405e-08,1.0,0.0,O12^(2)
5,theta,3.35,0.1,III-b,1.1821229568741405e-08,1.183316347530921e-08,1.0010095317495027,0.00100953174950269,O12^(2)
5,theta,3.375,0.1,vis,1.2229469683222202e-08,1.2229469683222202e-08,1.0,0.0,O12^(2)
5,theta,3.375,0.1,I,1.2229469683222202e-08,1.2229469683222202e-08,1.0,0.0,O12^(2)
5,theta,3.375,0.1,II,1.2229469683222202e-08,1.065882855777254e-08,0.871569154989243,-0.12843084501075697,O12^(2)
5,theta,3.375,0.1,III-a,1.2229469683222202e-08,1.2229469683222202e-08,1.0,0.0,O12^(2)
5,theta,3.375,0.1,III-b,1.2229469683222202e-08,1.224181572114688e-08,1.0010095317494931,0.0010095317494931422,O12^(2)
5,theta,3.4000000000000004,0.1,vis,1.2650847111587802e-08,1.2650847111587802e-08,1.0,0.0,O12^(2)
5,theta,3.4000000000000004,0.1,I,1.2650847111587802e-08,1.2650847111587802e-08,1.0,0.0,O12^(2)
5,theta,3.4000000000000004,0.1,II,1.2650847111587802e-08,1.1026088126944686e-08,0.871569154989243,-0.12843084501075697,O12^(2)
5,theta,3.4000000000000004,0.1,III-a,1.2650847111587802e-08,1.2650847111587802e-08,1.0,0.0,O12^(2)
5,theta,3.4000000000000004,0.1,III-b,1.2650847111587802e-08,1.2663618543404816e-08,1.0010095317494838,0.0010095317494838163,O12^(2)
5,theta,3.4250000000000003,0.1,vis,1.3084968382165214e-08,1.3084968382165214e-08,1.0,0.0,O12^(2)
5,theta,3.4250000000000003,0.1,I,1.3084968382165214e-08,1.3084968382165214e-08,1.0,0.0,O12^(2)
5,theta,3.4250000000000003,0.1,II,1.3084968382165214e-08,1.1404454835904698e-08,0.871569154989243,-0.12843084501075697,O12^(2)
5,theta,3.4250000000000003,0.1,III-a,1.3084968382165214e-08,1.3084968382165214e-08,1.0,0.0,O12^(2)
5,theta,3.4250000000000003,0.1,III-b,1.3084968382165214e-08,1.3098178073187883e-08,1.0010095317494747,0.0010095317494747125,O12^(2)
5,theta,3.45,0.1,vis,1.353144002328148e-08,1.353144002328148e-08,1.0,0.0,O12^(2)
5,theta,3.45,0.1,I,1.353144002328148e-08,1.353144002328148e-08,1.0,0.0,O12^(2)
5,theta,3.45,0.1,II,1.353144002328148e-08,1.1793585746879063e-08,0.871569154989243,-0.12843084501075697,O12^(2)
5,theta,3.45,0.1,III-a,1.353144002328148e-08,1.353144002328148e-08,1.0,0.0,O12^(2)
5,theta,3.45,0.1,III-b,1.353144002328148e-08,1.3545100441600971e-08,1.0010095317494656,0.0010095317494656086,O12^(2)
5,theta,3.475,0.1,vis,1.3989868563263628e-08,1.3989868563263628e-08,1.0,0.0,O12^(2)
5,theta,3.475,0.1,I,1.3989868563263628e-08,1.3989868563263628e-08,1.0,0.0,O12^(2)
5,theta,3.475,0.1,II,1.3989868563263628e-08,1.2193137922094255e-08,0.871569154989243,-0.12843084501075697,O12^(2)
5,theta,3.475,0.1,III-a,1.3989868563263628e-08,1.3989868563263628e-08,1.0,0.0,O12^(2)
5,theta,3.475,0.1,III-b,1.3989868563263628e-08,1.4003991779748966e-08,1.0010095317494565,0.0010095317494565048,O12^(2)
5,theta,3.5,0.1,vis,1.4459860530438685e-08,1.4459860530438685e-08,1.0,0.0,O12^(2)
5,theta,3.5,0.1,I,1.4459860530438685e-08,1.4459860530438685e-08,1.0,0.0,O12^(2)
5,theta,3.5,0.1,II,1.4459860530438685e-08,1.2602768423776752e-08,0.871569154989243,-0.12843084501075697,O12^(2)
5,theta,3.5,0.1,III-a,1.4459860530438685e-08,1.4459860530438685e-08,1.0,0.0,O12^(2)
5,theta,3.5,0.1,III-b,1.4459860530438685e-08,1.4474458218736748e-08,1.0010095317494476,0.001009531749447623,O12^(2)
5,theta,3.5250000000000004,0.1,vis,1.4941022453133694e-08,1.4941022453133694e-08,1.0,0.0,O12^(2)
5,theta,3.5250000000000004,0.1,I,1.4941022453133694e-08,1.4941022453133694e-08,1.0,0.0,O12^(2)
5,theta,3.5250000000000004,0.1,II,1.4941022453133694e-08,1.3022134314153041e-08,0.871569154989243,-0.12843084501075697,O12^(2)
5,theta,3.5250000000000004,0.1,III-a,1.4941022453133694e-08,1.4941022453133694e-08,1.0,0.0,O12^(2)
5,theta,3.5250000000000004,0.1,III-b,1.4941022453133694e-08,1.495610588966921e-08,1.0010095317494387,0.0010095317494387412,O12^(2)
5,theta,3.5500000000000003,0.1,vis,1.543296085967566e-08,1.543296085967566e-08,1.0,0.0,O12^(2)
5,theta,3.5500000000000003,0.1,I,1.543296085967566e-08,1.543296085967566e-08,1.0,0.0,O12^(2)
5,theta,3.5500000000000003,0.1,II,1.543296085967566e-08,1.3450892655449576e-08,0.871569154989243,-0.12843084501075697,O12^(2)
5,theta,3.5500000000000003,0.1,III-a,1.543296085967566e-08,1.543296085967566e-08,1.0,0.0,O12^(2)
5,theta,3.5500000000000003,0.1,III-b,1.543296085967566e-08,1.5448540923651214e-08,1.00100953174943,0.0010095317494300815,O12^(2)
5,theta,3.575,0.1,vis,1.5935282278391626e-08,1.5935282278391626e-08,1.0,0.0,O12^(2)
5,theta,3.575,0.1,I,1.5935282278391626e-08,1.5935282278391626e-08,1.0,0.0,O12^(2)
5,theta,3.575,0.1,II,1.5935282278391626e-08,1.3888700509892848e-08,0.871569154989243,-0.12843084501075697,O12^(2)
5,theta,3.575,0.1,III-a,1.5935282278391626e-08,1.5935282278391626e-08,1.0,0.0,O12^(2)
5,theta,3.575,0.1,III-b,1.5935282278391626e-08,1.5951369451787654e-08,1.0010095317494214,0.0010095317494214218,O12^(2)
5,theta,3.6,0.1,vis,1.644759323760862e-08,1.644759323760862e-08,1.0,0.0,O12^(2)
5,theta,3.6,0.1,I,1.644759323760862e-08,1.644759323760862e-08,1.0,0.0,O12^(2)
5,theta,3.6,0.1,II,1.644759323760862e-08,1.4335214939709333e-08,0.871569154989243,-0.12843084501075697,O12^(2)
5,theta,3.6,0.1,III-a,1.644759323760862e-08,1.644759323760862e-08,1.0,0.0,O12^(2)
5,theta,3.6,0.1,III-b,1.644759323760862e-08,1.6464197605183416e-08,1.001009531749413,0.001009531749412984,O12^(2)
5,theta,3.625,0.1,vis,1.6969500265653665e-08,1.6969500265653665e-08,1.0,0.0,O12^(2)
5,theta,3.625,0.1,I,1.6969500265653665e-08,1.6969500265653665e-08,1.0,0.0,O12^(2)
5,theta,3.625,0.1,II,1.6969500265653665e-08,1.47900930071255e-08,0.871569154989243,-0.12843084501075697,O12^(2)
5,theta,3.625,0.1,III-a,1.6969500265653665e-08,1.6969500265653665e-08,1.0,0.0,O12^(2)
5,theta,3.625,0.1,III-b,1.6969500265653665e-08,1.698663151494337e-08,1.0010095317494045,0.0010095317494045464,O12^(2)
5,theta,3.6500000000000004,0.1,vis,1.7500609890853813e-08,1.7500609890853813e-08,1.0,0.0,O12^(2)
5,theta,3.6500000000000004,0.1,I,1.7500609890853813e-08,1.7500609890853813e-08,1.0,0.0,O12^(2)
5,theta,3.6500000000000004,0.1,II,1.7500609890853813e-08,1.5252991774367845e-08,0.871569154989243,-0.12843084501075697,O12^(2)
5,theta,3.6500000000000004,0.1,III-a,1.7500609890853813e-08,1.7500609890853813e-08,1.0,0.0,O12^(2)
5,theta,3.6500000000000004,0.1,III-b,1.7500609890853813e-08,1.7518277312172425e-08,1.001009531749396,0.0010095317493961087,O12^(2)
5,theta,3.6750000000000003,0.1,vis,1.8040528641536062e-08,1.8040528641536062e-08,1.0,0.0,O12^(2)
5,theta,3.6750000000000003,0.1,I,1.8040528641536062e-08,1.8040528641536062e-08,1.0,0.0,O12^(2)
5,theta,3.6750000000000003,0.1,II,1.8040528641536062e-08,1.572356830366282e-08,0.871569154989243,-0.12843084501075697,O12^(2)
5,theta,3.6750000000000003,0.1,III-a,1.8040528641536062e-08,1.8040528641536062e-08,1.0,0.0,O12^(2)
5,theta,3.6750000000000003,0.1,III-b,1.8040528641536062e-08,1.8058741127975435e-08,1.001009531749388,0.001009531749387893,O12^(2)
5,theta,3.7,0.1,vis,1.8588863046027457e-08,1.8588863046027457e-08,1.0,0.0,O12^(2)
5,theta,3.7,0.1,I,1.8588863046027457e-08,1.8588863046027457e-08,1.0,0.0,O12^(2)
5,theta,3.7,0.1,II,1.8588863046027457e-08,1.6201479657236916e-08,0.871569154989243,-0.12843084501075697,O12^(2)
5,theta,3.7,0.1,III-a,1.8588863046027457e-08,1.8588863046027457e-08,1.0,0.0,O12^(2)
5,theta,3.7,0.1,III-b,1.8588863046027457e-08,1.8607629093457292e-08,1.0010095317493797,0.0010095317493796774,O12^(2)
5,theta,3.725,0.1,vis,1.9145219632655027e-08,1.9145219632655027e-08,1.0,0.0,O12^(2)
5,theta,3.725,0.1,I,1.9145219632655027e-08,1.9145219632655027e-08,1.0,0.0,O12^(2)
5,theta,3.725,0.1,II,1.9145219632655027e-08,1.668638289731661e-08,0.871569154989243,-0.12843084501075697,O12^(2)
5,theta,3.725,0.1,III-a,1.9145219632655027e-08,1.9145219632655027e-08,1.0,0.0,O12^(2)
5,theta,3.725,0.1,III-b,1.9145219632655027e-08,1.9164547339722887e-08,1.0010095317493717,0.0010095317493716838,O12^(2)
5,theta,3.75,0.1,vis,1.9709204929745797e-08,1.9709204929745797e-08,1.0,0.0,O12^(2)
5,theta,3.75,0.1,I,1.9709204929745797e-08,1.9709204929745797e-08,1.0,0.0,O12^(2)
5,theta,3.75,0.1,II,1.9709204929745797e-08,1.7177935086128367e-08,0.871569154989243,-0.12843084501075697,O12^(2)
5,theta,3.75,0.1,III-a,1.9709204929745797e-08,1.9709204929745797e-08,1.0,0.0,O12^(2)
5,theta,3.75,0.1,III-b,1.9709204929745797e-08,1.972910199787709e-08,1.0010095317493637,0.0010095317493636902,O12^(2)
5,theta,3.7750000000000004,0.1,vis,2.028042546562681e-08,2.028042546562681e-08,1.0,0.0,O12^(2)
5,theta,3.7750000000000004,0.1,I,2.028042546562681e-08,2.028042546562681e-08,1.0,0.0,O12^(2)
5,theta,3.7750000000000004,0.1,II,2.028042546562681e-08,1.7675793285898682e-08,0.871569154989243,-0.12843084501075697,O12^(2)
5,theta,3.7750000000000004,0.1,III-a,2.028042546562681e-08,2.028042546562681e-08,1.0,0.0,O12^(2)
5,theta,3.7750000000000004,0.1,III-b,2.028042546562681e-08,2.0300899199024806e-08,1.001009531749356,0.0010095317493559186,O12^(2)
5,theta,3.8000000000000003,0.1,vis,2.0858487768625076e-08,2.0858487768625076e-08,1.0,0.0,O12^(2)
5,theta,3.8000000000000003,0.1,I,2.0858487768625076e-08,2.0858487768625076e-08,1.0,0.0,O12^(2)
5,theta,3.8000000000000003,0.1,II,2.0858487768625076e-08,1.817961455885402e-08,0.871569154989243,-0.12843084501075697,O12^(2)
5,theta,3.8000000000000003,0.1,III-a,2.0858487768625076e-08,2.0858487768625076e-08,1.0,0.0,O12^(2)
5,theta,3.8000000000000003,0.1,III-b,2.0858487768625076e-08,2.087954507427089e-08,1.001009531749348,0.001009531749347925,O12^(2)
5,theta,3.825,0.1,vis,2.1442998367067632e-08,2.1442998367067632e-08,1.0,0.0,O12^(2)
5,theta,3.825,0.1,I,2.1442998367067632e-08,2.1442998367067632e-08,1.0,0.0,O12^(2)
5,theta,3.825,0.1,II,2.1442998367067632e-08,1.8689055967220855e-08,0.871569154989243,-0.12843084501075697,O12^(2)
5,theta,3.825,0.1,III-a,2.1442998367067632e-08,2.1442998367067632e-08,1.0,0.0,O12^(2)
5,theta,3.825,0.1,III-b,2.1442998367067632e-08,2.146464575472024e-08,1.0010095317493404,0.0010095317493403755,O12^(2)
5,theta,3.85,0.1,vis,2.2033563789281507e-08,2.2033563789281507e-08,1.0,0.0,O12^(2)
5,theta,3.85,0.1,I,2.2033563789281507e-08,2.2033563789281507e-08,1.0,0.0,O12^(2)
5,theta,3.85,0.1,II,2.2033563789281507e-08,1.9203774573225668e-08,0.871569154989243,-0.12843084501075697,O12^(2)
5,theta,3.85,0.1,III-a,2.2033563789281507e-08,2.2033563789281507e-08,1.0,0.0,O12^(2)
5,theta,3.85,0.1,III-b,2.2033563789281507e-08,2.205580737147773e-08,1.0010095317493326,0.001009531749332604,O12^(2)
5,theta,3.875,0.1,vis,2.262979056359373e-08,2.262979056359373e-08,1.0,0.0,O12^(2)
5,theta,3.875,0.1,I,2.262979056359373e-08,2.262979056359373e-08,1.0,0.0,O12^(2)
5,theta,3.875,0.1,II,2.262979056359373e-08,1.9723427439094933e-08,0.871569154989243,-0.12843084501075697,O12^(2)
5,theta,3.875,0.1,III-a,2.262979056359373e-08,2.262979056359373e-08,1.0,0.0,O12^(2)
5,theta,3.875,0.1,III-b,2.262979056359373e-08,2.2652636055648256e-08,1.001009531749325,0.0010095317493250544,O12^(2)
5,theta,3.9000000000000004,0.1,vis,2.3231285218331344e-08,2.3231285218331344e-08,1.0,0.0,O12^(2)
5,theta,3.9000000000000004,0.1,I,2.3231285218331344e-08,2.3231285218331344e-08,1.0,0.0,O12^(2)
5,theta,3.9000000000000004,0.1,II,2.3231285218331344e-08,2.0247671627055144e-08,0.871569154989243,-0.12843084501075697,O12^(2)
5,theta,3.9000000000000004,0.1,III-a,2.3231285218331344e-08,2.3231285218331344e-08,1.0,0.0,O12^(2)
5,theta,3.9000000000000004,0.1,III-b,2.3231285218331344e-08,2.32547379383367e-08,1.0010095317493175,0.0010095317493175049,O12^(2)
5,theta,3.9250000000000003,0.1,vis,2.3837654281821355e-08,2.3837654281821355e-08,1.0,0.0,O12^(2)
5,theta,3.9250000000000003,0.1,I,2.3837654281821355e-08,2.3837654281821355e-08,1.0,0.0,O12^(2)
5,theta,3.9250000000000003,0.1,II,2.3837654281821355e-08,2.077616419933275e-08,0.871569154989243,-0.12843084501075697,O12^(2)
5,theta,3.9250000000000003,0.1,III-a,2.3837654281821355e-08,2.3837654281821355e-08,1.0,0.0,O12^(2)
5,theta,3.9250000000000003,0.1,III-b,2.3837654281821355e-08,2.3861719150647932e-08,1.0010095317493102,0.0010095317493101774,O12^(2)
5,theta,3.95,0.1,vis,2.4448504282390802e-08,2.4448504282390802e-08,1.0,0.0,O12^(2)
5,theta,3.95,0.1,I,2.4448504282390802e-08,2.4448504282390802e-08,1.0,0.0,O12^(2)
5,theta,3.95,0.1,II,2.4448504282390802e-08,2.130856221815424e-08,0.871569154989243,-0.12843084501075697,O12^(2)
5,theta,3.95,0.1,III-a,2.4448504282390802e-08,2.4448504282390802e-08,1.0,0.0,O12^(2)
5,theta,3.95,0.1,III-b,2.4448504282390802e-08,2.4473185823686843e-08,1.0010095317493028,0.00100953174930285,O12^(2)
5,theta,3.975,0.1,vis,2.5063441748366714e-08,2.5063441748366714e-08,1.0,0.0,O12^(2)
5,theta,3.975,0.1,I,2.5063441748366714e-08,2.5063441748366714e-08,1.0,0.0,O12^(2)
5,theta,3.975,0.1,II,2.5063441748366714e-08,2.1844522745746092e-08,0.871569154989243,-0.12843084501075697,O12^(2)
5,theta,3.975,0.1,III-a,2.5063441748366714e-08,2.5063441748366714e-08,1.0,0.0,O12^(2)
5,theta,3.975,0.1,III-b,2.5063441748366714e-08,2.508874408855831e-08,1.0010095317492955,0.0010095317492955225,O12^(2)
5,theta,4.0,0.1,vis,2.5682073208076123e-08,2.5682073208076123e-08,1.0,0.0,O12^(2)
5,theta,4.0,0.1,I,2.5682073208076123e-08,2.5682073208076123e-08,1.0,0.0,O12^(2)
5,theta,4.0,0.1,II,2.5682073208076123e-08,2.2383702844334785e-08,0.871569154989243,-0.12843084501075697,O12^(2)
5,theta,4.0,0.1,III-a,2.5682073208076123e-08,2.5682073208076123e-08,1.0,0.0,O12^(2)
5,theta,4.0,0.1,III-b,2.5682073208076123e-08,2.5708000076367224e-08,1.0010095317492884,0.001009531749288417,O12^(2)
5,z,1.0,0.1,vis,1.499888555681402e-06,1.499888555681402e-06,1.0,0.0,O12^(2)
5,z,1.0,0.1,I,1.499888555681402e-06,1.499888555681402e-06,1.0,0.0,O12^(2)
5,z,1.0,0.1,II,1.499888555681402e-06,1.3072566010532756e-06,0.871569154989243,-0.12843084501075697,O12^(2)
5,z,1.0,0.1,III-a,1.499888555681402e-06,1.499888555681402e-06,1.0,0.0,O12^(2)
5,z,1.0,0.1,III-b,1.499888555681402e-06,1.5014027354362146e-06,1.0010095281739948,0.0010095281739948003,O12^(2)
5,z,1.025,0.1,vis,1.3938272281535986e-06,1.3938272281535986e-06,1.0,0.0,O12^(2)
5,z,1.025,0.1,I,1.3938272281535986e-06,1.3938272281535986e-06,1.0,0.0,O12^(2)
5,z,1.025,0.1,II,1.3938272281535986e-06,1.2148168194428309e-06,0.871569154989243,-0.12843084501075697,O12^(2)
5,z,1.025,0.1,III-a,1.3938272281535986e-06,1.3938272281535986e-06,1.0,0.0,O12^(2)
5,z,1.025,0.1,III-b,1.3938272281535986e-06,1.395234336312152e-06,1.0010095283907012,0.001009528390701231,O12^(2)
5,z,1.05,0.1,vis,1.2885178820975677e-06,1.2885178820975677e-06,1.0,0.0,O12^(2)
5,z,1.05,0.1,I,1.2885178820975677e-06,1.2885178820975677e-06,1.0,0.0,O12^(2)
5,z,1.05,0.1,II,1.2885178820975677e-06,1.123032441688306e-06,0.871569154989243,-0.12843084501075697,O12^(2)
5,z,1.05,0.1,III-a,1.2885178820975677e-06,1.2885178820975677e-06,1.0,0.0,O12^(2)
5,z,1.05,0.1,III-b,1.2885178820975677e-06,1.2898186777441869e-06,1.0010095285945908,0.0010095285945908028,O12^(2)
5,z,1.075,0.1,vis,1.184435248372128e-06,1.184435248372128e-06,1.0,0.0,O12^(2)
5,z,1.075,0.1,I,1.184435248372128e-06,1.184435248372128e-06,1.0,0.0,O12^(2)
5,z,1.075,0.1,II,1.184435248372128e-06,1.0323172285631698e-06,0.871569154989243,-0.12843084501075697,O12^(2)
5,z,1.075,0.1,III-a,1.184435248372128e-06,1.184435248372128e-06,1.0,0.0,O12^(2)
5,z,1.075,0.1,III-b,1.184435248372128e-06,1.1856309698503424e-06,1.0010095287858563,0.0010095287858562507,O12^(2)
5,z,1.1,0.1,vis,1.082054057836095e-06,1.082054057836095e-06,1.0,0.0,O12^(2)
5,z,1.1,0.1,I,1.082054057836095e-06,1.082054057836095e-06,1.0,0.0,O12^(2)
5,z,1.1,0.1,II,1.082054057836095e-06,9.430849408408869e-07,0.871569154989243,-0.12843084501075697,O12^(2)
5,z,1.1,0.1,III-a,1.082054057836095e-06,1.082054057836095e-06,1.0,0.0,O12^(2)
5,z,1.1,0.1,III-b,1.082054057836095e-06,1.0831464227496958e-06,1.0010095289654801,0.001009528965480122,O12^(2)
5,z,1.125,0.1,vis,9.818490413482876e-07,9.818490413482876e-07,1.0,0.0,O12^(2)
5,z,1.125,0.1,I,9.818490413482876e-07,9.818490413482876e-07,1.0,0.0,O12^(2)
5,z,1.125,0.1,II,9.818490413482876e-07,8.557493392949254e-07,0.871569154989243,-0.12843084501075697,O12^(2)
5,z,1.125,0.1,III-a,9.818490413482876e-07,9.818490413482876e-07,1.0,0.0,O12^(2)
5,z,1.125,0.1,III-b,9.818490413482876e-07,9.828402465608707e-07,1.0010095291341548,0.0010095291341547519,O12^(2)
5,z,1.15,0.1,vis,8.842949297675219e-07,8.842949297675219e-07,1.0,0.0,O12^(2)
5,z,1.15,0.1,I,8.842949297675219e-07,8.842949297675219e-07,1.0,0.0,O12^(2)
5,z,1.15,0.1,II,8.842949297675219e-07,7.707241846987511e-07,0.871569154989243,-0.12843084501075697,O12^(2)
5,z,1.15,0.1,III-a,8.842949297675219e-07,8.842949297675219e-07,1.0,0.0,O12^(2)
5,z,1.15,0.1,III-b,8.842949297675219e-07,8.851876514023944e-07,1.0010095292925711,0.001009529292571143,O12^(2)
5,z,1.175,0.1,vis,7.898664539526142e-07,7.898664539526142e-07,1.0,0.0,O12^(2)
5,z,1.175,0.1,I,7.898664539526142e-07,7.898664539526142e-07,1.0,0.0,O12^(2)
5,z,1.175,0.1,II,7.898664539526142e-07,6.884232378258299e-07,0.871569154989243,-0.12843084501075697,O12^(2)
5,z,1.175,0.1,III-a,7.898664539526142e-07,7.898664539526142e-07,1.0,0.0,O12^(2)
5,z,1.175,0.1,III-b,7.898664539526142e-07,7.906638473926049e-07,1.0010095294413384,0.0010095294413383638,O12^(2)
5,z,1.2,0.1,vis,6.990383447623834e-07,6.990383447623834e-07,1.0,0.0,O12^(2)
5,z,1.2,0.1,I,6.990383447623834e-07,6.990383447623834e-07,1.0,0.0,O12^(2)
5,z,1.2,0.1,II,6.990383447623834e-07,6.092602594496296e-07,0.871569154989243,-0.12843084501075697,O12^(2)
5,z,1.2,0.1,III-a,6.990383447623834e-07,6.990383447623834e-07,1.0,0.0,O12^(2)
5,z,1.2,0.1,III-b,6.990383447623834e-07,6.997440446497196e-07,1.0010095295810648,0.0010095295810648164,O12^(2)
5,z,1.225,0.1,vis,6.12285333055645e-07,6.12285333055645e-07,1.0,0.0,O12^(2)
5,z,1.225,0.1,I,6.12285333055645e-07,6.12285333055645e-07,1.0,0.0,O12^(2)
5,z,1.225,0.1,II,6.12285333055645e-07,5.336490103436157e-07,0.871569154989243,-0.12843084501075697,O12^(2)
5,z,1.225,0.1,III-a,6.12285333055645e-07,6.12285333055645e-07,1.0,0.0,O12^(2)
5,z,1.225,0.1,III-b,6.12285333055645e-07,6.129034532917623e-07,1.0010095297122872,0.0010095297122871827,O12^(2)
5,z,1.25,0.1,vis,5.300821496912174e-07,5.300821496912174e-07,1.0,0.0,O12^(2)
5,z,1.25,0.1,I,5.300821496912174e-07,5.300821496912174e-07,1.0,0.0,O12^(2)
5,z,1.25,0.1,II,5.300821496912174e-07,4.620032512812558e-07,0.871569154989243,-0.12843084501075697,O12^(2)
5,z,1.25,0.1,III-a,5.300821496912174e-07,5.300821496912174e-07,1.0,0.0,O12^(2)
5,z,1.25,0.1,III-b,5.300821496912174e-07,5.306172834366186e-07,1.0010095298355413,0.0010095298355412563,O12^(2)
5,z,1.275,0.1,vis,4.529035255279172e-07,4.529035255279172e-07,1.0,0.0,O12^(2)
5,z,1.275,0.1,I,4.529035255279172e-07,4.529035255279172e-07,1.0,0.0,O12^(2)
5,z,1.275,0.1,II,4.529035255279172e-07,3.947367430360159e-07,0.871569154989243,-0.12843084501075697,O12^(2)
5,z,1.275,0.1,III-a,4.529035255279172e-07,4.529035255279172e-07,1.0,0.0,O12^(2)
5,z,1.275,0.1,III-b,4.529035255279172e-07,4.533607452019867e-07,1.0010095299512993,0.001009529951299326,O12^(2)
5,z,1.3,0.1,vis,3.812241914245609e-07,3.812241914245609e-07,1.0,0.0,O12^(2)
5,z,1.3,0.1,I,3.812241914245609e-07,3.812241914245609e-07,1.0,0.0,O12^(2)
5,z,1.3,0.1,II,3.812241914245609e-07,3.32263246381362e-07,0.871569154989243,-0.12843084501075697,O12^(2)
5,z,1.3,0.1,III-a,3.812241914245609e-07,3.812241914245609e-07,1.0,0.0,O12^(2)
5,z,1.3,0.1,III-b,3.812241914245609e-07,3.8160904870541584e-07,1.0010095300600332,0.0010095300600332369,O12^(2)
5,z,1.325,0.1,vis,3.155188782399667e-07,3.155188782399667e-07,1.0,0.0,O12^(2)
5,z,1.325,0.1,I,3.155188782399667e-07,3.155188782399667e-07,1.0,0.0,O12^(2)
5,z,1.325,0.1,II,3.155188782399667e-07,2.7499652209076164e-07,0.871569154989243,-0.12843084501075697,O12^(2)
5,z,1.325,0.1,III-a,3.155188782399667e-07,3.155188782399667e-07,1.0,0.0,O12^(2)
5,z,1.325,0.1,III-b,3.155188782399667e-07,3.1583740406428065e-07,1.0010095301621593,0.0010095301621593222,O12^(2)
5,z,1.35,0.1,vis,2.562623168329507e-07,2.562623168329507e-07,1.0,0.0,O12^(2)
5,z,1.35,0.1,I,2.562623168329507e-07,2.562623168329507e-07,1.0,0.0,O12^(2)
5,z,1.35,0.1,II,2.562623168329507e-07,2.233503309376805e-07,0.871569154989243,-0.12843084501075697,O12^(2)
5,z,1.35,0.1,III-a,2.562623168329507e-07,2.562623168329507e-07,1.0,0.0,O12^(2)
5,z,1.35,0.1,III-b,2.562623168329507e-07,2.5652102139580253e-07,1.0010095302580928,0.0010095302580928056,O12^(2)
5,z,1.375,0.1,vis,2.0392923806233103e-07,2.0392923806233103e-07,1.0,0.0,O12^(2)
5,z,1.375,0.1,I,2.0392923806233103e-07,2.0392923806233103e-07,1.0,0.0,O12^(2)
5,z,1.375,0.1,II,2.0392923806233103e-07,1.7773843369558603e-07,0.871569154989243,-0.12843084501075697,O12^(2)
5,z,1.375,0.1,III-a,2.0392923806233103e-07,2.0392923806233103e-07,1.0,0.0,O12^(2)
5,z,1.375,0.1,III-b,2.0392923806233103e-07,2.0413511081704035e-07,1.0010095303482005,0.0010095303482005047,O12^(2)
5,z,1.4,0.1,vis,1.5899437278692442e-07,1.5899437278692442e-07,1.0,0.0,O12^(2)
5,z,1.4,0.1,I,1.5899437278692442e-07,1.5899437278692442e-07,1.0,0.0,O12^(2)
5,z,1.4,0.1,II,1.5899437278692442e-07,1.385745911379444e-07,0.871569154989243,-0.12843084501075697,O12^(2)
5,z,1.4,0.1,III-a,1.5899437278692442e-07,1.5899437278692442e-07,1.0,0.0,O12^(2)
5,z,1.4,0.1,III-b,1.5899437278692442e-07,1.5915488244490445e-07,1.0010095304328483,0.001009530432848349,O12^(2)
5,z,1.425,0.1,vis,1.2193245186554737e-07,1.2193245186554737e-07,1.0,0.0,O12^(2)
5,z,1.425,0.1,I,1.2193245186554737e-07,1.2193245186554737e-07,1.0,0.0,O12^(2)
5,z,1.425,0.1,II,1.2193245186554737e-07,1.0627256403822167e-07,0.871569154989243,-0.12843084501075697,O12^(2)
5,z,1.425,0.1,III-a,1.2193245186554737e-07,1.2193245186554737e-07,1.0,0.0,O12^(2)
5,z,1.425,0.1,III-b,1.2193245186554737e-07,1.2205554639615242e-07,1.0010095305123594,0.0010095305123594134,O12^(2)
5,z,1.45,0.1,vis,9.321820615701771e-08,9.321820615701771e-08,1.0,0.0,O12^(2)
5,z,1.45,0.1,I,9.321820615701771e-08,9.321820615701771e-08,1.0,0.0,O12^(2)
5,z,1.45,0.1,II,9.321820615701771e-08,8.124611316988498e-08,0.871569154989243,-0.12843084501075697,O12^(2)
5,z,1.45,0.1,III-a,9.321820615701771e-08,9.321820615701771e-08,1.0,0.0,O12^(2)
5,z,1.45,0.1,III-b,9.321820615701771e-08,9.331231278740372e-08,1.001009530587056,0.0010095305870561067,O12^(2)
5,z,1.475,0.1,vis,7.332636652015206e-08,7.332636652015206e-08,1.0,0.0,O12^(2)
5,z,1.475,0.1,I,7.332636652015206e-08,7.332636652015206e-08,1.0,0.0,O12^(2)
5,z,1.475,0.1,II,7.332636652015206e-08,6.390899930640046e-08,0.871569154989243,-0.12843084501075697,O12^(2)
5,z,1.475,0.1,III-a,7.332636652015206e-08,7.332636652015206e-08,1.0,0.0,O12^(2)
5,z,1.475,0.1,III-b,7.332636652015206e-08,7.340039173513693e-08,1.001009530657223,0.00100953065722309,O12^(2)
5,z,1.5,0.1,vis,6.273166381376826e-08,6.273166381376826e-08,1.0,0.0,O12^(2)
5,z,1.5,0.1,I,6.273166381376826e-08,6.273166381376826e-08,1.0,0.0,O12^(2)
5,z,1.5,0.1,II,6.273166381376826e-08,5.4674983221235274e-08,0.871569154989243,-0.12843084501075697,O12^(2)
5,z,1.5,0.1,III-a,6.273166381376826e-08,6.273166381376826e-08,1.0,0.0,O12^(2)
5,z,1.5,0.1,III-b,6.273166381376826e-08,6.279499335570221e-08,1.0010095307231441,0.0010095307231441364,O12^(2)
5,z,1.525,0.1,vis,5.708151701959933e-08,5.708151701959933e-08,1.0,0.0,O12^(2)
5,z,1.525,0.1,I,5.708151701959933e-08,5.708151701959933e-08,1.0,0.0,O12^(2)
5,z,1.525,0.1,II,5.708151701959933e-08,4.9750489554276284e-08,0.871569154989243,-0.12843084501075697,O12^(2)
5,z,1.525,0.1,III-a,5.708151701959933e-08,5.708151701959933e-08,1.0,0.0,O12^(2)
5,z,1.525,0.1,III-b,5.708151701959933e-08,5.713914256828914e-08,1.0010095307850704,0.0010095307850703783,O12^(2)
5,z,1.55,0.1,vis,5.170704345471698e-08,5.170704345471698e-08,1.0,0.0,O12^(2)
5,z,1.55,0.1,I,5.170704345471698e-08,5.170704345471698e-08,1.0,0.0,O12^(2)
5,z,1.55,0.1,II,5.170704345471698e-08,4.5066264170819744e-08,0.871569154989243,-0.12843084501075697,O12^(2)
5,z,1.55,0.1,III-a,5.170704345471698e-08,5.170704345471698e-08,1.0,0.0,O12^(2)
5,z,1.55,0.1,III-b,5.170704345471698e-08,5.17592433098979e-08,1.0010095308432523,0.001009530843252282,O12^(2)
5,z,1.5750000000000002,0.1,vis,4.6608521480945294e-08,4.6608521480945294e-08,1.0,0.0,O12^(2)
5,z,1.5750000000000002,0.1,I,4.6608521480945294e-08,4.6608521480945294e-08,1.0,0.0,O12^(2)
5,z,1.5750000000000002,0.1,II,4.6608521480945294e-08,4.062254968244547e-08,0.871569154989243,-0.12843084501075697,O12^(2)
5,z,1.5750000000000002,0.1,III-a,4.6608521480945294e-08,4.6608521480945294e-08,1.0,0.0,O12^(2)
5,z,1.5750000000000002,0.1,III-b,4.6608521480945294e-08,4.665557422348623e-08,1.0010095308979103,0.001009530897910338,O12^(2)
5,z,1.6,0.1,vis,4.178622946010836e-08,4.178622946010836e-08,1.0,0.0,O12^(2)
5,z,1.6,0.1,I,4.178622946010836e-08,4.178622946010836e-08,1.0,0.0,O12^(2)
5,z,1.6,0.1,II,4.178622946010836e-08,3.641958870073326e-08,0.871569154989243,-0.12843084501075697,O12^(2)
5,z,1.6,0.1,III-a,4.178622946010836e-08,4.178622946010836e-08,1.0,0.0,O12^(2)
5,z,1.6,0.1,III-b,4.178622946010836e-08,4.182841395200146e-08,1.0010095309492657,0.0010095309492657023,O12^(2)
5,z,1.625,0.1,vis,3.724044575403016e-08,3.724044575403016e-08,1.0,0.0,O12^(2)
5,z,1.625,0.1,I,3.724044575403016e-08,3.724044575403016e-08,1.0,0.0,O12^(2)
5,z,1.625,0.1,II,3.724044575403016e-08,3.245762383726281e-08,0.871569154989243,-0.12843084501075697,O12^(2)
5,z,1.625,0.1,III-a,3.724044575403016e-08,3.724044575403016e-08,1.0,0.0,O12^(2)
5,z,1.625,0.1,III-b,3.724044575403016e-08,3.727804113838005e-08,1.0010095309975129,0.0010095309975128863,O12^(2)
5,z,1.65,0.1,vis,3.2971448724534746e-08,3.2971448724534746e-08,1.0,0.0,O12^(2)
5,z,1.65,0.1,I,3.2971448724534746e-08,3.2971448724534746e-08,1.0,0.0,O12^(2)
5,z,1.65,0.1,II,3.2971448724534746e-08,2.8736897703613902e-08,0.871569154989243,-0.12843084501075697,O12^(2)
5,z,1.65,0.1,III-a,3.2971448724534746e-08,3.2971448724534746e-08,1.0,0.0,O12^(2)
5,z,1.65,0.1,III-b,3.2971448724534746e-08,3.300473442554978e-08,1.0010095310428464,0.001009531042846401,O12^(2)
5,z,1.675,0.1,vis,2.8979516733446124e-08,2.8979516733446124e-08,1.0,0.0,O12^(2)
5,z,1.675,0.1,I,2.8979516733446124e-08,2.8979516733446124e-08,1.0,0.0,O12^(2)
5,z,1.675,0.1,II,2.8979516733446124e-08,2.5257652911366266e-08,0.871569154989243,-0.12843084501075697,O12^(2)
5,z,1.675,0.1,III-a,2.8979516733446124e-08,2.8979516733446124e-08,1.0,0.0,O12^(2)
5,z,1.675,0.1,III-b,2.8979516733446124e-08,2.9008772456429512e-08,1.001009531085438,0.001009531085438109,O12^(2)
5,z,1.7000000000000002,0.1,vis,2.5264928142588357e-08,2.5264928142588357e-08,1.0,0.0,O12^(2)
5,z,1.7000000000000002,0.1,I,2.5264928142588357e-08,2.5264928142588357e-08,1.0,0.0,O12^(2)
5,z,1.7000000000000002,0.1,II,2.5264928142588357e-08,2.202013207209968e-08,0.871569154989243,-0.12843084501075697,O12^(2)
5,z,1.7000000000000002,0.1,III-a,2.5264928142588357e-08,2.5264928142588357e-08,1.0,0.0,O12^(2)
5,z,1.7000000000000002,0.1,III-b,2.5264928142588357e-08,2.529043387393079e-08,1.0010095311254592,0.0010095311254592065,O12^(2)
5,z,1.725,0.1,vis,2.182796131378553e-08,2.182796131378553e-08,1.0,0.0,O12^(2)
5,z,1.725,0.1,I,2.182796131378553e-08,2.182796131378553e-08,1.0,0.0,O12^(2)
5,z,1.725,0.1,II,2.182796131378553e-08,1.902457779739394e-08,0.871569154989243,-0.12843084501075697,O12^(2)
5,z,1.725,0.1,III-a,2.182796131378553e-08,2.182796131378553e-08,1.0,0.0,O12^(2)
5,z,1.725,0.1,III-b,2.182796131378553e-08,2.1849997320957893e-08,1.0010095311630614,0.0010095311630613502,O12^(2)
5,z,1.75,0.1,vis,1.8668894608861638e-08,1.8668894608861638e-08,1.0,0.0,O12^(2)
5,z,1.75,0.1,I,1.8668894608861638e-08,1.8668894608861638e-08,1.0,0.0,O12^(2)
5,z,1.75,0.1,II,1.8668894608861638e-08,1.6271232698828772e-08,0.871569154989243,-0.12843084501075697,O12^(2)
5,z,1.75,0.1,III-a,1.8668894608861638e-08,1.8668894608861638e-08,1.0,0.0,O12^(2)
5,z,1.75,0.1,III-b,1.8668894608861638e-08,1.8687741440408844e-08,1.0010095311983955,0.0010095311983955302,O12^(2)
5,z,1.775,0.1,vis,1.5788006389640725e-08,1.5788006389640725e-08,1.0,0.0,O12^(2)
5,z,1.775,0.1,I,1.5788006389640725e-08,1.5788006389640725e-08,1.0,0.0,O12^(2)
5,z,1.775,0.1,II,1.5788006389640725e-08,1.3760339387983937e-08,0.871569154989243,-0.12843084501075697,O12^(2)
5,z,1.775,0.1,III-a,1.5788006389640725e-08,1.5788006389640725e-08,1.0,0.0,O12^(2)
5,z,1.775,0.1,III-b,1.5788006389640725e-08,1.5803944875175692e-08,1.0010095312315952,0.0010095312315951954,O12^(2)
5,z,1.8,0.1,vis,1.31855750179468e-08,1.31855750179468e-08,1.0,0.0,O12^(2)
5,z,1.8,0.1,I,1.31855750179468e-08,1.31855750179468e-08,1.0,0.0,O12^(2)
5,z,1.8,0.1,II,1.31855750179468e-08,1.1492140476439166e-08,0.871569154989243,-0.12843084501075697,O12^(2)
5,z,1.8,0.1,III-a,1.31855750179468e-08,1.31855750179468e-08,1.0,0.0,O12^(2)
5,z,1.8,0.1,III-b,1.31855750179468e-08,1.3198886268145327e-08,1.0010095312627936,0.0010095312627935726,O12^(2)
5,z,1.8250000000000002,0.1,vis,1.0861878855603952e-08,1.0861878855603952e-08,1.0,0.0,O12^(2)
5,z,1.8250000000000002,0.1,I,1.0861878855603952e-08,1.0861878855603952e-08,1.0,0.0,O12^(2)
5,z,1.8250000000000002,0.1,II,1.0861878855603952e-08,9.466878575774263e-09,0.871569154989243,-0.12843084501075697,O12^(2)
5,z,1.8250000000000002,0.1,III-a,1.0861878855603952e-08,1.0861878855603952e-08,1.0,0.0,O12^(2)
5,z,1.8250000000000002,0.1,III-b,1.0861878855603952e-08,1.0872844262199774e-08,1.0010095312921083,0.0010095312921083455,O12^(2)
5,z,1.85,0.1,vis,8.817196264436205e-09,8.817196264436205e-09,1.0,0.0,O12^(2)
5,z,1.85,0.1,I,8.817196264436205e-09,8.817196264436205e-09,1.0,0.0,O12^(2)
5,z,1.85,0.1,II,8.817196264436205e-09,7.684796297568974e-09,0.871569154989243,-0.12843084501075697,O12^(2)
5,z,1.85,0.1,III-a,8.817196264436205e-09,8.817196264436205e-09,1.0,0.0,O12^(2)
5,z,1.85,0.1,III-b,8.817196264436205e-09,8.826097500216718e-09,1.0010095313196572,0.0010095313196571976,O12^(2)
5,z,1.875,0.1,vis,7.0518056062676105e-09,7.0518056062676105e-09,1.0,0.0,O12^(2)
5,z,1.875,0.1,I,7.0518056062676105e-09,7.0518056062676105e-09,1.0,0.0,O12^(2)
5,z,1.875,0.1,II,7.0518056062676105e-09,6.146136253403068e-09,0.871569154989243,-0.12843084501075697,O12^(2)
5,z,1.875,0.1,III-a,7.0518056062676105e-09,7.0518056062676105e-09,1.0,0.0,O12^(2)
5,z,1.875,0.1,III-b,7.0518056062676105e-09,7.058924625069819e-09,1.0010095313455438,0.0010095313455438237,O12^(2)
5,z,1.9,0.1,vis,5.565985242922173e-09,5.565985242922173e-09,1.0,0.0,O12^(2)
5,z,1.9,0.1,I,5.565985242922173e-09,5.565985242922173e-09,1.0,0.0,O12^(2)
5,z,1.9,0.1,II,5.565985242922173e-09,4.851141054856275e-09,0.871569154989243,-0.12843084501075697,O12^(2)
5,z,1.9,0.1,III-a,5.565985242922173e-09,5.565985242922173e-09,1.0,0.0,O12^(2)
5,z,1.9,0.1,III-b,5.565985242922173e-09,5.571604279629147e-09,1.001009531369872,0.0010095313698719188,O12^(2)
5,z,1.925,0.1,vis,4.3600135362239554e-09,4.3600135362239554e-09,1.0,0.0,O12^(2)
5,z,1.925,0.1,I,4.3600135362239554e-09,4.3600135362239554e-09,1.0,0.0,O12^(2)
5,z,1.925,0.1,II,4.3600135362239554e-09,3.8000533135083745e-09,0.871569154989243,-0.12843084501075697,O12^(2)
5,z,1.925,0.1,III-a,4.3600135362239554e-09,4.3600135362239554e-09,1.0,0.0,O12^(2)
5,z,1.925,0.1,III-b,4.3600135362239554e-09,4.3644151067615135e-09,1.0010095313927327,0.0010095313927327432,O12^(2)
5,z,1.9500000000000002,0.1,vis,3.434168847996982e-09,3.434168847996982e-09,1.0,0.0,O12^(2)
5,z,1.9500000000000002,0.1,I,3.434168847996982e-09,3.434168847996982e-09,1.0,0.0,O12^(2)
5,z,1.9500000000000002,0.1,II,3.434168847996982e-09,2.993115640939112e-09,0.871569154989243,-0.12843084501075697,O12^(2)
5,z,1.9500000000000002,0.1,III-a,3.434168847996982e-09,3.434168847996982e-09,1.0,0.0,O12^(2)
5,z,1.9500000000000002,0.1,III-b,3.434168847996982e-09,3.4376357493307638e-09,1.001009531414218,0.0010095314142180012,O12^(2)
5,z,1.975,0.1,vis,2.7887295400653185e-09,2.7887295400653185e-09,1.0,0.0,O12^(2)
5,z,1.975,0.1,I,2.7887295400653185e-09,2.7887295400653185e-09,1.0,0.0,O12^(2)
5,z,1.975,0.1,II,2.7887295400653185e-09,2.43057064872827e-09,0.871569154989243,-0.12843084501075697,O12^(2)
5,z,1.975,0.1,III-a,2.7887295400653185e-09,2.7887295400653185e-09,1.0,0.0,O12^(2)
5,z,1.975,0.1,III-b,2.7887295400653185e-09,2.7915448501980774e-09,1.0010095314344083,0.001009531434408295,O12^(2)
5,z,2.0,0.1,vis,2.4239739742529867e-09,2.4239739742529867e-09,1.0,0.0,O12^(2)
5,z,2.0,0.1,I,2.4239739742529867e-09,2.4239739742529867e-09,1.0,0.0,O12^(2)
5,z,2.0,0.1,II,2.4239739742529867e-09,2.112660948455593e-09,0.871569154989243,-0.12843084501075697,O12^(2)
5,z,2.0,0.1,III-a,2.4239739742529867e-09,2.4239739742529867e-09,1.0,0.0,O12^(2)
5,z,2.0,0.1,III-b,2.4239739742529867e-09,2.4264210522221797e-09,1.0010095314533842,0.001009531453384227,O12^(2)
5,z,2.0250000000000004,0.1,vis,2.2050443596983476e-09,2.2050443596983476e-09,1.0,0.0,O12^(2)
5,z,2.0250000000000004,0.1,I,2.2050443596983476e-09,2.2050443596983476e-09,1.0,0.0,O12^(2)
5,z,2.0250000000000004,0.1,II,2.2050443596983476e-09,1.9218486492960853e-09,0.871569154989243,-0.12843084501075697,O12^(2)
5,z,2.0250000000000004,0.1,III-a,2.2050443596983476e-09,2.2050443596983476e-09,1.0,0.0,O12^(2)
5,z,2.0250000000000004,0.1,III-b,2.2050443596983476e-09,2.2072704213748926e-09,1.001009531471217,0.0010095314712170733,O12^(2)
5,z,2.05,0.1,vis,1.9968973467036447e-09,1.9968973467036447e-09,1.0,0.0,O12^(2)
5,z,2.05,0.1,I,1.9968973467036447e-09,1.9968973467036447e-09,1.0,0.0,O12^(2)
5,z,2.05,0.1,II,1.9968973467036447e-09,1.7404341330667572e-09,0.871569154989243,-0.12843084501075697,O12^(2)
5,z,2.05,0.1,III-a,1.9968973467036447e-09,1.9968973467036447e-09,1.0,0.0,O12^(2)
5,z,2.05,0.1,III-b,1.9968973467036447e-09,1.9989132774534014e-09,1.0010095314879779,0.0010095314879778883,O12^(2)
5,z,2.075,0.1,vis,1.799532958838704e-09,1.799532958838704e-09,1.0,0.0,O12^(2)
5,z,2.075,0.1,I,1.799532958838704e-09,1.799532958838704e-09,1.0,0.0,O12^(2)
5,z,2.075,0.1,II,1.799532958838704e-09,1.5684174203103416e-09,0.871569154989243,-0.12843084501075697,O12^(2)
5,z,2.075,0.1,III-a,1.799532958838704e-09,1.799532958838704e-09,1.0,0.0,O12^(2)
5,z,2.075,0.1,III-b,1.799532958838704e-09,1.8013496440526513e-09,1.0010095315037295,0.0010095315037295105,O12^(2)
5,z,2.1,0.1,vis,1.612951219673376e-09,1.612951219673376e-09,1.0,0.0,O12^(2)
5,z,2.1,0.1,I,1.612951219673376e-09,1.612951219673376e-09,1.0,0.0,O12^(2)
5,z,2.1,0.1,II,1.612951219673376e-09,1.4057985315695931e-09,0.871569154989243,-0.12843084501075697,O12^(2)
5,z,2.1,0.1,III-a,1.612951219673376e-09,1.612951219673376e-09,1.0,0.0,O12^(2)
5,z,2.1,0.1,III-b,1.612951219673376e-09,1.6145795447674952e-09,1.0010095315185348,0.0010095315185347786,O12^(2)
5,z,2.125,0.1,vis,1.437152152777497e-09,1.437152152777497e-09,1.0,0.0,O12^(2)
5,z,2.125,0.1,I,1.437152152777497e-09,1.437152152777497e-09,1.0,0.0,O12^(2)
5,z,2.125,0.1,II,1.437152152777497e-09,1.2525774873872545e-09,0.871569154989243,-0.12843084501075697,O12^(2)
5,z,2.125,0.1,III-a,1.437152152777497e-09,1.437152152777497e-09,1.0,0.0,O12^(2)
5,z,2.125,0.1,III-b,1.437152152777497e-09,1.438603003192653e-09,1.0010095315324492,0.0010095315324492038,O12^(2)
5,z,2.1500000000000004,0.1,vis,1.2721357817209051e-09,1.2721357817209051e-09,1.0,0.0,O12^(2)
5,z,2.1500000000000004,0.1,I,1.2721357817209051e-09,1.2721357817209051e-09,1.0,0.0,O12^(2)
5,z,2.1500000000000004,0.1,II,1.2721357817209051e-09,1.1087543083060694e-09,0.871569154989243,-0.12843084501075697,O12^(2)
5,z,2.1500000000000004,0.1,III-a,1.2721357817209051e-09,1.2721357817209051e-09,1.0,0.0,O12^(2)
5,z,2.1500000000000004,0.1,III-b,1.2721357817209051e-09,1.273420042922747e-09,1.0010095315455279,0.001009531545527853,O12^(2)
5,z,2.175,0.1,vis,1.1179021300734483e-09,1.1179021300734483e-09,1.0,0.0,O12^(2)
5,z,2.175,0.1,I,1.1179021300734483e-09,1.1179021300734483e-09,1.0,0.0,O12^(2)
5,z,2.175,0.1,II,1.1179021300734483e-09,9.7432901486879e-10,0.871569154989243,-0.12843084501075697,O12^(2)
5,z,2.175,0.1,III-a,1.1179021300734483e-09,1.1179021300734483e-09,1.0,0.0,O12^(2)
5,z,2.175,0.1,III-b,1.1179021300734483e-09,1.1190306875523113e-09,1.0010095315578198,0.0010095315578197983,O12^(2)
5,z,2.2,0.1,vis,9.74451221404956e-10,9.74451221404956e-10,1.0,0.0,O12^(2)
5,z,2.2,0.1,I,9.74451221404956e-10,9.74451221404956e-10,1.0,0.0,O12^(2)
5,z,2.2,0.1,II,9.74451221404956e-10,8.493016276181534e-10,0.871569154989243,-0.12843084501075697,O12^(2)
5,z,2.2,0.1,III-a,9.74451221404956e-10,9.74451221404956e-10,1.0,0.0,O12^(2)
5,z,2.2,0.1,III-b,9.74451221404956e-10,9.754349606757792e-10,1.001009531569374,0.0010095315693738893,O12^(2)
5,z,2.225,0.1,vis,8.417830792852763e-10,8.417830792852763e-10,1.0,0.0,O12^(2)
5,z,2.225,0.1,I,8.417830792852763e-10,8.417830792852763e-10,1.0,0.0,O12^(2)
5,z,2.225,0.1,II,8.417830792852763e-10,7.336721670969113e-10,0.871569154989243,-0.12843084501075697,O12^(2)
5,z,2.225,0.1,III-a,8.417830792852763e-10,8.417830792852763e-10,1.0,0.0,O12^(2)
5,z,2.225,0.1,III-b,8.417830792852763e-10,8.426328858875209e-10,1.0010095315802334,0.0010095315802334248,O12^(2)
5,z,2.25,0.1,vis,7.198977272842469e-10,7.198977272842469e-10,1.0,0.0,O12^(2)
5,z,2.25,0.1,I,7.198977272842469e-10,7.198977272842469e-10,1.0,0.0,O12^(2)
5,z,2.25,0.1,II,7.198977272842469e-10,6.274406538478076e-10,0.871569154989243,-0.12843084501075697,O12^(2)
5,z,2.25,0.1,III-a,7.198977272842469e-10,7.198977272842469e-10,1.0,0.0,O12^(2)
5,z,2.25,0.1,III-b,7.198977272842469e-10,7.206244867818272e-10,1.0010095315904413,0.0010095315904412594,O12^(2)
5,z,2.2750000000000004,0.1,vis,6.087951889717057e-10,6.087951889717057e-10,1.0,0.0,O12^(2)
5,z,2.2750000000000004,0.1,I,6.087951889717057e-10,6.087951889717057e-10,1.0,0.0,O12^(2)
5,z,2.2750000000000004,0.1,II,6.087951889717057e-10,5.306071084135861e-10,0.871569154989243,-0.12843084501075697,O12^(2)
5,z,2.2750000000000004,0.1,III-a,6.087951889717057e-10,6.087951889717057e-10,1.0,0.0,O12^(2)
5,z,2.2750000000000004,0.1,III-b,6.087951889717057e-10,6.094097869529224e-10,1.0010095316000358,0.0010095316000358068,O12^(2)
5,z,2.3,0.1,vis,5.084754879174987e-10,5.084754879174987e-10,1.0,0.0,O12^(2)
5,z,2.3,0.1,I,5.084754879174987e-10,5.084754879174987e-10,1.0,0.0,O12^(2)
5,z,2.3,0.1,II,5.084754879174987e-10,4.431715513369974e-10,0.871569154989243,-0.12843084501075697,O12^(2)
5,z,2.3,0.1,III-a,5.084754879174987e-10,5.084754879174987e-10,1.0,0.0,O12^(2)
5,z,2.3,0.1,III-b,5.084754879174987e-10,5.089888099949809e-10,1.0010095316090546,0.0010095316090545925,O12^(2)
5,z,2.325,0.1,vis,4.1893864769145894e-10,4.1893864769145894e-10,1.0,0.0,O12^(2)
5,z,2.325,0.1,I,4.1893864769145894e-10,4.1893864769145894e-10,1.0,0.0,O12^(2)
5,z,2.325,0.1,II,4.1893864769145894e-10,3.651340031607811e-10,0.871569154989243,-0.12843084501075697,O12^(2)
5,z,2.325,0.1,III-a,4.1893864769145894e-10,4.1893864769145894e-10,1.0,0.0,O12^(2)
5,z,2.325,0.1,III-b,4.1893864769145894e-10,4.193615795021095e-10,1.0010095316175318,0.0010095316175318114,O12^(2)
5,z,2.35,0.1,vis,3.4018469186343114e-10,3.4018469186343114e-10,1.0,0.0,O12^(2)
5,z,2.35,0.1,I,3.4018469186343114e-10,3.4018469186343114e-10,1.0,0.0,O12^(2)
5,z,2.35,0.1,II,3.4018469186343114e-10,2.964944844276867e-10,0.871569154989243,-0.12843084501075697,O12^(2)
5,z,2.35,0.1,III-a,3.4018469186343114e-10,3.4018469186343114e-10,1.0,0.0,O12^(2)
5,z,2.35,0.1,III-b,3.4018469186343114e-10,3.405281190683785e-10,1.0010095316255008,0.0010095316255007702,O12^(2)
5,z,2.375,0.1,vis,2.722136440032546e-10,2.722136440032546e-10,1.0,0.0,O12^(2)
5,z,2.375,0.1,I,2.722136440032546e-10,2.722136440032546e-10,1.0,0.0,O12^(2)
5,z,2.375,0.1,II,2.722136440032546e-10,2.372530156804592e-10,0.871569154989243,-0.12843084501075697,O12^(2)
5,z,2.375,0.1,III-a,2.722136440032546e-10,2.722136440032546e-10,1.0,0.0,O12^(2)
5,z,2.375,0.1,III-b,2.722136440032546e-10,2.724884522878077e-10,1.0010095316329912,0.001009531632991223,O12^(2)
5,z,2.4000000000000004,0.1,vis,2.15025527680768e-10,2.15025527680768e-10,1.0,0.0,O12^(2)
5,z,2.4000000000000004,0.1,I,2.15025527680768e-10,2.15025527680768e-10,1.0,0.0,O12^(2)
5,z,2.4000000000000004,0.1,II,2.15025527680768e-10,1.8740961746184307e-10,0.871569154989243,-0.12843084501075697,O12^(2)
5,z,2.4000000000000004,0.1,III-a,2.15025527680768e-10,2.15025527680768e-10,1.0,0.0,O12^(2)
5,z,2.4000000000000004,0.1,III-b,2.15025527680768e-10,2.1524260275437648e-10,1.0010095316400327,0.0010095316400327015,O12^(2)
5,z,2.425,0.1,vis,1.6862036646581487e-10,1.6862036646581487e-10,1.0,0.0,O12^(2)
5,z,2.425,0.1,I,1.6862036646581487e-10,1.6862036646581487e-10,1.0,0.0,O12^(2)
5,z,2.425,0.1,II,1.6862036646581487e-10,1.4696431031458676e-10,0.871569154989243,-0.12843084501075697,O12^(2)
5,z,2.425,0.1,III-a,1.6862036646581487e-10,1.6862036646581487e-10,1.0,0.0,O12^(2)
5,z,2.425,0.1,III-b,1.6862036646581487e-10,1.687905940620321e-10,1.0010095316466516,0.001009531646651629,O12^(2)
5,z,2.45,0.1,vis,1.3299818392823013e-10,1.3299818392823013e-10,1.0,0.0,O12^(2)
5,z,2.45,0.1,I,1.3299818392823013e-10,1.3299818392823013e-10,1.0,0.0,O12^(2)
5,z,2.45,0.1,II,1.3299818392823013e-10,1.1591711478143146e-10,0.871569154989243,-0.12843084501075697,O12^(2)
5,z,2.45,0.1,III-a,1.3299818392823013e-10,1.3299818392823013e-10,1.0,0.0,O12^(2)
5,z,2.45,0.1,III-b,1.3299818392823013e-10,1.3313244980468044e-10,1.001009531652874,0.001009531652873985,O12^(2)
5,z,2.475,0.1,vis,1.0815900363785871e-10,1.0815900363785871e-10,1.0,0.0,O12^(2)
5,z,2.475,0.1,I,1.0815900363785871e-10,1.0815900363785871e-10,1.0,0.0,O12^(2)
5,z,2.475,0.1,II,1.0815900363785871e-10,9.426805140512698e-11,0.871569154989243,-0.12843084501075697,O12^(2)
5,z,2.475,0.1,III-a,1.0815900363785871e-10,1.0815900363785871e-10,1.0,0.0,O12^(2)
5,z,2.475,0.1,III-b,1.0815900363785871e-10,1.0826819357620705e-10,1.0010095316587229,0.001009531658722862,O12^(2)
5,z,2.5,0.1,vis,9.41028491645388e-11,9.41028491645388e-11,1.0,0.0,O12^(2)
5,z,2.5,0.1,I,9.41028491645388e-11,9.41028491645388e-11,1.0,0.0,O12^(2)
5,z,2.5,0.1,II,9.41028491645388e-11,8.201714072841727e-11,0.871569154989243,-0.12843084501075697,O12^(2)
5,z,2.5,0.1,III-a,9.41028491645388e-11,9.41028491645388e-11,1.0,0.0,O12^(2)
5,z,2.5,0.1,III-b,9.41028491645388e-11,9.419784897046385e-11,1.0010095316642214,0.0010095316642213525,O12^(2)
5,z,2.5250000000000004,0.1,vis,8.564072924372607e-11,8.564072924372607e-11,1.0,0.0,O12^(2)
5,z,2.5250000000000004,0.1,I,8.564072924372607e-11,8.564072924372607e-11,1.0,0.0,O12^(2)
5,z,2.5250000000000004,0.1,II,8.564072924372607e-11,7.464181801961689e-11,0.871569154989243,-0.12843084501075697,O12^(2)
5,z,2.5250000000000004,0.1,III-a,8.564072924372607e-11,8.564072924372607e-11,1.0,0.0,O12^(2)
5,z,2.5250000000000004,0.1,III-b,8.564072924372607e-11,8.572718627208727e-11,1.00100953166939,0.0010095316693901069,O12^(2)
5,z,2.55,0.1,vis,7.758484428640003e-11,7.758484428640003e-11,1.0,0.0,O12^(2)
5,z,2.55,0.1,I,7.758484428640003e-11,7.758484428640003e-11,1.0,0.0,O12^(2)
5,z,2.55,0.1,II,7.758484428640003e-11,6.762055717466967e-11,0.871569154989243,-0.12843084501075697,O12^(2)
5,z,2.55,0.1,III-a,7.758484428640003e-11,7.758484428640003e-11,1.0,0.0,O12^(2)
5,z,2.55,0.1,III-b,7.758484428640003e-11,7.766316864414885e-11,1.0010095316742493,0.001009531674249331,O12^(2)
5,z,2.575,0.1,vis,6.993700537568472e-11,6.993700537568472e-11,1.0,0.0,O12^(2)
5,z,2.575,0.1,I,6.993700537568472e-11,6.993700537568472e-11,1.0,0.0,O12^(2)
5,z,2.575,0.1,II,6.993700537568472e-11,6.095493667776368e-11,0.871569154989243,-0.12843084501075697,O12^(2)
5,z,2.575,0.1,III-a,6.993700537568472e-11,6.993700537568472e-11,1.0,0.0,O12^(2)
5,z,2.575,0.1,III-b,6.993700537568472e-11,7.000760899813309e-11,1.0010095316788172,0.0010095316788172326,O12^(2)
5,z,2.6,0.1,vis,6.269902359470516e-11,6.269902359470516e-11,1.0,0.0,O12^(2)
5,z,2.6,0.1,I,6.269902359470516e-11,6.269902359470516e-11,1.0,0.0,O12^(2)
5,z,2.6,0.1,II,6.269902359470516e-11,5.4646535013087784e-11,0.871569154989243,-0.12843084501075697,O12^(2)
5,z,2.6,0.1,III-a,6.269902359470516e-11,6.269902359470516e-11,1.0,0.0,O12^(2)
5,z,2.6,0.1,III-b,6.269902359470516e-11,6.276232024552417e-11,1.0010095316831116,0.0010095316831115753,O12^(2)
5,z,2.625,0.1,vis,5.587271002658576e-11,5.587271002658576e-11,1.0,0.0,O12^(2)
5,z,2.625,0.1,I,5.587271002658576e-11,5.587271002658576e-11,1.0,0.0,O12^(2)
5,z,2.625,0.1,II,5.587271002658576e-11,4.869693066483036e-11,0.871569154989243,-0.12843084501075697,O12^(2)
5,z,2.625,0.1,III-a,5.587271002658576e-11,5.587271002658576e-11,1.0,0.0,O12^(2)
5,z,2.625,0.1,III-b,5.587271002658576e-11,5.5929115297804466e-11,1.0010095316871486,0.0010095316871485682,O12^(2)
5,z,2.6500000000000004,0.1,vis,4.9459875754451056e-11,4.9459875754451056e-11,1.0,0.0,O12^(2)
5,z,2.6500000000000004,0.1,I,4.9459875754451056e-11,4.9459875754451056e-11,1.0,0.0,O12^(2)
5,z,2.6500000000000004,0.1,II,4.9459875754451056e-11,4.310770211717986e-11,0.871569154989243,-0.12843084501075697,O12^(2)
5,z,2.6500000000000004,0.1,III-a,4.9459875754451056e-11,4.9459875754451056e-11,1.0,0.0,O12^(2)
5,z,2.6500000000000004,0.1,III-b,4.9459875754451056e-11,4.9509807066455326e-11,1.001009531690944,0.0010095316909439767,O12^(2)
5,z,2.675,0.1,vis,4.3462331861425954e-11,4.3462331861425954e-11,1.0,0.0,O12^(2)
5,z,2.675,0.1,I,4.3462331861425954e-11,4.3462331861425954e-11,1.0,0.0,O12^(2)
5,z,2.675,0.1,II,4.3462331861425954e-11,3.788042785432507e-11,0.871569154989243,-0.12843084501075697,O12^(2)
5,z,2.675,0.1,III-a,4.3462331861425954e-11,4.3462331861425954e-11,1.0,0.0,O12^(2)
5,z,2.675,0.1,III-b,4.3462331861425954e-11,4.350620846295744e-11,1.0010095316945116,0.0010095316945115673,O12^(2)
5,z,2.7,0.1,vis,3.788188943063463e-11,3.788188943063463e-11,1.0,0.0,O12^(2)
5,z,2.7,0.1,I,3.788188943063463e-11,3.788188943063463e-11,1.0,0.0,O12^(2)
5,z,2.7,0.1,II,3.788188943063463e-11,3.301668636045416e-11,0.871569154989243,-0.12843084501075697,O12^(2)
5,z,2.7,0.1,III-a,3.788188943063463e-11,3.788188943063463e-11,1.0,0.0,O12^(2)
5,z,2.7,0.1,III-b,3.788188943063463e-11,3.792013239878991e-11,1.001009531697866,0.0010095316978659952,O12^(2)
5,z,2.725,0.1,vis,3.272035954520196e-11,3.272035954520196e-11,1.0,0.0,O12^(2)
5,z,2.725,0.1,I,3.272035954520196e-11,3.272035954520196e-11,1.0,0.0,O12^(2)
5,z,2.725,0.1,II,3.272035954520196e-11,2.8518056119755882e-11,0.871569154989243,-0.12843084501075697,O12^(2)
5,z,2.725,0.1,III-a,3.272035954520196e-11,3.272035954520196e-11,1.0,0.0,O12^(2)
5,z,2.725,0.1,III-b,3.272035954520196e-11,3.275339178543159e-11,1.0010095317010193,0.0010095317010192506,O12^(2)
5,z,2.75,0.1,vis,2.797955328825247e-11,2.797955328825247e-11,1.0,0.0,O12^(2)
5,z,2.75,0.1,I,2.797955328825247e-11,2.797955328825247e-11,1.0,0.0,O12^(2)
5,z,2.75,0.1,II,2.797955328825247e-11,2.43861156164187e-11,0.871569154989243,-0.12843084501075697,O12^(2)
5,z,2.75,0.1,III-a,2.797955328825247e-11,2.797955328825247e-11,1.0,0.0,O12^(2)
5,z,2.75,0.1,III-b,2.797955328825247e-11,2.8007799534360264e-11,1.0010095317039838,0.0010095317039837681,O12^(2)
5,z,2.7750000000000004,0.1,vis,2.3661281742910662e-11,2.3661281742910662e-11,1.0,0.0,O12^(2)
5,z,2.7750000000000004,0.1,I,2.3661281742910662e-11,2.3661281742910662e-11,1.0,0.0,O12^(2)
5,z,2.7750000000000004,0.1,II,2.3661281742910662e-11,2.0622443334631048e-11,0.871569154989243,-0.12843084501075697,O12^(2)
5,z,2.7750000000000004,0.1,III-a,2.3661281742910662e-11,2.3661281742910662e-11,1.0,0.0,O12^(2)
5,z,2.7750000000000004,0.1,III-b,2.3661281742910662e-11,2.368516855705297e-11,1.0010095317067709,0.001009531706770872,O12^(2)
5,z,2.8,0.1,vis,1.9767355992301338e-11,1.9767355992301338e-11,1.0,0.0,O12^(2)
5,z,2.8,0.1,I,1.9767355992301338e-11,1.9767355992301338e-11,1.0,0.0,O12^(2)
5,z,2.8,0.1,II,1.9767355992301338e-11,1.7228617758581627e-11,0.871569154989243,-0.12843084501075697,O12^(2)
5,z,2.8,0.1,III-a,1.9767355992301338e-11,1.9767355992301338e-11,1.0,0.0,O12^(2)
5,z,2.8,0.1,III-b,1.9767355992301338e-11,1.9787311764986388e-11,1.001009531709391,0.0010095317093909983,O12^(2)
5,z,2.825,0.1,vis,1.629958711954885e-11,1.629958711954885e-11,1.0,0.0,O12^(2)
5,z,2.825,0.1,I,1.629958711954885e-11,1.629958711954885e-11,1.0,0.0,O12^(2)
5,z,2.825,0.1,II,1.629958711954885e-11,1.420621737245874e-11,0.871569154989243,-0.12843084501075697,O12^(2)
5,z,2.825,0.1,III-a,1.629958711954885e-11,1.629958711954885e-11,1.0,0.0,O12^(2)
5,z,2.825,0.1,III-b,1.629958711954885e-11,1.6316042069636162e-11,1.0010095317118541,0.0010095317118541391,O12^(2)
5,z,2.85,0.1,vis,1.3259786207777943e-11,1.3259786207777943e-11,1.0,0.0,O12^(2)
5,z,2.85,0.1,I,1.3259786207777943e-11,1.3259786207777943e-11,1.0,0.0,O12^(2)
5,z,2.85,0.1,II,1.3259786207777943e-11,1.1556820660451041e-11,0.871569154989243,-0.12843084501075697,O12^(2)
5,z,2.85,0.1,III-a,1.3259786207777943e-11,1.3259786207777943e-11,1.0,0.0,O12^(2)
5,z,2.85,0.1,III-b,1.3259786207777943e-11,1.3273172382477806e-11,1.0010095317141698,0.0010095317141698423,O12^(2)
5,z,2.875,0.1,vis,1.0649764340113175e-11,1.0649764340113175e-11,1.0,0.0,O12^(2)
5,z,2.875,0.1,I,1.0649764340113175e-11,1.0649764340113175e-11,1.0,0.0,O12^(2)
5,z,2.875,0.1,II,1.0649764340113175e-11,9.282006106747014e-12,0.871569154989243,-0.12843084501075697,O12^(2)
5,z,2.875,0.1,III-a,1.0649764340113175e-11,1.0649764340113175e-11,1.0,0.0,O12^(2)
5,z,2.875,0.1,III-b,1.0649764340113175e-11,1.066051561498614e-11,1.001009531716347,0.0010095317163469897,O12^(2)
5,z,2.9000000000000004,0.1,vis,8.471332599679128e-12,8.471332599679128e-12,1.0,0.0,O12^(2)
5,z,2.9000000000000004,0.1,I,8.471332599679128e-12,8.471332599679128e-12,1.0,0.0,O12^(2)
5,z,2.9000000000000004,0.1,II,8.471332599679128e-12,7.383352195535164e-12,0.871569154989243,-0.12843084501075697,O12^(2)
5,z,2.9000000000000004,0.1,III-a,8.471332599679128e-12,8.471332599679128e-12,1.0,0.0,O12^(2)
5,z,2.9000000000000004,0.1,III-b,8.471332599679128e-12,8.479884678635567e-12,1.0010095317183938,0.0010095317183937969,O12^(2)
5,z,2.925,0.1,vis,6.7263020696004446e-12,6.7263020696004446e-12,1.0,0.0,O12^(2)
5,z,2.925,0.1,I,6.7263020696004446e-12,6.7263020696004446e-12,1.0,0.0,O12^(2)
5,z,2.925,0.1,II,6.7263020696004446e-12,5.862437411004056e-12,0.871569154989243,-0.12843084501075697,O12^(2)
5,z,2.925,0.1,III-a,6.7263020696004446e-12,6.7263020696004446e-12,1.0,0.0,O12^(2)
5,z,2.925,0.1,III-b,6.7263020696004446e-12,6.733092484900146e-12,1.0010095317203178,0.0010095317203178134,O12^(2)
5,z,2.95,0.1,vis,5.416483833001618e-12,5.416483833001618e-12,1.0,0.0,O12^(2)
5,z,2.95,0.1,I,5.416483833001618e-12,5.416483833001618e-12,1.0,0.0,O12^(2)
5,z,2.95,0.1,II,5.416483833001618e-12,4.720840237342116e-12,0.871569154989243,-0.12843084501075697,O12^(2)
5,z,2.95,0.1,III-a,5.416483833001618e-12,5.416483833001618e-12,1.0,0.0,O12^(2)
5,z,2.95,0.1,III-b,5.416483833001618e-12,5.42195194525342e-12,1.0010095317221268,0.0010095317221268107,O12^(2)
5,z,2.975,0.1,vis,4.5436889730073645e-12,4.5436889730073645e-12,1.0,0.0,O12^(2)
5,z,2.975,0.1,I,4.5436889730073645e-12,4.5436889730073645e-12,1.0,0.0,O12^(2)
5,z,2.975,0.1,II,4.5436889730073645e-12,3.9601391587379705e-12,0.871569154989243,-0.12843084501075697,O12^(2)
5,z,2.975,0.1,III-a,4.5436889730073645e-12,4.5436889730073645e-12,1.0,0.0,O12^(2)
5,z,2.975,0.1,III-b,4.5436889730073645e-12,4.548275971168821e-12,1.0010095317238275,0.0010095317238274504,O12^(2)
5,z,3.0,0.1,vis,4.1097285727421904e-12,4.1097285727421904e-12,1.0,0.0,O12^(2)
5,z,3.0,0.1,I,4.1097285727421904e-12,4.1097285727421904e-12,1.0,0.0,O12^(2)
5,z,3.0,0.1,II,4.1097285727421904e-12,3.581912659380059e-12,0.871569154989243,-0.12843084501075697,O12^(2)
5,z,3.0,0.1,III-a,4.1097285727421904e-12,4.1097285727421904e-12,1.0,0.0,O12^(2)
5,z,3.0,0.1,III-b,4.1097285727421904e-12,4.113877474119265e-12,1.0010095317254264,0.0010095317254263936,O12^(2)
5,z,3.025,0.1,vis,3.89930765160956e-12,3.89930765160956e-12,1.0,0.0,O12^(2)
5,z,3.025,0.1,I,3.89930765160956e-12,3.89930765160956e-12,1.0,0.0,O12^(2)
5,z,3.025,0.1,II,3.89930765160956e-12,3.3985162749564343e-12,0.871569154989243,-0.12843084501075697,O12^(2)
5,z,3.025,0.1,III-a,3.89930765160956e-12,3.89930765160956e-12,1.0,0.0,O12^(2)
5,z,3.025,0.1,III-b,3.89930765160956e-12,3.903244126396918e-12,1.0010095317269292,0.0010095317269291915,O12^(2)
5,z,3.0500000000000003,0.1,vis,3.695861105248357e-12,3.695861105248357e-12,1.0,0.0,O12^(2)
5,z,3.0500000000000003,0.1,I,3.695861105248357e-12,3.695861105248357e-12,1.0,0.0,O12^(2)
5,z,3.0500000000000003,0.1,II,3.695861105248357e-12,3.2211985404589204e-12,0.871569154989243,-0.12843084501075697,O12^(2)
5,z,3.0500000000000003,0.1,III-a,3.695861105248357e-12,3.695861105248357e-12,1.0,0.0,O12^(2)
5,z,3.0500000000000003,0.1,III-b,3.695861105248357e-12,3.6995921942976516e-12,1.0010095317283423,0.0010095317283422833,O12^(2)
5,z,3.075,0.1,vis,3.499294831136369e-12,3.499294831136369e-12,1.0,0.0,O12^(2)
5,z,3.075,0.1,I,3.499294831136369e-12,3.499294831136369e-12,1.0,0.0,O12^(2)
5,z,3.075,0.1,II,3.499294831136369e-12,3.049877439031751e-12,0.871569154989243,-0.12843084501075697,O12^(2)
5,z,3.075,0.1,III-a,3.499294831136369e-12,3.499294831136369e-12,1.0,0.0,O12^(2)
5,z,3.075,0.1,III-b,3.499294831136369e-12,3.5028274802998735e-12,1.0010095317296706,0.0010095317296705542,O12^(2)
5,z,3.1,0.1,vis,3.309514726751372e-12,3.309514726751372e-12,1.0,0.0,O12^(2)
5,z,3.1,0.1,I,3.309514726751372e-12,3.309514726751372e-12,1.0,0.0,O12^(2)
5,z,3.1,0.1,II,3.309514726751372e-12,2.884470953819149e-12,0.871569154989243,-0.12843084501075697,O12^(2)
5,z,3.1,0.1,III-a,3.309514726751372e-12,3.309514726751372e-12,1.0,0.0,O12^(2)
5,z,3.1,0.1,III-b,3.309514726751372e-12,3.312855786881972e-12,1.0010095317309193,0.001009531730919333,O12^(2)
5,z,3.125,0.1,vis,3.126426689571146e-12,3.126426689571146e-12,1.0,0.0,O12^(2)
5,z,3.125,0.1,I,3.126426689571146e-12,3.126426689571146e-12,1.0,0.0,O12^(2)
5,z,3.125,0.1,II,3.126426689571146e-12,2.7248970679653404e-12,0.871569154989243,-0.12843084501075697,O12^(2)
5,z,3.125,0.1,III-a,3.126426689571146e-12,3.126426689571146e-12,1.0,0.0,O12^(2)
5,z,3.125,0.1,III-b,3.126426689571146e-12,3.1295829165223307e-12,1.001009531732093,0.0010095317320930608,O12^(2)
5,z,3.15,0.1,vis,2.9499366170734722e-12,2.9499366170734722e-12,1.0,0.0,O12^(2)
5,z,3.15,0.1,I,2.9499366170734722e-12,2.9499366170734722e-12,1.0,0.0,O12^(2)
5,z,3.15,0.1,II,2.9499366170734722e-12,2.5710737646145524e-12,0.871569154989243,-0.12843084501075697,O12^(2)
5,z,3.15,0.1,III-a,2.9499366170734722e-12,2.9499366170734722e-12,1.0,0.0,O12^(2)
5,z,3.15,0.1,III-b,2.9499366170734722e-12,2.9529146716993265e-12,1.0010095317331966,0.0010095317331966225,O12^(2)
5,z,3.1750000000000003,0.1,vis,2.7799504067361275e-12,2.7799504067361275e-12,1.0,0.0,O12^(2)
5,z,3.1750000000000003,0.1,I,2.7799504067361275e-12,2.7799504067361275e-12,1.0,0.0,O12^(2)
5,z,3.1750000000000003,0.1,II,2.7799504067361275e-12,2.422919026911009e-12,0.871569154989243,-0.12843084501075697,O12^(2)
5,z,3.1750000000000003,0.1,III-a,2.7799504067361275e-12,2.7799504067361275e-12,1.0,0.0,O12^(2)
5,z,3.1750000000000003,0.1,III-b,2.7799504067361275e-12,2.7827568548913245e-12,1.001009531734234,0.0010095317342340149,O12^(2)
5,z,3.2,0.1,vis,2.6163739560368977e-12,2.6163739560368977e-12,1.0,0.0,O12^(2)
5,z,3.2,0.1,I,2.6163739560368977e-12,2.6163739560368977e-12,1.0,0.0,O12^(2)
5,z,3.2,0.1,II,2.6163739560368977e-12,2.280350837998942e-12,0.871569154989243,-0.12843084501075697,O12^(2)
5,z,3.2,0.1,III-a,2.6163739560368977e-12,2.6163739560368977e-12,1.0,0.0,O12^(2)
5,z,3.2,0.1,III-b,2.6163739560368977e-12,2.6190152685766913e-12,1.001009531735209,0.0010095317352090127,O12^(2)
5,z,3.225,0.1,vis,2.459113162453561e-12,2.459113162453561e-12,1.0,0.0,O12^(2)
5,z,3.225,0.1,I,2.459113162453561e-12,2.459113162453561e-12,1.0,0.0,O12^(2)
5,z,3.225,0.1,II,2.459113162453561e-12,2.1432871810225755e-12,0.871569154989243,-0.12843084501075697,O12^(2)
5,z,3.225,0.1,III-a,2.459113162453561e-12,2.459113162453561e-12,1.0,0.0,O12^(2)
5,z,3.225,0.1,III-b,2.459113162453561e-12,2.461595715233782e-12,1.0010095317361256,0.0010095317361256129,O12^(2)
5,z,3.25,0.1,vis,2.3080739234638966e-12,2.3080739234638966e-12,1.0,0.0,O12^(2)
5,z,3.25,0.1,I,2.3080739234638966e-12,2.3080739234638966e-12,1.0,0.0,O12^(2)
5,z,3.25,0.1,II,2.3080739234638966e-12,2.0116460391261353e-12,0.871569154989243,-0.12843084501075697,O12^(2)
5,z,3.25,0.1,III-a,2.3080739234638966e-12,2.3080739234638966e-12,1.0,0.0,O12^(2)
5,z,3.25,0.1,III-b,2.3080739234638966e-12,2.3104039973409457e-12,1.0010095317369871,0.001009531736987146,O12^(2)
5,z,3.275,0.1,vis,2.1631621365456855e-12,2.1631621365456855e-12,1.0,0.0,O12^(2)
5,z,3.275,0.1,I,2.1631621365456855e-12,2.1631621365456855e-12,1.0,0.0,O12^(2)
5,z,3.275,0.1,II,2.1631621365456855e-12,1.8853453954538485e-12,0.871569154989243,-0.12843084501075697,O12^(2)
5,z,3.275,0.1,III-a,2.1631621365456855e-12,2.1631621365456855e-12,1.0,0.0,O12^(2)
5,z,3.275,0.1,III-b,2.1631621365456855e-12,2.1653459173765293e-12,1.0010095317377972,0.0010095317377971647,O12^(2)
5,z,3.3000000000000003,0.1,vis,2.024283699176705e-12,2.024283699176705e-12,1.0,0.0,O12^(2)
5,z,3.3000000000000003,0.1,I,2.024283699176705e-12,2.024283699176705e-12,1.0,0.0,O12^(2)
5,z,3.3000000000000003,0.1,II,2.024283699176705e-12,1.7643032331499397e-12,0.871569154989243,-0.12843084501075697,O12^(2)
5,z,3.3000000000000003,0.1,III-a,2.024283699176705e-12,2.024283699176705e-12,1.0,0.0,O12^(2)
5,z,3.3000000000000003,0.1,III-b,2.024283699176705e-12,2.02632727781887e-12,1.0010095317385583,0.0010095317385583336,O12^(2)
5,z,3.325,0.1,vis,1.8913445088347406e-12,1.8913445088347406e-12,1.0,0.0,O12^(2)
5,z,3.325,0.1,I,1.8913445088347406e-12,1.8913445088347406e-12,1.0,0.0,O12^(2)
5,z,3.325,0.1,II,1.8913445088347406e-12,1.6484375353586398e-12,0.871569154989243,-0.12843084501075697,O12^(2)
5,z,3.325,0.1,III-a,1.8913445088347406e-12,1.8913445088347406e-12,1.0,0.0,O12^(2)
5,z,3.325,0.1,III-b,1.8913445088347406e-12,1.8932538811463103e-12,1.0010095317392738,0.0010095317392737613,O12^(2)
5,z,3.35,0.1,vis,1.7642504629975697e-12,1.7642504629975697e-12,1.0,0.0,O12^(2)
5,z,3.35,0.1,I,1.7642504629975697e-12,1.7642504629975697e-12,1.0,0.0,O12^(2)
5,z,3.35,0.1,II,1.7642504629975697e-12,1.5376662852241726e-12,0.871569154989243,-0.12843084501075697,O12^(2)
5,z,3.35,0.1,III-a,1.7642504629975697e-12,1.7642504629975697e-12,1.0,0.0,O12^(2)
5,z,3.35,0.1,III-b,1.7642504629975697e-12,1.7660315298371803e-12,1.0010095317399461,0.0010095317399461123,O12^(2)
5,z,3.375,0.1,vis,1.6429074591429732e-12,1.6429074591429732e-12,1.0,0.0,O12^(2)
5,z,3.375,0.1,I,1.6429074591429732e-12,1.6429074591429732e-12,1.0,0.0,O12^(2)
5,z,3.375,0.1,II,1.6429074591429732e-12,1.4319074658907655e-12,0.871569154989243,-0.12843084501075697,O12^(2)
5,z,3.375,0.1,III-a,1.6429074591429732e-12,1.6429074591429732e-12,1.0,0.0,O12^(2)
5,z,3.375,0.1,III-b,1.6429074591429732e-12,1.6445660263698107e-12,1.0010095317405783,0.0010095317405782733,O12^(2)
5,z,3.4000000000000004,0.1,vis,1.5272213947487285e-12,1.5272213947487285e-12,1.0,0.0,O12^(2)
5,z,3.4000000000000004,0.1,I,1.5272213947487285e-12,1.5272213947487285e-12,1.0,0.0,O12^(2)
5,z,3.4000000000000004,0.1,II,1.5272213947487285e-12,1.3310790605026424e-12,0.871569154989243,-0.12843084501075697,O12^(2)
5,z,3.4000000000000004,0.1,III-a,1.5272213947487285e-12,1.5272213947487285e-12,1.0,0.0,O12^(2)
5,z,3.4000000000000004,0.1,III-b,1.5272213947487285e-12,1.5287631732225246e-12,1.0010095317411722,0.0010095317411722426,O12^(2)
5,z,3.4250000000000003,0.1,vis,1.417098167292621e-12,1.417098167292621e-12,1.0,0.0,O12^(2)
5,z,3.4250000000000003,0.1,I,1.417098167292621e-12,1.417098167292621e-12,1.0,0.0,O12^(2)
5,z,3.4250000000000003,0.1,II,1.417098167292621e-12,1.2350990522040348e-12,0.871569154989243,-0.12843084501075697,O12^(2)
5,z,3.4250000000000003,0.1,III-a,1.417098167292621e-12,1.417098167292621e-12,1.0,0.0,O12^(2)
5,z,3.4250000000000003,0.1,III-b,1.417098167292621e-12,1.4185287728736508e-12,1.0010095317417302,0.0010095317417302407,O12^(2)
5,z,3.45,0.1,vis,1.3124436742524276e-12,1.3124436742524276e-12,1.0,0.0,O12^(2)
5,z,3.45,0.1,I,1.3124436742524276e-12,1.3124436742524276e-12,1.0,0.0,O12^(2)
5,z,3.45,0.1,II,1.3124436742524276e-12,1.1438854241391656e-12,0.871569154989243,-0.12843084501075697,O12^(2)
5,z,3.45,0.1,III-a,1.3124436742524276e-12,1.3124436742524276e-12,1.0,0.0,O12^(2)
5,z,3.45,0.1,III-b,1.3124436742524276e-12,1.313768627801507e-12,1.001009531742255,0.0010095317422549321,O12^(2)
5,z,3.475,0.1,vis,1.2131638131059296e-12,1.2131638131059296e-12,1.0,0.0,O12^(2)
5,z,3.475,0.1,I,1.2131638131059296e-12,1.2131638131059296e-12,1.0,0.0,O12^(2)
5,z,3.475,0.1,II,1.2131638131059296e-12,1.057356159452263e-12,0.871569154989243,-0.12843084501075697,O12^(2)
5,z,3.475,0.1,III-a,1.2131638131059296e-12,1.2131638131059296e-12,1.0,0.0,O12^(2)
5,z,3.475,0.1,III-b,1.2131638131059296e-12,1.2143885404844131e-12,1.0010095317427479,0.0010095317427478712,O12^(2)
5,z,3.5,0.1,vis,1.1191644813309072e-12,1.1191644813309072e-12,1.0,0.0,O12^(2)
5,z,3.5,0.1,I,1.1191644813309072e-12,1.1191644813309072e-12,1.0,0.0,O12^(2)
5,z,3.5,0.1,II,1.1191644813309072e-12,9.754292412875532e-13,0.871569154989243,-0.12843084501075697,O12^(2)
5,z,3.5,0.1,III-a,1.1191644813309072e-12,1.1191644813309072e-12,1.0,0.0,O12^(2)
5,z,3.5,0.1,III-b,1.1191644813309072e-12,1.1202943134006851e-12,1.001009531743211,0.0010095317432110562,O12^(2)
5,z,3.5250000000000004,0.1,vis,1.0303515764051386e-12,1.0303515764051386e-12,1.0,0.0,O12^(2)
5,z,3.5250000000000004,0.1,I,1.0303515764051386e-12,1.0303515764051386e-12,1.0,0.0,O12^(2)
5,z,3.5250000000000004,0.1,II,1.0303515764051386e-12,8.980226527892611e-13,0.871569154989243,-0.12843084501075697,O12^(2)
5,z,3.5250000000000004,0.1,III-a,1.0303515764051386e-12,1.0303515764051386e-12,1.0,0.0,O12^(2)
5,z,3.5250000000000004,0.1,III-b,1.0303515764051386e-12,1.0313917490286356e-12,1.0010095317436463,0.0010095317436462636,O12^(2)
5,z,3.5500000000000003,0.1,vis,9.46630995806407e-13,9.46630995806407e-13,1.0,0.0,O12^(2)
5,z,3.5500000000000003,0.1,I,9.46630995806407e-13,9.46630995806407e-13,1.0,0.0,O12^(2)
5,z,3.5500000000000003,0.1,II,9.46630995806407e-13,8.250543771016159e-13,0.871569154989243,-0.12843084501075697,O12^(2)
5,z,3.5500000000000003,0.1,III-a,9.46630995806407e-13,9.46630995806407e-13,1.0,0.0,O12^(2)
5,z,3.5500000000000003,0.1,III-b,9.46630995806407e-13,9.4758664984658e-13,1.001009531744055,0.0010095317440550478,O12^(2)
5,z,3.575,0.1,vis,8.679086370124919e-13,8.679086370124919e-13,1.0,0.0,O12^(2)
5,z,3.575,0.1,I,8.679086370124919e-13,8.679086370124919e-13,1.0,0.0,O12^(2)
5,z,3.575,0.1,II,8.679086370124919e-13,7.564423973688433e-13,0.871569154989243,-0.12843084501075697,O12^(2)
5,z,3.575,0.1,III-a,8.679086370124919e-13,8.679086370124919e-13,1.0,0.0,O12^(2)
5,z,3.575,0.1,III-b,8.679086370124919e-13,8.68784818332829e-13,1.0010095317444392,0.001009531744439185,O12^(2)
5,z,3.6,0.1,vis,7.940903975011732e-13,7.940903975011732e-13,1.0,0.0,O12^(2)
5,z,3.6,0.1,I,7.940903975011732e-13,7.940903975011732e-13,1.0,0.0,O12^(2)
5,z,3.6,0.1,II,7.940903975011732e-13,6.921046967351697e-13,0.871569154989243,-0.12843084501075697,O12^(2)
5,z,3.6,0.1,III-a,7.940903975011732e-13,7.940903975011732e-13,1.0,0.0,O12^(2)
5,z,3.6,0.1,III-b,7.940903975011732e-13,7.948920569656917e-13,1.0010095317448002,0.0010095317448002294,O12^(2)
5,z,3.625,0.1,vis,7.250821747502311e-13,7.250821747502311e-13,1.0,0.0,O12^(2)
5,z,3.625,0.1,I,7.250821747502311e-13,7.250821747502311e-13,1.0,0.0,O12^(2)
5,z,3.625,0.1,II,7.250821747502311e-13,6.319592583448215e-13,0.871569154989243,-0.12843084501075697,O12^(2)
5,z,3.625,0.1,III-a,7.250821747502311e-13,7.250821747502311e-13,1.0,0.0,O12^(2)
5,z,3.625,0.1,III-b,7.250821747502311e-13,7.258141682234759e-13,1.001009531745139,0.0010095317451390695,O12^(2)
5,z,3.6500000000000004,0.1,vis,6.607898662374443e-13,6.607898662374443e-13,1.0,0.0,O12^(2)
5,z,3.6500000000000004,0.1,I,6.607898662374443e-13,6.607898662374443e-13,1.0,0.0,O12^(2)
5,z,3.6500000000000004,0.1,II,6.607898662374443e-13,5.759240653420243e-13,0.871569154989243,-0.12843084501075697,O12^(2)
5,z,3.6500000000000004,0.1,III-a,6.607898662374443e-13,6.607898662374443e-13,1.0,0.0,O12^(2)
5,z,3.6500000000000004,0.1,III-b,6.607898662374443e-13,6.614569545844877e-13,1.0010095317454577,0.0010095317454577035,O12^(2)
5,z,3.6750000000000003,0.1,vis,6.011193694405948e-13,6.011193694405948e-13,1.0,0.0,O12^(2)
5,z,3.6750000000000003,0.1,I,6.011193694405948e-13,6.011193694405948e-13,1.0,0.0,O12^(2)
5,z,3.6750000000000003,0.1,II,6.011193694405948e-13,5.239171008710058e-13,0.871569154989243,-0.12843084501075697,O12^(2)
5,z,3.6750000000000003,0.1,III-a,6.011193694405948e-13,6.011193694405948e-13,1.0,0.0,O12^(2)
5,z,3.6750000000000003,0.1,III-b,6.011193694405948e-13,6.017262185270343e-13,1.0010095317457566,0.0010095317457565756,O12^(2)
5,z,3.7,0.1,vis,5.459765818374637e-13,5.459765818374637e-13,1.0,0.0,O12^(2)
5,z,3.7,0.1,I,5.459765818374637e-13,5.459765818374637e-13,1.0,0.0,O12^(2)
5,z,3.7,0.1,II,5.459765818374637e-13,4.758563480759936e-13,0.871569154989243,-0.12843084501075697,O12^(2)
5,z,3.7,0.1,III-a,5.459765818374637e-13,5.459765818374637e-13,1.0,0.0,O12^(2)
5,z,3.7,0.1,III-b,5.459765818374637e-13,5.465277625294217e-13,1.0010095317460375,0.001009531746037462,O12^(2)
5,z,3.725,0.1,vis,4.952674009058303e-13,4.952674009058303e-13,1.0,0.0,O12^(2)
5,z,3.725,0.1,I,4.952674009058303e-13,4.952674009058303e-13,1.0,0.0,O12^(2)
5,z,3.725,0.1,II,4.952674009058303e-13,4.316597901012132e-13,0.871569154989243,-0.12843084501075697,O12^(2)
5,z,3.725,0.1,III-a,4.952674009058303e-13,4.952674009058303e-13,1.0,0.0,O12^(2)
5,z,3.725,0.1,III-b,4.952674009058303e-13,4.957673890699529e-13,1.0010095317463013,0.001009531746301251,O12^(2)
5,z,3.75,0.1,vis,4.4889772412347434e-13,4.4889772412347434e-13,1.0,0.0,O12^(2)
5,z,3.75,0.1,I,4.4889772412347434e-13,4.4889772412347434e-13,1.0,0.0,O12^(2)
5,z,3.75,0.1,II,4.4889772412347434e-13,3.912454100908909e-13,0.871569154989243,-0.12843084501075697,O12^(2)
5,z,3.75,0.1,III-a,4.4889772412347434e-13,4.4889772412347434e-13,1.0,0.0,O12^(2)
5,z,3.75,0.1,III-b,4.4889772412347434e-13,4.493509006269306e-13,1.001009531746549,0.0010095317465490528,O12^(2)
5,z,3.7750000000000004,0.1,vis,4.0677344896817566e-13,4.0677344896817566e-13,1.0,0.0,O12^(2)
5,z,3.7750000000000004,0.1,I,4.0677344896817566e-13,4.0677344896817566e-13,1.0,0.0,O12^(2)
5,z,3.7750000000000004,0.1,II,4.0677344896817566e-13,3.5453119118925283e-13,0.871569154989243,-0.12843084501075697,O12^(2)
5,z,3.7750000000000004,0.1,III-a,4.0677344896817566e-13,4.0677344896817566e-13,1.0,0.0,O12^(2)
5,z,3.7750000000000004,0.1,III-b,4.0677344896817566e-13,4.071840996786568e-13,1.0010095317467815,0.0010095317467815335,O12^(2)
5,z,3.8000000000000003,0.1,vis,3.6880047291771687e-13,3.6880047291771687e-13,1.0,0.0,O12^(2)
5,z,3.8000000000000003,0.1,I,3.6880047291771687e-13,3.6880047291771687e-13,1.0,0.0,O12^(2)
5,z,3.8000000000000003,0.1,II,3.6880047291771687e-13,3.214351165405277e-13,0.871569154989243,-0.12843084501075697,O12^(2)
5,z,3.8000000000000003,0.1,III-a,3.6880047291771687e-13,3.6880047291771687e-13,1.0,0.0,O12^(2)
5,z,3.8000000000000003,0.1,III-b,3.6880047291771687e-13,3.6917278870343584e-13,1.0010095317469998,0.0010095317469998033,O12^(2)
5,z,3.825,0.1,vis,3.34884693449876e-13,3.34884693449876e-13,1.0,0.0,O12^(2)
5,z,3.825,0.1,I,3.34884693449876e-13,3.34884693449876e-13,1.0,0.0,O12^(2)
5,z,3.825,0.1,II,3.34884693449876e-13,2.918751692889401e-13,0.871569154989243,-0.12843084501075697,O12^(2)
5,z,3.825,0.1,III-a,3.34884693449876e-13,3.34884693449876e-13,1.0,0.0,O12^(2)
5,z,3.825,0.1,III-b,3.34884693449876e-13,3.3522277017956656e-13,1.0010095317472048,0.0010095317472047505,O12^(2)
5,z,3.85,0.1,vis,3.049320080424346e-13,3.049320080424346e-13,1.0,0.0,O12^(2)
5,z,3.85,0.1,I,3.049320080424346e-13,3.049320080424346e-13,1.0,0.0,O12^(2)
5,z,3.85,0.1,II,3.049320080424346e-13,2.657693325787178e-13,0.871569154989243,-0.12843084501075697,O12^(2)
5,z,3.85,0.1,III-a,3.049320080424346e-13,3.049320080424346e-13,1.0,0.0,O12^(2)
5,z,3.85,0.1,III-b,3.049320080424346e-13,3.0523984658535096e-13,1.001009531747397,0.001009531747397041,O12^(2)
5,z,3.875,0.1,vis,2.788483141731703e-13,2.788483141731703e-13,1.0,0.0,O12^(2)
5,z,3.875,0.1,I,2.788483141731703e-13,2.788483141731703e-13,1.0,0.0,O12^(2)
5,z,3.875,0.1,II,2.788483141731703e-13,2.43035589554085e-13,0.871569154989243,-0.12843084501075697,O12^(2)
5,z,3.875,0.1,III-a,2.788483141731703e-13,2.788483141731703e-13,1.0,0.0,O12^(2)
5,z,3.875,0.1,III-b,2.788483141731703e-13,2.791298203990866e-13,1.0010095317475776,0.0010095317475775634,O12^(2)
5,z,3.9000000000000004,0.1,vis,2.5653950931986633e-13,2.5653950931986633e-13,1.0,0.0,O12^(2)
5,z,3.9000000000000004,0.1,I,2.5653950931986633e-13,2.5653950931986633e-13,1.0,0.0,O12^(2)
5,z,3.9000000000000004,0.1,II,2.5653950931986633e-13,2.2359192335927093e-13,0.871569154989243,-0.12843084501075697,O12^(2)
5,z,3.9000000000000004,0.1,III-a,2.5653950931986633e-13,2.5653950931986633e-13,1.0,0.0,O12^(2)
5,z,3.9000000000000004,0.1,III-b,2.5653950931986633e-13,2.567984940990761e-13,1.0010095317477468,0.0010095317477467614,O12^(2)
5,z,3.9250000000000003,0.1,vis,2.379114909603041e-13,2.379114909603041e-13,1.0,0.0,O12^(2)
5,z,3.9250000000000003,0.1,I,2.379114909603041e-13,2.379114909603041e-13,1.0,0.0,O12^(2)
5,z,3.9250000000000003,0.1,II,2.379114909603041e-13,2.0735631713850319e-13,0.871569154989243,-0.12843084501075697,O12^(2)
5,z,3.9250000000000003,0.1,III-a,2.379114909603041e-13,2.379114909603041e-13,1.0,0.0,O12^(2)
5,z,3.9250000000000003,0.1,III-b,2.379114909603041e-13,2.381516701636201e-13,1.0010095317479057,0.0010095317479057453,O12^(2)
5,z,3.95,0.1,vis,2.2287015657225837e-13,2.2287015657225837e-13,1.0,0.0,O12^(2)
5,z,3.95,0.1,I,2.2287015657225837e-13,2.2287015657225837e-13,1.0,0.0,O12^(2)
5,z,3.95,0.1,II,2.2287015657225837e-13,1.942467540360035e-13,0.871569154989243,-0.12843084501075697,O12^(2)
5,z,3.95,0.1,III-a,2.2287015657225837e-13,2.2287015657225837e-13,1.0,0.0,O12^(2)
5,z,3.95,0.1,III-b,2.2287015657225837e-13,2.23095151071012e-13,1.0010095317480547,0.0010095317480547372,O12^(2)
5,z,3.975,0.1,vis,2.113214036335162e-13,2.113214036335162e-13,1.0,0.0,O12^(2)
5,z,3.975,0.1,I,2.113214036335162e-13,2.113214036335162e-13,1.0,0.0,O12^(2)
5,z,3.975,0.1,II,2.113214036335162e-13,1.8418121719600448e-13,0.871569154989243,-0.12843084501075697,O12^(2)
5,z,3.975,0.1,III-a,2.113214036335162e-13,2.113214036335162e-13,1.0,0.0,O12^(2)
5,z,3.975,0.1,III-b,2.113214036335162e-13,2.1153473929955724e-13,1.0010095317481944,0.0010095317481944033,O12^(2)
5,z,4.0,0.1,vis,2.031711296218516e-13,2.031711296218516e-13,1.0,0.0,O12^(2)
5,z,4.0,0.1,I,2.031711296218516e-13,2.031711296218516e-13,1.0,0.0,O12^(2)
5,z,4.0,0.1,II,2.031711296218516e-13,1.7707768976272716e-13,0.871569154989243,-0.12843084501075697,O12^(2)
5,z,4.0,0.1,III-a,2.031711296218516e-13,2.031711296218516e-13,1.0,0.0,O12^(2)
5,z,4.0,0.1,III-b,2.031711296218516e-13,2.03376237327548e-13,1.0010095317483254,0.0010095317483254096,O12^(2)
5,z,4.025,0.1,vis,1.96761552236842e-13,1.96761552236842e-13,1.0,0.0,O12^(2)
5,z,4.025,0.1,I,1.96761552236842e-13,1.96761552236842e-13,1.0,0.0,O12^(2)
5,z,4.025,0.1,II,1.96761552236842e-13,1.7149129981743618e-13,0.871569154989243,-0.12843084501075697,O12^(2)
5,z,4.025,0.1,III-a,1.96761552236842e-13,1.96761552236842e-13,1.0,0.0,O12^(2)
5,z,4.025,0.1,III-b,1.96761552236842e-13,1.9696018927069906e-13,1.0010095317484482,0.0010095317484482003,O12^(2)
5,z,4.050000000000001,0.1,vis,1.904981804881394e-13,1.904981804881394e-13,1.0,0.0,O12^(2)
5,z,4.050000000000001,0.1,I,1.904981804881394e-13,1.904981804881394e-13,1.0,0.0,O12^(2)
5,z,4.050000000000001,0.1,II,1.904981804881394e-13,1.6603233819503597e-13,0.871569154989243,-0.12843084501075697,O12^(2)
5,z,4.050000000000001,0.1,III-a,1.904981804881394e-13,1.904981804881394e-13,1.0,0.0,O12^(2)
5,z,4.050000000000001,0.1,III-b,1.904981804881394e-13,1.9069049444938575e-13,1.0010095317485634,0.0010095317485634414,O12^(2)
5,z,4.075,0.1,vis,1.843818488186431e-13,1.843818488186431e-13,1.0,0.0,O12^(2)
5,z,4.075,0.1,I,1.843818488186431e-13,1.843818488186431e-13,1.0,0.0,O12^(2)
5,z,4.075,0.1,II,1.843818488186431e-13,1.6070153217021913e-13,0.871569154989243,-0.12843084501075697,O12^(2)
5,z,4.075,0.1,III-a,1.843818488186431e-13,1.843818488186431e-13,1.0,0.0,O12^(2)
5,z,4.075,0.1,III-b,1.843818488186431e-13,1.8456798814890425e-13,1.0010095317486714,0.001009531748671355,O12^(2)
5,z,4.1,0.1,vis,1.7841339167125184e-13,1.7841339167125184e-13,1.0,0.0,O12^(2)
5,z,4.1,0.1,I,1.7841339167125184e-13,1.7841339167125184e-13,1.0,0.0,O12^(2)
5,z,4.1,0.1,II,1.7841339167125184e-13,1.554996090176778e-13,0.871569154989243,-0.12843084501075697,O12^(2)
5,z,4.1,0.1,III-a,1.7841339167125184e-13,1.7841339167125184e-13,1.0,0.0,O12^(2)
5,z,4.1,0.1,III-b,1.7841339167125184e-13,1.7859350565455012e-13,1.0010095317487724,0.0010095317487723854,O12^(2)
5,z,4.125,0.1,vis,1.7259364348886448e-13,1.7259364348886448e-13,1.0,0.0,O12^(2)
5,z,4.125,0.1,I,1.7259364348886448e-13,1.7259364348886448e-13,1.0,0.0,O12^(2)
5,z,4.125,0.1,II,1.7259364348886448e-13,1.5042729601210429e-13,0.871569154989243,-0.12843084501075697,O12^(2)
5,z,4.125,0.1,III-a,1.7259364348886448e-13,1.7259364348886448e-13,1.0,0.0,O12^(2)
5,z,4.125,0.1,III-b,1.7259364348886448e-13,1.727678822516191e-13,1.001009531748867,0.0010095317488669764,O12^(2)
5,z,4.15,0.1,vis,1.6692343871438018e-13,1.6692343871438018e-13,1.0,0.0,O12^(2)
5,z,4.15,0.1,I,1.6692343871438018e-13,1.6692343871438018e-13,1.0,0.0,O12^(2)
5,z,4.15,0.1,II,1.6692343871438018e-13,1.4548532042819103e-13,0.871569154989243,-0.12843084501075697,O12^(2)
5,z,4.15,0.1,III-a,1.6692343871438018e-13,1.6692343871438018e-13,1.0,0.0,O12^(2)
5,z,4.15,0.1,III-b,1.6692343871438018e-13,1.670919532254072e-13,1.0010095317489556,0.0010095317489555722,O12^(2)
5,z,4.175000000000001,0.1,vis,1.6140361179069794e-13,1.6140361179069794e-13,1.0,0.0,O12^(2)
5,z,4.175000000000001,0.1,I,1.6140361179069794e-13,1.6140361179069794e-13,1.0,0.0,O12^(2)
5,z,4.175000000000001,0.1,II,1.6140361179069794e-13,1.4067440954063044e-13,0.871569154989243,-0.12843084501075697,O12^(2)
5,z,4.175000000000001,0.1,III-a,1.6140361179069794e-13,1.6140361179069794e-13,1.0,0.0,O12^(2)
5,z,4.175000000000001,0.1,III-b,1.6140361179069794e-13,1.6156655386121015e-13,1.0010095317490386,0.0010095317490386169,O12^(2)
5,z,4.2,0.1,vis,1.5603499716071706e-13,1.5603499716071706e-13,1.0,0.0,O12^(2)
5,z,4.2,0.1,I,1.5603499716071706e-13,1.5603499716071706e-13,1.0,0.0,O12^(2)
5,z,4.2,0.1,II,1.5603499716071706e-13,1.359952906241151e-13,0.871569154989243,-0.12843084501075697,O12^(2)
5,z,4.2,0.1,III-a,1.5603499716071706e-13,1.5603499716071706e-13,1.0,0.0,O12^(2)
5,z,4.2,0.1,III-b,1.5603499716071706e-13,1.561925194443241e-13,1.0010095317491163,0.0010095317491163325,O12^(2)
5,z,4.225,0.1,vis,1.5081842926733628e-13,1.5081842926733628e-13,1.0,0.0,O12^(2)
5,z,4.225,0.1,I,1.5081842926733628e-13,1.5081842926733628e-13,1.0,0.0,O12^(2)
5,z,4.225,0.1,II,1.5081842926733628e-13,1.314486909533372e-13,0.871569154989243,-0.12843084501075697,O12^(2)
5,z,4.225,0.1,III-a,1.5081842926733628e-13,1.5081842926733628e-13,1.0,0.0,O12^(2)
5,z,4.225,0.1,III-b,1.5081842926733628e-13,1.5097068526004446e-13,1.001009531749189,0.001009531749188941,O12^(2)
5,z,4.25,0.1,vis,1.4575474255345441e-13,1.4575474255345441e-13,1.0,0.0,O12^(2)
5,z,4.25,0.1,I,1.4575474255345441e-13,1.4575474255345441e-13,1.0,0.0,O12^(2)
5,z,4.25,0.1,II,1.4575474255345441e-13,1.2703533780298892e-13,0.871569154989243,-0.12843084501075697,O12^(2)
5,z,4.25,0.1,III-a,1.4575474255345441e-13,1.4575474255345441e-13,1.0,0.0,O12^(2)
5,z,4.25,0.1,III-b,1.4575474255345441e-13,1.459018865936669e-13,1.0010095317492569,0.0010095317492568867,O12^(2)
5,z,4.275,0.1,vis,1.4084477146197067e-13,1.4084477146197067e-13,1.0,0.0,O12^(2)
5,z,4.275,0.1,I,1.4084477146197067e-13,1.4084477146197067e-13,1.0,0.0,O12^(2)
5,z,4.275,0.1,II,1.4084477146197067e-13,1.2275595844776283e-13,0.871569154989243,-0.12843084501075697,O12^(2)
5,z,4.275,0.1,III-a,1.4084477146197067e-13,1.4084477146197067e-13,1.0,0.0,O12^(2)
5,z,4.275,0.1,III-b,1.4084477146197067e-13,1.409869587304873e-13,1.0010095317493204,0.0010095317493203915,O12^(2)
5,z,4.300000000000001,0.1,vis,1.3608935043578414e-13,1.3608935043578414e-13,1.0,0.0,O12^(2)
5,z,4.300000000000001,0.1,I,1.3608935043578414e-13,1.3608935043578414e-13,1.0,0.0,O12^(2)
5,z,4.300000000000001,0.1,II,1.3608935043578414e-13,1.1861128016235134e-13,0.871569154989243,-0.12843084501075697,O12^(2)
5,z,4.300000000000001,0.1,III-a,1.3608935043578414e-13,1.3608935043578414e-13,1.0,0.0,O12^(2)
5,z,4.300000000000001,0.1,III-b,1.3608935043578414e-13,1.3622673695580152e-13,1.0010095317493797,0.0010095317493796774,O12^(2)
5,z,4.325,0.1,vis,1.3148931391779392e-13,1.3148931391779392e-13,1.0,0.0,O12^(2)
5,z,4.325,0.1,I,1.3148931391779392e-13,1.3148931391779392e-13,1.0,0.0,O12^(2)
5,z,4.325,0.1,II,1.3148931391779392e-13,1.1460203022144695e-13,0.871569154989243,-0.12843084501075697,O12^(2)
5,z,4.325,0.1,III-a,1.3148931391779392e-13,1.3148931391779392e-13,1.0,0.0,O12^(2)
5,z,4.325,0.1,III-b,1.3148931391779392e-13,1.3162205655490534e-13,1.001009531749435,0.0010095317494349665,O12^(2)
5,z,4.35,0.1,vis,1.270454963508989e-13,1.270454963508989e-13,1.0,0.0,O12^(2)
5,z,4.35,0.1,I,1.270454963508989e-13,1.270454963508989e-13,1.0,0.0,O12^(2)
5,z,4.35,0.1,II,1.270454963508989e-13,1.107289358997419e-13,0.871569154989243,-0.12843084501075697,O12^(2)
5,z,4.35,0.1,III-a,1.270454963508989e-13,1.270454963508989e-13,1.0,0.0,O12^(2)
5,z,4.35,0.1,III-b,1.270454963508989e-13,1.2717375281309442e-13,1.0010095317494867,0.0010095317494867029,O12^(2)
5,z,4.375,0.1,vis,1.2275873217799784e-13,1.2275873217799784e-13,1.0,0.0,O12^(2)
5,z,4.375,0.1,I,1.2275873217799784e-13,1.2275873217799784e-13,1.0,0.0,O12^(2)
5,z,4.375,0.1,II,1.2275873217799784e-13,1.0699272447192838e-13,0.871569154989243,-0.12843084501075697,O12^(2)
5,z,4.375,0.1,III-a,1.2275873217799784e-13,1.2275873217799784e-13,1.0,0.0,O12^(2)
5,z,4.375,0.1,III-b,1.2275873217799784e-13,1.2288266101566417e-13,1.0010095317495349,0.0010095317495348866,O12^(2)
5,z,4.4,0.1,vis,1.1862985584199002e-13,1.1862985584199002e-13,1.0,0.0,O12^(2)
5,z,4.4,0.1,I,1.1862985584199002e-13,1.1862985584199002e-13,1.0,0.0,O12^(2)
5,z,4.4,0.1,II,1.1862985584199002e-13,1.0339412321269896e-13,0.871569154989243,-0.12843084501075697,O12^(2)
5,z,4.4,0.1,III-a,1.1862985584199002e-13,1.1862985584199002e-13,1.0,0.0,O12^(2)
5,z,4.4,0.1,III-b,1.1862985584199002e-13,1.187496164479106e-13,1.00100953174958,0.0010095317495799616,O12^(2)
5,z,4.425000000000001,0.1,vis,1.1465970178577439e-13,1.1465970178577439e-13,1.0,0.0,O12^(2)
5,z,4.425000000000001,0.1,I,1.1465970178577439e-13,1.1465970178577439e-13,1.0,0.0,O12^(2)
5,z,4.425000000000001,0.1,II,1.1465970178577439e-13,9.993385939674598e-14,0.871569154989243,-0.12843084501075697,O12^(2)
5,z,4.425000000000001,0.1,III-a,1.1465970178577439e-13,1.1465970178577439e-13,1.0,0.0,O12^(2)
5,z,4.425000000000001,0.1,III-b,1.1465970178577439e-13,1.147754543951293e-13,1.001009531749622,0.001009531749621928,O12^(2)
5,z,4.45,0.1,vis,1.1084910445225013e-13,1.1084910445225013e-13,1.0,0.0,O12^(2)
5,z,4.45,0.1,I,1.1084910445225013e-13,1.1084910445225013e-13,1.0,0.0,O12^(2)
5,z,4.45,0.1,II,1.1084910445225013e-13,9.661266029876199e-14,0.871569154989243,-0.12843084501075697,O12^(2)
5,z,4.45,0.1,III-a,1.1084910445225013e-13,1.1084910445225013e-13,1.0,0.0,O12^(2)
5,z,4.45,0.1,III-b,1.1084910445225013e-13,1.1096101014261616e-13,1.001009531749661,0.001009531749661008,O12^(2)
5,z,4.475,0.1,vis,1.0719889828431608e-13,1.0719889828431608e-13,1.0,0.0,O12^(2)
5,z,4.475,0.1,I,1.0719889828431608e-13,1.0719889828431608e-13,1.0,0.0,O12^(2)
5,z,4.475,0.1,II,1.0719889828431608e-13,9.343125319343918e-14,0.871569154989243,-0.12843084501075697,O12^(2)
5,z,4.475,0.1,III-a,1.0719889828431608e-13,1.0719889828431608e-13,1.0,0.0,O12^(2)
5,z,4.475,0.1,III-b,1.0719889828431608e-13,1.0730711897566666e-13,1.0010095317496972,0.0010095317496972012,O12^(2)
5,z,4.5,0.1,vis,1.0370991772487116e-13,1.0370991772487116e-13,1.0,0.0,O12^(2)
5,z,4.5,0.1,I,1.0370991772487116e-13,1.0370991772487116e-13,1.0,0.0,O12^(2)
5,z,4.5,0.1,II,1.0370991772487116e-13,9.039036535546987e-14,0.871569154989243,-0.12843084501075697,O12^(2)
5,z,4.5,0.1,III-a,1.0370991772487116e-13,1.0370991772487116e-13,1.0,0.0,O12^(2)
5,z,4.5,0.1,III-b,1.0370991772487116e-13,1.038146161795764e-13,1.001009531749731,0.001009531749730952,O12^(2)
5,z,4.525,0.1,vis,1.003829972168145e-13,1.003829972168145e-13,1.0,0.0,O12^(2)
5,z,4.525,0.1,I,1.003829972168145e-13,1.003829972168145e-13,1.0,0.0,O12^(2)
5,z,4.525,0.1,II,1.003829972168145e-13,8.749072405954655e-14,0.871569154989243,-0.12843084501075697,O12^(2)
5,z,4.525,0.1,III-a,1.003829972168145e-13,1.003829972168145e-13,1.0,0.0,O12^(2)
5,z,4.525,0.1,III-b,1.003829972168145e-13,1.004843370396412e-13,1.0010095317497625,0.0010095317497624823,O12^(2)
5,z,4.550000000000001,0.1,vis,9.721897120304508e-14,9.721897120304508e-14,1.0,0.0,O12^(2)
5,z,4.550000000000001,0.1,I,9.721897120304508e-14,9.721897120304508e-14,1.0,0.0,O12^(2)
5,z,4.550000000000001,0.1,II,9.721897120304508e-14,8.473305658036155e-14,0.871569154989243,-0.12843084501075697,O12^(2)
5,z,4.550000000000001,0.1,III-a,9.721897120304508e-14,9.721897120304508e-14,1.0,0.0,O12^(2)
5,z,4.550000000000001,0.1,III-b,9.721897120304508e-14,9.731711684115663e-14,1.0010095317497916,0.0010095317497915701,O12^(2)
5,z,4.575,0.1,vis,9.421867412646206e-14,9.421867412646206e-14,1.0,0.0,O12^(2)
5,z,4.575,0.1,I,9.421867412646206e-14,9.421867412646206e-14,1.0,0.0,O12^(2)
5,z,4.575,0.1,II,9.421867412646206e-14,8.211809019260739e-14,0.871569154989243,-0.12843084501075697,O12^(2)
5,z,4.575,0.1,III-a,9.421867412646206e-14,9.421867412646206e-14,1.0,0.0,O12^(2)
5,z,4.575,0.1,III-b,9.421867412646206e-14,9.431379086941855e-14,1.0010095317498187,0.0010095317498186596,O12^(2)
5,z,4.6,0.1,vis,9.138294042996429e-14,9.138294042996429e-14,1.0,0.0,O12^(2)
5,z,4.6,0.1,I,9.138294042996429e-14,9.138294042996429e-14,1.0,0.0,O12^(2)
5,z,4.6,0.1,II,9.138294042996429e-14,7.964655217097631e-14,0.871569154989243,-0.12843084501075697,O12^(2)
5,z,4.6,0.1,III-a,9.138294042996429e-14,9.138294042996429e-14,1.0,0.0,O12^(2)
5,z,4.6,0.1,III-b,9.138294042996429e-14,9.147519440972243e-14,1.0010095317498438,0.0010095317498437506,O12^(2)
5,z,4.625,0.1,vis,8.871260455645076e-14,8.871260455645076e-14,1.0,0.0,O12^(2)
5,z,4.625,0.1,I,8.871260455645076e-14,8.871260455645076e-14,1.0,0.0,O12^(2)
5,z,4.625,0.1,II,8.871260455645076e-14,7.731916979016067e-14,0.871569154989243,-0.12843084501075697,O12^(2)
5,z,4.625,0.1,III-a,8.871260455645076e-14,8.871260455645076e-14,1.0,0.0,O12^(2)
5,z,4.625,0.1,III-b,8.871260455645076e-14,8.880216274736388e-14,1.0010095317498668,0.0010095317498668432,O12^(2)
5,z,4.65,0.1,vis,8.620850094882054e-14,8.620850094882054e-14,1.0,0.0,O12^(2)
5,z,4.65,0.1,I,8.620850094882054e-14,8.620850094882054e-14,1.0,0.0,O12^(2)
5,z,4.65,0.1,II,8.620850094882054e-14,7.513667032485287e-14,0.871569154989243,-0.12843084501075697,O12^(2)
5,z,4.65,0.1,III-a,8.620850094882054e-14,8.620850094882054e-14,1.0,0.0,O12^(2)
5,z,4.65,0.1,III-b,8.620850094882054e-14,8.629553116763866e-14,1.0010095317498884,0.0010095317498883816,O12^(2)
5,z,4.675000000000001,0.1,vis,8.38714640499726e-14,8.38714640499726e-14,1.0,0.0,O12^(2)
5,z,4.675000000000001,0.1,I,8.38714640499726e-14,8.38714640499726e-14,1.0,0.0,O12^(2)
5,z,4.675000000000001,0.1,II,8.38714640499726e-14,7.30997810497453e-14,0.871569154989243,-0.12843084501075697,O12^(2)
5,z,4.675000000000001,0.1,III-a,8.38714640499726e-14,8.38714640499726e-14,1.0,0.0,O12^(2)
5,z,4.675000000000001,0.1,III-b,8.38714640499726e-14,8.395613495584233e-14,1.0010095317499081,0.0010095317499081435,O12^(2)
5,z,4.7,0.1,vis,8.170232830280611e-14,8.170232830280611e-14,1.0,0.0,O12^(2)
5,z,4.7,0.1,I,8.170232830280611e-14,8.170232830280611e-14,1.0,0.0,O12^(2)
5,z,4.7,0.1,II,8.170232830280611e-14,7.120922923953043e-14,0.871569154989243,-0.12843084501075697,O12^(2)
5,z,4.7,0.1,III-a,8.170232830280611e-14,8.170232830280611e-14,1.0,0.0,O12^(2)
5,z,4.7,0.1,III-b,8.170232830280611e-14,8.17848093972707e-14,1.0010095317499264,0.0010095317499263512,O12^(2)
5,z,4.725,0.1,vis,7.970192815021991e-14,7.970192815021991e-14,1.0,0.0,O12^(2)
5,z,4.725,0.1,I,7.970192815021991e-14,7.970192815021991e-14,1.0,0.0,O12^(2)
5,z,4.725,0.1,II,7.970192815021991e-14,6.946574216890054e-14,0.871569154989243,-0.12843084501075697,O12^(2)
5,z,4.725,0.1,III-a,7.970192815021991e-14,7.970192815021991e-14,1.0,0.0,O12^(2)
5,z,4.725,0.1,III-b,7.970192815021991e-14,7.978238977721926e-14,1.0010095317499432,0.0010095317499432266,O12^(2)
5,z,4.75,0.1,vis,7.787109803511302e-14,7.787109803511302e-14,1.0,0.0,O12^(2)
5,z,4.75,0.1,I,7.787109803511302e-14,7.787109803511302e-14,1.0,0.0,O12^(2)
5,z,4.75,0.1,II,7.787109803511302e-14,6.787004711254796e-14,0.871569154989243,-0.12843084501075697,O12^(2)
5,z,4.75,0.1,III-a,7.787109803511302e-14,7.787109803511302e-14,1.0,0.0,O12^(2)
5,z,4.75,0.1,III-b,7.787109803511302e-14,7.79497113809836e-14,1.0010095317499585,0.0010095317499585477,O12^(2)
5,z,4.775,0.1,vis,7.62106724003845e-14,7.62106724003845e-14,1.0,0.0,O12^(2)
5,z,4.775,0.1,I,7.62106724003845e-14,7.62106724003845e-14,1.0,0.0,O12^(2)
5,z,4.775,0.1,II,7.62106724003845e-14,6.642287134516515e-14,0.871569154989243,-0.12843084501075697,O12^(2)
5,z,4.775,0.1,III-a,7.62106724003845e-14,7.62106724003845e-14,1.0,0.0,O12^(2)
5,z,4.775,0.1,III-b,7.62106724003845e-14,7.628760949385946e-14,1.0010095317499728,0.0010095317499727585,O12^(2)
5,z,4.800000000000001,0.1,vis,7.472148568893334e-14,7.472148568893334e-14,1.0,0.0,O12^(2)
5,z,4.800000000000001,0.1,I,7.472148568893334e-14,7.472148568893334e-14,1.0,0.0,O12^(2)
5,z,4.800000000000001,0.1,II,7.472148568893334e-14,6.512494214144445e-14,0.871569154989243,-0.12843084501075697,O12^(2)
5,z,4.800000000000001,0.1,III-a,7.472148568893334e-14,7.472148568893334e-14,1.0,0.0,O12^(2)
5,z,4.800000000000001,0.1,III-b,7.472148568893334e-14,7.479691940114242e-14,1.0010095317499856,0.001009531749985637,O12^(2)
5,z,4.825,0.1,vis,7.340437234365865e-14,7.340437234365865e-14,1.0,0.0,O12^(2)
5,z,4.825,0.1,I,7.340437234365865e-14,7.340437234365865e-14,1.0,0.0,O12^(2)
5,z,4.825,0.1,II,7.340437234365865e-14,6.397698677607833e-14,0.871569154989243,-0.12843084501075697,O12^(2)
5,z,4.825,0.1,III-a,7.340437234365865e-14,7.340437234365865e-14,1.0,0.0,O12^(2)
5,z,4.825,0.1,III-b,7.340437234365865e-14,7.34784763881282e-14,1.0010095317499974,0.0010095317499974055,O12^(2)
5,z,4.85,0.1,vis,7.226016680745931e-14,7.226016680745931e-14,1.0,0.0,O12^(2)
5,z,4.85,0.1,I,7.226016680745931e-14,7.226016680745931e-14,1.0,0.0,O12^(2)
5,z,4.85,0.1,II,7.226016680745931e-14,6.297973252375906e-14,0.871569154989243,-0.12843084501075697,O12^(2)
5,z,4.85,0.1,III-a,7.226016680745931e-14,7.226016680745931e-14,1.0,0.0,O12^(2)
5,z,4.85,0.1,III-b,7.226016680745931e-14,7.233311574011232e-14,1.001009531750008,0.0010095317500080636,O12^(2)
5,z,4.875,0.1,vis,7.128970352323436e-14,7.128970352323436e-14,1.0,0.0,O12^(2)
5,z,4.875,0.1,I,7.128970352323436e-14,7.128970352323436e-14,1.0,0.0,O12^(2)
5,z,4.875,0.1,II,7.128970352323436e-14,6.213390665917904e-14,0.871569154989243,-0.12843084501075697,O12^(2)
5,z,4.875,0.1,III-a,7.128970352323436e-14,7.128970352323436e-14,1.0,0.0,O12^(2)
5,z,4.875,0.1,III-b,7.128970352323436e-14,7.136167274239042e-14,1.0010095317500178,0.0010095317500178336,O12^(2)
5,z,4.9,0.1,vis,7.049381693388284e-14,7.049381693388284e-14,1.0,0.0,O12^(2)
5,z,4.9,0.1,I,7.049381693388284e-14,7.049381693388284e-14,1.0,0.0,O12^(2)
5,z,4.9,0.1,II,7.049381693388284e-14,6.144023645703066e-14,0.871569154989243,-0.12843084501075697,O12^(2)
5,z,4.9,0.1,III-a,7.049381693388284e-14,7.049381693388284e-14,1.0,0.0,O12^(2)
5,z,4.9,0.1,III-b,7.049381693388284e-14,7.056498268025815e-14,1.0010095317500265,0.0010095317500264933,O12^(2)
5,z,4.925000000000001,0.1,vis,6.987334148230373e-14,6.987334148230373e-14,1.0,0.0,O12^(2)
5,z,4.925000000000001,0.1,I,6.987334148230373e-14,6.987334148230373e-14,1.0,0.0,O12^(2)
5,z,4.925000000000001,0.1,II,6.987334148230373e-14,6.089944919200629e-14,0.871569154989243,-0.12843084501075697,O12^(2)
5,z,4.925000000000001,0.1,III-a,6.987334148230373e-14,6.987334148230373e-14,1.0,0.0,O12^(2)
5,z,4.925000000000001,0.1,III-b,6.987334148230373e-14,6.994388083901113e-14,1.0010095317500345,0.001009531750034487,O12^(2)
5,z,4.95,0.1,vis,6.942911161139611e-14,6.942911161139611e-14,1.0,0.0,O12^(2)
5,z,4.95,0.1,I,6.942911161139611e-14,6.942911161139611e-14,1.0,0.0,O12^(2)
5,z,4.95,0.1,II,6.942911161139611e-14,6.051227213879835e-14,0.871569154989243,-0.12843084501075697,O12^(2)
5,z,4.95,0.1,III-a,6.942911161139611e-14,6.942911161139611e-14,1.0,0.0,O12^(2)
5,z,4.95,0.1,III-b,6.942911161139611e-14,6.9499202503945e-14,1.0010095317500416,0.0010095317500415923,O12^(2)
5,z,4.975,0.1,vis,6.916196176405892e-14,6.916196176405892e-14,1.0,0.0,O12^(2)
5,z,4.975,0.1,I,6.916196176405892e-14,6.916196176405892e-14,1.0,0.0,O12^(2)
5,z,4.975,0.1,II,6.916196176405892e-14,6.027943257209917e-14,0.871569154989243,-0.12843084501075697,O12^(2)
5,z,4.975,0.1,III-a,6.916196176405892e-14,6.916196176405892e-14,1.0,0.0,O12^(2)
5,z,4.975,0.1,III-b,6.916196176405892e-14,6.923178296035532e-14,1.0010095317500478,0.0010095317500478096,O12^(2)
5,z,5.0,0.1,vis,6.907272638319117e-14,6.907272638319117e-14,1.0,0.0,O12^(2)
5,z,5.0,0.1,I,6.907272638319117e-14,6.907272638319117e-14,1.0,0.0,O12^(2)
5,z,5.0,0.1,II,6.907272638319117e-14,6.020165776660112e-14,0.871569154989243,-0.12843084501075697,O12^(2)
5,z,5.0,0.1,III-a,6.907272638319117e-14,6.907272638319117e-14,1.0,0.0,O12^(2)
5,z,5.0,0.1,III-b,6.907272638319117e-14,6.914245749353775e-14,1.0010095317500534,0.0010095317500533607,O12^(2)
