D,d,theta,z,Delta,U,nh,A,m2,status,message,W,u_star_proxy,Phi_at_ustar,relative_portal_shift
3,1,2.0,1.0,1.1,80.0,4.0,5.0,-3.19,0,The algorithm converged to the desired accuracy.,0.05,20.0,0.014806012519885224,0.000219218006738998
3,1,2.0,1.0,1.1,80.0,4.0,5.0,-3.19,0,The algorithm converged to the desired accuracy.,0.052083333333333336,19.2,0.01548456968239241,0.0002397718982488662
3,1,2.0,1.0,1.1,80.0,4.0,5.0,-3.19,0,The algorithm converged to the desired accuracy.,0.05416666666666667,18.46153846153846,0.016165676343294855,0.0002613290916361629
3,1,2.0,1.0,1.1,80.0,4.0,5.0,-3.19,0,The algorithm converged to the desired accuracy.,0.05625,17.77777777777778,0.016849231391225974,0.0002838965984750748
3,1,2.0,1.0,1.1,80.0,4.0,5.0,-3.19,0,The algorithm converged to the desired accuracy.,0.058333333333333334,17.142857142857142,0.017535140421776212,0.00030748114961141003
3,1,2.0,1.0,1.1,80.0,4.0,5.0,-3.19,0,The algorithm converged to the desired accuracy.,0.06041666666666667,16.551724137931036,0.01822331503360573,0.0003320892108140406
3,1,2.0,1.0,1.1,80.0,4.0,5.0,-3.19,0,The algorithm converged to the desired accuracy.,0.0625,16.0,0.018913672219445,0.00035772699682460555
3,1,2.0,1.0,1.1,80.0,4.0,5.0,-3.19,0,The algorithm converged to the desired accuracy.,0.06458333333333334,15.483870967741934,0.01960613388591327,0.0003844004859523566
3,1,2.0,1.0,1.1,80.0,4.0,5.0,-3.19,0,The algorithm converged to the desired accuracy.,0.06666666666666667,15.0,0.020300626448211963,0.00041211543418984305
3,1,2.0,1.0,1.1,80.0,4.0,5.0,-3.19,0,The algorithm converged to the desired accuracy.,0.06875,14.545454545454545,0.020997080197551785,0.0004408773768224213
3,1,2.0,1.0,1.1,80.0,4.0,5.0,-3.19,0,The algorithm converged to the desired accuracy.,0.07083333333333333,14.117647058823529,0.021695429286897598,0.00047069165194277404
3,1,2.0,1.0,1.1,80.0,4.0,5.0,-3.19,0,The algorithm converged to the desired accuracy.,0.07291666666666667,13.714285714285714,0.022395611056024976,0.0005015633945727481
3,1,2.0,1.0,1.1,80.0,4.0,5.0,-3.19,0,The algorithm converged to the desired accuracy.,0.07500000000000001,13.333333333333332,0.02309756613913065,0.0005334975615515148
3,1,2.0,1.0,1.1,80.0,4.0,5.0,-3.19,0,The algorithm converged to the desired accuracy.,0.07708333333333334,12.972972972972972,0.023801237851848976,0.0005664989232802885
3,1,2.0,1.0,1.1,80.0,4.0,5.0,-3.19,0,The algorithm converged to the desired accuracy.,0.07916666666666666,12.631578947368421,0.02450657215851779,0.0006005720789606393
3,1,2.0,1.0,1.1,80.0,4.0,5.0,-3.19,0,The algorithm converged to the desired accuracy.,0.08125,12.307692307692307,0.02521351751457691,0.0006357214654578766
3,1,2.0,1.0,1.1,80.0,4.0,5.0,-3.19,0,The algorithm converged to the desired accuracy.,0.08333333333333334,11.999999999999998,0.025922024587978744,0.0006719513587397746
3,1,2.0,1.0,1.1,80.0,4.0,5.0,-3.19,0,The algorithm converged to the desired accuracy.,0.08541666666666667,11.707317073170731,0.026632046119623304,0.0007092658805177426
3,1,2.0,1.0,1.1,80.0,4.0,5.0,-3.19,0,The algorithm converged to the desired accuracy.,0.0875,11.428571428571429,0.02734353678995825,0.0007476690041838003
3,1,2.0,1.0,1.1,80.0,4.0,5.0,-3.19,0,The algorithm converged to the desired accuracy.,0.08958333333333333,11.162790697674419,0.028056453088435972,0.0007871645599036084
3,1,2.0,1.0,1.1,80.0,4.0,5.0,-3.19,0,The algorithm converged to the desired accuracy.,0.09166666666666667,10.909090909090908,0.028770753190944215,0.0008277562391742268
3,1,2.0,1.0,1.1,80.0,4.0,5.0,-3.19,0,The algorithm converged to the desired accuracy.,0.09375,10.666666666666666,0.029486396840026262,0.0008694475986075108
3,1,2.0,1.0,1.1,80.0,4.0,5.0,-3.19,0,The algorithm converged to the desired accuracy.,0.09583333333333333,10.434782608695652,0.030203345222371752,0.0009122420626217666
3,1,2.0,1.0,1.1,80.0,4.0,5.0,-3.19,0,The algorithm converged to the desired accuracy.,0.09791666666666667,10.212765957446809,0.030921560939612198,0.0009561429309421508
3,1,2.0,1.0,1.1,80.0,4.0,5.0,-3.19,0,The algorithm converged to the desired accuracy.,0.1,10.0,0.03164100795251337,0.0010011533842510145
3,1,2.0,1.0,1.1,80.0,4.0,5.0,-3.19,0,The algorithm converged to the desired accuracy.,0.10208333333333333,9.795918367346939,0.032361651392114124,0.001047276480824722
3,1,2.0,1.0,1.1,80.0,4.0,5.0,-3.19,0,The algorithm converged to the desired accuracy.,0.10416666666666667,9.6,0.03308345741047651,0.0010945151542308131
3,1,2.0,1.0,1.1,80.0,4.0,5.0,-3.19,0,The algorithm converged to the desired accuracy.,0.10625000000000001,9.411764705882351,0.03380639347143545,0.0011428722395455135
3,1,2.0,1.0,1.1,80.0,4.0,5.0,-3.19,0,The algorithm converged to the desired accuracy.,0.10833333333333334,9.23076923076923,0.03453042796747986,0.0011923504556173154
3,1,2.0,1.0,1.1,80.0,4.0,5.0,-3.19,0,The algorithm converged to the desired accuracy.,0.11041666666666666,9.056603773584905,0.03525553011624783,0.0012429524037776579
3,1,2.0,1.0,1.1,80.0,4.0,5.0,-3.19,0,The algorithm converged to the desired accuracy.,0.1125,8.88888888888889,0.03598167037904324,0.0012946806032661177
3,1,2.0,1.0,1.1,80.0,4.0,5.0,-3.19,0,The algorithm converged to the desired accuracy.,0.11458333333333333,8.727272727272728,0.036708819665682076,0.0013475374412475671
3,1,2.0,1.0,1.1,80.0,4.0,5.0,-3.19,0,The algorithm converged to the desired accuracy.,0.11666666666666667,8.571428571428571,0.03743695016564551,0.0014015252377050252
3,1,2.0,1.0,1.1,80.0,4.0,5.0,-3.19,0,The algorithm converged to the desired accuracy.,0.11875000000000001,8.421052631578947,0.03816603438234688,0.0014566461804744841
3,1,2.0,1.0,1.1,80.0,4.0,5.0,-3.19,0,The algorithm converged to the desired accuracy.,0.12083333333333333,8.275862068965518,0.03889604602027826,0.0015129023960116044
3,1,2.0,1.0,1.1,80.0,4.0,5.0,-3.19,0,The algorithm converged to the desired accuracy.,0.12291666666666667,8.135593220338983,0.03962695909461059,0.0015702958870859411
3,1,2.0,1.0,1.1,80.0,4.0,5.0,-3.19,0,The algorithm converged to the desired accuracy.,0.125,8.0,0.040358748546436014,0.001628828584234451
3,1,2.0,1.0,1.1,80.0,4.0,5.0,-3.19,0,The algorithm converged to the desired accuracy.,0.12708333333333333,7.868852459016394,0.04109138994328431,0.001688502327471047
3,1,2.0,1.0,1.1,80.0,4.0,5.0,-3.19,0,The algorithm converged to the desired accuracy.,0.12916666666666665,7.741935483870969,0.04182485922705202,0.0017493188493627188
3,1,2.0,1.0,1.1,80.0,4.0,5.0,-3.19,0,The algorithm converged to the desired accuracy.,0.13125,7.619047619047619,0.04255913325209931,0.0018112798231699455
3,1,2.0,1.0,1.1,80.0,4.0,5.0,-3.19,0,The algorithm converged to the desired accuracy.,0.13333333333333333,7.5,0.04329418929364558,0.0018743868265940153
3,1,2.0,1.0,1.1,80.0,4.0,5.0,-3.19,0,The algorithm converged to the desired accuracy.,0.13541666666666669,7.384615384615383,0.04403000501512467,0.0019386413416319036
3,1,2.0,1.0,1.1,80.0,4.0,5.0,-3.19,0,The algorithm converged to the desired accuracy.,0.1375,7.2727272727272725,0.044766558783937524,0.002004044785355734
3,1,2.0,1.0,1.1,80.0,4.0,5.0,-3.19,0,The algorithm converged to the desired accuracy.,0.13958333333333334,7.164179104477612,0.045503829473890485,0.0020705984967889046
3,1,2.0,1.0,1.1,80.0,4.0,5.0,-3.19,0,The algorithm converged to the desired accuracy.,0.14166666666666666,7.0588235294117645,0.0462417963278198,0.002138303727623569
3,1,2.0,1.0,1.1,80.0,4.0,5.0,-3.19,0,The algorithm converged to the desired accuracy.,0.14375,6.9565217391304355,0.046980438998223316,0.0022071616484657824
3,1,2.0,1.0,1.1,80.0,4.0,5.0,-3.19,0,The algorithm converged to the desired accuracy.,0.14583333333333331,6.857142857142858,0.04771973764102657,0.0022771733605284083
3,1,2.0,1.0,1.1,80.0,4.0,5.0,-3.19,0,The algorithm converged to the desired accuracy.,0.14791666666666667,6.76056338028169,0.04845967288046333,0.002348339895681513
3,1,2.0,1.0,1.1,80.0,4.0,5.0,-3.19,0,The algorithm converged to the desired accuracy.,0.15000000000000002,6.666666666666666,0.04920022570322138,0.0024206622092479255
3,1,2.0,1.0,1.1,80.0,4.0,5.0,-3.19,0,The algorithm converged to the desired accuracy.,0.15208333333333335,6.575342465753424,0.049941377460216214,0.002494141182623792
3,1,2.0,1.0,1.1,80.0,4.0,5.0,-3.19,0,The algorithm converged to the desired accuracy.,0.15416666666666667,6.486486486486486,0.05068310986642188,0.002568777625731791
3,1,2.0,1.0,1.1,80.0,4.0,5.0,-3.19,0,The algorithm converged to the desired accuracy.,0.15625,6.4,0.05142540499529011,0.002644572278929609
3,1,2.0,1.0,1.1,80.0,4.0,5.0,-3.19,0,The algorithm converged to the desired accuracy.,0.15833333333333333,6.315789473684211,0.05216824526958984,0.0027215258145080828
3,1,2.0,1.0,1.1,80.0,4.0,5.0,-3.19,0,The algorithm converged to the desired accuracy.,0.16041666666666665,6.233766233766234,0.05291161345228584,0.0027996388381241154
3,1,2.0,1.0,1.1,80.0,4.0,5.0,-3.19,0,The algorithm converged to the desired accuracy.,0.1625,6.153846153846153,0.05365549263523452,0.0028789118899297055
3,1,2.0,1.0,1.1,80.0,4.0,5.0,-3.19,0,The algorithm converged to the desired accuracy.,0.16458333333333333,6.075949367088608,0.05439986621666404,0.0029593454443909454
3,1,2.0,1.0,1.1,80.0,4.0,5.0,-3.19,0,The algorithm converged to the desired accuracy.,0.16666666666666669,5.999999999999999,0.05514471789095973,0.0030409399112735344
3,1,2.0,1.0,1.1,80.0,4.0,5.0,-3.19,0,The algorithm converged to the desired accuracy.,0.16875,5.925925925925926,0.05589003164042969,0.0031236956367682316
3,1,2.0,1.0,1.1,80.0,4.0,5.0,-3.19,0,The algorithm converged to the desired accuracy.,0.17083333333333334,5.853658536585366,0.05663579172678467,0.003207612904519731
3,1,2.0,1.0,1.1,80.0,4.0,5.0,-3.19,0,The algorithm converged to the desired accuracy.,0.17291666666666666,5.783132530120482,0.05738198268258457,0.0032926919365844354
3,1,2.0,1.0,1.1,80.0,4.0,5.0,-3.19,0,The algorithm converged to the desired accuracy.,0.175,5.714285714285714,0.05812858930278697,0.0033789328943320796
3,1,2.0,1.0,1.1,80.0,4.0,5.0,-3.19,0,The algorithm converged to the desired accuracy.,0.17708333333333331,5.647058823529412,0.05887559663643713,0.003466335879296447
3,1,2.0,1.0,1.1,80.0,4.0,5.0,-3.19,0,The algorithm converged to the desired accuracy.,0.17916666666666664,5.58139534883721,0.05962298997845935,0.003554900933971464
3,1,2.0,1.0,1.1,80.0,4.0,5.0,-3.19,0,The algorithm converged to the desired accuracy.,0.18125000000000002,5.517241379310344,0.06037075486144569,0.0036446280425407687
3,1,2.0,1.0,1.1,80.0,4.0,5.0,-3.19,0,The algorithm converged to the desired accuracy.,0.18333333333333335,5.454545454545454,0.06111887704728336,0.0037355171315209407
3,1,2.0,1.0,1.1,80.0,4.0,5.0,-3.19,0,The algorithm converged to the desired accuracy.,0.18541666666666667,5.393258426966292,0.06186734251963565,0.0038275680704419174
3,1,2.0,1.0,1.1,80.0,4.0,5.0,-3.19,0,The algorithm converged to the desired accuracy.,0.1875,5.333333333333333,0.06261613748625332,0.003920780673697378
3,1,2.0,1.0,1.1,80.0,4.0,5.0,-3.19,0,The algorithm converged to the desired accuracy.,0.18958333333333333,5.274725274725275,0.06336524837420021,0.004015154701524083
3,1,2.0,1.0,1.1,80.0,4.0,5.0,-3.19,0,The algorithm converged to the desired accuracy.,0.19166666666666665,5.217391304347826,0.064114661820882,0.004110689860406065
3,1,2.0,1.0,1.1,80.0,4.0,5.0,-3.19,0,The algorithm converged to the desired accuracy.,0.19374999999999998,5.161290322580646,0.0648643646668164,0.00420738580362974
3,1,2.0,1.0,1.1,80.0,4.0,5.0,-3.19,0,The algorithm converged to the desired accuracy.,0.19583333333333336,5.106382978723404,0.0656143439471186,0.004305242131610779
3,1,2.0,1.0,1.1,80.0,4.0,5.0,-3.19,0,The algorithm converged to the desired accuracy.,0.19791666666666669,5.052631578947368,0.0663645868813242,0.004404258391928827
3,1,2.0,1.0,1.1,80.0,4.0,5.0,-3.19,0,The algorithm converged to the desired accuracy.,0.2,5.0,0.06711508086117936,0.004504434079002644
3,1,2.0,1.0,1.1,80.0,4.0,5.0,-3.19,0,The algorithm converged to the desired accuracy.,0.20208333333333334,4.948453608247423,0.06786581343602013,0.004605768633332691
3,1,2.0,1.0,1.1,80.0,4.0,5.0,-3.19,0,The algorithm converged to the desired accuracy.,0.20416666666666666,4.8979591836734695,0.06861677232519757,0.004708261444327999
3,1,2.0,1.0,1.1,80.0,4.0,5.0,-3.19,0,The algorithm converged to the desired accuracy.,0.20625,4.848484848484849,0.069367945492597,0.0048119118618639095
3,1,2.0,1.0,1.1,80.0,4.0,5.0,-3.19,0,The algorithm converged to the desired accuracy.,0.20833333333333331,4.800000000000001,0.07011932107962694,0.004916719188667815
3,1,2.0,1.0,1.1,80.0,4.0,5.0,-3.19,0,The algorithm converged to the desired accuracy.,0.21041666666666664,4.752475247524753,0.07087088736765619,0.00502268267627901
3,1,2.0,1.0,1.1,80.0,4.0,5.0,-3.19,0,The algorithm converged to the desired accuracy.,0.21250000000000002,4.705882352941176,0.07162263275492643,0.005129801522747061
3,1,2.0,1.0,1.1,80.0,4.0,5.0,-3.19,0,The algorithm converged to the desired accuracy.,0.21458333333333335,4.660194174757281,0.07237454573398214,0.005238074870200272
3,1,2.0,1.0,1.1,80.0,4.0,5.0,-3.19,0,The algorithm converged to the desired accuracy.,0.21666666666666667,4.615384615384615,0.07312661501429889,0.005347501823449483
3,1,2.0,1.0,1.1,80.0,4.0,5.0,-3.19,0,The algorithm converged to the desired accuracy.,0.21875,4.571428571428571,0.07387882956636616,0.005458081458096178
3,1,2.0,1.0,1.1,80.0,4.0,5.0,-3.19,0,The algorithm converged to the desired accuracy.,0.22083333333333333,4.528301886792453,0.07463117845330675,0.005569812797329317
3,1,2.0,1.0,1.1,80.0,4.0,5.0,-3.19,0,The algorithm converged to the desired accuracy.,0.22291666666666665,4.4859813084112155,0.07538365078428051,0.005682694805566356
3,1,2.0,1.0,1.1,80.0,4.0,5.0,-3.19,0,The algorithm converged to the desired accuracy.,0.22499999999999998,4.444444444444445,0.07613623573167629,0.00579672639138938
3,1,2.0,1.0,1.1,80.0,4.0,5.0,-3.19,0,The algorithm converged to the desired accuracy.,0.22708333333333336,4.403669724770642,0.0768889228200445,0.005911906452426761
3,1,2.0,1.0,1.1,80.0,4.0,5.0,-3.19,0,The algorithm converged to the desired accuracy.,0.22916666666666669,4.363636363636363,0.07764170172414767,0.006028233846621514
3,1,2.0,1.0,1.1,80.0,4.0,5.0,-3.19,0,The algorithm converged to the desired accuracy.,0.23125,4.324324324324324,0.07839456209776034,0.006145707366499603
3,1,2.0,1.0,1.1,80.0,4.0,5.0,-3.19,0,The algorithm converged to the desired accuracy.,0.23333333333333334,4.285714285714286,0.07914749359759146,0.006264325742780782
3,1,2.0,1.0,1.1,80.0,4.0,5.0,-3.19,0,The algorithm converged to the desired accuracy.,0.23541666666666666,4.247787610619469,0.07990048629295635,0.006384087709850905
3,1,2.0,1.0,1.1,80.0,4.0,5.0,-3.19,0,The algorithm converged to the desired accuracy.,0.2375,4.2105263157894735,0.08065353037730766,0.0065049919623232895
3,1,2.0,1.0,1.1,80.0,4.0,5.0,-3.19,0,The algorithm converged to the desired accuracy.,0.23958333333333331,4.173913043478261,0.08140661592272465,0.006627037115990006
3,1,2.0,1.0,1.1,80.0,4.0,5.0,-3.19,0,The algorithm converged to the desired accuracy.,0.24166666666666664,4.137931034482759,0.08215973311183868,0.006750221745008561
3,1,2.0,1.0,1.1,80.0,4.0,5.0,-3.19,0,The algorithm converged to the desired accuracy.,0.24375000000000002,4.102564102564102,0.08291287259341709,0.006874544441692215
3,1,2.0,1.0,1.1,80.0,4.0,5.0,-3.19,0,The algorithm converged to the desired accuracy.,0.24583333333333335,4.067796610169491,0.08366602491355327,0.007000003724835316
3,1,2.0,1.0,1.1,80.0,4.0,5.0,-3.19,0,The algorithm converged to the desired accuracy.,0.24791666666666667,4.033613445378151,0.08441918047721231,0.007126598032444143
3,1,2.0,1.0,1.1,80.0,4.0,5.0,-3.19,0,The algorithm converged to the desired accuracy.,0.25,4.0,0.08517233021806715,0.007254325834775475
3,1,2.0,1.0,1.1,80.0,4.0,5.0,-3.19,0,The algorithm converged to the desired accuracy.,0.2520833333333333,3.9669421487603307,0.08592546512074441,0.007383185556216264
3,1,2.0,1.0,1.1,80.0,4.0,5.0,-3.19,0,The algorithm converged to the desired accuracy.,0.25416666666666665,3.934426229508197,0.08667857588988251,0.007513175518298121
3,1,2.0,1.0,1.1,80.0,4.0,5.0,-3.19,0,The algorithm converged to the desired accuracy.,0.25625,3.9024390243902443,0.08743165370924673,0.007644294070333638
3,1,2.0,1.0,1.1,80.0,4.0,5.0,-3.19,0,The algorithm converged to the desired accuracy.,0.25833333333333336,3.8709677419354835,0.08818468993639979,0.00777653953917897
3,1,2.0,1.0,1.1,80.0,4.0,5.0,-3.19,0,The algorithm converged to the desired accuracy.,0.2604166666666667,3.84,0.0889376755570348,0.007909910133488386
3,1,2.0,1.0,1.1,80.0,4.0,5.0,-3.19,0,The algorithm converged to the desired accuracy.,0.2625,3.8095238095238093,0.089690602067212,0.008044404099178972
3,1,2.0,1.0,1.1,80.0,4.0,5.0,-3.19,0,The algorithm converged to the desired accuracy.,0.26458333333333334,3.779527559055118,0.09044346111518557,0.008180019658494084
3,1,2.0,1.0,1.1,80.0,4.0,5.0,-3.19,0,The algorithm converged to the desired accuracy.,0.26666666666666666,3.75,0.09119624393189112,0.008316754907284988
3,1,2.0,1.0,1.1,80.0,4.0,5.0,-3.19,0,The algorithm converged to the desired accuracy.,0.26875,3.7209302325581395,0.09194894240552877,0.008454608009495247
3,1,2.0,1.0,1.1,80.0,4.0,5.0,-3.19,0,The algorithm converged to the desired accuracy.,0.2708333333333333,3.6923076923076925,0.092701548360207,0.008593577068379796
3,1,2.0,1.0,1.1,80.0,4.0,5.0,-3.19,0,The algorithm converged to the desired accuracy.,0.27291666666666664,3.6641221374045805,0.09345405330929252,0.008733660079936088
3,1,2.0,1.0,1.1,80.0,4.0,5.0,-3.19,0,The algorithm converged to the desired accuracy.,0.275,3.6363636363636362,0.09420644955077502,0.00887485513696272
3,1,2.0,1.0,1.1,80.0,4.0,5.0,-3.19,0,The algorithm converged to the desired accuracy.,0.27708333333333335,3.6090225563909772,0.09495872893761816,0.00901716020144804
3,1,2.0,1.0,1.1,80.0,4.0,5.0,-3.19,0,The algorithm converged to the desired accuracy.,0.2791666666666667,3.582089552238806,0.09571088346557498,0.009160573213760874
3,1,2.0,1.0,1.1,80.0,4.0,5.0,-3.19,0,The algorithm converged to the desired accuracy.,0.28125,3.5555555555555554,0.09646290565720297,0.009305092167830441
3,1,2.0,1.0,1.1,80.0,4.0,5.0,-3.19,0,The algorithm converged to the desired accuracy.,0.2833333333333333,3.5294117647058822,0.09721478738873594,0.009450714887037134
3,1,2.0,1.0,1.1,80.0,4.0,5.0,-3.19,0,The algorithm converged to the desired accuracy.,0.28541666666666665,3.5036496350364965,0.09796652131227253,0.009597439298027947
3,1,2.0,1.0,1.1,80.0,4.0,5.0,-3.19,0,The algorithm converged to the desired accuracy.,0.2875,3.4782608695652177,0.09871809982096509,0.009745263232262028
3,1,2.0,1.0,1.1,80.0,4.0,5.0,-3.19,0,The algorithm converged to the desired accuracy.,0.28958333333333336,3.4532374100719423,0.09946951522956521,0.009894184460004705
3,1,2.0,1.0,1.1,80.0,4.0,5.0,-3.19,0,The algorithm converged to the desired accuracy.,0.2916666666666667,3.4285714285714284,0.10022076052174897,0.010044200839557756
3,1,2.0,1.0,1.1,80.0,4.0,5.0,-3.19,0,The algorithm converged to the desired accuracy.,0.29375,3.404255319148936,0.10097182793463202,0.010195310036460936
3,1,2.0,1.0,1.1,80.0,4.0,5.0,-3.19,0,The algorithm converged to the desired accuracy.,0.29583333333333334,3.380281690140845,0.10172271059816845,0.010347509851438733
3,1,2.0,1.0,1.1,80.0,4.0,5.0,-3.19,0,The algorithm converged to the desired accuracy.,0.29791666666666666,3.3566433566433567,0.10247340115153726,0.010500797943563877
3,1,2.0,1.0,1.1,80.0,4.0,5.0,-3.19,0,The algorithm converged to the desired accuracy.,0.3,3.3333333333333335,0.10322389248803386,0.010655171980381174
3,1,2.0,1.0,1.25,80.0,4.0,5.0,-3.4375,0,The algorithm converged to the desired accuracy.,0.05,20.0,0.009425821677106169,8.884611428860455e-05
3,1,2.0,1.0,1.25,80.0,4.0,5.0,-3.4375,0,The algorithm converged to the desired accuracy.,0.052083333333333336,19.2,0.009916882218421498,9.834455293404449e-05
3,1,2.0,1.0,1.25,80.0,4.0,5.0,-3.4375,0,The algorithm converged to the desired accuracy.,0.05416666666666667,18.46153846153846,0.010412611509503834,0.0001084224784478517
3,1,2.0,1.0,1.25,80.0,4.0,5.0,-3.4375,0,The algorithm converged to the desired accuracy.,0.05625,17.77777777777778,0.01091285592643656,0.00011909042447116156
3,1,2.0,1.0,1.25,80.0,4.0,5.0,-3.4375,0,The algorithm converged to the desired accuracy.,0.058333333333333334,17.142857142857142,0.011417471344660203,0.00013035865190613686
3,1,2.0,1.0,1.25,80.0,4.0,5.0,-3.4375,0,The algorithm converged to the desired accuracy.,0.06041666666666667,16.551724137931036,0.01192632219790511,0.00014223716116824417
3,1,2.0,1.0,1.25,80.0,4.0,5.0,-3.4375,0,The algorithm converged to the desired accuracy.,0.0625,16.0,0.012439280659138843,0.00015473570331682568
3,1,2.0,1.0,1.25,80.0,4.0,5.0,-3.4375,0,The algorithm converged to the desired accuracy.,0.06458333333333334,15.483870967741934,0.012956225966710925,0.00016786379130047445
3,1,2.0,1.0,1.25,80.0,4.0,5.0,-3.4375,0,The algorithm converged to the desired accuracy.,0.06666666666666667,15.0,0.013477043845345728,0.00018163071080937117
3,1,2.0,1.0,1.25,80.0,4.0,5.0,-3.4375,0,The algorithm converged to the desired accuracy.,0.06875,14.545454545454545,0.014001625755976847,0.0001960455238104342
3,1,2.0,1.0,1.25,80.0,4.0,5.0,-3.4375,0,The algorithm converged to the desired accuracy.,0.07083333333333333,14.117647058823529,0.01452986870064021,0.00021111708445784404
3,1,2.0,1.0,1.25,80.0,4.0,5.0,-3.4375,0,The algorithm converged to the desired accuracy.,0.07291666666666667,13.714285714285714,0.015061674475257903,0.00022685403799863543
3,1,2.0,1.0,1.25,80.0,4.0,5.0,-3.4375,0,The algorithm converged to the desired accuracy.,0.07500000000000001,13.333333333333332,0.015596949617556328,0.0002432648373725905
3,1,2.0,1.0,1.25,80.0,4.0,5.0,-3.4375,0,The algorithm converged to the desired accuracy.,0.07708333333333334,12.972972972972972,0.01613560474209168,0.00026035774039301156
3,1,2.0,1.0,1.25,80.0,4.0,5.0,-3.4375,0,The algorithm converged to the desired accuracy.,0.07916666666666666,12.631578947368421,0.016677554392983147,0.00027814082053091146
3,1,2.0,1.0,1.25,80.0,4.0,5.0,-3.4375,0,The algorithm converged to the desired accuracy.,0.08125,12.307692307692307,0.017222716800054955,0.0002966219739748952
3,1,2.0,1.0,1.25,80.0,4.0,5.0,-3.4375,0,The algorithm converged to the desired accuracy.,0.08333333333333334,11.999999999999998,0.017771013537542443,0.00031580892215151676
3,1,2.0,1.0,1.25,80.0,4.0,5.0,-3.4375,0,The algorithm converged to the desired accuracy.,0.08541666666666667,11.707317073170731,0.018322369313241167,0.0003357092172508016
3,1,2.0,1.0,1.25,80.0,4.0,5.0,-3.4375,0,The algorithm converged to the desired accuracy.,0.0875,11.428571428571429,0.01887671177085177,0.00035633024727981373
3,1,2.0,1.0,1.25,80.0,4.0,5.0,-3.4375,0,The algorithm converged to the desired accuracy.,0.08958333333333333,11.162790697674419,0.019433971301582205,0.00037767924055072074
3,1,2.0,1.0,1.25,80.0,4.0,5.0,-3.4375,0,The algorithm converged to the desired accuracy.,0.09166666666666667,10.909090909090908,0.019994080868733864,0.0003997632697854695
3,1,2.0,1.0,1.25,80.0,4.0,5.0,-3.4375,0,The algorithm converged to the desired accuracy.,0.09375,10.666666666666666,0.020556975839943745,0.0004225892556840308
3,1,2.0,1.0,1.25,80.0,4.0,5.0,-3.4375,0,The algorithm converged to the desired accuracy.,0.09583333333333333,10.434782608695652,0.02112259382146284,0.0004461639697465002
3,1,2.0,1.0,1.25,80.0,4.0,5.0,-3.4375,0,The algorithm converged to the desired accuracy.,0.09791666666666667,10.212765957446809,0.021690874580759564,0.0004704940400782414
3,1,2.0,1.0,1.25,80.0,4.0,5.0,-3.4375,0,The algorithm converged to the desired accuracy.,0.1,10.0,0.022261759949535536,0.0004955859560507444
3,1,2.0,1.0,1.25,80.0,4.0,5.0,-3.4375,0,The algorithm converged to the desired accuracy.,0.10208333333333333,9.795918367346939,0.022835193609609908,0.0005214460671883692
3,1,2.0,1.0,1.25,80.0,4.0,5.0,-3.4375,0,The algorithm converged to the desired accuracy.,0.10416666666666667,9.6,0.023411120916416433,0.000548080582563071
3,1,2.0,1.0,1.25,80.0,4.0,5.0,-3.4375,0,The algorithm converged to the desired accuracy.,0.10625000000000001,9.411764705882351,0.023989489126201607,0.0005754955885361451
3,1,2.0,1.0,1.25,80.0,4.0,5.0,-3.4375,0,The algorithm converged to the desired accuracy.,0.10833333333333334,9.23076923076923,0.024570247013473514,0.0006036970383031041
3,1,2.0,1.0,1.25,80.0,4.0,5.0,-3.4375,0,The algorithm converged to the desired accuracy.,0.11041666666666666,9.056603773584905,0.02515334474314811,0.0006326907517676567
3,1,2.0,1.0,1.25,80.0,4.0,5.0,-3.4375,0,The algorithm converged to the desired accuracy.,0.1125,8.88888888888889,0.025738734224047564,0.0006624824394561574
3,1,2.0,1.0,1.25,80.0,4.0,5.0,-3.4375,0,The algorithm converged to the desired accuracy.,0.11458333333333333,8.727272727272728,0.02632636835226327,0.0006930776706190491
3,1,2.0,1.0,1.25,80.0,4.0,5.0,-3.4375,0,The algorithm converged to the desired accuracy.,0.11666666666666667,8.571428571428571,0.026916201748034867,0.0007244819165409152
3,1,2.0,1.0,1.25,80.0,4.0,5.0,-3.4375,0,The algorithm converged to the desired accuracy.,0.11875000000000001,8.421052631578947,0.027508189843293614,0.0007567005084546819
3,1,2.0,1.0,1.25,80.0,4.0,5.0,-3.4375,0,The algorithm converged to the desired accuracy.,0.12083333333333333,8.275862068965518,0.028102289676192767,0.0007897386850446506
3,1,2.0,1.0,1.25,80.0,4.0,5.0,-3.4375,0,The algorithm converged to the desired accuracy.,0.12291666666666667,8.135593220338983,0.0286984590480657,0.000823601551733504
3,1,2.0,1.0,1.25,80.0,4.0,5.0,-3.4375,0,The algorithm converged to the desired accuracy.,0.125,8.0,0.029296657071826795,0.000858294115584219
3,1,2.0,1.0,1.25,80.0,4.0,5.0,-3.4375,0,The algorithm converged to the desired accuracy.,0.12708333333333333,7.868852459016394,0.029896843876575447,0.0008938212737803268
3,1,2.0,1.0,1.25,80.0,4.0,5.0,-3.4375,0,The algorithm converged to the desired accuracy.,0.12916666666666665,7.741935483870969,0.030498980355036447,0.0009301878026968991
3,1,2.0,1.0,1.25,80.0,4.0,5.0,-3.4375,0,The algorithm converged to the desired accuracy.,0.13125,7.619047619047619,0.03110302864750742,0.0009673983910476673
3,1,2.0,1.0,1.25,80.0,4.0,5.0,-3.4375,0,The algorithm converged to the desired accuracy.,0.13333333333333333,7.5,0.03170895166904295,0.0010054576159497018
3,1,2.0,1.0,1.25,80.0,4.0,5.0,-3.4375,0,The algorithm converged to the desired accuracy.,0.13541666666666669,7.384615384615383,0.032316713063231264,0.0010443699432112223
3,1,2.0,1.0,1.25,80.0,4.0,5.0,-3.4375,0,The algorithm converged to the desired accuracy.,0.1375,7.2727272727272725,0.03292627748336693,0.001084139748911676
3,1,2.0,1.0,1.25,80.0,4.0,5.0,-3.4375,0,The algorithm converged to the desired accuracy.,0.13958333333333334,7.164179104477612,0.033537610395159866,0.0011247713110175352
3,1,2.0,1.0,1.25,80.0,4.0,5.0,-3.4375,0,The algorithm converged to the desired accuracy.,0.14166666666666666,7.0588235294117645,0.03415067793519081,0.0011662688034331284
3,1,2.0,1.0,1.25,80.0,4.0,5.0,-3.4375,0,The algorithm converged to the desired accuracy.,0.14375,6.9565217391304355,0.034765446936812466,0.0012086363007163233
3,1,2.0,1.0,1.25,80.0,4.0,5.0,-3.4375,0,The algorithm converged to the desired accuracy.,0.14583333333333331,6.857142857142858,0.0353818850071575,0.0012518777866597165
3,1,2.0,1.0,1.25,80.0,4.0,5.0,-3.4375,0,The algorithm converged to the desired accuracy.,0.14791666666666667,6.76056338028169,0.03599996048394346,0.0012959971548454905
3,1,2.0,1.0,1.25,80.0,4.0,5.0,-3.4375,0,The algorithm converged to the desired accuracy.,0.15000000000000002,6.666666666666666,0.03661964232563844,0.0013409982040576904
3,1,2.0,1.0,1.25,80.0,4.0,5.0,-3.4375,0,The algorithm converged to the desired accuracy.,0.15208333333333335,6.575342465753424,0.03724090010341417,0.0013868846405124737
3,1,2.0,1.0,1.25,80.0,4.0,5.0,-3.4375,0,The algorithm converged to the desired accuracy.,0.15416666666666667,6.486486486486486,0.0378637039918406,0.001433660079981726
3,1,2.0,1.0,1.25,80.0,4.0,5.0,-3.4375,0,The algorithm converged to the desired accuracy.,0.15625,6.4,0.038488024754965974,0.0014813280495388737
3,1,2.0,1.0,1.25,80.0,4.0,5.0,-3.4375,0,The algorithm converged to the desired accuracy.,0.15833333333333333,6.315789473684211,0.03911383372944803,0.0015298919890149065
3,1,2.0,1.0,1.25,80.0,4.0,5.0,-3.4375,0,The algorithm converged to the desired accuracy.,0.16041666666666665,6.233766233766234,0.039741102808114,0.0015793552524050864
3,1,2.0,1.0,1.25,80.0,4.0,5.0,-3.4375,0,The algorithm converged to the desired accuracy.,0.1625,6.153846153846153,0.040369804421836714,0.0016297211090573471
3,1,2.0,1.0,1.25,80.0,4.0,5.0,-3.4375,0,The algorithm converged to the desired accuracy.,0.16458333333333333,6.075949367088608,0.04099991151102887,0.0016809927439121978
3,1,2.0,1.0,1.25,80.0,4.0,5.0,-3.4375,0,The algorithm converged to the desired accuracy.,0.16666666666666669,5.999999999999999,0.041631397509118394,0.001733173258562229
3,1,2.0,1.0,1.25,80.0,4.0,5.0,-3.4375,0,The algorithm converged to the desired accuracy.,0.16875,5.925925925925926,0.042264236328220336,0.0017862656724076597
3,1,2.0,1.0,1.25,80.0,4.0,5.0,-3.4375,0,The algorithm converged to the desired accuracy.,0.17083333333333334,5.853658536585366,0.04289840234482302,0.0018402729237383172
3,1,2.0,1.0,1.25,80.0,4.0,5.0,-3.4375,0,The algorithm converged to the desired accuracy.,0.17291666666666666,5.783132530120482,0.04353387038570947,0.0018951978707597518
3,1,2.0,1.0,1.25,80.0,4.0,5.0,-3.4375,0,The algorithm converged to the desired accuracy.,0.175,5.714285714285714,0.04417061571422647,0.0019510432925738707
3,1,2.0,1.0,1.25,80.0,4.0,5.0,-3.4375,0,The algorithm converged to the desired accuracy.,0.17708333333333331,5.647058823529412,0.044808614016923425,0.0020078118901176263
3,1,2.0,1.0,1.25,80.0,4.0,5.0,-3.4375,0,The algorithm converged to the desired accuracy.,0.17916666666666664,5.58139534883721,0.04544784139050838,0.0020655062870568066
3,1,2.0,1.0,1.25,80.0,4.0,5.0,-3.4375,0,The algorithm converged to the desired accuracy.,0.18125000000000002,5.517241379310344,0.046088274329007924,0.002124129030625891
3,1,2.0,1.0,1.25,80.0,4.0,5.0,-3.4375,0,The algorithm converged to the desired accuracy.,0.18333333333333335,5.454545454545454,0.0467298897109649,0.0021836825923989434
3,1,2.0,1.0,1.25,80.0,4.0,5.0,-3.4375,0,The algorithm converged to the desired accuracy.,0.18541666666666667,5.393258426966292,0.04737266478764347,0.002244169369082436
3,1,2.0,1.0,1.25,80.0,4.0,5.0,-3.4375,0,The algorithm converged to the desired accuracy.,0.1875,5.333333333333333,0.048016577180893444,0.002305591684168697
3,1,2.0,1.0,1.25,80.0,4.0,5.0,-3.4375,0,The algorithm converged to the desired accuracy.,0.18958333333333333,5.274725274725275,0.04866160487436844,0.0023679517889491587
3,1,2.0,1.0,1.25,80.0,4.0,5.0,-3.4375,0,The algorithm converged to the desired accuracy.,0.19166666666666665,5.217391304347826,0.04930772620087882,0.0024312518631008314
3,1,2.0,1.0,1.25,80.0,4.0,5.0,-3.4375,0,The algorithm converged to the desired accuracy.,0.19374999999999998,5.161290322580646,0.04995491983155744,0.002495494015377331
3,1,2.0,1.0,1.25,80.0,4.0,5.0,-3.4375,0,The algorithm converged to the desired accuracy.,0.19583333333333336,5.106382978723404,0.05060316476391677,0.0025606802841241076
3,1,2.0,1.0,1.25,80.0,4.0,5.0,-3.4375,0,The algorithm converged to the desired accuracy.,0.19791666666666669,5.052631578947368,0.051252440308414964,0.002626812637567639
3,1,2.0,1.0,1.25,80.0,4.0,5.0,-3.4375,0,The algorithm converged to the desired accuracy.,0.2,5.0,0.05190272607315439,0.0026938929738249003
3,1,2.0,1.0,1.25,80.0,4.0,5.0,-3.4375,0,The algorithm converged to the desired accuracy.,0.20208333333333334,4.948453608247423,0.05255400194632586,0.0027619231205744223
3,1,2.0,1.0,1.25,80.0,4.0,5.0,-3.4375,0,The algorithm converged to the desired accuracy.,0.20416666666666666,4.8979591836734695,0.05320624810503203,0.0028309048374142243
3,1,2.0,1.0,1.25,80.0,4.0,5.0,-3.4375,0,The algorithm converged to the desired accuracy.,0.20625,4.848484848484849,0.053859445084621975,0.00290083982482341
3,1,2.0,1.0,1.25,80.0,4.0,5.0,-3.4375,0,The algorithm converged to the desired accuracy.,0.20833333333333331,4.800000000000001,0.05451357371082421,0.0029717297187254643
3,1,2.0,1.0,1.25,80.0,4.0,5.0,-3.4375,0,The algorithm converged to the desired accuracy.,0.21041666666666664,4.752475247524753,0.05516861506039289,0.003043576087681809
3,1,2.0,1.0,1.25,80.0,4.0,5.0,-3.4375,0,The algorithm converged to the desired accuracy.,0.21250000000000002,4.705882352941176,0.055824550435759894,0.0031163804313547
3,1,2.0,1.0,1.25,80.0,4.0,5.0,-3.4375,0,The algorithm converged to the desired accuracy.,0.21458333333333335,4.660194174757281,0.05648136134020066,0.0031901441788423136
3,1,2.0,1.0,1.25,80.0,4.0,5.0,-3.4375,0,The algorithm converged to the desired accuracy.,0.21666666666666667,4.615384615384615,0.05713902959475676,0.0032648687030304886
3,1,2.0,1.0,1.25,80.0,4.0,5.0,-3.4375,0,The algorithm converged to the desired accuracy.,0.21875,4.571428571428571,0.05779753737898003,0.003340555327074594
3,1,2.0,1.0,1.25,80.0,4.0,5.0,-3.4375,0,The algorithm converged to the desired accuracy.,0.22083333333333333,4.528301886792453,0.05845686706448611,0.0034172053069950006
3,1,2.0,1.0,1.25,80.0,4.0,5.0,-3.4375,0,The algorithm converged to the desired accuracy.,0.22291666666666665,4.4859813084112155,0.059117001166874,0.003494819826964182
3,1,2.0,1.0,1.25,80.0,4.0,5.0,-3.4375,0,The algorithm converged to the desired accuracy.,0.22499999999999998,4.444444444444445,0.059777922359976934,0.00357340000167543
3,1,2.0,1.0,1.25,80.0,4.0,5.0,-3.4375,0,The algorithm converged to the desired accuracy.,0.22708333333333336,4.403669724770642,0.060439613756354975,0.0036529469110173733
3,1,2.0,1.0,1.25,80.0,4.0,5.0,-3.4375,0,The algorithm converged to the desired accuracy.,0.22916666666666669,4.363636363636363,0.06110205870807211,0.0037334615783646908
3,1,2.0,1.0,1.25,80.0,4.0,5.0,-3.4375,0,The algorithm converged to the desired accuracy.,0.23125,4.324324324324324,0.061765240636941984,0.0038149449509393496
3,1,2.0,1.0,1.25,80.0,4.0,5.0,-3.4375,0,The algorithm converged to the desired accuracy.,0.23333333333333334,4.285714285714286,0.062429143055504364,0.0038973979026446287
3,1,2.0,1.0,1.25,80.0,4.0,5.0,-3.4375,0,The algorithm converged to the desired accuracy.,0.23541666666666666,4.247787610619469,0.06309374996686357,0.003980821284881096
3,1,2.0,1.0,1.25,80.0,4.0,5.0,-3.4375,0,The algorithm converged to the desired accuracy.,0.2375,4.2105263157894735,0.06375904558045742,0.004065215893330846
3,1,2.0,1.0,1.25,80.0,4.0,5.0,-3.4375,0,The algorithm converged to the desired accuracy.,0.23958333333333331,4.173913043478261,0.06442501406904227,0.004150582437796295
3,1,2.0,1.0,1.25,80.0,4.0,5.0,-3.4375,0,The algorithm converged to the desired accuracy.,0.24166666666666664,4.137931034482759,0.06509163979426702,0.004236921571106606
3,1,2.0,1.0,1.25,80.0,4.0,5.0,-3.4375,0,The algorithm converged to the desired accuracy.,0.24375000000000002,4.102564102564102,0.06575890765477992,0.0043242339359498725
3,1,2.0,1.0,1.25,80.0,4.0,5.0,-3.4375,0,The algorithm converged to the desired accuracy.,0.24583333333333335,4.067796610169491,0.06642680252582776,0.004412520093805317
3,1,2.0,1.0,1.25,80.0,4.0,5.0,-3.4375,0,The algorithm converged to the desired accuracy.,0.24791666666666667,4.033613445378151,0.06709530921910974,0.004501780519207952
3,1,2.0,1.0,1.25,80.0,4.0,5.0,-3.4375,0,The algorithm converged to the desired accuracy.,0.25,4.0,0.06776441314062834,0.004592015688293763
3,1,2.0,1.0,1.25,80.0,4.0,5.0,-3.4375,0,The algorithm converged to the desired accuracy.,0.2520833333333333,3.9669421487603307,0.06843409981939175,0.004683226018090474
3,1,2.0,1.0,1.25,80.0,4.0,5.0,-3.4375,0,The algorithm converged to the desired accuracy.,0.25416666666666665,3.934426229508197,0.06910435457933801,0.004775411821826875
3,1,2.0,1.0,1.25,80.0,4.0,5.0,-3.4375,0,The algorithm converged to the desired accuracy.,0.25625,3.9024390243902443,0.06977516328610524,0.004868573411602648
3,1,2.0,1.0,1.25,80.0,4.0,5.0,-3.4375,0,The algorithm converged to the desired accuracy.,0.25833333333333336,3.8709677419354835,0.07044651204522269,0.004962711059337706
3,1,2.0,1.0,1.25,80.0,4.0,5.0,-3.4375,0,The algorithm converged to the desired accuracy.,0.2604166666666667,3.84,0.07111838666189253,0.005057824921390453
3,1,2.0,1.0,1.25,80.0,4.0,5.0,-3.4375,0,The algorithm converged to the desired accuracy.,0.2625,3.8095238095238093,0.07179077351048631,0.005153915161233942
3,1,2.0,1.0,1.25,80.0,4.0,5.0,-3.4375,0,The algorithm converged to the desired accuracy.,0.26458333333333334,3.779527559055118,0.0724636591802158,0.005250981901786474
3,1,2.0,1.0,1.25,80.0,4.0,5.0,-3.4375,0,The algorithm converged to the desired accuracy.,0.26666666666666666,3.75,0.073137029910591,0.0053490251441426825
3,1,2.0,1.0,1.25,80.0,4.0,5.0,-3.4375,0,The algorithm converged to the desired accuracy.,0.26875,3.7209302325581395,0.07381087265259616,0.005448044921737768
3,1,2.0,1.0,1.25,80.0,4.0,5.0,-3.4375,0,The algorithm converged to the desired accuracy.,0.2708333333333333,3.6923076923076925,0.07448517435466341,0.005548041198644608
3,1,2.0,1.0,1.25,80.0,4.0,5.0,-3.4375,0,The algorithm converged to the desired accuracy.,0.27291666666666664,3.6641221374045805,0.0751599217167788,0.005649013832472316
3,1,2.0,1.0,1.25,80.0,4.0,5.0,-3.4375,0,The algorithm converged to the desired accuracy.,0.275,3.6363636363636362,0.07583510227410023,0.005750962736923242
3,1,2.0,1.0,1.25,80.0,4.0,5.0,-3.4375,0,The algorithm converged to the desired accuracy.,0.27708333333333335,3.6090225563909772,0.07651070317834079,0.005853887700844167
3,1,2.0,1.0,1.25,80.0,4.0,5.0,-3.4375,0,The algorithm converged to the desired accuracy.,0.2791666666666667,3.582089552238806,0.07718671177853038,0.005957788475181921
3,1,2.0,1.0,1.25,80.0,4.0,5.0,-3.4375,0,The algorithm converged to the desired accuracy.,0.28125,3.5555555555555554,0.07786311600130219,0.006062664833432241
3,1,2.0,1.0,1.25,80.0,4.0,5.0,-3.4375,0,The algorithm converged to the desired accuracy.,0.2833333333333333,3.5294117647058822,0.07853990318622596,0.006168516392501747
3,1,2.0,1.0,1.25,80.0,4.0,5.0,-3.4375,0,The algorithm converged to the desired accuracy.,0.28541666666666665,3.5036496350364965,0.07921706149573637,0.006275342832019279
3,1,2.0,1.0,1.25,80.0,4.0,5.0,-3.4375,0,The algorithm converged to the desired accuracy.,0.2875,3.4782608695652177,0.07989457888761595,0.006383143735629488
3,1,2.0,1.0,1.25,80.0,4.0,5.0,-3.4375,0,The algorithm converged to the desired accuracy.,0.28958333333333336,3.4532374100719423,0.08057244329274502,0.0064919186181626115
3,1,2.0,1.0,1.25,80.0,4.0,5.0,-3.4375,0,The algorithm converged to the desired accuracy.,0.2916666666666667,3.4285714285714284,0.08125064335706039,0.006601667045936222
3,1,2.0,1.0,1.25,80.0,4.0,5.0,-3.4375,0,The algorithm converged to the desired accuracy.,0.29375,3.404255319148936,0.08192916703389247,0.006712388410867453
3,1,2.0,1.0,1.25,80.0,4.0,5.0,-3.4375,0,The algorithm converged to the desired accuracy.,0.29583333333333334,3.380281690140845,0.08260800321278583,0.006824082194803634
3,1,2.0,1.0,1.25,80.0,4.0,5.0,-3.4375,0,The algorithm converged to the desired accuracy.,0.29791666666666666,3.3566433566433567,0.08328714034307001,0.00693674774652624
3,1,2.0,1.0,1.25,80.0,4.0,5.0,-3.4375,0,The algorithm converged to the desired accuracy.,0.3,3.3333333333333335,0.08396656717362372,0.007050384402922664
3,1,2.0,1.0,1.5,80.0,4.0,5.0,-3.75,0,The algorithm converged to the desired accuracy.,0.05,20.0,0.004388588191675847,1.9259706316116678e-05
3,1,2.0,1.0,1.5,80.0,4.0,5.0,-3.75,0,The algorithm converged to the desired accuracy.,0.052083333333333336,19.2,0.004660778586154425,2.1722857029155644e-05
3,1,2.0,1.0,1.5,80.0,4.0,5.0,-3.75,0,The algorithm converged to the desired accuracy.,0.05416666666666667,18.46153846153846,0.0049379705452865215,2.4383553106117266e-05
3,1,2.0,1.0,1.5,80.0,4.0,5.0,-3.75,0,The algorithm converged to the desired accuracy.,0.05625,17.77777777777778,0.005220037914838756,2.724879583235415e-05
3,1,2.0,1.0,1.5,80.0,4.0,5.0,-3.75,0,The algorithm converged to the desired accuracy.,0.058333333333333334,17.142857142857142,0.005506861079888765,3.0325518953193656e-05
3,1,2.0,1.0,1.5,80.0,4.0,5.0,-3.75,0,The algorithm converged to the desired accuracy.,0.06041666666666667,16.551724137931036,0.005798326379442465,3.362058880253836e-05
3,1,2.0,1.0,1.5,80.0,4.0,5.0,-3.75,0,The algorithm converged to the desired accuracy.,0.0625,16.0,0.0060943255916414574,3.7140804416936e-05
3,1,2.0,1.0,1.5,80.0,4.0,5.0,-3.75,0,The algorithm converged to the desired accuracy.,0.06458333333333334,15.483870967741934,0.006394755509139297,4.089289802166739e-05
3,1,2.0,1.0,1.5,80.0,4.0,5.0,-3.75,0,The algorithm converged to the desired accuracy.,0.06666666666666667,15.0,0.006699517572449622,4.4883535703561274e-05
3,1,2.0,1.0,1.5,80.0,4.0,5.0,-3.75,0,The algorithm converged to the desired accuracy.,0.06875,14.545454545454545,0.007008517372648996,4.9119315762722795e-05
3,1,2.0,1.0,1.5,80.0,4.0,5.0,-3.75,0,The algorithm converged to the desired accuracy.,0.07083333333333333,14.117647058823529,0.007321664542074245,5.3606771666667266e-05
3,1,2.0,1.0,1.5,80.0,4.0,5.0,-3.75,0,The algorithm converged to the desired accuracy.,0.07291666666666667,13.714285714285714,0.007638872245276858,5.835236917966111e-05
3,1,2.0,1.0,1.5,80.0,4.0,5.0,-3.75,0,The algorithm converged to the desired accuracy.,0.07500000000000001,13.333333333333332,0.007960057163734019,6.336251004991327e-05
3,1,2.0,1.0,1.5,80.0,4.0,5.0,-3.75,0,The algorithm converged to the desired accuracy.,0.07708333333333334,12.972972972972972,0.00828513903465166,6.864352882350865e-05
3,1,2.0,1.0,1.5,80.0,4.0,5.0,-3.75,0,The algorithm converged to the desired accuracy.,0.07916666666666666,12.631578947368421,0.008614040559655027,7.420169476338189e-05
3,1,2.0,1.0,1.5,80.0,4.0,5.0,-3.75,0,The algorithm converged to the desired accuracy.,0.08125,12.307692307692307,0.008946687242080866,8.004321260761252e-05
3,1,2.0,1.0,1.5,80.0,4.0,5.0,-3.75,0,The algorithm converged to the desired accuracy.,0.08333333333333334,11.999999999999998,0.009283007149687921,8.617422174115706e-05
3,1,2.0,1.0,1.5,80.0,4.0,5.0,-3.75,0,The algorithm converged to the desired accuracy.,0.08541666666666667,11.707317073170731,0.009622930770195855,9.260079660798219e-05
3,1,2.0,1.0,1.5,80.0,4.0,5.0,-3.75,0,The algorithm converged to the desired accuracy.,0.0875,11.428571428571429,0.009966390874790693,9.93289470691112e-05
3,1,2.0,1.0,1.5,80.0,4.0,5.0,-3.75,0,The algorithm converged to the desired accuracy.,0.08958333333333333,11.162790697674419,0.01031332238678955,0.00010636461865385449
3,1,2.0,1.0,1.5,80.0,4.0,5.0,-3.75,0,The algorithm converged to the desired accuracy.,0.09166666666666667,10.909090909090908,0.010663662258370649,0.0001137136927605986
3,1,2.0,1.0,1.5,80.0,4.0,5.0,-3.75,0,The algorithm converged to the desired accuracy.,0.09375,10.666666666666666,0.01101734935152238,0.0001213819867334906
3,1,2.0,1.0,1.5,80.0,4.0,5.0,-3.75,0,The algorithm converged to the desired accuracy.,0.09583333333333333,10.434782608695652,0.01137432431903834,0.00012937525371466702
3,1,2.0,1.0,1.5,80.0,4.0,5.0,-3.75,0,The algorithm converged to the desired accuracy.,0.09791666666666667,10.212765957446809,0.011734529551265997,0.00013769918378953497
3,1,2.0,1.0,1.5,80.0,4.0,5.0,-3.75,0,The algorithm converged to the desired accuracy.,0.1,10.0,0.012097909107665445,0.00014635940477733452
3,1,2.0,1.0,1.5,80.0,4.0,5.0,-3.75,0,The algorithm converged to the desired accuracy.,0.10208333333333333,9.795918367346939,0.012464408558158889,0.00015536148070470455
3,1,2.0,1.0,1.5,80.0,4.0,5.0,-3.75,0,The algorithm converged to the desired accuracy.,0.10416666666666667,9.6,0.012833974850930449,0.00016471091047431523
3,1,2.0,1.0,1.5,80.0,4.0,5.0,-3.75,0,The algorithm converged to the desired accuracy.,0.10625000000000001,9.411764705882351,0.013206556489756228,0.00017441313431712234
3,1,2.0,1.0,1.5,80.0,4.0,5.0,-3.75,0,The algorithm converged to the desired accuracy.,0.10833333333333334,9.23076923076923,0.01358210324389718,0.00018447352852788232
3,1,2.0,1.0,1.5,80.0,4.0,5.0,-3.75,0,The algorithm converged to the desired accuracy.,0.11041666666666666,9.056603773584905,0.013960566050646918,0.00019489740445447528
3,1,2.0,1.0,1.5,80.0,4.0,5.0,-3.75,0,The algorithm converged to the desired accuracy.,0.1125,8.88888888888889,0.014341897291146039,0.00020569001790978207
3,1,2.0,1.0,1.5,80.0,4.0,5.0,-3.75,0,The algorithm converged to the desired accuracy.,0.11458333333333333,8.727272727272728,0.01472605020595647,0.00021685655466835058
3,1,2.0,1.0,1.5,80.0,4.0,5.0,-3.75,0,The algorithm converged to the desired accuracy.,0.11666666666666667,8.571428571428571,0.01511297946865522,0.0002284021484199942
3,1,2.0,1.0,1.5,80.0,4.0,5.0,-3.75,0,The algorithm converged to the desired accuracy.,0.11875000000000001,8.421052631578947,0.015502640476874342,0.00024033186175522272
3,1,2.0,1.0,1.5,80.0,4.0,5.0,-3.75,0,The algorithm converged to the desired accuracy.,0.12083333333333333,8.275862068965518,0.015894989973341246,0.00025265070625261877
3,1,2.0,1.0,1.5,80.0,4.0,5.0,-3.75,0,The algorithm converged to the desired accuracy.,0.12291666666666667,8.135593220338983,0.016289985387437703,0.0002653636239229339
3,1,2.0,1.0,1.5,80.0,4.0,5.0,-3.75,0,The algorithm converged to the desired accuracy.,0.125,8.0,0.016687585265505987,0.0002784755019935325
3,1,2.0,1.0,1.5,80.0,4.0,5.0,-3.75,0,The algorithm converged to the desired accuracy.,0.12708333333333333,7.868852459016394,0.01708774904012739,0.00029199116725837454
3,1,2.0,1.0,1.5,80.0,4.0,5.0,-3.75,0,The algorithm converged to the desired accuracy.,0.12916666666666665,7.741935483870969,0.017490436830550186,0.00030591538052346644
3,1,2.0,1.0,1.5,80.0,4.0,5.0,-3.75,0,The algorithm converged to the desired accuracy.,0.13125,7.619047619047619,0.01789560982574293,0.00032025285103522686
3,1,2.0,1.0,1.5,80.0,4.0,5.0,-3.75,0,The algorithm converged to the desired accuracy.,0.13333333333333333,7.5,0.018303229911011624,0.0003350082251753506
3,1,2.0,1.0,1.5,80.0,4.0,5.0,-3.75,0,The algorithm converged to the desired accuracy.,0.13541666666666669,7.384615384615383,0.018713259630449335,0.00035018608599660475
3,1,2.0,1.0,1.5,80.0,4.0,5.0,-3.75,0,The algorithm converged to the desired accuracy.,0.1375,7.2727272727272725,0.019125662410807705,0.0003657909626521828
3,1,2.0,1.0,1.5,80.0,4.0,5.0,-3.75,0,The algorithm converged to the desired accuracy.,0.13958333333333334,7.164179104477612,0.019540402405125386,0.00038182732615423
3,1,2.0,1.0,1.5,80.0,4.0,5.0,-3.75,0,The algorithm converged to the desired accuracy.,0.14166666666666666,7.0588235294117645,0.019957444379313554,0.0003982995861533942
3,1,2.0,1.0,1.5,80.0,4.0,5.0,-3.75,0,The algorithm converged to the desired accuracy.,0.14375,6.9565217391304355,0.020376753732345588,0.00041521209266865984
3,1,2.0,1.0,1.5,80.0,4.0,5.0,-3.75,0,The algorithm converged to the desired accuracy.,0.14583333333333331,6.857142857142858,0.02079829655794092,0.00043256913971205713
3,1,2.0,1.0,1.5,80.0,4.0,5.0,-3.75,0,The algorithm converged to the desired accuracy.,0.14791666666666667,6.76056338028169,0.021222039610199202,0.00045037496521686387
3,1,2.0,1.0,1.5,80.0,4.0,5.0,-3.75,0,The algorithm converged to the desired accuracy.,0.15000000000000002,6.666666666666666,0.02164795021499502,0.000468633748510903
3,1,2.0,1.0,1.5,80.0,4.0,5.0,-3.75,0,The algorithm converged to the desired accuracy.,0.15208333333333335,6.575342465753424,0.022075996263066364,0.00048734961100692007
3,1,2.0,1.0,1.5,80.0,4.0,5.0,-3.75,0,The algorithm converged to the desired accuracy.,0.15416666666666667,6.486486486486486,0.022506146202152605,0.0005065266168726682
3,1,2.0,1.0,1.5,80.0,4.0,5.0,-3.75,0,The algorithm converged to the desired accuracy.,0.15625,6.4,0.022938369025425315,0.0005261687735465915
3,1,2.0,1.0,1.5,80.0,4.0,5.0,-3.75,0,The algorithm converged to the desired accuracy.,0.15833333333333333,6.315789473684211,0.023372634257520664,0.0005462800321358285
3,1,2.0,1.0,1.5,80.0,4.0,5.0,-3.75,0,The algorithm converged to the desired accuracy.,0.16041666666666665,6.233766233766234,0.02380891194088793,0.0005668642878089557
3,1,2.0,1.0,1.5,80.0,4.0,5.0,-3.75,0,The algorithm converged to the desired accuracy.,0.1625,6.153846153846153,0.02424717262076351,0.0005879253801011036
3,1,2.0,1.0,1.5,80.0,4.0,5.0,-3.75,0,The algorithm converged to the desired accuracy.,0.16458333333333333,6.075949367088608,0.024687387321595755,0.0006094670927664868
3,1,2.0,1.0,1.5,80.0,4.0,5.0,-3.75,0,The algorithm converged to the desired accuracy.,0.16666666666666669,5.999999999999999,0.02512952753315498,0.0006314931540395942
3,1,2.0,1.0,1.5,80.0,4.0,5.0,-3.75,0,The algorithm converged to the desired accuracy.,0.16875,5.925925925925926,0.02557356519841989,0.000654007236957833
3,1,2.0,1.0,1.5,80.0,4.0,5.0,-3.75,0,The algorithm converged to the desired accuracy.,0.17083333333333334,5.853658536585366,0.026019472701455104,0.0006770129596617674
3,1,2.0,1.0,1.5,80.0,4.0,5.0,-3.75,0,The algorithm converged to the desired accuracy.,0.17291666666666666,5.783132530120482,0.02646722285545935,0.0007005138856805499
3,1,2.0,1.0,1.5,80.0,4.0,5.0,-3.75,0,The algorithm converged to the desired accuracy.,0.175,5.714285714285714,0.026916788891076394,0.0007245135242067736
3,1,2.0,1.0,1.5,80.0,4.0,5.0,-3.75,0,The algorithm converged to the desired accuracy.,0.17708333333333331,5.647058823529412,0.027368144444987738,0.0007490153303617131
3,1,2.0,1.0,1.5,80.0,4.0,5.0,-3.75,0,The algorithm converged to the desired accuracy.,0.17916666666666664,5.58139534883721,0.02782126354874482,0.0007740227054487172
3,1,2.0,1.0,1.5,80.0,4.0,5.0,-3.75,0,The algorithm converged to the desired accuracy.,0.18125000000000002,5.517241379310344,0.028276120617747067,0.0007995389971893808
3,1,2.0,1.0,1.5,80.0,4.0,5.0,-3.75,0,The algorithm converged to the desired accuracy.,0.18333333333333335,5.454545454545454,0.028732690440228813,0.0008255674999340162
3,1,2.0,1.0,1.5,80.0,4.0,5.0,-3.75,0,The algorithm converged to the desired accuracy.,0.18541666666666667,5.393258426966292,0.029190948167062122,0.0008521114548921075
3,1,2.0,1.0,1.5,80.0,4.0,5.0,-3.75,0,The algorithm converged to the desired accuracy.,0.1875,5.333333333333333,0.029650869309562535,0.0008791740508127575
3,1,2.0,1.0,1.5,80.0,4.0,5.0,-3.75,0,The algorithm converged to the desired accuracy.,0.18958333333333333,5.274725274725275,0.030112429731787092,0.0009067584243518152
3,1,2.0,1.0,1.5,80.0,4.0,5.0,-3.75,0,The algorithm converged to the desired accuracy.,0.19166666666666665,5.217391304347826,0.030575605639638116,0.0009348676602306702
3,1,2.0,1.0,1.5,80.0,4.0,5.0,-3.75,0,The algorithm converged to the desired accuracy.,0.19374999999999998,5.161290322580646,0.031040373571441467,0.0009635047914546419
3,1,2.0,1.0,1.5,80.0,4.0,5.0,-3.75,0,The algorithm converged to the desired accuracy.,0.19583333333333336,5.106382978723404,0.031506710387580156,0.0009926727994468514
3,1,2.0,1.0,1.5,80.0,4.0,5.0,-3.75,0,The algorithm converged to the desired accuracy.,0.19791666666666669,5.052631578947368,0.031974593258855905,0.0010223746140692735
3,1,2.0,1.0,1.5,80.0,4.0,5.0,-3.75,0,The algorithm converged to the desired accuracy.,0.2,5.0,0.0324439996532521,0.0010526131135002224
3,1,2.0,1.0,1.5,80.0,4.0,5.0,-3.75,0,The algorithm converged to the desired accuracy.,0.20208333333333334,4.948453608247423,0.032914907320761154,0.0010833911239342962
3,1,2.0,1.0,1.5,80.0,4.0,5.0,-3.75,0,The algorithm converged to the desired accuracy.,0.20416666666666666,4.8979591836734695,0.03338729430029325,0.0011147114206943945
3,1,2.0,1.0,1.5,80.0,4.0,5.0,-3.75,0,The algorithm converged to the desired accuracy.,0.20625,4.848484848484849,0.03386113897736571,0.0011465767328444753
3,1,2.0,1.0,1.5,80.0,4.0,5.0,-3.75,0,The algorithm converged to the desired accuracy.,0.20833333333333331,4.800000000000001,0.03433642002703123,0.0011789897402727115
3,1,2.0,1.0,1.5,80.0,4.0,5.0,-3.75,0,The algorithm converged to the desired accuracy.,0.21041666666666664,4.752475247524753,0.03481311638047576,0.0012119530721205498
3,1,2.0,1.0,1.5,80.0,4.0,5.0,-3.75,0,The algorithm converged to the desired accuracy.,0.21250000000000002,4.705882352941176,0.03529120720317788,0.0012454693058576345
3,1,2.0,1.0,1.5,80.0,4.0,5.0,-3.75,0,The algorithm converged to the desired accuracy.,0.21458333333333335,4.660194174757281,0.035770671873404054,0.00127954096627474
3,1,2.0,1.0,1.5,80.0,4.0,5.0,-3.75,0,The algorithm converged to the desired accuracy.,0.21666666666666667,4.615384615384615,0.03625149008015573,0.001314170533031629
3,1,2.0,1.0,1.5,80.0,4.0,5.0,-3.75,0,The algorithm converged to the desired accuracy.,0.21875,4.571428571428571,0.03673364185733286,0.0013493604441027968
3,1,2.0,1.0,1.5,80.0,4.0,5.0,-3.75,0,The algorithm converged to the desired accuracy.,0.22083333333333333,4.528301886792453,0.03721710744332974,0.0013851130864483499
3,1,2.0,1.0,1.5,80.0,4.0,5.0,-3.75,0,The algorithm converged to the desired accuracy.,0.22291666666666665,4.4859813084112155,0.03770186723978106,0.0014214307933660766
3,1,2.0,1.0,1.5,80.0,4.0,5.0,-3.75,0,The algorithm converged to the desired accuracy.,0.22499999999999998,4.444444444444445,0.03818790182285335,0.0014583158456318863
3,1,2.0,1.0,1.5,80.0,4.0,5.0,-3.75,0,The algorithm converged to the desired accuracy.,0.22708333333333336,4.403669724770642,0.0386751921800438,0.0014957704901633214
3,1,2.0,1.0,1.5,80.0,4.0,5.0,-3.75,0,The algorithm converged to the desired accuracy.,0.22916666666666669,4.363636363636363,0.039163719541804774,0.001533796928349141
3,1,2.0,1.0,1.5,80.0,4.0,5.0,-3.75,0,The algorithm converged to the desired accuracy.,0.23125,4.324324324324324,0.03965346523733475,0.0015723973053285152
3,1,2.0,1.0,1.5,80.0,4.0,5.0,-3.75,0,The algorithm converged to the desired accuracy.,0.23333333333333334,4.285714285714286,0.04014441071141449,0.0016115737113667303
3,1,2.0,1.0,1.5,80.0,4.0,5.0,-3.75,0,The algorithm converged to the desired accuracy.,0.23541666666666666,4.247787610619469,0.040636537863210684,0.0016513282095081555
3,1,2.0,1.0,1.5,80.0,4.0,5.0,-3.75,0,The algorithm converged to the desired accuracy.,0.2375,4.2105263157894735,0.041129828805336575,0.0016916628175562944
3,1,2.0,1.0,1.5,80.0,4.0,5.0,-3.75,0,The algorithm converged to the desired accuracy.,0.23958333333333331,4.173913043478261,0.04162426565680251,0.0017325794914680689
3,1,2.0,1.0,1.5,80.0,4.0,5.0,-3.75,0,The algorithm converged to the desired accuracy.,0.24166666666666664,4.137931034482759,0.042119830733853274,0.0017740801410484508
3,1,2.0,1.0,1.5,80.0,4.0,5.0,-3.75,0,The algorithm converged to the desired accuracy.,0.24375000000000002,4.102564102564102,0.04261650684611003,0.0018161666557645428
3,1,2.0,1.0,1.5,80.0,4.0,5.0,-3.75,0,The algorithm converged to the desired accuracy.,0.24583333333333335,4.067796610169491,0.043114276819729035,0.0018588408656882243
3,1,2.0,1.0,1.5,80.0,4.0,5.0,-3.75,0,The algorithm converged to the desired accuracy.,0.24791666666666667,4.033613445378151,0.04361312346202466,0.0019021045381138056
3,1,2.0,1.0,1.5,80.0,4.0,5.0,-3.75,0,The algorithm converged to the desired accuracy.,0.25,4.0,0.044113030121976246,0.0019459594265423836
3,1,2.0,1.0,1.5,80.0,4.0,5.0,-3.75,0,The algorithm converged to the desired accuracy.,0.2520833333333333,3.9669421487603307,0.044613980288613866,0.0019904072371928266
3,1,2.0,1.0,1.5,80.0,4.0,5.0,-3.75,0,The algorithm converged to the desired accuracy.,0.25416666666666665,3.934426229508197,0.04511595731001339,0.0020354496039989506
3,1,2.0,1.0,1.5,80.0,4.0,5.0,-3.75,0,The algorithm converged to the desired accuracy.,0.25625,3.9024390243902443,0.04561894503063204,0.0020810881457078278
3,1,2.0,1.0,1.5,80.0,4.0,5.0,-3.75,0,The algorithm converged to the desired accuracy.,0.25833333333333336,3.8709677419354835,0.046122927533792005,0.0021273244442874288
3,1,2.0,1.0,1.5,80.0,4.0,5.0,-3.75,0,The algorithm converged to the desired accuracy.,0.2604166666666667,3.84,0.046627888678824767,0.002174160002644875
3,1,2.0,1.0,1.5,80.0,4.0,5.0,-3.75,0,The algorithm converged to the desired accuracy.,0.2625,3.8095238095238093,0.047133812844628135,0.002221596313272432
3,1,2.0,1.0,1.5,80.0,4.0,5.0,-3.75,0,The algorithm converged to the desired accuracy.,0.26458333333333334,3.779527559055118,0.04764068462669847,0.0022696348317005435
3,1,2.0,1.0,1.5,80.0,4.0,5.0,-3.75,0,The algorithm converged to the desired accuracy.,0.26666666666666666,3.75,0.04814848835247129,0.0023182769306280635
3,1,2.0,1.0,1.5,80.0,4.0,5.0,-3.75,0,The algorithm converged to the desired accuracy.,0.26875,3.7209302325581395,0.04865720899081141,0.002367523986775499
3,1,2.0,1.0,1.5,80.0,4.0,5.0,-3.75,0,The algorithm converged to the desired accuracy.,0.2708333333333333,3.6923076923076925,0.04916683153983365,0.002417377323666381
3,1,2.0,1.0,1.5,80.0,4.0,5.0,-3.75,0,The algorithm converged to the desired accuracy.,0.27291666666666664,3.6641221374045805,0.04967734081473093,0.0024678381904229313
3,1,2.0,1.0,1.5,80.0,4.0,5.0,-3.75,0,The algorithm converged to the desired accuracy.,0.275,3.6363636363636362,0.050188722378540204,0.0025189078539901823
3,1,2.0,1.0,1.5,80.0,4.0,5.0,-3.75,0,The algorithm converged to the desired accuracy.,0.27708333333333335,3.6090225563909772,0.05070096149492383,0.0025705874965097487
3,1,2.0,1.0,1.5,80.0,4.0,5.0,-3.75,0,The algorithm converged to the desired accuracy.,0.2791666666666667,3.582089552238806,0.05121404362653734,0.0026228782645808697
3,1,2.0,1.0,1.5,80.0,4.0,5.0,-3.75,0,The algorithm converged to the desired accuracy.,0.28125,3.5555555555555554,0.05172795476262655,0.002675781303924339
3,1,2.0,1.0,1.5,80.0,4.0,5.0,-3.75,0,The algorithm converged to the desired accuracy.,0.2833333333333333,3.5294117647058822,0.052242680415809824,0.0027292976570284394
3,1,2.0,1.0,1.5,80.0,4.0,5.0,-3.75,0,The algorithm converged to the desired accuracy.,0.28541666666666665,3.5036496350364965,0.05275820683608251,0.002783428388558863
3,1,2.0,1.0,1.5,80.0,4.0,5.0,-3.75,0,The algorithm converged to the desired accuracy.,0.2875,3.4782608695652177,0.05327452012559268,0.0028381744946121795
3,1,2.0,1.0,1.5,80.0,4.0,5.0,-3.75,0,The algorithm converged to the desired accuracy.,0.28958333333333336,3.4532374100719423,0.05379160639093735,0.002893536918117532
3,1,2.0,1.0,1.5,80.0,4.0,5.0,-3.75,0,The algorithm converged to the desired accuracy.,0.2916666666666667,3.4285714285714284,0.054309452383535795,0.0029495166181995416
3,1,2.0,1.0,1.5,80.0,4.0,5.0,-3.75,0,The algorithm converged to the desired accuracy.,0.29375,3.404255319148936,0.05482804428412532,0.003006114440022007
3,1,2.0,1.0,1.5,80.0,4.0,5.0,-3.75,0,The algorithm converged to the desired accuracy.,0.29583333333333334,3.380281690140845,0.05534736910901458,0.0030633312672895016
3,1,2.0,1.0,1.5,80.0,4.0,5.0,-3.75,0,The algorithm converged to the desired accuracy.,0.29791666666666666,3.3566433566433567,0.05586741352100335,0.003121167893526788
3,1,2.0,1.0,1.5,80.0,4.0,5.0,-3.75,0,The algorithm converged to the desired accuracy.,0.3,3.3333333333333335,0.05638816446803254,0.0031796250920738877
3,1,2.0,1.0,1.75,80.0,4.0,5.0,-3.9375,0,The algorithm converged to the desired accuracy.,0.05,20.0,0.0019334418316112065,3.738197316224097e-06
3,1,2.0,1.0,1.75,80.0,4.0,5.0,-3.9375,0,The algorithm converged to the desired accuracy.,0.052083333333333336,19.2,0.0020685867859609798,4.279051291052376e-06
3,1,2.0,1.0,1.75,80.0,4.0,5.0,-3.9375,0,The algorithm converged to the desired accuracy.,0.05416666666666667,18.46153846153846,0.002207122175249069,4.871388296476182e-06
3,1,2.0,1.0,1.75,80.0,4.0,5.0,-3.9375,0,The algorithm converged to the desired accuracy.,0.05625,17.77777777777778,0.0023489798489179387,5.5177063306225425e-06
3,1,2.0,1.0,1.75,80.0,4.0,5.0,-3.9375,0,The algorithm converged to the desired accuracy.,0.058333333333333334,17.142857142857142,0.0024940945334964333,6.220507542016791e-06
3,1,2.0,1.0,1.75,80.0,4.0,5.0,-3.9375,0,The algorithm converged to the desired accuracy.,0.06041666666666667,16.551724137931036,0.002642403603597491,6.982296804305007e-06
3,1,2.0,1.0,1.75,80.0,4.0,5.0,-3.9375,0,The algorithm converged to the desired accuracy.,0.0625,16.0,0.002793846878217059,7.805580378923207e-06
3,1,2.0,1.0,1.75,80.0,4.0,5.0,-3.9375,0,The algorithm converged to the desired accuracy.,0.06458333333333334,15.483870967741934,0.002948366456553138,8.692864762127707e-06
3,1,2.0,1.0,1.75,80.0,4.0,5.0,-3.9375,0,The algorithm converged to the desired accuracy.,0.06666666666666667,15.0,0.003105906576988171,9.646655664978378e-06
3,1,2.0,1.0,1.75,80.0,4.0,5.0,-3.9375,0,The algorithm converged to the desired accuracy.,0.06875,14.545454545454545,0.0032664133891922,1.0669456429094073e-05
3,1,2.0,1.0,1.75,80.0,4.0,5.0,-3.9375,0,The algorithm converged to the desired accuracy.,0.07083333333333333,14.117647058823529,0.003429834946985661,1.1763767763564132e-05
3,1,2.0,1.0,1.75,80.0,4.0,5.0,-3.9375,0,The algorithm converged to the desired accuracy.,0.07291666666666667,13.714285714285714,0.0035961209578414467,1.2932085943426484e-05
3,1,2.0,1.0,1.75,80.0,4.0,5.0,-3.9375,0,The algorithm converged to the desired accuracy.,0.07500000000000001,13.333333333333332,0.0037652228193112325,1.4176902879062026e-05
3,1,2.0,1.0,1.75,80.0,4.0,5.0,-3.9375,0,The algorithm converged to the desired accuracy.,0.07708333333333334,12.972972972972972,0.003937093384758712,1.550070432031081e-05
3,1,2.0,1.0,1.75,80.0,4.0,5.0,-3.9375,0,The algorithm converged to the desired accuracy.,0.07916666666666666,12.631578947368421,0.004111686944817015,1.690596953217868e-05
3,1,2.0,1.0,1.75,80.0,4.0,5.0,-3.9375,0,The algorithm converged to the desired accuracy.,0.08125,12.307692307692307,0.004288959162852786,1.839517070061887e-05
3,1,2.0,1.0,1.75,80.0,4.0,5.0,-3.9375,0,The algorithm converged to the desired accuracy.,0.08333333333333334,11.999999999999998,0.0044688669618093415,1.9970771922351055e-05
3,1,2.0,1.0,1.75,80.0,4.0,5.0,-3.9375,0,The algorithm converged to the desired accuracy.,0.08541666666666667,11.707317073170731,0.004651368463640906,2.1635228584553167e-05
3,1,2.0,1.0,1.75,80.0,4.0,5.0,-3.9375,0,The algorithm converged to the desired accuracy.,0.0875,11.428571428571429,0.00483642293091755,2.33909867667051e-05
3,1,2.0,1.0,1.75,80.0,4.0,5.0,-3.9375,0,The algorithm converged to the desired accuracy.,0.08958333333333333,11.162790697674419,0.005023990709148638,2.5240482645611837e-05
3,1,2.0,1.0,1.75,80.0,4.0,5.0,-3.9375,0,The algorithm converged to the desired accuracy.,0.09166666666666667,10.909090909090908,0.005214033171824652,2.718614191688784e-05
3,1,2.0,1.0,1.75,80.0,4.0,5.0,-3.9375,0,The algorithm converged to the desired accuracy.,0.09375,10.666666666666666,0.005406512666041615,2.923037920806841e-05
3,1,2.0,1.0,1.75,80.0,4.0,5.0,-3.9375,0,The algorithm converged to the desired accuracy.,0.09583333333333333,10.434782608695652,0.005601392456309935,3.137559744960585e-05
3,1,2.0,1.0,1.75,80.0,4.0,5.0,-3.9375,0,The algorithm converged to the desired accuracy.,0.09791666666666667,10.212765957446809,0.005798636707241564,3.362418766256929e-05
3,1,2.0,1.0,1.75,80.0,4.0,5.0,-3.9375,0,The algorithm converged to the desired accuracy.,0.1,10.0,0.005998210455736421,3.597852867130573e-05
3,1,2.0,1.0,1.75,80.0,4.0,5.0,-3.9375,0,The algorithm converged to the desired accuracy.,0.10208333333333333,9.795918367346939,0.006200079526138554,3.844098613044248e-05
3,1,2.0,1.0,1.75,80.0,4.0,5.0,-3.9375,0,The algorithm converged to the desired accuracy.,0.10416666666666667,9.6,0.006404210460003541,4.1013911616018765e-05
3,1,2.0,1.0,1.75,80.0,4.0,5.0,-3.9375,0,The algorithm converged to the desired accuracy.,0.10625000000000001,9.411764705882351,0.006610570637110516,4.3699644148227735e-05
3,1,2.0,1.0,1.75,80.0,4.0,5.0,-3.9375,0,The algorithm converged to the desired accuracy.,0.10833333333333334,9.23076923076923,0.00681912810586767,4.65005081242344e-05
3,1,2.0,1.0,1.75,80.0,4.0,5.0,-3.9375,0,The algorithm converged to the desired accuracy.,0.11041666666666666,9.056603773584905,0.007029851531522223,4.9418812555245345e-05
3,1,2.0,1.0,1.75,80.0,4.0,5.0,-3.9375,0,The algorithm converged to the desired accuracy.,0.1125,8.88888888888889,0.007242710377046979,5.245685360578399e-05
3,1,2.0,1.0,1.75,80.0,4.0,5.0,-3.9375,0,The algorithm converged to the desired accuracy.,0.11458333333333333,8.727272727272728,0.0074576745461913,5.561690963690961e-05
3,1,2.0,1.0,1.75,80.0,4.0,5.0,-3.9375,0,The algorithm converged to the desired accuracy.,0.11666666666666667,8.571428571428571,0.007674714749641847,5.890124648837012e-05
3,1,2.0,1.0,1.75,80.0,4.0,5.0,-3.9375,0,The algorithm converged to the desired accuracy.,0.11875000000000001,8.421052631578947,0.00789380206781896,6.23121110859029e-05
3,1,2.0,1.0,1.75,80.0,4.0,5.0,-3.9375,0,The algorithm converged to the desired accuracy.,0.12083333333333333,8.275862068965518,0.00811490834695629,6.585173747950088e-05
3,1,2.0,1.0,1.75,80.0,4.0,5.0,-3.9375,0,The algorithm converged to the desired accuracy.,0.12291666666666667,8.135593220338983,0.008338005791329406,6.952234057624271e-05
3,1,2.0,1.0,1.75,80.0,4.0,5.0,-3.9375,0,The algorithm converged to the desired accuracy.,0.125,8.0,0.008563067239479565,7.332612054784819e-05
3,1,2.0,1.0,1.75,80.0,4.0,5.0,-3.9375,0,The algorithm converged to the desired accuracy.,0.12708333333333333,7.868852459016394,0.008790066024302283,7.726526071159335e-05
3,1,2.0,1.0,1.75,80.0,4.0,5.0,-3.9375,0,The algorithm converged to the desired accuracy.,0.12916666666666665,7.741935483870969,0.009018975851448743,8.134192540901559e-05
3,1,2.0,1.0,1.75,80.0,4.0,5.0,-3.9375,0,The algorithm converged to the desired accuracy.,0.13125,7.619047619047619,0.009249771046261982,8.555826440826649e-05
3,1,2.0,1.0,1.75,80.0,4.0,5.0,-3.9375,0,The algorithm converged to the desired accuracy.,0.13333333333333333,7.5,0.00948242632179962,8.991640894835827e-05
3,1,2.0,1.0,1.75,80.0,4.0,5.0,-3.9375,0,The algorithm converged to the desired accuracy.,0.13541666666666669,7.384615384615383,0.009716916758541102,9.441847129241692e-05
3,1,2.0,1.0,1.75,80.0,4.0,5.0,-3.9375,0,The algorithm converged to the desired accuracy.,0.1375,7.2727272727272725,0.00995321795035243,9.906654756721785e-05
3,1,2.0,1.0,1.75,80.0,4.0,5.0,-3.9375,0,The algorithm converged to the desired accuracy.,0.13958333333333334,7.164179104477612,0.01019130590883572,0.00010386271612746985
3,1,2.0,1.0,1.75,80.0,4.0,5.0,-3.9375,0,The algorithm converged to the desired accuracy.,0.14166666666666666,7.0588235294117645,0.010431156994211764,0.000108809036237893
3,1,2.0,1.0,1.75,80.0,4.0,5.0,-3.9375,0,The algorithm converged to the desired accuracy.,0.14375,6.9565217391304355,0.010672747931065941,0.00011390754840007232
3,1,2.0,1.0,1.75,80.0,4.0,5.0,-3.9375,0,The algorithm converged to the desired accuracy.,0.14583333333333331,6.857142857142858,0.010916055850633656,0.00011916027533415328
3,1,2.0,1.0,1.75,80.0,4.0,5.0,-3.9375,0,The algorithm converged to the desired accuracy.,0.14791666666666667,6.76056338028169,0.011161058271737937,0.00012456922174512985
3,1,2.0,1.0,1.75,80.0,4.0,5.0,-3.9375,0,The algorithm converged to the desired accuracy.,0.15000000000000002,6.666666666666666,0.011407733046620388,0.00013013637326295488
3,1,2.0,1.0,1.75,80.0,4.0,5.0,-3.9375,0,The algorithm converged to the desired accuracy.,0.15208333333333335,6.575342465753424,0.01165605835883172,0.0001358636964644908
3,1,2.0,1.0,1.75,80.0,4.0,5.0,-3.9375,0,The algorithm converged to the desired accuracy.,0.15416666666666667,6.486486486486486,0.011906012720412756,0.00014175313889863036
3,1,2.0,1.0,1.75,80.0,4.0,5.0,-3.9375,0,The algorithm converged to the desired accuracy.,0.15625,6.4,0.012157574966586756,0.00014780662906817697
3,1,2.0,1.0,1.75,80.0,4.0,5.0,-3.9375,0,The algorithm converged to the desired accuracy.,0.15833333333333333,6.315789473684211,0.012410724248795125,0.0001540260763796313
3,1,2.0,1.0,1.75,80.0,4.0,5.0,-3.9375,0,The algorithm converged to the desired accuracy.,0.16041666666666665,6.233766233766234,0.012665440027818983,0.00016041337109827934
3,1,2.0,1.0,1.75,80.0,4.0,5.0,-3.9375,0,The algorithm converged to the desired accuracy.,0.1625,6.153846153846153,0.012921702065915044,0.00016697038428027314
3,1,2.0,1.0,1.75,80.0,4.0,5.0,-3.9375,0,The algorithm converged to the desired accuracy.,0.16458333333333333,6.075949367088608,0.013179490413307514,0.00017369896755446465
3,1,2.0,1.0,1.75,80.0,4.0,5.0,-3.9375,0,The algorithm converged to the desired accuracy.,0.16666666666666669,5.999999999999999,0.013438785400809174,0.0001806009530490018
3,1,2.0,1.0,1.75,80.0,4.0,5.0,-3.9375,0,The algorithm converged to the desired accuracy.,0.16875,5.925925925925926,0.013699567633500966,0.00018767815334486726
3,1,2.0,1.0,1.75,80.0,4.0,5.0,-3.9375,0,The algorithm converged to the desired accuracy.,0.17083333333333334,5.853658536585366,0.013961817984320175,0.00019493236142728628
3,1,2.0,1.0,1.75,80.0,4.0,5.0,-3.9375,0,The algorithm converged to the desired accuracy.,0.17291666666666666,5.783132530120482,0.014225517587677093,0.0002023653506373103
3,1,2.0,1.0,1.75,80.0,4.0,5.0,-3.9375,0,The algorithm converged to the desired accuracy.,0.175,5.714285714285714,0.014490647833164014,0.00020997887462478093
3,1,2.0,1.0,1.75,80.0,4.0,5.0,-3.9375,0,The algorithm converged to the desired accuracy.,0.17708333333333331,5.647058823529412,0.014757190359372896,0.00021777466730276833
3,1,2.0,1.0,1.75,80.0,4.0,5.0,-3.9375,0,The algorithm converged to the desired accuracy.,0.17916666666666664,5.58139534883721,0.015025127047798157,0.00022575444280247575
3,1,2.0,1.0,1.75,80.0,4.0,5.0,-3.9375,0,The algorithm converged to the desired accuracy.,0.18125000000000002,5.517241379310344,0.015294440016767235,0.00023391989542649092
3,1,2.0,1.0,1.75,80.0,4.0,5.0,-3.9375,0,The algorithm converged to the desired accuracy.,0.18333333333333335,5.454545454545454,0.015565111615312563,0.00024227269959713806
3,1,2.0,1.0,1.75,80.0,4.0,5.0,-3.9375,0,The algorithm converged to the desired accuracy.,0.18541666666666667,5.393258426966292,0.01583712441751579,0.0002508145098158749
3,1,2.0,1.0,1.75,80.0,4.0,5.0,-3.9375,0,The algorithm converged to the desired accuracy.,0.1875,5.333333333333333,0.016110461222019763,0.00025954696078620254
3,1,2.0,1.0,1.75,80.0,4.0,5.0,-3.9375,0,The algorithm converged to the desired accuracy.,0.18958333333333333,5.274725274725275,0.016385105047902655,0.00026847166743080507
3,1,2.0,1.0,1.75,80.0,4.0,5.0,-3.9375,0,The algorithm converged to the desired accuracy.,0.19166666666666665,5.217391304347826,0.016661039128428822,0.00027759022483903625
3,1,2.0,1.0,1.75,80.0,4.0,5.0,-3.9375,0,The algorithm converged to the desired accuracy.,0.19374999999999998,5.161290322580646,0.016938246905707284,0.00028690420823870237
3,1,2.0,1.0,1.75,80.0,4.0,5.0,-3.9375,0,The algorithm converged to the desired accuracy.,0.19583333333333336,5.106382978723404,0.017216712024683816,0.0002964151729408923
3,1,2.0,1.0,1.75,80.0,4.0,5.0,-3.9375,0,The algorithm converged to the desired accuracy.,0.19791666666666669,5.052631578947368,0.017496418326250516,0.0003061246542471549
3,1,2.0,1.0,1.75,80.0,4.0,5.0,-3.9375,0,The algorithm converged to the desired accuracy.,0.2,5.0,0.017777349839255874,0.0003160341673072909
3,1,2.0,1.0,1.75,80.0,4.0,5.0,-3.9375,0,The algorithm converged to the desired accuracy.,0.20208333333333334,4.948453608247423,0.01805949077119048,0.0003261452069147141
3,1,2.0,1.0,1.75,80.0,4.0,5.0,-3.9375,0,The algorithm converged to the desired accuracy.,0.20416666666666666,4.8979591836734695,0.0183428255133279,0.000336459247812393
3,1,2.0,1.0,1.75,80.0,4.0,5.0,-3.9375,0,The algorithm converged to the desired accuracy.,0.20625,4.848484848484849,0.018627338679204783,0.0003469777462697986
3,1,2.0,1.0,1.75,80.0,4.0,5.0,-3.9375,0,The algorithm converged to the desired accuracy.,0.20833333333333331,4.800000000000001,0.018913015067810547,0.0003577021389552288
3,1,2.0,1.0,1.75,80.0,4.0,5.0,-3.9375,0,The algorithm converged to the desired accuracy.,0.21041666666666664,4.752475247524753,0.019199839642197472,0.0003686338422860976
3,1,2.0,1.0,1.75,80.0,4.0,5.0,-3.9375,0,The algorithm converged to the desired accuracy.,0.21250000000000002,4.705882352941176,0.01948779751558275,0.00037977425200835324
3,1,2.0,1.0,1.75,80.0,4.0,5.0,-3.9375,0,The algorithm converged to the desired accuracy.,0.21458333333333335,4.660194174757281,0.019776873937606052,0.0003911247427439615
3,1,2.0,1.0,1.75,80.0,4.0,5.0,-3.9375,0,The algorithm converged to the desired accuracy.,0.21666666666666667,4.615384615384615,0.020067054359261954,0.0004026866706575742
3,1,2.0,1.0,1.75,80.0,4.0,5.0,-3.9375,0,The algorithm converged to the desired accuracy.,0.21875,4.571428571428571,0.02035832445595316,0.0004144613746538606
3,1,2.0,1.0,1.75,80.0,4.0,5.0,-3.9375,0,The algorithm converged to the desired accuracy.,0.22083333333333333,4.528301886792453,0.020650670035518404,0.00042645017291585767
3,1,2.0,1.0,1.75,80.0,4.0,5.0,-3.9375,0,The algorithm converged to the desired accuracy.,0.22291666666666665,4.4859813084112155,0.020944077011320523,0.0004386543618561248
3,1,2.0,1.0,1.75,80.0,4.0,5.0,-3.9375,0,The algorithm converged to the desired accuracy.,0.22499999999999998,4.444444444444445,0.021238531409941294,0.0004510752164510629
3,1,2.0,1.0,1.75,80.0,4.0,5.0,-3.9375,0,The algorithm converged to the desired accuracy.,0.22708333333333336,4.403669724770642,0.021534019527906383,0.00046371399702825345
3,1,2.0,1.0,1.75,80.0,4.0,5.0,-3.9375,0,The algorithm converged to the desired accuracy.,0.22916666666666669,4.363636363636363,0.021830527821059948,0.0004765719449460724
3,1,2.0,1.0,1.75,80.0,4.0,5.0,-3.9375,0,The algorithm converged to the desired accuracy.,0.23125,4.324324324324324,0.022128042809569124,0.0004896502785821238
3,1,2.0,1.0,1.75,80.0,4.0,5.0,-3.9375,0,The algorithm converged to the desired accuracy.,0.23333333333333334,4.285714285714286,0.022426551089147276,0.0005029501937541329
3,1,2.0,1.0,1.75,80.0,4.0,5.0,-3.9375,0,The algorithm converged to the desired accuracy.,0.23541666666666666,4.247787610619469,0.022726039555506457,0.0005164728738784441
3,1,2.0,1.0,1.75,80.0,4.0,5.0,-3.9375,0,The algorithm converged to the desired accuracy.,0.2375,4.2105263157894735,0.02302649524547331,0.0005302194832898049
3,1,2.0,1.0,1.75,80.0,4.0,5.0,-3.9375,0,The algorithm converged to the desired accuracy.,0.23958333333333331,4.173913043478261,0.02332790520006959,0.0005441911610234338
3,1,2.0,1.0,1.75,80.0,4.0,5.0,-3.9375,0,The algorithm converged to the desired accuracy.,0.24166666666666664,4.137931034482759,0.023630256590970424,0.0005583890265551012
3,1,2.0,1.0,1.75,80.0,4.0,5.0,-3.9375,0,The algorithm converged to the desired accuracy.,0.24375000000000002,4.102564102564102,0.023933536917176555,0.000572814189365853
3,1,2.0,1.0,1.75,80.0,4.0,5.0,-3.9375,0,The algorithm converged to the desired accuracy.,0.24583333333333335,4.067796610169491,0.024237733689335413,0.0005874677343951448
3,1,2.0,1.0,1.75,80.0,4.0,5.0,-3.9375,0,The algorithm converged to the desired accuracy.,0.24791666666666667,4.033613445378151,0.024542834406167967,0.0006023507206885821
3,1,2.0,1.0,1.75,80.0,4.0,5.0,-3.9375,0,The algorithm converged to the desired accuracy.,0.25,4.0,0.024848826926665672,0.000617464199631385
3,1,2.0,1.0,1.75,80.0,4.0,5.0,-3.9375,0,The algorithm converged to the desired accuracy.,0.2520833333333333,3.9669421487603307,0.02515569920399541,0.0006328092024418954
3,1,2.0,1.0,1.75,80.0,4.0,5.0,-3.9375,0,The algorithm converged to the desired accuracy.,0.25416666666666665,3.934426229508197,0.025463439098818617,0.0006483867307392446
3,1,2.0,1.0,1.75,80.0,4.0,5.0,-3.9375,0,The algorithm converged to the desired accuracy.,0.25625,3.9024390243902443,0.025772034802861086,0.0006641977778798831
3,1,2.0,1.0,1.75,80.0,4.0,5.0,-3.9375,0,The algorithm converged to the desired accuracy.,0.25833333333333336,3.8709677419354835,0.026081474668249817,0.0006802433208705569
3,1,2.0,1.0,1.75,80.0,4.0,5.0,-3.9375,0,The algorithm converged to the desired accuracy.,0.2604166666666667,3.84,0.026391746899709283,0.0006965243044183146
3,1,2.0,1.0,1.75,80.0,4.0,5.0,-3.9375,0,The algorithm converged to the desired accuracy.,0.2625,3.8095238095238093,0.026702840049250127,0.0007130416666958365
3,1,2.0,1.0,1.75,80.0,4.0,5.0,-3.9375,0,The algorithm converged to the desired accuracy.,0.26458333333333334,3.779527559055118,0.0270147428150356,0.0007297963293625175
3,1,2.0,1.0,1.75,80.0,4.0,5.0,-3.9375,0,The algorithm converged to the desired accuracy.,0.26666666666666666,3.75,0.02732744371863817,0.0007467891801953367
3,1,2.0,1.0,1.75,80.0,4.0,5.0,-3.9375,0,The algorithm converged to the desired accuracy.,0.26875,3.7209302325581395,0.027640931710861714,0.0007640211058445207
3,1,2.0,1.0,1.75,80.0,4.0,5.0,-3.9375,0,The algorithm converged to the desired accuracy.,0.2708333333333333,3.6923076923076925,0.027955195764323162,0.0007814929702216317
3,1,2.0,1.0,1.75,80.0,4.0,5.0,-3.9375,0,The algorithm converged to the desired accuracy.,0.27291666666666664,3.6641221374045805,0.02827022473185566,0.0007992056063896234
3,1,2.0,1.0,1.75,80.0,4.0,5.0,-3.9375,0,The algorithm converged to the desired accuracy.,0.275,3.6363636363636362,0.028586007967315294,0.0008171598515074134
3,1,2.0,1.0,1.75,80.0,4.0,5.0,-3.9375,0,The algorithm converged to the desired accuracy.,0.27708333333333335,3.6090225563909772,0.02890253462742254,0.000835356507889359
3,1,2.0,1.0,1.75,80.0,4.0,5.0,-3.9375,0,The algorithm converged to the desired accuracy.,0.2791666666666667,3.582089552238806,0.029219794004072288,0.0008537963616404189
3,1,2.0,1.0,1.75,80.0,4.0,5.0,-3.9375,0,The algorithm converged to the desired accuracy.,0.28125,3.5555555555555554,0.029537775743370825,0.0008724801958656659
3,1,2.0,1.0,1.75,80.0,4.0,5.0,-3.9375,0,The algorithm converged to the desired accuracy.,0.2833333333333333,3.5294117647058822,0.029856469175826027,0.0008914087516470497
3,1,2.0,1.0,1.75,80.0,4.0,5.0,-3.9375,0,The algorithm converged to the desired accuracy.,0.28541666666666665,3.5036496350364965,0.030175864127180645,0.0009105827758220677
3,1,2.0,1.0,1.75,80.0,4.0,5.0,-3.9375,0,The algorithm converged to the desired accuracy.,0.2875,3.4782608695652177,0.03049595032733634,0.0009300029863673654
3,1,2.0,1.0,1.75,80.0,4.0,5.0,-3.9375,0,The algorithm converged to the desired accuracy.,0.28958333333333336,3.4532374100719423,0.030816717511937528,0.0009496700782105571
3,1,2.0,1.0,1.75,80.0,4.0,5.0,-3.9375,0,The algorithm converged to the desired accuracy.,0.2916666666666667,3.4285714285714284,0.031138155850788687,0.0009695847497880057
3,1,2.0,1.0,1.75,80.0,4.0,5.0,-3.9375,0,The algorithm converged to the desired accuracy.,0.29375,3.404255319148936,0.0314602551350012,0.0009897476531593693
3,1,2.0,1.0,1.75,80.0,4.0,5.0,-3.9375,0,The algorithm converged to the desired accuracy.,0.29583333333333334,3.380281690140845,0.03178300571772821,0.0010101594524531442
3,1,2.0,1.0,1.75,80.0,4.0,5.0,-3.9375,0,The algorithm converged to the desired accuracy.,0.29791666666666666,3.3566433566433567,0.032106397718750075,0.00103082077447456
3,1,2.0,1.0,1.75,80.0,4.0,5.0,-3.9375,0,The algorithm converged to the desired accuracy.,0.3,3.3333333333333335,0.032430421451788524,0.0010517322355406253
3,1,2.0,1.0,2.0,80.0,4.0,5.0,-4.0,0,The algorithm converged to the desired accuracy.,0.05,20.0,0.000726848899643712,5.283093229132749e-07
3,1,2.0,1.0,2.0,80.0,4.0,5.0,-4.0,0,The algorithm converged to the desired accuracy.,0.052083333333333336,19.2,0.0007799539873466157,6.083282223778847e-07
3,1,2.0,1.0,2.0,80.0,4.0,5.0,-4.0,0,The algorithm converged to the desired accuracy.,0.05416666666666667,18.46153846153846,0.0008345288269813964,6.964383630629455e-07
3,1,2.0,1.0,2.0,80.0,4.0,5.0,-4.0,0,The algorithm converged to the desired accuracy.,0.05625,17.77777777777778,0.000890546589119337,7.930732273920851e-07
3,1,2.0,1.0,2.0,80.0,4.0,5.0,-4.0,0,The algorithm converged to the desired accuracy.,0.058333333333333334,17.142857142857142,0.0009479814581437399,8.986688449843313e-07
3,1,2.0,1.0,2.0,80.0,4.0,5.0,-4.0,0,The algorithm converged to the desired accuracy.,0.06041666666666667,16.551724137931036,0.0010068085570900905,1.01366347062983e-06
3,1,2.0,1.0,2.0,80.0,4.0,5.0,-4.0,0,The algorithm converged to the desired accuracy.,0.0625,16.0,0.0010670038803248395,1.1384972806282643e-06
3,1,2.0,1.0,2.0,80.0,4.0,5.0,-4.0,0,The algorithm converged to the desired accuracy.,0.06458333333333334,15.483870967741934,0.0011285442404438957,1.2736121026390894e-06
3,1,2.0,1.0,2.0,80.0,4.0,5.0,-4.0,0,The algorithm converged to the desired accuracy.,0.06666666666666667,15.0,0.0011914072229700136,1.4194511709451196e-06
3,1,2.0,1.0,2.0,80.0,4.0,5.0,-4.0,0,The algorithm converged to the desired accuracy.,0.06875,14.545454545454545,0.0012555711030134491,1.5764587947224093e-06
3,1,2.0,1.0,2.0,80.0,4.0,5.0,-4.0,0,The algorithm converged to the desired accuracy.,0.07083333333333333,14.117647058823529,0.0013210148528949395,1.7450802415690387e-06
3,1,2.0,1.0,2.0,80.0,4.0,5.0,-4.0,0,The algorithm converged to the desired accuracy.,0.07291666666666667,13.714285714285714,0.0013877180466363582,1.9257613769602295e-06
3,1,2.0,1.0,2.0,80.0,4.0,5.0,-4.0,0,The algorithm converged to the desired accuracy.,0.07500000000000001,13.333333333333332,0.001455660883702589,2.1189486083418027e-06
3,1,2.0,1.0,2.0,80.0,4.0,5.0,-4.0,0,The algorithm converged to the desired accuracy.,0.07708333333333334,12.972972972972972,0.0015248240981912027,2.3250885304246147e-06
3,1,2.0,1.0,2.0,80.0,4.0,5.0,-4.0,0,The algorithm converged to the desired accuracy.,0.07916666666666666,12.631578947368421,0.0015951889577912317,2.5446278110590762e-06
3,1,2.0,1.0,2.0,80.0,4.0,5.0,-4.0,0,The algorithm converged to the desired accuracy.,0.08125,12.307692307692307,0.0016667372428037768,2.778013036549136e-06
3,1,2.0,1.0,2.0,80.0,4.0,5.0,-4.0,0,The algorithm converged to the desired accuracy.,0.08333333333333334,11.999999999999998,0.0017394512040210263,3.025690491170198e-06
3,1,2.0,1.0,2.0,80.0,4.0,5.0,-4.0,0,The algorithm converged to the desired accuracy.,0.08541666666666667,11.707317073170731,0.0018133135421935212,3.2881060023024148e-06
3,1,2.0,1.0,2.0,80.0,4.0,5.0,-4.0,0,The algorithm converged to the desired accuracy.,0.0875,11.428571428571429,0.0018883073879425818,3.565704791358536e-06
3,1,2.0,1.0,2.0,80.0,4.0,5.0,-4.0,0,The algorithm converged to the desired accuracy.,0.08958333333333333,11.162790697674419,0.001964416281548327,3.858931327212155e-06
3,1,2.0,1.0,2.0,80.0,4.0,5.0,-4.0,0,The algorithm converged to the desired accuracy.,0.09166666666666667,10.909090909090908,0.0020416241534996493,4.16822918415316e-06
3,1,2.0,1.0,2.0,80.0,4.0,5.0,-4.0,0,The algorithm converged to the desired accuracy.,0.09375,10.666666666666666,0.0021199153049383406,4.494040900111818e-06
3,1,2.0,1.0,2.0,80.0,4.0,5.0,-4.0,0,The algorithm converged to the desired accuracy.,0.09583333333333333,10.434782608695652,0.0021992743870083526,4.836807829350965e-06
3,1,2.0,1.0,2.0,80.0,4.0,5.0,-4.0,0,The algorithm converged to the desired accuracy.,0.09791666666666667,10.212765957446809,0.0022796863964372033,5.196970066100842e-06
3,1,2.0,1.0,2.0,80.0,4.0,5.0,-4.0,0,The algorithm converged to the desired accuracy.,0.1,10.0,0.0023611366664440924,5.574966357626721e-06
3,1,2.0,1.0,2.0,80.0,4.0,5.0,-4.0,0,The algorithm converged to the desired accuracy.,0.10208333333333333,9.795918367346939,0.0024436108331605654,5.9712339039396725e-06
3,1,2.0,1.0,2.0,80.0,4.0,5.0,-4.0,0,The algorithm converged to the desired accuracy.,0.10416666666666667,9.6,0.002527094807973456,6.3862081684863984e-06
3,1,2.0,1.0,2.0,80.0,4.0,5.0,-4.0,0,The algorithm converged to the desired accuracy.,0.10625000000000001,9.411764705882351,0.002611574831180543,6.8203230988556815e-06
3,1,2.0,1.0,2.0,80.0,4.0,5.0,-4.0,0,The algorithm converged to the desired accuracy.,0.10833333333333334,9.23076923076923,0.0026970374017414637,7.274010746392346e-06
3,1,2.0,1.0,2.0,80.0,4.0,5.0,-4.0,0,The algorithm converged to the desired accuracy.,0.11041666666666666,9.056603773584905,0.002783469256925092,7.747701104247125e-06
3,1,2.0,1.0,2.0,80.0,4.0,5.0,-4.0,0,The algorithm converged to the desired accuracy.,0.1125,8.88888888888889,0.002870857451206455,8.241822505147624e-06
3,1,2.0,1.0,2.0,80.0,4.0,5.0,-4.0,0,The algorithm converged to the desired accuracy.,0.11458333333333333,8.727272727272728,0.0029591892054286915,8.756800753525691e-06
3,1,2.0,1.0,2.0,80.0,4.0,5.0,-4.0,0,The algorithm converged to the desired accuracy.,0.11666666666666667,8.571428571428571,0.0030484520646542573,9.293059990494804e-06
3,1,2.0,1.0,2.0,80.0,4.0,5.0,-4.0,0,The algorithm converged to the desired accuracy.,0.11875000000000001,8.421052631578947,0.0031386337126534398,9.851021582204715e-06
3,1,2.0,1.0,2.0,80.0,4.0,5.0,-4.0,0,The algorithm converged to the desired accuracy.,0.12083333333333333,8.275862068965518,0.0032297221425348723,1.0431105117980046e-05
3,1,2.0,1.0,2.0,80.0,4.0,5.0,-4.0,0,The algorithm converged to the desired accuracy.,0.12291666666666667,8.135593220338983,0.003321705483449185,1.1033727318776384e-05
3,1,2.0,1.0,2.0,80.0,4.0,5.0,-4.0,0,The algorithm converged to the desired accuracy.,0.125,8.0,0.003414572119906152,1.1659302762040393e-05
3,1,2.0,1.0,2.0,80.0,4.0,5.0,-4.0,0,The algorithm converged to the desired accuracy.,0.12708333333333333,7.868852459016394,0.003508310632918865,1.2308243497051567e-05
3,1,2.0,1.0,2.0,80.0,4.0,5.0,-4.0,0,The algorithm converged to the desired accuracy.,0.12916666666666665,7.741935483870969,0.003602909748781846,1.2980958657867264e-05
3,1,2.0,1.0,2.0,80.0,4.0,5.0,-4.0,0,The algorithm converged to the desired accuracy.,0.13125,7.619047619047619,0.0036983584458779393,1.3677855194196686e-05
3,1,2.0,1.0,2.0,80.0,4.0,5.0,-4.0,0,The algorithm converged to the desired accuracy.,0.13333333333333333,7.5,0.00379464585603347,1.4399337172711985e-05
3,1,2.0,1.0,2.0,80.0,4.0,5.0,-4.0,0,The algorithm converged to the desired accuracy.,0.13541666666666669,7.384615384615383,0.0038917612565300794,1.5145805677828582e-05
3,1,2.0,1.0,2.0,80.0,4.0,5.0,-4.0,0,The algorithm converged to the desired accuracy.,0.1375,7.2727272727272725,0.003989694133537241,1.591765927918148e-05
3,1,2.0,1.0,2.0,80.0,4.0,5.0,-4.0,0,The algorithm converged to the desired accuracy.,0.13958333333333334,7.164179104477612,0.004088434141759141,1.6715293731501804e-05
3,1,2.0,1.0,2.0,80.0,4.0,5.0,-4.0,0,The algorithm converged to the desired accuracy.,0.14166666666666666,7.0588235294117645,0.004187971075355719,1.7539101728016133e-05
3,1,2.0,1.0,2.0,80.0,4.0,5.0,-4.0,0,The algorithm converged to the desired accuracy.,0.14375,6.9565217391304355,0.004288294875300406,1.8389472937527722e-05
3,1,2.0,1.0,2.0,80.0,4.0,5.0,-4.0,0,The algorithm converged to the desired accuracy.,0.14583333333333331,6.857142857142858,0.00438939564815495,1.9266794156041613e-05
3,1,2.0,1.0,2.0,80.0,4.0,5.0,-4.0,0,The algorithm converged to the desired accuracy.,0.14791666666666667,6.76056338028169,0.004491263658440575,2.017144924962902e-05
3,1,2.0,1.0,2.0,80.0,4.0,5.0,-4.0,0,The algorithm converged to the desired accuracy.,0.15000000000000002,6.666666666666666,0.004593889305828077,2.1103818954201567e-05
3,1,2.0,1.0,2.0,80.0,4.0,5.0,-4.0,0,The algorithm converged to the desired accuracy.,0.15208333333333335,6.575342465753424,0.004697263124703848,2.206428086270256e-05
3,1,2.0,1.0,2.0,80.0,4.0,5.0,-4.0,0,The algorithm converged to the desired accuracy.,0.15416666666666667,6.486486486486486,0.004801375783409375,2.305320941350999e-05
3,1,2.0,1.0,2.0,80.0,4.0,5.0,-4.0,0,The algorithm converged to the desired accuracy.,0.15625,6.4,0.004906218082386294,2.4070975871934248e-05
3,1,2.0,1.0,2.0,80.0,4.0,5.0,-4.0,0,The algorithm converged to the desired accuracy.,0.15833333333333333,6.315789473684211,0.00501178095158477,2.511794830666794e-05
3,1,2.0,1.0,2.0,80.0,4.0,5.0,-4.0,0,The algorithm converged to the desired accuracy.,0.16041666666666665,6.233766233766234,0.005118055447886524,2.6194491567640925e-05
3,1,2.0,1.0,2.0,80.0,4.0,5.0,-4.0,0,The algorithm converged to the desired accuracy.,0.1625,6.153846153846153,0.0052250327520829455,2.730096726033948e-05
3,1,2.0,1.0,2.0,80.0,4.0,5.0,-4.0,0,The algorithm converged to the desired accuracy.,0.16458333333333333,6.075949367088608,0.005332704163392893,2.8437733694267893e-05
3,1,2.0,1.0,2.0,80.0,4.0,5.0,-4.0,0,The algorithm converged to the desired accuracy.,0.16666666666666669,5.999999999999999,0.005441061096605028,2.9605145856988714e-05
3,1,2.0,1.0,2.0,80.0,4.0,5.0,-4.0,0,The algorithm converged to the desired accuracy.,0.16875,5.925925925925926,0.005550095079660187,3.080355539326822e-05
3,1,2.0,1.0,2.0,80.0,4.0,5.0,-4.0,0,The algorithm converged to the desired accuracy.,0.17083333333333334,5.853658536585366,0.005659797751177843,3.2033310584237775e-05
3,1,2.0,1.0,2.0,80.0,4.0,5.0,-4.0,0,The algorithm converged to the desired accuracy.,0.17291666666666666,5.783132530120482,0.005770160857979206,3.3294756326955326e-05
3,1,2.0,1.0,2.0,80.0,4.0,5.0,-4.0,0,The algorithm converged to the desired accuracy.,0.175,5.714285714285714,0.005881176252635342,3.458823411456188e-05
3,1,2.0,1.0,2.0,80.0,4.0,5.0,-4.0,0,The algorithm converged to the desired accuracy.,0.17708333333333331,5.647058823529412,0.005992835891048154,3.591408201703492e-05
3,1,2.0,1.0,2.0,80.0,4.0,5.0,-4.0,0,The algorithm converged to the desired accuracy.,0.17916666666666664,5.58139534883721,0.006105131830054788,3.727263466234812e-05
3,1,2.0,1.0,2.0,80.0,4.0,5.0,-4.0,0,The algorithm converged to the desired accuracy.,0.18125000000000002,5.517241379310344,0.00621805622503125,3.8664223217649884e-05
3,1,2.0,1.0,2.0,80.0,4.0,5.0,-4.0,0,The algorithm converged to the desired accuracy.,0.18333333333333335,5.454545454545454,0.006331601327458452,4.0089175369873634e-05
3,1,2.0,1.0,2.0,80.0,4.0,5.0,-4.0,0,The algorithm converged to the desired accuracy.,0.18541666666666667,5.393258426966292,0.006445759482681472,4.154781530857812e-05
3,1,2.0,1.0,2.0,80.0,4.0,5.0,-4.0,0,The algorithm converged to the desired accuracy.,0.1875,5.333333333333333,0.006560523129898296,4.304046373793053e-05
3,1,2.0,1.0,2.0,80.0,4.0,5.0,-4.0,0,The algorithm converged to the desired accuracy.,0.18958333333333333,5.274725274725275,0.006675884800562891,4.456743787038663e-05
3,1,2.0,1.0,2.0,80.0,4.0,5.0,-4.0,0,The algorithm converged to the desired accuracy.,0.19166666666666665,5.217391304347826,0.006791837115860034,4.612905140837394e-05
3,1,2.0,1.0,2.0,80.0,4.0,5.0,-4.0,0,The algorithm converged to the desired accuracy.,0.19374999999999998,5.161290322580646,0.006908372784563329,4.772561453049528e-05
3,1,2.0,1.0,2.0,80.0,4.0,5.0,-4.0,0,The algorithm converged to the desired accuracy.,0.19583333333333336,5.106382978723404,0.007025484600594997,4.935743387319744e-05
3,1,2.0,1.0,2.0,80.0,4.0,5.0,-4.0,0,The algorithm converged to the desired accuracy.,0.19791666666666669,5.052631578947368,0.007143165440193429,5.102481250597379e-05
3,1,2.0,1.0,2.0,80.0,4.0,5.0,-4.0,0,The algorithm converged to the desired accuracy.,0.2,5.0,0.0072614082585939965,5.2728049897977095e-05
3,1,2.0,1.0,2.0,80.0,4.0,5.0,-4.0,0,The algorithm converged to the desired accuracy.,0.20208333333333334,4.948453608247423,0.007380206086124978,5.446744187367617e-05
3,1,2.0,1.0,2.0,80.0,4.0,5.0,-4.0,0,The algorithm converged to the desired accuracy.,0.20416666666666666,4.8979591836734695,0.007499552030574185,5.6243280659289385e-05
3,1,2.0,1.0,2.0,80.0,4.0,5.0,-4.0,0,The algorithm converged to the desired accuracy.,0.20625,4.848484848484849,0.007619439294034992,5.8055855155484456e-05
3,1,2.0,1.0,2.0,80.0,4.0,5.0,-4.0,0,The algorithm converged to the desired accuracy.,0.20833333333333331,4.800000000000001,0.007739861157056342,5.990545073050953e-05
3,1,2.0,1.0,2.0,80.0,4.0,5.0,-4.0,0,The algorithm converged to the desired accuracy.,0.21041666666666664,4.752475247524753,0.0078608109694716,6.179234909776503e-05
3,1,2.0,1.0,2.0,80.0,4.0,5.0,-4.0,0,The algorithm converged to the desired accuracy.,0.21250000000000002,4.705882352941176,0.00798228214446553,6.371682823385322e-05
3,1,2.0,1.0,2.0,80.0,4.0,5.0,-4.0,0,The algorithm converged to the desired accuracy.,0.21458333333333335,4.660194174757281,0.008104268152697856,6.567916229083272e-05
3,1,2.0,1.0,2.0,80.0,4.0,5.0,-4.0,0,The algorithm converged to the desired accuracy.,0.21666666666666667,4.615384615384615,0.00822676255063512,6.767962206453245e-05
3,1,2.0,1.0,2.0,80.0,4.0,5.0,-4.0,0,The algorithm converged to the desired accuracy.,0.21875,4.571428571428571,0.008349758990690643,6.971847520261922e-05
3,1,2.0,1.0,2.0,80.0,4.0,5.0,-4.0,0,The algorithm converged to the desired accuracy.,0.22083333333333333,4.528301886792453,0.008473251181340515,7.179598558208843e-05
3,1,2.0,1.0,2.0,80.0,4.0,5.0,-4.0,0,The algorithm converged to the desired accuracy.,0.22291666666666665,4.4859813084112155,0.008597232875492066,7.391241311544157e-05
3,1,2.0,1.0,2.0,80.0,4.0,5.0,-4.0,0,The algorithm converged to the desired accuracy.,0.22499999999999998,4.444444444444445,0.008721697873898844,7.606801380357163e-05
3,1,2.0,1.0,2.0,80.0,4.0,5.0,-4.0,0,The algorithm converged to the desired accuracy.,0.22708333333333336,4.403669724770642,0.008846640093450667,7.826304094304882e-05
3,1,2.0,1.0,2.0,80.0,4.0,5.0,-4.0,0,The algorithm converged to the desired accuracy.,0.22916666666666669,4.363636363636363,0.008972053519140495,8.049774435032134e-05
3,1,2.0,1.0,2.0,80.0,4.0,5.0,-4.0,0,The algorithm converged to the desired accuracy.,0.23125,4.324324324324324,0.00909793216278409,8.277236963862118e-05
3,1,2.0,1.0,2.0,80.0,4.0,5.0,-4.0,0,The algorithm converged to the desired accuracy.,0.23333333333333334,4.285714285714286,0.009224270067947054,8.508715828642395e-05
3,1,2.0,1.0,2.0,80.0,4.0,5.0,-4.0,0,The algorithm converged to the desired accuracy.,0.23541666666666666,4.247787610619469,0.009351061407761182,8.744234945172052e-05
3,1,2.0,1.0,2.0,80.0,4.0,5.0,-4.0,0,The algorithm converged to the desired accuracy.,0.2375,4.2105263157894735,0.009478300415834908,8.98381787728162e-05
3,1,2.0,1.0,2.0,80.0,4.0,5.0,-4.0,0,The algorithm converged to the desired accuracy.,0.23958333333333331,4.173913043478261,0.009605981326660747,9.227487724815495e-05
3,1,2.0,1.0,2.0,80.0,4.0,5.0,-4.0,0,The algorithm converged to the desired accuracy.,0.24166666666666664,4.137931034482759,0.009734098430739373,9.475267225932273e-05
3,1,2.0,1.0,2.0,80.0,4.0,5.0,-4.0,0,The algorithm converged to the desired accuracy.,0.24375000000000002,4.102564102564102,0.009862646160360757,9.727178928447878e-05
3,1,2.0,1.0,2.0,80.0,4.0,5.0,-4.0,0,The algorithm converged to the desired accuracy.,0.24583333333333335,4.067796610169491,0.009991618952122874,9.9832449284421e-05
3,1,2.0,1.0,2.0,80.0,4.0,5.0,-4.0,0,The algorithm converged to the desired accuracy.,0.24791666666666667,4.033613445378151,0.010121011236662592,0.00010243486845265044
3,1,2.0,1.0,2.0,80.0,4.0,5.0,-4.0,0,The algorithm converged to the desired accuracy.,0.25,4.0,0.010250817600965247,0.0001050792614882589
3,1,2.0,1.0,2.0,80.0,4.0,5.0,-4.0,0,The algorithm converged to the desired accuracy.,0.2520833333333333,3.9669421487603307,0.010381032672446902,0.00010776583934641007
3,1,2.0,1.0,2.0,80.0,4.0,5.0,-4.0,0,The algorithm converged to the desired accuracy.,0.25416666666666665,3.934426229508197,0.01051165103756327,0.00011049480753550498
3,1,2.0,1.0,2.0,80.0,4.0,5.0,-4.0,0,The algorithm converged to the desired accuracy.,0.25625,3.9024390243902443,0.0106426674265701,0.00011326636995257623
3,1,2.0,1.0,2.0,80.0,4.0,5.0,-4.0,0,The algorithm converged to the desired accuracy.,0.25833333333333336,3.8709677419354835,0.010774076639177295,0.00011608072742686591
3,1,2.0,1.0,2.0,80.0,4.0,5.0,-4.0,0,The algorithm converged to the desired accuracy.,0.2604166666666667,3.84,0.010905873410288648,0.00011893807484124096
3,1,2.0,1.0,2.0,80.0,4.0,5.0,-4.0,0,The algorithm converged to the desired accuracy.,0.2625,3.8095238095238093,0.011038052625856897,0.00012183860577118634
3,1,2.0,1.0,2.0,80.0,4.0,5.0,-4.0,0,The algorithm converged to the desired accuracy.,0.26458333333333334,3.779527559055118,0.011170609235207591,0.0001247825106857051
3,1,2.0,1.0,2.0,80.0,4.0,5.0,-4.0,0,The algorithm converged to the desired accuracy.,0.26666666666666666,3.75,0.011303538110194853,0.00012776997380862745
3,1,2.0,1.0,2.0,80.0,4.0,5.0,-4.0,0,The algorithm converged to the desired accuracy.,0.26875,3.7209302325581395,0.011436834309652814,0.00013080117902645175
3,1,2.0,1.0,2.0,80.0,4.0,5.0,-4.0,0,The algorithm converged to the desired accuracy.,0.2708333333333333,3.6923076923076925,0.011570492901630166,0.00013387630598667407
3,1,2.0,1.0,2.0,80.0,4.0,5.0,-4.0,0,The algorithm converged to the desired accuracy.,0.27291666666666664,3.6641221374045805,0.011704508901560015,0.00013699552862669762
3,1,2.0,1.0,2.0,80.0,4.0,5.0,-4.0,0,The algorithm converged to the desired accuracy.,0.275,3.6363636363636362,0.01183887754337073,0.00014015902148692777
3,1,2.0,1.0,2.0,80.0,4.0,5.0,-4.0,0,The algorithm converged to the desired accuracy.,0.27708333333333335,3.6090225563909772,0.011973593974672677,0.00014336695267031785
3,1,2.0,1.0,2.0,80.0,4.0,5.0,-4.0,0,The algorithm converged to the desired accuracy.,0.2791666666666667,3.582089552238806,0.012108653401872537,0.00014661948720667937
3,1,2.0,1.0,2.0,80.0,4.0,5.0,-4.0,0,The algorithm converged to the desired accuracy.,0.28125,3.5555555555555554,0.012244051185915624,0.0001499167894433218
3,1,2.0,1.0,2.0,80.0,4.0,5.0,-4.0,0,The algorithm converged to the desired accuracy.,0.2833333333333333,3.5294117647058822,0.012379782549703178,0.0001532590159779353
3,1,2.0,1.0,2.0,80.0,4.0,5.0,-4.0,0,The algorithm converged to the desired accuracy.,0.28541666666666665,3.5036496350364965,0.012515842932347199,0.00015664632430718533
3,1,2.0,1.0,2.0,80.0,4.0,5.0,-4.0,0,The algorithm converged to the desired accuracy.,0.2875,3.4782608695652177,0.012652227730973855,0.0001600788665564238
3,1,2.0,1.0,2.0,80.0,4.0,5.0,-4.0,0,The algorithm converged to the desired accuracy.,0.28958333333333336,3.4532374100719423,0.012788932345096114,0.0001635567905274456
3,1,2.0,1.0,2.0,80.0,4.0,5.0,-4.0,0,The algorithm converged to the desired accuracy.,0.2916666666666667,3.4285714285714284,0.012925952363900392,0.00016708024451382212
3,1,2.0,1.0,2.0,80.0,4.0,5.0,-4.0,0,The algorithm converged to the desired accuracy.,0.29375,3.404255319148936,0.013063283210982567,0.000170649368250339
3,1,2.0,1.0,2.0,80.0,4.0,5.0,-4.0,0,The algorithm converged to the desired accuracy.,0.29583333333333334,3.380281690140845,0.013200920555575127,0.00017426430351460593
3,1,2.0,1.0,2.0,80.0,4.0,5.0,-4.0,0,The algorithm converged to the desired accuracy.,0.29791666666666666,3.3566433566433567,0.013338859964870125,0.00017792518516241502
3,1,2.0,1.0,2.0,80.0,4.0,5.0,-4.0,0,The algorithm converged to the desired accuracy.,0.3,3.3333333333333335,0.013477097090829894,0.0001816321459956556
3,1,2.0,1.0,2.25,80.0,4.0,5.0,-3.9375,0,The algorithm converged to the desired accuracy.,0.05,20.0,0.000216165368301218,4.672746645280122e-08
3,1,2.0,1.0,2.25,80.0,4.0,5.0,-3.9375,0,The algorithm converged to the desired accuracy.,0.052083333333333336,19.2,0.00023127503353832793,5.348814113815471e-08
3,1,2.0,1.0,2.25,80.0,4.0,5.0,-3.9375,0,The algorithm converged to the desired accuracy.,0.05416666666666667,18.46153846153846,0.0002467637609252061,6.089235370595226e-08
3,1,2.0,1.0,2.25,80.0,4.0,5.0,-3.9375,0,The algorithm converged to the desired accuracy.,0.05625,17.77777777777778,0.00026262393099788493,6.897132913278183e-08
3,1,2.0,1.0,2.25,80.0,4.0,5.0,-3.9375,0,The algorithm converged to the desired accuracy.,0.058333333333333334,17.142857142857142,0.0002788482459604325,7.775634427520987e-08
3,1,2.0,1.0,2.25,80.0,4.0,5.0,-3.9375,0,The algorithm converged to the desired accuracy.,0.06041666666666667,16.551724137931036,0.00029542970408171995,8.727871005381262e-08
3,1,2.0,1.0,2.25,80.0,4.0,5.0,-3.9375,0,The algorithm converged to the desired accuracy.,0.0625,16.0,0.00031236157692094606,9.756975473654011e-08
3,1,2.0,1.0,2.25,80.0,4.0,5.0,-3.9375,0,The algorithm converged to the desired accuracy.,0.06458333333333334,15.483870967741934,0.00032963739097164983,1.0866080952659632e-07
3,1,2.0,1.0,2.25,80.0,4.0,5.0,-3.9375,0,The algorithm converged to the desired accuracy.,0.06666666666666667,15.0,0.00034725091189546177,1.2058319581222975e-07
3,1,2.0,1.0,2.25,80.0,4.0,5.0,-3.9375,0,The algorithm converged to the desired accuracy.,0.06875,14.545454545454545,0.00036519611904246185,1.3336820536367596e-07
3,1,2.0,1.0,2.25,80.0,4.0,5.0,-3.9375,0,The algorithm converged to the desired accuracy.,0.07083333333333333,14.117647058823529,0.00038346720465321627,1.4704709704455164e-07
3,1,2.0,1.0,2.25,80.0,4.0,5.0,-3.9375,0,The algorithm converged to the desired accuracy.,0.07291666666666667,13.714285714285714,0.0004020585458522566,1.616510742928311e-07
3,1,2.0,1.0,2.25,80.0,4.0,5.0,-3.9375,0,The algorithm converged to the desired accuracy.,0.07500000000000001,13.333333333333332,0.00042096470872066626,1.7721128598827539e-07
3,1,2.0,1.0,2.25,80.0,4.0,5.0,-3.9375,0,The algorithm converged to the desired accuracy.,0.07708333333333334,12.972972972972972,0.0004401804221042607,1.9375880400388511e-07
3,1,2.0,1.0,2.25,80.0,4.0,5.0,-3.9375,0,The algorithm converged to the desired accuracy.,0.07916666666666666,12.631578947368421,0.0004597005755404636,2.113246191522335e-07
3,1,2.0,1.0,2.25,80.0,4.0,5.0,-3.9375,0,The algorithm converged to the desired accuracy.,0.08125,12.307692307692307,0.0004795202120429711,2.2993963375773598e-07
3,1,2.0,1.0,2.25,80.0,4.0,5.0,-3.9375,0,The algorithm converged to the desired accuracy.,0.08333333333333334,11.999999999999998,0.0004996345154504323,2.496346490293883e-07
3,1,2.0,1.0,2.25,80.0,4.0,5.0,-3.9375,0,The algorithm converged to the desired accuracy.,0.08541666666666667,11.707317073170731,0.0005200388036549914,2.704403573069147e-07
3,1,2.0,1.0,2.25,80.0,4.0,5.0,-3.9375,0,The algorithm converged to the desired accuracy.,0.0875,11.428571428571429,0.0005407285220735206,2.923873345838138e-07
3,1,2.0,1.0,2.25,80.0,4.0,5.0,-3.9375,0,The algorithm converged to the desired accuracy.,0.08958333333333333,11.162790697674419,0.0005616992371991865,3.1550603307014805e-07
3,1,2.0,1.0,2.25,80.0,4.0,5.0,-3.9375,0,The algorithm converged to the desired accuracy.,0.09166666666666667,10.909090909090908,0.000582946630456938,3.398267739610979e-07
3,1,2.0,1.0,2.25,80.0,4.0,5.0,-3.9375,0,The algorithm converged to the desired accuracy.,0.09375,10.666666666666666,0.0006044664921241336,3.653797401008552e-07
3,1,2.0,1.0,2.25,80.0,4.0,5.0,-3.9375,0,The algorithm converged to the desired accuracy.,0.09583333333333333,10.434782608695652,0.0006262547150481769,3.921949681200733e-07
3,1,2.0,1.0,2.25,80.0,4.0,5.0,-3.9375,0,The algorithm converged to the desired accuracy.,0.09791666666666667,10.212765957446809,0.0006483072927108844,4.203023457821163e-07
3,1,2.0,1.0,2.25,80.0,4.0,5.0,-3.9375,0,The algorithm converged to the desired accuracy.,0.1,10.0,0.0006706203161188317,4.497316083913217e-07
3,1,2.0,1.0,2.25,80.0,4.0,5.0,-3.9375,0,The algorithm converged to the desired accuracy.,0.10208333333333333,9.795918367346939,0.0006931899643175246,4.80512326630531e-07
3,1,2.0,1.0,2.25,80.0,4.0,5.0,-3.9375,0,The algorithm converged to the desired accuracy.,0.10416666666666667,9.6,0.000716012496539156,5.126738952002348e-07
3,1,2.0,1.0,2.25,80.0,4.0,5.0,-3.9375,0,The algorithm converged to the desired accuracy.,0.10625000000000001,9.411764705882351,0.0007390842657321604,5.462455518528468e-07
3,1,2.0,1.0,2.25,80.0,4.0,5.0,-3.9375,0,The algorithm converged to the desired accuracy.,0.10833333333333334,9.23076923076923,0.0007624016995999746,5.8125635155293e-07
3,1,2.0,1.0,2.25,80.0,4.0,5.0,-3.9375,0,The algorithm converged to the desired accuracy.,0.11041666666666666,9.056603773584905,0.000785961294810735,6.177351569405672e-07
3,1,2.0,1.0,2.25,80.0,4.0,5.0,-3.9375,0,The algorithm converged to the desired accuracy.,0.1125,8.88888888888889,0.000809759637221009,6.557106700723001e-07
3,1,2.0,1.0,2.25,80.0,4.0,5.0,-3.9375,0,The algorithm converged to the desired accuracy.,0.11458333333333333,8.727272727272728,0.0008337933619676822,6.952113704613703e-07
3,1,2.0,1.0,2.25,80.0,4.0,5.0,-3.9375,0,The algorithm converged to the desired accuracy.,0.11666666666666667,8.571428571428571,0.0008580591944059726,7.362655811046268e-07
3,1,2.0,1.0,2.25,80.0,4.0,5.0,-3.9375,0,The algorithm converged to the desired accuracy.,0.11875000000000001,8.421052631578947,0.0008825539012285803,7.789013885737866e-07
3,1,2.0,1.0,2.25,80.0,4.0,5.0,-3.9375,0,The algorithm converged to the desired accuracy.,0.12083333333333333,8.275862068965518,0.0009072743347487357,8.231467184937609e-07
3,1,2.0,1.0,2.25,80.0,4.0,5.0,-3.9375,0,The algorithm converged to the desired accuracy.,0.12291666666666667,8.135593220338983,0.0009322173873099741,8.690292572030342e-07
3,1,2.0,1.0,2.25,80.0,4.0,5.0,-3.9375,0,The algorithm converged to the desired accuracy.,0.125,8.0,0.0009573800221688893,9.16576506848103e-07
3,1,2.0,1.0,2.25,80.0,4.0,5.0,-3.9375,0,The algorithm converged to the desired accuracy.,0.12708333333333333,7.868852459016394,0.0009827592578525613,9.658157588949171e-07
3,1,2.0,1.0,2.25,80.0,4.0,5.0,-3.9375,0,The algorithm converged to the desired accuracy.,0.12916666666666665,7.741935483870969,0.0010083521545634219,1.016774067612695e-06
3,1,2.0,1.0,2.25,80.0,4.0,5.0,-3.9375,0,The algorithm converged to the desired accuracy.,0.13125,7.619047619047619,0.0010341558417875571,1.0694783051033309e-06
3,1,2.0,1.0,2.25,80.0,4.0,5.0,-3.9375,0,The algorithm converged to the desired accuracy.,0.13333333333333333,7.5,0.0010601674923588625,1.1239551118544789e-06
3,1,2.0,1.0,2.25,80.0,4.0,5.0,-3.9375,0,The algorithm converged to the desired accuracy.,0.13541666666666669,7.384615384615383,0.0010863843201902408,1.1802308911552117e-06
3,1,2.0,1.0,2.25,80.0,4.0,5.0,-3.9375,0,The algorithm converged to the desired accuracy.,0.1375,7.2727272727272725,0.0011128035965929579,1.2383318445902225e-06
3,1,2.0,1.0,2.25,80.0,4.0,5.0,-3.9375,0,The algorithm converged to the desired accuracy.,0.13958333333333334,7.164179104477612,0.0011394226395825973,1.2982839515933735e-06
3,1,2.0,1.0,2.25,80.0,4.0,5.0,-3.9375,0,The algorithm converged to the desired accuracy.,0.14166666666666666,7.0588235294117645,0.0011662388061514945,1.3601129529736632e-06
3,1,2.0,1.0,2.25,80.0,4.0,5.0,-3.9375,0,The algorithm converged to the desired accuracy.,0.14375,6.9565217391304355,0.0011932494940291845,1.4238443550009047e-06
3,1,2.0,1.0,2.25,80.0,4.0,5.0,-3.9375,0,The algorithm converged to the desired accuracy.,0.14583333333333331,6.857142857142858,0.0012204521464100574,1.489503441676916e-06
3,1,2.0,1.0,2.25,80.0,4.0,5.0,-3.9375,0,The algorithm converged to the desired accuracy.,0.14791666666666667,6.76056338028169,0.0012478442498221175,1.5571152718141233e-06
3,1,2.0,1.0,2.25,80.0,4.0,5.0,-3.9375,0,The algorithm converged to the desired accuracy.,0.15000000000000002,6.666666666666666,0.0012754233280706981,1.6267046657869357e-06
3,1,2.0,1.0,2.25,80.0,4.0,5.0,-3.9375,0,The algorithm converged to the desired accuracy.,0.15208333333333335,6.575342465753424,0.0013031869420026183,1.6982962058061357e-06
3,1,2.0,1.0,2.25,80.0,4.0,5.0,-3.9375,0,The algorithm converged to the desired accuracy.,0.15416666666666667,6.486486486486486,0.0013311326891910062,1.77191423623288e-06
3,1,2.0,1.0,2.25,80.0,4.0,5.0,-3.9375,0,The algorithm converged to the desired accuracy.,0.15625,6.4,0.0013592582033418866,1.8475828633522135e-06
3,1,2.0,1.0,2.25,80.0,4.0,5.0,-3.9375,0,The algorithm converged to the desired accuracy.,0.15833333333333333,6.315789473684211,0.0013875611535155456,1.9253259547453915e-06
3,1,2.0,1.0,2.25,80.0,4.0,5.0,-3.9375,0,The algorithm converged to the desired accuracy.,0.16041666666666665,6.233766233766234,0.001416039243357504,2.0051671387284927e-06
3,1,2.0,1.0,2.25,80.0,4.0,5.0,-3.9375,0,The algorithm converged to the desired accuracy.,0.1625,6.153846153846153,0.0014446902102192758,2.087129803503415e-06
3,1,2.0,1.0,2.25,80.0,4.0,5.0,-3.9375,0,The algorithm converged to the desired accuracy.,0.16458333333333333,6.075949367088608,0.0014735118236481202,2.171237094430809e-06
3,1,2.0,1.0,2.25,80.0,4.0,5.0,-3.9375,0,The algorithm converged to the desired accuracy.,0.16666666666666669,5.999999999999999,0.0015025018845620539,2.2575119131125236e-06
3,1,2.0,1.0,2.25,80.0,4.0,5.0,-3.9375,0,The algorithm converged to the desired accuracy.,0.16875,5.925925925925926,0.0015316582245432043,2.345976916810841e-06
3,1,2.0,1.0,2.25,80.0,4.0,5.0,-3.9375,0,The algorithm converged to the desired accuracy.,0.17083333333333334,5.853658536585366,0.0015609787051209505,2.4366545178410795e-06
3,1,2.0,1.0,2.25,80.0,4.0,5.0,-3.9375,0,The algorithm converged to the desired accuracy.,0.17291666666666666,5.783132530120482,0.0015904612170582406,2.5295668829663797e-06
3,1,2.0,1.0,2.25,80.0,4.0,5.0,-3.9375,0,The algorithm converged to the desired accuracy.,0.175,5.714285714285714,0.0016201036796482386,2.6247359328097626e-06
3,1,2.0,1.0,2.25,80.0,4.0,5.0,-3.9375,0,The algorithm converged to the desired accuracy.,0.17708333333333331,5.647058823529412,0.0016499040400231172,2.722183341284604e-06
3,1,2.0,1.0,2.25,80.0,4.0,5.0,-3.9375,0,The algorithm converged to the desired accuracy.,0.17916666666666664,5.58139534883721,0.0016798602724723707,2.8219305350309476e-06
3,1,2.0,1.0,2.25,80.0,4.0,5.0,-3.9375,0,The algorithm converged to the desired accuracy.,0.18125000000000002,5.517241379310344,0.0017099703777642286,2.923998692831139e-06
3,1,2.0,1.0,2.25,80.0,4.0,5.0,-3.9375,0,The algorithm converged to the desired accuracy.,0.18333333333333335,5.454545454545454,0.0017402323824605226,3.0284087449642268e-06
3,1,2.0,1.0,2.25,80.0,4.0,5.0,-3.9375,0,The algorithm converged to the desired accuracy.,0.18541666666666667,5.393258426966292,0.0017706443382843535,3.135181372698436e-06
3,1,2.0,1.0,2.25,80.0,4.0,5.0,-3.9375,0,The algorithm converged to the desired accuracy.,0.1875,5.333333333333333,0.0018012043220655262,3.244337009827532e-06
3,1,2.0,1.0,2.25,80.0,4.0,5.0,-3.9375,0,The algorithm converged to the desired accuracy.,0.18958333333333333,5.274725274725275,0.0018319104352792644,3.355895842885064e-06
3,1,2.0,1.0,2.25,80.0,4.0,5.0,-3.9375,0,The algorithm converged to the desired accuracy.,0.19166666666666665,5.217391304347826,0.001862760803347535,3.469877810487954e-06
3,1,2.0,1.0,2.25,80.0,4.0,5.0,-3.9375,0,The algorithm converged to the desired accuracy.,0.19374999999999998,5.161290322580646,0.001893753575041848,3.5863026029837807e-06
3,1,2.0,1.0,2.25,80.0,4.0,5.0,-3.9375,0,The algorithm converged to the desired accuracy.,0.19583333333333336,5.106382978723404,0.0019248869218115529,3.7051896617611554e-06
3,1,2.0,1.0,2.25,80.0,4.0,5.0,-3.9375,0,The algorithm converged to the desired accuracy.,0.19791666666666669,5.052631578947368,0.001956159037013463,3.826558178089439e-06
3,1,2.0,1.0,2.25,80.0,4.0,5.0,-3.9375,0,The algorithm converged to the desired accuracy.,0.2,5.0,0.0019875681350185553,3.950427091341138e-06
3,1,2.0,1.0,2.25,80.0,4.0,5.0,-3.9375,0,The algorithm converged to the desired accuracy.,0.20208333333333334,4.948453608247423,0.0020191124501706013,4.076815086433929e-06
3,1,2.0,1.0,2.25,80.0,4.0,5.0,-3.9375,0,The algorithm converged to the desired accuracy.,0.20416666666666666,4.8979591836734695,0.0020507902373609332,4.205740597654913e-06
3,1,2.0,1.0,2.25,80.0,4.0,5.0,-3.9375,0,The algorithm converged to the desired accuracy.,0.20625,4.848484848484849,0.002082599776330652,4.3372218283724825e-06
3,1,2.0,1.0,2.25,80.0,4.0,5.0,-3.9375,0,The algorithm converged to the desired accuracy.,0.20833333333333331,4.800000000000001,0.002114539367555109,4.471276736940361e-06
3,1,2.0,1.0,2.25,80.0,4.0,5.0,-3.9375,0,The algorithm converged to the desired accuracy.,0.21041666666666664,4.752475247524753,0.0021466073298524392,4.607923028576219e-06
3,1,2.0,1.0,2.25,80.0,4.0,5.0,-3.9375,0,The algorithm converged to the desired accuracy.,0.21250000000000002,4.705882352941176,0.002178801998829728,4.747178150104418e-06
3,1,2.0,1.0,2.25,80.0,4.0,5.0,-3.9375,0,The algorithm converged to the desired accuracy.,0.21458333333333335,4.660194174757281,0.002211121725346554,4.8890592842995215e-06
3,1,2.0,1.0,2.25,80.0,4.0,5.0,-3.9375,0,The algorithm converged to the desired accuracy.,0.21666666666666667,4.615384615384615,0.0022435648827746606,5.033583383219677e-06
3,1,2.0,1.0,2.25,80.0,4.0,5.0,-3.9375,0,The algorithm converged to the desired accuracy.,0.21875,4.571428571428571,0.002276129869575385,5.1807671831732586e-06
3,1,2.0,1.0,2.25,80.0,4.0,5.0,-3.9375,0,The algorithm converged to the desired accuracy.,0.22083333333333333,4.528301886792453,0.002308815099016858,5.3306271614482244e-06
3,1,2.0,1.0,2.25,80.0,4.0,5.0,-3.9375,0,The algorithm converged to the desired accuracy.,0.22291666666666665,4.4859813084112155,0.0023416189961651666,5.483179523201562e-06
3,1,2.0,1.0,2.25,80.0,4.0,5.0,-3.9375,0,The algorithm converged to the desired accuracy.,0.22499999999999998,4.444444444444445,0.0023745399987446596,5.638440205638288e-06
3,1,2.0,1.0,2.25,80.0,4.0,5.0,-3.9375,0,The algorithm converged to the desired accuracy.,0.22708333333333336,4.403669724770642,0.00240757657466033,5.796424962853168e-06
3,1,2.0,1.0,2.25,80.0,4.0,5.0,-3.9375,0,The algorithm converged to the desired accuracy.,0.22916666666666669,4.363636363636363,0.002440727209629521,5.957149311825908e-06
3,1,2.0,1.0,2.25,80.0,4.0,5.0,-3.9375,0,The algorithm converged to the desired accuracy.,0.23125,4.324324324324324,0.0024739903965611005,6.120628482276551e-06
3,1,2.0,1.0,2.25,80.0,4.0,5.0,-3.9375,0,The algorithm converged to the desired accuracy.,0.23333333333333334,4.285714285714286,0.0025073646368102627,6.286877421926661e-06
3,1,2.0,1.0,2.25,80.0,4.0,5.0,-3.9375,0,The algorithm converged to the desired accuracy.,0.23541666666666666,4.247787610619469,0.0025408484652730775,6.455910923480553e-06
3,1,2.0,1.0,2.25,80.0,4.0,5.0,-3.9375,0,The algorithm converged to the desired accuracy.,0.2375,4.2105263157894735,0.002574440432622702,6.627743541122564e-06
3,1,2.0,1.0,2.25,80.0,4.0,5.0,-3.9375,0,The algorithm converged to the desired accuracy.,0.23958333333333331,4.173913043478261,0.002608139090001322,6.802389512792925e-06
3,1,2.0,1.0,2.25,80.0,4.0,5.0,-3.9375,0,The algorithm converged to the desired accuracy.,0.24166666666666664,4.137931034482759,0.002641943003158616,6.979862831938767e-06
3,1,2.0,1.0,2.25,80.0,4.0,5.0,-3.9375,0,The algorithm converged to the desired accuracy.,0.24375000000000002,4.102564102564102,0.0026758507744403773,7.160177367073167e-06
3,1,2.0,1.0,2.25,80.0,4.0,5.0,-3.9375,0,The algorithm converged to the desired accuracy.,0.24583333333333335,4.067796610169491,0.0027098610074945385,7.343346679939315e-06
3,1,2.0,1.0,2.25,80.0,4.0,5.0,-3.9375,0,The algorithm converged to the desired accuracy.,0.24791666666666667,4.033613445378151,0.002743972304635613,7.529384008607278e-06
3,1,2.0,1.0,2.25,80.0,4.0,5.0,-3.9375,0,The algorithm converged to the desired accuracy.,0.25,4.0,0.002778183308457582,7.718302495392316e-06
3,1,2.0,1.0,2.25,80.0,4.0,5.0,-3.9375,0,The algorithm converged to the desired accuracy.,0.2520833333333333,3.9669421487603307,0.0028124926720835544,7.910115030523691e-06
3,1,2.0,1.0,2.25,80.0,4.0,5.0,-3.9375,0,The algorithm converged to the desired accuracy.,0.25416666666666665,3.934426229508197,0.002846899038294221,8.10483413424056e-06
3,1,2.0,1.0,2.25,80.0,4.0,5.0,-3.9375,0,The algorithm converged to the desired accuracy.,0.25625,3.9024390243902443,0.0028814010868843895,8.302472223498541e-06
3,1,2.0,1.0,2.25,80.0,4.0,5.0,-3.9375,0,The algorithm converged to the desired accuracy.,0.25833333333333336,3.8709677419354835,0.0029159975155822688,8.503041510881964e-06
3,1,2.0,1.0,2.25,80.0,4.0,5.0,-3.9375,0,The algorithm converged to the desired accuracy.,0.2604166666666667,3.84,0.0029506870056359652,8.70655380522894e-06
3,1,2.0,1.0,2.25,80.0,4.0,5.0,-3.9375,0,The algorithm converged to the desired accuracy.,0.2625,3.8095238095238093,0.002985468277121356,8.913020833697957e-06
3,1,2.0,1.0,2.25,80.0,4.0,5.0,-3.9375,0,The algorithm converged to the desired accuracy.,0.26458333333333334,3.779527559055118,0.0030203400664546814,9.12245411703147e-06
3,1,2.0,1.0,2.25,80.0,4.0,5.0,-3.9375,0,The algorithm converged to the desired accuracy.,0.26666666666666666,3.75,0.0030553010903087295,9.334864752441711e-06
3,1,2.0,1.0,2.25,80.0,4.0,5.0,-3.9375,0,The algorithm converged to the desired accuracy.,0.26875,3.7209302325581395,0.003090350113345818,9.55026382305651e-06
3,1,2.0,1.0,2.25,80.0,4.0,5.0,-3.9375,0,The algorithm converged to the desired accuracy.,0.2708333333333333,3.6923076923076925,0.0031254859026670395,9.768662127770398e-06
3,1,2.0,1.0,2.25,80.0,4.0,5.0,-3.9375,0,The algorithm converged to the desired accuracy.,0.27291666666666664,3.6641221374045805,0.003160707211981251,9.990070079870293e-06
3,1,2.0,1.0,2.25,80.0,4.0,5.0,-3.9375,0,The algorithm converged to the desired accuracy.,0.275,3.6363636363636362,0.00319601285101338,1.0214498143842672e-05
3,1,2.0,1.0,2.25,80.0,4.0,5.0,-3.9375,0,The algorithm converged to the desired accuracy.,0.27708333333333335,3.6090225563909772,0.0032314016074479184,1.0441956348616991e-05
3,1,2.0,1.0,2.25,80.0,4.0,5.0,-3.9375,0,The algorithm converged to the desired accuracy.,0.2791666666666667,3.582089552238806,0.0032668722840823203,1.0672454520505237e-05
3,1,2.0,1.0,2.25,80.0,4.0,5.0,-3.9375,0,The algorithm converged to the desired accuracy.,0.28125,3.5555555555555554,0.003302423723316078,1.0906002448320828e-05
3,1,2.0,1.0,2.25,80.0,4.0,5.0,-3.9375,0,The algorithm converged to the desired accuracy.,0.2833333333333333,3.5294117647058822,0.0033380547322637063,1.1142609395588124e-05
3,1,2.0,1.0,2.25,80.0,4.0,5.0,-3.9375,0,The algorithm converged to the desired accuracy.,0.28541666666666665,3.5036496350364965,0.003373764173408665,1.1382284697775853e-05
3,1,2.0,1.0,2.25,80.0,4.0,5.0,-3.9375,0,The algorithm converged to the desired accuracy.,0.2875,3.4782608695652177,0.003409550898519051,1.1625037329592069e-05
3,1,2.0,1.0,2.25,80.0,4.0,5.0,-3.9375,0,The algorithm converged to the desired accuracy.,0.28958333333333336,3.4532374100719423,0.003445413760005026,1.187087597763197e-05
3,1,2.0,1.0,2.25,80.0,4.0,5.0,-3.9375,0,The algorithm converged to the desired accuracy.,0.2916666666666667,3.4285714285714284,0.0034813516588173155,1.2119809372350075e-05
3,1,2.0,1.0,2.25,80.0,4.0,5.0,-3.9375,0,The algorithm converged to the desired accuracy.,0.29375,3.404255319148936,0.0035173634535674756,1.237184566449212e-05
3,1,2.0,1.0,2.25,80.0,4.0,5.0,-3.9375,0,The algorithm converged to the desired accuracy.,0.29583333333333334,3.380281690140845,0.0035534480657052393,1.2626993155664307e-05
3,1,2.0,1.0,2.25,80.0,4.0,5.0,-3.9375,0,The algorithm converged to the desired accuracy.,0.29791666666666666,3.3566433566433567,0.0035896043905884675,1.2885259680932003e-05
3,1,2.0,1.0,2.25,80.0,4.0,5.0,-3.9375,0,The algorithm converged to the desired accuracy.,0.3,3.3333333333333335,0.003625831345258329,1.3146652944257823e-05
3,1,2.0,1.0,2.5,80.0,4.0,5.0,-3.75,0,The algorithm converged to the desired accuracy.,0.05,20.0,5.48573523959487e-05,3.0093291118932985e-09
3,1,2.0,1.0,2.5,80.0,4.0,5.0,-3.75,0,The algorithm converged to the desired accuracy.,0.052083333333333336,19.2,5.8259732326931016e-05,3.394196410805651e-09
3,1,2.0,1.0,2.5,80.0,4.0,5.0,-3.75,0,The algorithm converged to the desired accuracy.,0.05416666666666667,18.46153846153846,6.172463181608232e-05,3.809930172830921e-09
3,1,2.0,1.0,2.5,80.0,4.0,5.0,-3.75,0,The algorithm converged to the desired accuracy.,0.05625,17.77777777777778,6.525047393548531e-05,4.257624348805448e-09
3,1,2.0,1.0,2.5,80.0,4.0,5.0,-3.75,0,The algorithm converged to the desired accuracy.,0.058333333333333334,17.142857142857142,6.883576349861051e-05,4.73836233643664e-09
3,1,2.0,1.0,2.5,80.0,4.0,5.0,-3.75,0,The algorithm converged to the desired accuracy.,0.06041666666666667,16.551724137931036,7.247907974303187e-05,5.253217000396773e-09
3,1,2.0,1.0,2.5,80.0,4.0,5.0,-3.75,0,The algorithm converged to the desired accuracy.,0.0625,16.0,7.617906989551938e-05,5.8032506901464264e-09
3,1,2.0,1.0,2.5,80.0,4.0,5.0,-3.75,0,The algorithm converged to the desired accuracy.,0.06458333333333334,15.483870967741934,7.993444386424248e-05,6.389515315885732e-09
3,1,2.0,1.0,2.5,80.0,4.0,5.0,-3.75,0,The algorithm converged to the desired accuracy.,0.06666666666666667,15.0,8.374396965562165e-05,7.01305245368168e-09
3,1,2.0,1.0,2.5,80.0,4.0,5.0,-3.75,0,The algorithm converged to the desired accuracy.,0.06875,14.545454545454545,8.760646715811395e-05,7.674893087925699e-09
3,1,2.0,1.0,2.5,80.0,4.0,5.0,-3.75,0,The algorithm converged to the desired accuracy.,0.07083333333333333,14.117647058823529,9.152080677592969e-05,8.376058072917058e-09
3,1,2.0,1.0,2.5,80.0,4.0,5.0,-3.75,0,The algorithm converged to the desired accuracy.,0.07291666666666667,13.714285714285714,9.548590306596246e-05,9.11755768432238e-09
3,1,2.0,1.0,2.5,80.0,4.0,5.0,-3.75,0,The algorithm converged to the desired accuracy.,0.07500000000000001,13.333333333333332,9.950071454667712e-05,9.900392195299325e-09
3,1,2.0,1.0,2.5,80.0,4.0,5.0,-3.75,0,The algorithm converged to the desired accuracy.,0.07708333333333334,12.972972972972972,0.00010356423793314778,1.0725551378673645e-08
3,1,2.0,1.0,2.5,80.0,4.0,5.0,-3.75,0,The algorithm converged to the desired accuracy.,0.07916666666666666,12.631578947368421,0.00010767550699569005,1.1594014806778897e-08
3,1,2.0,1.0,2.5,80.0,4.0,5.0,-3.75,0,The algorithm converged to the desired accuracy.,0.08125,12.307692307692307,0.00011183359052601318,1.2506751969939985e-08
3,1,2.0,1.0,2.5,80.0,4.0,5.0,-3.75,0,The algorithm converged to the desired accuracy.,0.08333333333333334,11.999999999999998,0.00011603758937110154,1.3464722147056377e-08
3,1,2.0,1.0,2.5,80.0,4.0,5.0,-3.75,0,The algorithm converged to the desired accuracy.,0.08541666666666667,11.707317073170731,0.00012028663462745083,1.4468874469997853e-08
3,1,2.0,1.0,2.5,80.0,4.0,5.0,-3.75,0,The algorithm converged to the desired accuracy.,0.0875,11.428571428571429,0.0001245798859348865,1.5520147979549333e-08
3,1,2.0,1.0,2.5,80.0,4.0,5.0,-3.75,0,The algorithm converged to the desired accuracy.,0.08958333333333333,11.162790697674419,0.00012891652983487237,1.661947166466554e-08
3,1,2.0,1.0,2.5,80.0,4.0,5.0,-3.75,0,The algorithm converged to the desired accuracy.,0.09166666666666667,10.909090909090908,0.00013329577822963635,1.7767764493844397e-08
3,1,2.0,1.0,2.5,80.0,4.0,5.0,-3.75,0,The algorithm converged to the desired accuracy.,0.09375,10.666666666666666,0.00013771686689403317,1.8965935427108848e-08
3,1,2.0,1.0,2.5,80.0,4.0,5.0,-3.75,0,The algorithm converged to the desired accuracy.,0.09583333333333333,10.434782608695652,0.00014217905398798288,2.0214883392917748e-08
3,1,2.0,1.0,2.5,80.0,4.0,5.0,-3.75,0,The algorithm converged to the desired accuracy.,0.09791666666666667,10.212765957446809,0.00014668161939082882,2.1515497467115967e-08
3,1,2.0,1.0,2.5,80.0,4.0,5.0,-3.75,0,The algorithm converged to the desired accuracy.,0.1,10.0,0.00015122386384582213,2.286865699645975e-08
3,1,2.0,1.0,2.5,80.0,4.0,5.0,-3.75,0,The algorithm converged to the desired accuracy.,0.10208333333333333,9.795918367346939,0.00015580510697699038,2.4275231360111417e-08
3,1,2.0,1.0,2.5,80.0,4.0,5.0,-3.75,0,The algorithm converged to the desired accuracy.,0.10416666666666667,9.6,0.0001604246856366351,2.57360797616132e-08
3,1,2.0,1.0,2.5,80.0,4.0,5.0,-3.75,0,The algorithm converged to the desired accuracy.,0.10625000000000001,9.411764705882351,0.00016508195612195762,2.7252052237051942e-08
3,1,2.0,1.0,2.5,80.0,4.0,5.0,-3.75,0,The algorithm converged to the desired accuracy.,0.10833333333333334,9.23076923076923,0.00016977629054871975,2.8823988832483307e-08
3,1,2.0,1.0,2.5,80.0,4.0,5.0,-3.75,0,The algorithm converged to the desired accuracy.,0.11041666666666666,9.056603773584905,0.00017450707563309174,3.04527194460136e-08
3,1,2.0,1.0,2.5,80.0,4.0,5.0,-3.75,0,The algorithm converged to the desired accuracy.,0.1125,8.88888888888889,0.00017927371613933103,3.213906529840544e-08
3,1,2.0,1.0,2.5,80.0,4.0,5.0,-3.75,0,The algorithm converged to the desired accuracy.,0.11458333333333333,8.727272727272728,0.00018407562757446165,3.3883836666931907e-08
3,1,2.0,1.0,2.5,80.0,4.0,5.0,-3.75,0,The algorithm converged to the desired accuracy.,0.11666666666666667,8.571428571428571,0.00018891224335819634,3.56878356906264e-08
3,1,2.0,1.0,2.5,80.0,4.0,5.0,-3.75,0,The algorithm converged to the desired accuracy.,0.11875000000000001,8.421052631578947,0.00019378300596093563,3.7551853399256015e-08
3,1,2.0,1.0,2.5,80.0,4.0,5.0,-3.75,0,The algorithm converged to the desired accuracy.,0.12083333333333333,8.275862068965518,0.00019868737466677223,3.9476672851974324e-08
3,1,2.0,1.0,2.5,80.0,4.0,5.0,-3.75,0,The algorithm converged to the desired accuracy.,0.12291666666666667,8.135593220338983,0.00020362481734297825,4.1463066237961254e-08
3,1,2.0,1.0,2.5,80.0,4.0,5.0,-3.75,0,The algorithm converged to the desired accuracy.,0.125,8.0,0.00020859481581883216,4.351179718649251e-08
3,1,2.0,1.0,2.5,80.0,4.0,5.0,-3.75,0,The algorithm converged to the desired accuracy.,0.12708333333333333,7.868852459016394,0.00021359686300159996,4.562361988412426e-08
3,1,2.0,1.0,2.5,80.0,4.0,5.0,-3.75,0,The algorithm converged to the desired accuracy.,0.12916666666666665,7.741935483870969,0.00021863046038188521,4.779927820679508e-08
3,1,2.0,1.0,2.5,80.0,4.0,5.0,-3.75,0,The algorithm converged to the desired accuracy.,0.13125,7.619047619047619,0.00022369512282179485,5.0039507974257887e-08
3,1,2.0,1.0,2.5,80.0,4.0,5.0,-3.75,0,The algorithm converged to the desired accuracy.,0.13333333333333333,7.5,0.00022879037388765392,5.234503518365247e-08
3,1,2.0,1.0,2.5,80.0,4.0,5.0,-3.75,0,The algorithm converged to the desired accuracy.,0.13541666666666669,7.384615384615383,0.00023391574538062562,5.471657593697367e-08
3,1,2.0,1.0,2.5,80.0,4.0,5.0,-3.75,0,The algorithm converged to the desired accuracy.,0.1375,7.2727272727272725,0.00023907078013510563,5.7154837914408015e-08
3,1,2.0,1.0,2.5,80.0,4.0,5.0,-3.75,0,The algorithm converged to the desired accuracy.,0.13958333333333334,7.164179104477612,0.000244255030064077,5.966051971160316e-08
3,1,2.0,1.0,2.5,80.0,4.0,5.0,-3.75,0,The algorithm converged to the desired accuracy.,0.14166666666666666,7.0588235294117645,0.00024946805474142947,6.223431033647285e-08
3,1,2.0,1.0,2.5,80.0,4.0,5.0,-3.75,0,The algorithm converged to the desired accuracy.,0.14375,6.9565217391304355,0.00025470942165433037,6.487688947948346e-08
3,1,2.0,1.0,2.5,80.0,4.0,5.0,-3.75,0,The algorithm converged to the desired accuracy.,0.14583333333333331,6.857142857142858,0.0002599787069742724,6.758892808001458e-08
3,1,2.0,1.0,2.5,80.0,4.0,5.0,-3.75,0,The algorithm converged to the desired accuracy.,0.14791666666666667,6.76056338028169,0.00026527549512750127,7.037108831514095e-08
3,1,2.0,1.0,2.5,80.0,4.0,5.0,-3.75,0,The algorithm converged to the desired accuracy.,0.15000000000000002,6.666666666666666,0.00027059937768744946,7.322402320483492e-08
3,1,2.0,1.0,2.5,80.0,4.0,5.0,-3.75,0,The algorithm converged to the desired accuracy.,0.15208333333333335,6.575342465753424,0.00027594995328834165,7.614837671983794e-08
3,1,2.0,1.0,2.5,80.0,4.0,5.0,-3.75,0,The algorithm converged to the desired accuracy.,0.15416666666666667,6.486486486486486,0.0002813268275269201,7.914478388636146e-08
3,1,2.0,1.0,2.5,80.0,4.0,5.0,-3.75,0,The algorithm converged to the desired accuracy.,0.15625,6.4,0.00028672961281782936,8.221387086666233e-08
3,1,2.0,1.0,2.5,80.0,4.0,5.0,-3.75,0,The algorithm converged to the desired accuracy.,0.15833333333333333,6.315789473684211,0.00029215792821902175,8.535625502123106e-08
3,1,2.0,1.0,2.5,80.0,4.0,5.0,-3.75,0,The algorithm converged to the desired accuracy.,0.16041666666666665,6.233766233766234,0.00029761139926111303,8.857254497015763e-08
3,1,2.0,1.0,2.5,80.0,4.0,5.0,-3.75,0,The algorithm converged to the desired accuracy.,0.1625,6.153846153846153,0.0003030896577595582,9.186334064080611e-08
3,1,2.0,1.0,2.5,80.0,4.0,5.0,-3.75,0,The algorithm converged to the desired accuracy.,0.16458333333333333,6.075949367088608,0.00030859234151996173,9.522923324477269e-08
3,1,2.0,1.0,2.5,80.0,4.0,5.0,-3.75,0,The algorithm converged to the desired accuracy.,0.16666666666666669,5.999999999999999,0.00031411909416445257,9.867080531869622e-08
3,1,2.0,1.0,2.5,80.0,4.0,5.0,-3.75,0,The algorithm converged to the desired accuracy.,0.16875,5.925925925925926,0.00031966956498026447,1.0218863077467153e-07
3,1,2.0,1.0,2.5,80.0,4.0,5.0,-3.75,0,The algorithm converged to the desired accuracy.,0.17083333333333334,5.853658536585366,0.0003252434087682052,1.057832749471618e-07
3,1,2.0,1.0,2.5,80.0,4.0,5.0,-3.75,0,The algorithm converged to the desired accuracy.,0.17291666666666666,5.783132530120482,0.00033084028569325876,1.0945529463759708e-07
3,1,2.0,1.0,2.5,80.0,4.0,5.0,-3.75,0,The algorithm converged to the desired accuracy.,0.175,5.714285714285714,0.00033645986113847227,1.1320523815732004e-07
3,1,2.0,1.0,2.5,80.0,4.0,5.0,-3.75,0,The algorithm converged to the desired accuracy.,0.17708333333333331,5.647058823529412,0.0003421018055623647,1.1703364536902996e-07
3,1,2.0,1.0,2.5,80.0,4.0,5.0,-3.75,0,The algorithm converged to the desired accuracy.,0.17916666666666664,5.58139534883721,0.00034776579435932874,1.209410477263749e-07
3,1,2.0,1.0,2.5,80.0,4.0,5.0,-3.75,0,The algorithm converged to the desired accuracy.,0.18125000000000002,5.517241379310344,0.00035345150772185736,1.249279683108542e-07
3,1,2.0,1.0,2.5,80.0,4.0,5.0,-3.75,0,The algorithm converged to the desired accuracy.,0.18333333333333335,5.454545454545454,0.0003591586305028797,1.2899492186470407e-07
3,1,2.0,1.0,2.5,80.0,4.0,5.0,-3.75,0,The algorithm converged to the desired accuracy.,0.18541666666666667,5.393258426966292,0.00036488685208829665,1.3314241482690647e-07
3,1,2.0,1.0,2.5,80.0,4.0,5.0,-3.75,0,The algorithm converged to the desired accuracy.,0.1875,5.333333333333333,0.0003706358663695525,1.3737094543950878e-07
3,1,2.0,1.0,2.5,80.0,4.0,5.0,-3.75,0,The algorithm converged to the desired accuracy.,0.18958333333333333,5.274725274725275,0.00037640537164736,1.4168100380498718e-07
3,1,2.0,1.0,2.5,80.0,4.0,5.0,-3.75,0,The algorithm converged to the desired accuracy.,0.19166666666666665,5.217391304347826,0.0003821950704954984,1.4607307191105898e-07
3,1,2.0,1.0,2.5,80.0,4.0,5.0,-3.75,0,The algorithm converged to the desired accuracy.,0.19374999999999998,5.161290322580646,0.0003880046696430409,1.505476236648053e-07
3,1,2.0,1.0,2.5,80.0,4.0,5.0,-3.75,0,The algorithm converged to the desired accuracy.,0.19583333333333336,5.106382978723404,0.0003938338798447751,1.5510512491358876e-07
3,1,2.0,1.0,2.5,80.0,4.0,5.0,-3.75,0,The algorithm converged to the desired accuracy.,0.19791666666666669,5.052631578947368,0.0003996824157357226,1.59746033448343e-07
3,1,2.0,1.0,2.5,80.0,4.0,5.0,-3.75,0,The algorithm converged to the desired accuracy.,0.2,5.0,0.0004055499956656757,1.644707989844296e-07
3,1,2.0,1.0,2.5,80.0,4.0,5.0,-3.75,0,The algorithm converged to the desired accuracy.,0.20208333333333334,4.948453608247423,0.00041143634150953966,1.6927986311475454e-07
3,1,2.0,1.0,2.5,80.0,4.0,5.0,-3.75,0,The algorithm converged to the desired accuracy.,0.20416666666666666,4.8979591836734695,0.0004173411787536915,1.7417365948352067e-07
3,1,2.0,1.0,2.5,80.0,4.0,5.0,-3.75,0,The algorithm converged to the desired accuracy.,0.20625,4.848484848484849,0.0004232642372170978,1.7915261450697166e-07
3,1,2.0,1.0,2.5,80.0,4.0,5.0,-3.75,0,The algorithm converged to the desired accuracy.,0.20833333333333331,4.800000000000001,0.0004292052503379176,1.842171469176345e-07
3,1,2.0,1.0,2.5,80.0,4.0,5.0,-3.75,0,The algorithm converged to the desired accuracy.,0.21041666666666664,4.752475247524753,0.000435163954755975,1.8936766751886024e-07
3,1,2.0,1.0,2.5,80.0,4.0,5.0,-3.75,0,The algorithm converged to the desired accuracy.,0.21250000000000002,4.705882352941176,0.00044114009003975215,1.9460457904028065e-07
3,1,2.0,1.0,2.5,80.0,4.0,5.0,-3.75,0,The algorithm converged to the desired accuracy.,0.21458333333333335,4.660194174757281,0.00044713339841757996,1.999282759804543e-07
3,1,2.0,1.0,2.5,80.0,4.0,5.0,-3.75,0,The algorithm converged to the desired accuracy.,0.21666666666666667,4.615384615384615,0.00045314362600197653,2.053391457862192e-07
3,1,2.0,1.0,2.5,80.0,4.0,5.0,-3.75,0,The algorithm converged to the desired accuracy.,0.21875,4.571428571428571,0.0004591705232166916,2.1083756939109033e-07
3,1,2.0,1.0,2.5,80.0,4.0,5.0,-3.75,0,The algorithm converged to the desired accuracy.,0.22083333333333333,4.528301886792453,0.00046521384304165327,2.16423919757584e-07
3,1,2.0,1.0,2.5,80.0,4.0,5.0,-3.75,0,The algorithm converged to the desired accuracy.,0.22291666666666665,4.4859813084112155,0.00047127334049729564,2.2209856146347994e-07
3,1,2.0,1.0,2.5,80.0,4.0,5.0,-3.75,0,The algorithm converged to the desired accuracy.,0.22499999999999998,4.444444444444445,0.00047734877278569996,2.278618508800138e-07
3,1,2.0,1.0,2.5,80.0,4.0,5.0,-3.75,0,The algorithm converged to the desired accuracy.,0.22708333333333336,4.403669724770642,0.00048343990225058143,2.3371413908805172e-07
3,1,2.0,1.0,2.5,80.0,4.0,5.0,-3.75,0,The algorithm converged to the desired accuracy.,0.22916666666666669,4.363636363636363,0.0004895464942725944,2.3965577005458733e-07
3,1,2.0,1.0,2.5,80.0,4.0,5.0,-3.75,0,The algorithm converged to the desired accuracy.,0.23125,4.324324324324324,0.0004956683154667198,2.4568707895761565e-07
3,1,2.0,1.0,2.5,80.0,4.0,5.0,-3.75,0,The algorithm converged to the desired accuracy.,0.23333333333333334,4.285714285714286,0.0005018051338927174,2.51808392401088e-07
3,1,2.0,1.0,2.5,80.0,4.0,5.0,-3.75,0,The algorithm converged to the desired accuracy.,0.23541666666666666,4.247787610619469,0.0005079567232901706,2.58020032735687e-07
3,1,2.0,1.0,2.5,80.0,4.0,5.0,-3.75,0,The algorithm converged to the desired accuracy.,0.2375,4.2105263157894735,0.0005141228600667452,2.643223152432101e-07
3,1,2.0,1.0,2.5,80.0,4.0,5.0,-3.75,0,The algorithm converged to the desired accuracy.,0.23958333333333331,4.173913043478261,0.0005203033207100701,2.707155455419261e-07
3,1,2.0,1.0,2.5,80.0,4.0,5.0,-3.75,0,The algorithm converged to the desired accuracy.,0.24166666666666664,4.137931034482759,0.0005264978841732057,2.772000220388623e-07
3,1,2.0,1.0,2.5,80.0,4.0,5.0,-3.75,0,The algorithm converged to the desired accuracy.,0.24375000000000002,4.102564102564102,0.0005327063355764159,2.8377603996325306e-07
3,1,2.0,1.0,2.5,80.0,4.0,5.0,-3.75,0,The algorithm converged to the desired accuracy.,0.24583333333333335,4.067796610169491,0.0005389284602466546,2.9044388526383e-07
3,1,2.0,1.0,2.5,80.0,4.0,5.0,-3.75,0,The algorithm converged to the desired accuracy.,0.24791666666666667,4.033613445378151,0.0005451640432753506,2.972038340803284e-07
3,1,2.0,1.0,2.5,80.0,4.0,5.0,-3.75,0,The algorithm converged to the desired accuracy.,0.25,4.0,0.0005514128765247464,3.0405616039729517e-07
3,1,2.0,1.0,2.5,80.0,4.0,5.0,-3.75,0,The algorithm converged to the desired accuracy.,0.2520833333333333,3.9669421487603307,0.0005576747536077178,3.110011308114287e-07
3,1,2.0,1.0,2.5,80.0,4.0,5.0,-3.75,0,The algorithm converged to the desired accuracy.,0.25416666666666665,3.934426229508197,0.0005639494663752124,3.1803900062488684e-07
3,1,2.0,1.0,2.5,80.0,4.0,5.0,-3.75,0,The algorithm converged to the desired accuracy.,0.25625,3.9024390243902443,0.0005702368128829467,3.251700227669008e-07
3,1,2.0,1.0,2.5,80.0,4.0,5.0,-3.75,0,The algorithm converged to the desired accuracy.,0.25833333333333336,3.8709677419354835,0.0005765365941724471,3.32394444419965e-07
3,1,2.0,1.0,2.5,80.0,4.0,5.0,-3.75,0,The algorithm converged to the desired accuracy.,0.2604166666666667,3.84,0.0005828486084853577,3.3971250041331775e-07
3,1,2.0,1.0,2.5,80.0,4.0,5.0,-3.75,0,The algorithm converged to the desired accuracy.,0.2625,3.8095238095238093,0.0005891726605579007,3.4712442394887527e-07
3,1,2.0,1.0,2.5,80.0,4.0,5.0,-3.75,0,The algorithm converged to the desired accuracy.,0.26458333333333334,3.779527559055118,0.0005955085578337809,3.5463044245326957e-07
3,1,2.0,1.0,2.5,80.0,4.0,5.0,-3.75,0,The algorithm converged to the desired accuracy.,0.26666666666666666,3.75,0.0006018561044059423,3.6223077041069655e-07
3,1,2.0,1.0,2.5,80.0,4.0,5.0,-3.75,0,The algorithm converged to the desired accuracy.,0.26875,3.7209302325581395,0.0006082151123851948,3.699256229337352e-07
3,1,2.0,1.0,2.5,80.0,4.0,5.0,-3.75,0,The algorithm converged to the desired accuracy.,0.2708333333333333,3.6923076923076925,0.000614585394247974,3.777152068229376e-07
3,1,2.0,1.0,2.5,80.0,4.0,5.0,-3.75,0,The algorithm converged to the desired accuracy.,0.27291666666666664,3.6641221374045805,0.0006209667601841909,3.8559971725365047e-07
3,1,2.0,1.0,2.5,80.0,4.0,5.0,-3.75,0,The algorithm converged to the desired accuracy.,0.275,3.6363636363636362,0.0006273590297318078,3.935793521860353e-07
3,1,2.0,1.0,2.5,80.0,4.0,5.0,-3.75,0,The algorithm converged to the desired accuracy.,0.27708333333333335,3.6090225563909772,0.0006337620186866042,4.0165429632971966e-07
3,1,2.0,1.0,2.5,80.0,4.0,5.0,-3.75,0,The algorithm converged to the desired accuracy.,0.2791666666666667,3.582089552238806,0.0006401755453317742,4.0982472884083446e-07
3,1,2.0,1.0,2.5,80.0,4.0,5.0,-3.75,0,The algorithm converged to the desired accuracy.,0.28125,3.5555555555555554,0.0006465994345328904,4.180908287382537e-07
3,1,2.0,1.0,2.5,80.0,4.0,5.0,-3.75,0,The algorithm converged to the desired accuracy.,0.2833333333333333,3.5294117647058822,0.0006530335051976824,4.264527589107715e-07
3,1,2.0,1.0,2.5,80.0,4.0,5.0,-3.75,0,The algorithm converged to the desired accuracy.,0.28541666666666665,3.5036496350364965,0.0006594775854510923,4.349106857124028e-07
3,1,2.0,1.0,2.5,80.0,4.0,5.0,-3.75,0,The algorithm converged to the desired accuracy.,0.2875,3.4782608695652177,0.0006659315015699705,4.434647647832356e-07
3,1,2.0,1.0,2.5,80.0,4.0,5.0,-3.75,0,The algorithm converged to the desired accuracy.,0.28958333333333336,3.4532374100719423,0.0006723950798867801,4.5211514345594943e-07
3,1,2.0,1.0,2.5,80.0,4.0,5.0,-3.75,0,The algorithm converged to the desired accuracy.,0.2916666666666667,3.4285714285714284,0.0006788681547942617,4.608619715937657e-07
3,1,2.0,1.0,2.5,80.0,4.0,5.0,-3.75,0,The algorithm converged to the desired accuracy.,0.29375,3.404255319148936,0.0006853505535516319,4.6970538125352825e-07
3,1,2.0,1.0,2.5,80.0,4.0,5.0,-3.75,0,The algorithm converged to the desired accuracy.,0.29583333333333334,3.380281690140845,0.0006918421138627488,4.786455105140767e-07
3,1,2.0,1.0,2.5,80.0,4.0,5.0,-3.75,0,The algorithm converged to the desired accuracy.,0.29791666666666666,3.3566433566433567,0.0006983426690126098,4.876824833636554e-07
3,1,2.0,1.0,2.5,80.0,4.0,5.0,-3.75,0,The algorithm converged to the desired accuracy.,0.3,3.3333333333333335,0.000704852055850476,4.968164206366426e-07
3,1,2.0,1.0,3.0,80.0,4.0,5.0,-3.0,0,The algorithm converged to the desired accuracy.,0.05,20.0,3.123328983155498e-06,9.755183937019157e-12
3,1,2.0,1.0,3.0,80.0,4.0,5.0,-3.0,0,The algorithm converged to the desired accuracy.,0.052083333333333336,19.2,3.2533099677705455e-06,1.0584025746395189e-11
3,1,2.0,1.0,3.0,80.0,4.0,5.0,-3.0,0,The algorithm converged to the desired accuracy.,0.05416666666666667,18.46153846153846,3.3832716750580587e-06,1.1446527227250163e-11
3,1,2.0,1.0,3.0,80.0,4.0,5.0,-3.0,0,The algorithm converged to the desired accuracy.,0.05625,17.77777777777778,3.5132133455889104e-06,1.2342668011624025e-11
3,1,2.0,1.0,3.0,80.0,4.0,5.0,-3.0,0,The algorithm converged to the desired accuracy.,0.058333333333333334,17.142857142857142,3.6431342198518657e-06,1.3272426943855662e-11
3,1,2.0,1.0,3.0,80.0,4.0,5.0,-3.0,0,The algorithm converged to the desired accuracy.,0.06041666666666667,16.551724137931036,3.7730335367544737e-06,1.4235782069473973e-11
3,1,2.0,1.0,3.0,80.0,4.0,5.0,-3.0,0,The algorithm converged to the desired accuracy.,0.0625,16.0,3.902910532356037e-06,1.523271062357568e-11
3,1,2.0,1.0,3.0,80.0,4.0,5.0,-3.0,0,The algorithm converged to the desired accuracy.,0.06458333333333334,15.483870967741934,4.03276444716269e-06,1.6263189086299394e-11
3,1,2.0,1.0,3.0,80.0,4.0,5.0,-3.0,0,The algorithm converged to the desired accuracy.,0.06666666666666667,15.0,4.162594534807682e-06,1.7327193261210782e-11
3,1,2.0,1.0,3.0,80.0,4.0,5.0,-3.0,0,The algorithm converged to the desired accuracy.,0.06875,14.545454545454545,4.292400022954018e-06,1.8424697957055656e-11
3,1,2.0,1.0,3.0,80.0,4.0,5.0,-3.0,0,The algorithm converged to the desired accuracy.,0.07083333333333333,14.117647058823529,4.422180170651476e-06,1.9555677461703122e-11
3,1,2.0,1.0,3.0,80.0,4.0,5.0,-3.0,0,The algorithm converged to the desired accuracy.,0.07291666666666667,13.714285714285714,4.551934207352657e-06,2.072010502806726e-11
3,1,2.0,1.0,3.0,80.0,4.0,5.0,-3.0,0,The algorithm converged to the desired accuracy.,0.07500000000000001,13.333333333333332,4.681661397742563e-06,2.1917953443112852e-11
3,1,2.0,1.0,3.0,80.0,4.0,5.0,-3.0,0,The algorithm converged to the desired accuracy.,0.07708333333333334,12.972972972972972,4.811360980508535e-06,2.3149194484760056e-11
3,1,2.0,1.0,3.0,80.0,4.0,5.0,-3.0,0,The algorithm converged to the desired accuracy.,0.07916666666666666,12.631578947368421,4.941032200101216e-06,2.4413799202437063e-11
3,1,2.0,1.0,3.0,80.0,4.0,5.0,-3.0,0,The algorithm converged to the desired accuracy.,0.08125,12.307692307692307,5.070674313555452e-06,2.5711737994151054e-11
3,1,2.0,1.0,3.0,80.0,4.0,5.0,-3.0,0,The algorithm converged to the desired accuracy.,0.08333333333333334,11.999999999999998,5.20028657390452e-06,2.7042980450731607e-11
3,1,2.0,1.0,3.0,80.0,4.0,5.0,-3.0,0,The algorithm converged to the desired accuracy.,0.08541666666666667,11.707317073170731,5.329868233887942e-06,2.840749539060777e-11
3,1,2.0,1.0,3.0,80.0,4.0,5.0,-3.0,0,The algorithm converged to the desired accuracy.,0.0875,11.428571428571429,5.459418548089727e-06,2.980525088322614e-11
3,1,2.0,1.0,3.0,80.0,4.0,5.0,-3.0,0,The algorithm converged to the desired accuracy.,0.08958333333333333,11.162790697674419,5.588936773285335e-06,3.123621425578109e-11
3,1,2.0,1.0,3.0,80.0,4.0,5.0,-3.0,0,The algorithm converged to the desired accuracy.,0.09166666666666667,10.909090909090908,5.718422168117702e-06,3.270035209281996e-11
3,1,2.0,1.0,3.0,80.0,4.0,5.0,-3.0,0,The algorithm converged to the desired accuracy.,0.09375,10.666666666666666,5.847873991482267e-06,3.419763022025474e-11
3,1,2.0,1.0,3.0,80.0,4.0,5.0,-3.0,0,The algorithm converged to the desired accuracy.,0.09583333333333333,10.434782608695652,5.9772914989250995e-06,3.572801366312226e-11
3,1,2.0,1.0,3.0,80.0,4.0,5.0,-3.0,0,The algorithm converged to the desired accuracy.,0.09791666666666667,10.212765957446809,6.106673952922056e-06,3.729146676729669e-11
3,1,2.0,1.0,3.0,80.0,4.0,5.0,-3.0,0,The algorithm converged to the desired accuracy.,0.1,10.0,6.236020627475961e-06,3.8887953266305675e-11
3,1,2.0,1.0,3.0,80.0,4.0,5.0,-3.0,0,The algorithm converged to the desired accuracy.,0.10208333333333333,9.795918367346939,6.365330789889832e-06,4.0517436064719515e-11
3,1,2.0,1.0,3.0,80.0,4.0,5.0,-3.0,0,The algorithm converged to the desired accuracy.,0.10416666666666667,9.6,6.494603688175231e-06,4.217987706645931e-11
3,1,2.0,1.0,3.0,80.0,4.0,5.0,-3.0,0,The algorithm converged to the desired accuracy.,0.10625000000000001,9.411764705882351,6.623838609047485e-06,4.3875237918708126e-11
3,1,2.0,1.0,3.0,80.0,4.0,5.0,-3.0,0,The algorithm converged to the desired accuracy.,0.10833333333333334,9.23076923076923,6.753034825396254e-06,4.560347935301461e-11
3,1,2.0,1.0,3.0,80.0,4.0,5.0,-3.0,0,The algorithm converged to the desired accuracy.,0.11041666666666666,9.056603773584905,6.882191588757273e-06,4.736456106436136e-11
3,1,2.0,1.0,3.0,80.0,4.0,5.0,-3.0,0,The algorithm converged to the desired accuracy.,0.1125,8.88888888888889,7.011308205471268e-06,4.915844275210873e-11
3,1,2.0,1.0,3.0,80.0,4.0,5.0,-3.0,0,The algorithm converged to the desired accuracy.,0.11458333333333333,8.727272727272728,7.140383915837874e-06,5.0985082465556204e-11
3,1,2.0,1.0,3.0,80.0,4.0,5.0,-3.0,0,The algorithm converged to the desired accuracy.,0.11666666666666667,8.571428571428571,7.269418035686173e-06,5.284443857755941e-11
3,1,2.0,1.0,3.0,80.0,4.0,5.0,-3.0,0,The algorithm converged to the desired accuracy.,0.11875000000000001,8.421052631578947,7.398409807240332e-06,5.473646767586992e-11
3,1,2.0,1.0,3.0,80.0,4.0,5.0,-3.0,0,The algorithm converged to the desired accuracy.,0.12083333333333333,8.275862068965518,7.527358548377011e-06,5.6661126715824465e-11
3,1,2.0,1.0,3.0,80.0,4.0,5.0,-3.0,0,The algorithm converged to the desired accuracy.,0.12291666666666667,8.135593220338983,7.656263515115369e-06,5.861837101288675e-11
3,1,2.0,1.0,3.0,80.0,4.0,5.0,-3.0,0,The algorithm converged to the desired accuracy.,0.125,8.0,7.785124006022352e-06,6.060815578914552e-11
3,1,2.0,1.0,3.0,80.0,4.0,5.0,-3.0,0,The algorithm converged to the desired accuracy.,0.12708333333333333,7.868852459016394,7.913939319108688e-06,6.263043554653448e-11
3,1,2.0,1.0,3.0,80.0,4.0,5.0,-3.0,0,The algorithm converged to the desired accuracy.,0.12916666666666665,7.741935483870969,8.042708716284317e-06,6.468516349499573e-11
3,1,2.0,1.0,3.0,80.0,4.0,5.0,-3.0,0,The algorithm converged to the desired accuracy.,0.13125,7.619047619047619,8.171431513927917e-06,6.677229298681429e-11
3,1,2.0,1.0,3.0,80.0,4.0,5.0,-3.0,0,The algorithm converged to the desired accuracy.,0.13333333333333333,7.5,8.300107008349093e-06,6.889177635004573e-11
3,1,2.0,1.0,3.0,80.0,4.0,5.0,-3.0,0,The algorithm converged to the desired accuracy.,0.13541666666666669,7.384615384615383,8.428734474606815e-06,7.104356484342543e-11
3,1,2.0,1.0,3.0,80.0,4.0,5.0,-3.0,0,The algorithm converged to the desired accuracy.,0.1375,7.2727272727272725,8.557313220543379e-06,7.32276095544865e-11
3,1,2.0,1.0,3.0,80.0,4.0,5.0,-3.0,0,The algorithm converged to the desired accuracy.,0.13958333333333334,7.164179104477612,8.685842558655318e-06,7.544386095374795e-11
3,1,2.0,1.0,3.0,80.0,4.0,5.0,-3.0,0,The algorithm converged to the desired accuracy.,0.14166666666666666,7.0588235294117645,8.814321787512402e-06,7.769226857381582e-11
3,1,2.0,1.0,3.0,80.0,4.0,5.0,-3.0,0,The algorithm converged to the desired accuracy.,0.14375,6.9565217391304355,8.942750201330021e-06,7.997278116338813e-11
3,1,2.0,1.0,3.0,80.0,4.0,5.0,-3.0,0,The algorithm converged to the desired accuracy.,0.14583333333333331,6.857142857142858,9.071127107739198e-06,8.228534700476092e-11
3,1,2.0,1.0,3.0,80.0,4.0,5.0,-3.0,0,The algorithm converged to the desired accuracy.,0.14791666666666667,6.76056338028169,9.199451824875927e-06,8.462991387821303e-11
3,1,2.0,1.0,3.0,80.0,4.0,5.0,-3.0,0,The algorithm converged to the desired accuracy.,0.15000000000000002,6.666666666666666,9.327723667168669e-06,8.700642881105852e-11
3,1,2.0,1.0,3.0,80.0,4.0,5.0,-3.0,0,The algorithm converged to the desired accuracy.,0.15208333333333335,6.575342465753424,9.455941948066782e-06,8.941483812520902e-11
3,1,2.0,1.0,3.0,80.0,4.0,5.0,-3.0,0,The algorithm converged to the desired accuracy.,0.15416666666666667,6.486486486486486,9.584105982317339e-06,9.185508748029099e-11
3,1,2.0,1.0,3.0,80.0,4.0,5.0,-3.0,0,The algorithm converged to the desired accuracy.,0.15625,6.4,9.7122150872562e-06,9.432712190112696e-11
3,1,2.0,1.0,3.0,80.0,4.0,5.0,-3.0,0,The algorithm converged to the desired accuracy.,0.15833333333333333,6.315789473684211,9.840268583416242e-06,9.683088579376868e-11
3,1,2.0,1.0,3.0,80.0,4.0,5.0,-3.0,0,The algorithm converged to the desired accuracy.,0.16041666666666665,6.233766233766234,9.968265795034594e-06,9.936632296045667e-11
3,1,2.0,1.0,3.0,80.0,4.0,5.0,-3.0,0,The algorithm converged to the desired accuracy.,0.1625,6.153846153846153,1.0096206050113095e-05,1.0193337660634026e-10
3,1,2.0,1.0,3.0,80.0,4.0,5.0,-3.0,0,The algorithm converged to the desired accuracy.,0.16458333333333333,6.075949367088608,1.0224088678626165e-05,1.0453198930841171e-10
3,1,2.0,1.0,3.0,80.0,4.0,5.0,-3.0,0,The algorithm converged to the desired accuracy.,0.16666666666666669,5.999999999999999,1.0351913012584454e-05,1.0716210302011534e-10
3,1,2.0,1.0,3.0,80.0,4.0,5.0,-3.0,0,The algorithm converged to the desired accuracy.,0.16875,5.925925925925926,1.0479678386327144e-05,1.0982365908085228e-10
3,1,2.0,1.0,3.0,80.0,4.0,5.0,-3.0,0,The algorithm converged to the desired accuracy.,0.17083333333333334,5.853658536585366,1.0607384136692224e-05,1.1251659822334985e-10
3,1,2.0,1.0,3.0,80.0,4.0,5.0,-3.0,0,The algorithm converged to the desired accuracy.,0.17291666666666666,5.783132530120482,1.0735029603109523e-05,1.1524086057963779e-10
3,1,2.0,1.0,3.0,80.0,4.0,5.0,-3.0,0,The algorithm converged to the desired accuracy.,0.175,5.714285714285714,1.0862614127642325e-05,1.1799638568605464e-10
3,1,2.0,1.0,3.0,80.0,4.0,5.0,-3.0,0,The algorithm converged to the desired accuracy.,0.17708333333333331,5.647058823529412,1.0990137054987918e-05,1.207831124874185e-10
3,1,2.0,1.0,3.0,80.0,4.0,5.0,-3.0,0,The algorithm converged to the desired accuracy.,0.17916666666666664,5.58139534883721,1.1117597732434648e-05,1.2360097934023603e-10
3,1,2.0,1.0,3.0,80.0,4.0,5.0,-3.0,0,The algorithm converged to the desired accuracy.,0.18125000000000002,5.517241379310344,1.1244995509762869e-05,1.264499240145871e-10
3,1,2.0,1.0,3.0,80.0,4.0,5.0,-3.0,0,The algorithm converged to the desired accuracy.,0.18333333333333335,5.454545454545454,1.1372329739068448e-05,1.2932988369410064e-10
3,1,2.0,1.0,3.0,80.0,4.0,5.0,-3.0,0,The algorithm converged to the desired accuracy.,0.18541666666666667,5.393258426966292,1.1499599774669874e-05,1.322407949775874e-10
3,1,2.0,1.0,3.0,80.0,4.0,5.0,-3.0,0,The algorithm converged to the desired accuracy.,0.1875,5.333333333333333,1.1626804974500397e-05,1.351825939150672e-10
3,1,2.0,1.0,3.0,80.0,4.0,5.0,-3.0,0,The algorithm converged to the desired accuracy.,0.18958333333333333,5.274725274725275,1.1753944700349055e-05,1.3815521601886364e-10
3,1,2.0,1.0,3.0,80.0,4.0,5.0,-3.0,0,The algorithm converged to the desired accuracy.,0.19166666666666665,5.217391304347826,1.1881018317402738e-05,1.411585962584594e-10
3,1,2.0,1.0,3.0,80.0,4.0,5.0,-3.0,0,The algorithm converged to the desired accuracy.,0.19374999999999998,5.161290322580646,1.2008025194022203e-05,1.4419266906027198e-10
3,1,2.0,1.0,3.0,80.0,4.0,5.0,-3.0,0,The algorithm converged to the desired accuracy.,0.19583333333333336,5.106382978723404,1.2134964701281823e-05,1.4725736830135583e-10
3,1,2.0,1.0,3.0,80.0,4.0,5.0,-3.0,0,The algorithm converged to the desired accuracy.,0.19791666666666669,5.052631578947368,1.2261836212217495e-05,1.503526272952483e-10
3,1,2.0,1.0,3.0,80.0,4.0,5.0,-3.0,0,The algorithm converged to the desired accuracy.,0.2,5.0,1.2388639100728401e-05,1.534783787680966e-10
3,1,2.0,1.0,3.0,80.0,4.0,5.0,-3.0,0,The algorithm converged to the desired accuracy.,0.20208333333333334,4.948453608247423,1.2515372740077217e-05,1.566345548230679e-10
3,1,2.0,1.0,3.0,80.0,4.0,5.0,-3.0,0,The algorithm converged to the desired accuracy.,0.20416666666666666,4.8979591836734695,1.2642036505554447e-05,1.598210870077713e-10
3,1,2.0,1.0,3.0,80.0,4.0,5.0,-3.0,0,The algorithm converged to the desired accuracy.,0.20625,4.848484848484849,1.2768629786731255e-05,1.6303790663060065e-10
3,1,2.0,1.0,3.0,80.0,4.0,5.0,-3.0,0,The algorithm converged to the desired accuracy.,0.20833333333333331,4.800000000000001,1.2895151977721704e-05,1.6628494452853998e-10
3,1,2.0,1.0,3.0,80.0,4.0,5.0,-3.0,0,The algorithm converged to the desired accuracy.,0.21041666666666664,4.752475247524753,1.3021602472007747e-05,1.6956213093899828e-10
3,1,2.0,1.0,3.0,80.0,4.0,5.0,-3.0,0,The algorithm converged to the desired accuracy.,0.21250000000000002,4.705882352941176,1.3147980659501774e-05,1.7286939542263272e-10
3,1,2.0,1.0,3.0,80.0,4.0,5.0,-3.0,0,The algorithm converged to the desired accuracy.,0.21458333333333335,4.660194174757281,1.3274285923675468e-05,1.7620666678348868e-10
3,1,2.0,1.0,3.0,80.0,4.0,5.0,-3.0,0,The algorithm converged to the desired accuracy.,0.21666666666666667,4.615384615384615,1.340051766110391e-05,1.7957387358555778e-10
3,1,2.0,1.0,3.0,80.0,4.0,5.0,-3.0,0,The algorithm converged to the desired accuracy.,0.21875,4.571428571428571,1.3526675288806631e-05,1.8297094436881196e-10
3,1,2.0,1.0,3.0,80.0,4.0,5.0,-3.0,0,The algorithm converged to the desired accuracy.,0.22083333333333333,4.528301886792453,1.3652758218733112e-05,1.8639780697918455e-10
3,1,2.0,1.0,3.0,80.0,4.0,5.0,-3.0,0,The algorithm converged to the desired accuracy.,0.22291666666666665,4.4859813084112155,1.3778765851111452e-05,1.898543883797551e-10
3,1,2.0,1.0,3.0,80.0,4.0,5.0,-3.0,0,The algorithm converged to the desired accuracy.,0.22499999999999998,4.444444444444445,1.3904697577633338e-05,1.9334061472544242e-10
3,1,2.0,1.0,3.0,80.0,4.0,5.0,-3.0,0,The algorithm converged to the desired accuracy.,0.22708333333333336,4.403669724770642,1.4030552826491893e-05,1.9685641261697965e-10
3,1,2.0,1.0,3.0,80.0,4.0,5.0,-3.0,0,The algorithm converged to the desired accuracy.,0.22916666666666669,4.363636363636363,1.415633103164448e-05,2.0040170827750046e-10
3,1,2.0,1.0,3.0,80.0,4.0,5.0,-3.0,0,The algorithm converged to the desired accuracy.,0.23125,4.324324324324324,1.4282031606881534e-05,2.0397642681996312e-10
3,1,2.0,1.0,3.0,80.0,4.0,5.0,-3.0,0,The algorithm converged to the desired accuracy.,0.23333333333333334,4.285714285714286,1.4407653949998248e-05,2.0758049234290012e-10
3,1,2.0,1.0,3.0,80.0,4.0,5.0,-3.0,0,The algorithm converged to the desired accuracy.,0.23541666666666666,4.247787610619469,1.4533197506276497e-05,2.1121382975644139e-10
3,1,2.0,1.0,3.0,80.0,4.0,5.0,-3.0,0,The algorithm converged to the desired accuracy.,0.2375,4.2105263157894735,1.4658661724415994e-05,2.1487636355085849e-10
3,1,2.0,1.0,3.0,80.0,4.0,5.0,-3.0,0,The algorithm converged to the desired accuracy.,0.23958333333333331,4.173913043478261,1.4784046019178454e-05,2.185680166971863e-10
3,1,2.0,1.0,3.0,80.0,4.0,5.0,-3.0,0,The algorithm converged to the desired accuracy.,0.24166666666666664,4.137931034482759,1.4909349807479794e-05,2.2228871168179775e-10
3,1,2.0,1.0,3.0,80.0,4.0,5.0,-3.0,0,The algorithm converged to the desired accuracy.,0.24375000000000002,4.102564102564102,1.5034572563364918e-05,2.2603837216308516e-10
3,1,2.0,1.0,3.0,80.0,4.0,5.0,-3.0,0,The algorithm converged to the desired accuracy.,0.24583333333333335,4.067796610169491,1.5159713730901392e-05,2.298169204028802e-10
3,1,2.0,1.0,3.0,80.0,4.0,5.0,-3.0,0,The algorithm converged to the desired accuracy.,0.24791666666666667,4.033613445378151,1.5284772718695648e-05,2.3362427706218276e-10
3,1,2.0,1.0,3.0,80.0,4.0,5.0,-3.0,0,The algorithm converged to the desired accuracy.,0.25,4.0,1.540974900304539e-05,2.3746036433685845e-10
3,1,2.0,1.0,3.0,80.0,4.0,5.0,-3.0,0,The algorithm converged to the desired accuracy.,0.2520833333333333,3.9669421487603307,1.553464205485681e-05,2.4132510377252574e-10
3,1,2.0,1.0,3.0,80.0,4.0,5.0,-3.0,0,The algorithm converged to the desired accuracy.,0.25416666666666665,3.934426229508197,1.5659451289245164e-05,2.4521841468024204e-10
3,1,2.0,1.0,3.0,80.0,4.0,5.0,-3.0,0,The algorithm converged to the desired accuracy.,0.25625,3.9024390243902443,1.578417618225707e-05,2.491402177525314e-10
3,1,2.0,1.0,3.0,80.0,4.0,5.0,-3.0,0,The algorithm converged to the desired accuracy.,0.25833333333333336,3.8709677419354835,1.590881622427087e-05,2.530904336576241e-10
3,1,2.0,1.0,3.0,80.0,4.0,5.0,-3.0,0,The algorithm converged to the desired accuracy.,0.2604166666666667,3.84,1.6033370836709522e-05,2.570689803874474e-10
3,1,2.0,1.0,3.0,80.0,4.0,5.0,-3.0,0,The algorithm converged to the desired accuracy.,0.2625,3.8095238095238093,1.6157839507472932e-05,2.610757775492531e-10
3,1,2.0,1.0,3.0,80.0,4.0,5.0,-3.0,0,The algorithm converged to the desired accuracy.,0.26458333333333334,3.779527559055118,1.628222173627162e-05,2.6511074466911606e-10
3,1,2.0,1.0,3.0,80.0,4.0,5.0,-3.0,0,The algorithm converged to the desired accuracy.,0.26666666666666666,3.75,1.6406516947765073e-05,2.6917379835730257e-10
3,1,2.0,1.0,3.0,80.0,4.0,5.0,-3.0,0,The algorithm converged to the desired accuracy.,0.26875,3.7209302325581395,1.6530724656239155e-05,2.7326485766039314e-10
3,1,2.0,1.0,3.0,80.0,4.0,5.0,-3.0,0,The algorithm converged to the desired accuracy.,0.2708333333333333,3.6923076923076925,1.665484435542867e-05,2.773838405035543e-10
3,1,2.0,1.0,3.0,80.0,4.0,5.0,-3.0,0,The algorithm converged to the desired accuracy.,0.27291666666666664,3.6641221374045805,1.6778875481112e-05,2.815306624106615e-10
3,1,2.0,1.0,3.0,80.0,4.0,5.0,-3.0,0,The algorithm converged to the desired accuracy.,0.275,3.6363636363636362,1.6902817578738822e-05,2.857052421001221e-10
3,1,2.0,1.0,3.0,80.0,4.0,5.0,-3.0,0,The algorithm converged to the desired accuracy.,0.27708333333333335,3.6090225563909772,1.702667011570378e-05,2.899074952290002e-10
3,1,2.0,1.0,3.0,80.0,4.0,5.0,-3.0,0,The algorithm converged to the desired accuracy.,0.2791666666666667,3.582089552238806,1.7150432571427273e-05,2.941373373870735e-10
3,1,2.0,1.0,3.0,80.0,4.0,5.0,-3.0,0,The algorithm converged to the desired accuracy.,0.28125,3.5555555555555554,1.7274104496131723e-05,2.983946861432782e-10
3,1,2.0,1.0,3.0,80.0,4.0,5.0,-3.0,0,The algorithm converged to the desired accuracy.,0.2833333333333333,3.5294117647058822,1.7397685331977247e-05,3.0267945491049625e-10
3,1,2.0,1.0,3.0,80.0,4.0,5.0,-3.0,0,The algorithm converged to the desired accuracy.,0.28541666666666665,3.5036496350364965,1.7521174630316054e-05,3.069915604260309e-10
3,1,2.0,1.0,3.0,80.0,4.0,5.0,-3.0,0,The algorithm converged to the desired accuracy.,0.2875,3.4782608695652177,1.7644571893941213e-05,3.113309173204602e-10
3,1,2.0,1.0,3.0,80.0,4.0,5.0,-3.0,0,The algorithm converged to the desired accuracy.,0.28958333333333336,3.4532374100719423,1.776787660487619e-05,3.156974390461066e-10
3,1,2.0,1.0,3.0,80.0,4.0,5.0,-3.0,0,The algorithm converged to the desired accuracy.,0.2916666666666667,3.4285714285714284,1.7891088338444953e-05,3.20091041934041e-10
3,1,2.0,1.0,3.0,80.0,4.0,5.0,-3.0,0,The algorithm converged to the desired accuracy.,0.29375,3.404255319148936,1.801420654769955e-05,3.2451163754318137e-10
3,1,2.0,1.0,3.0,80.0,4.0,5.0,-3.0,0,The algorithm converged to the desired accuracy.,0.29583333333333334,3.380281690140845,1.8137230813422946e-05,3.2895914157937876e-10
3,1,2.0,1.0,3.0,80.0,4.0,5.0,-3.0,0,The algorithm converged to the desired accuracy.,0.29791666666666666,3.3566433566433567,1.8260160633460568e-05,3.3343346635978306e-10
3,1,2.0,1.0,3.0,80.0,4.0,5.0,-3.0,0,The algorithm converged to the desired accuracy.,0.3,3.3333333333333335,1.8382995536384854e-05,3.3793452489074545e-10
3,1,2.0,1.0,3.5,80.0,4.0,5.0,-1.75,0,The algorithm converged to the desired accuracy.,0.05,20.0,1.7469110487863015e-07,3.051698212371656e-14
3,1,2.0,1.0,3.5,80.0,4.0,5.0,-1.75,0,The algorithm converged to the desired accuracy.,0.052083333333333336,19.2,1.7829313512186187e-07,3.1788442031582494e-14
3,1,2.0,1.0,3.5,80.0,4.0,5.0,-1.75,0,The algorithm converged to the desired accuracy.,0.05416666666666667,18.46153846153846,1.818237845197617e-07,3.305988861708873e-14
3,1,2.0,1.0,3.5,80.0,4.0,5.0,-1.75,0,The algorithm converged to the desired accuracy.,0.05625,17.77777777777778,1.8528713083806624e-07,3.4331320854202676e-14
3,1,2.0,1.0,3.5,80.0,4.0,5.0,-1.75,0,The algorithm converged to the desired accuracy.,0.058333333333333334,17.142857142857142,1.8868687732639182e-07,3.560273767518483e-14
3,1,2.0,1.0,3.5,80.0,4.0,5.0,-1.75,0,The algorithm converged to the desired accuracy.,0.06041666666666667,16.551724137931036,1.9202639912958852e-07,3.6874137962676035e-14
3,1,2.0,1.0,3.5,80.0,4.0,5.0,-1.75,0,The algorithm converged to the desired accuracy.,0.0625,16.0,1.9530878255464058e-07,3.8145520542975876e-14
3,1,2.0,1.0,3.5,80.0,4.0,5.0,-1.75,0,The algorithm converged to the desired accuracy.,0.06458333333333334,15.483870967741934,1.9853685860704335e-07,3.9416884225553126e-14
3,1,2.0,1.0,3.5,80.0,4.0,5.0,-1.75,0,The algorithm converged to the desired accuracy.,0.06666666666666667,15.0,2.0171323171838933e-07,4.068822785027663e-14
3,1,2.0,1.0,3.5,80.0,4.0,5.0,-1.75,0,The algorithm converged to the desired accuracy.,0.06875,14.545454545454545,2.048403038370491e-07,4.195955007605459e-14
3,1,2.0,1.0,3.5,80.0,4.0,5.0,-1.75,0,The algorithm converged to the desired accuracy.,0.07083333333333333,14.117647058823529,2.079202964874552e-07,4.323084969143127e-14
3,1,2.0,1.0,3.5,80.0,4.0,5.0,-1.75,0,The algorithm converged to the desired accuracy.,0.07291666666666667,13.714285714285714,2.109552684443367e-07,4.4502125284422154e-14
3,1,2.0,1.0,3.5,80.0,4.0,5.0,-1.75,0,The algorithm converged to the desired accuracy.,0.07500000000000001,13.333333333333332,2.1394713270831013e-07,4.577337559410727e-14
3,1,2.0,1.0,3.5,80.0,4.0,5.0,-1.75,0,The algorithm converged to the desired accuracy.,0.07708333333333334,12.972972972972972,2.1689766983269425e-07,4.7044599178852443e-14
3,1,2.0,1.0,3.5,80.0,4.0,5.0,-1.75,0,The algorithm converged to the desired accuracy.,0.07916666666666666,12.631578947368421,2.1980854075424372e-07,4.831579458851002e-14
3,1,2.0,1.0,3.5,80.0,4.0,5.0,-1.75,0,The algorithm converged to the desired accuracy.,0.08125,12.307692307692307,2.2268129782687624e-07,4.9586960401861956e-14
3,1,2.0,1.0,3.5,80.0,4.0,5.0,-1.75,0,The algorithm converged to the desired accuracy.,0.08333333333333334,11.999999999999998,2.2551739431078408e-07,5.085809513672567e-14
3,1,2.0,1.0,3.5,80.0,4.0,5.0,-1.75,0,The algorithm converged to the desired accuracy.,0.08541666666666667,11.707317073170731,2.2831819303376388e-07,5.212919727020306e-14
3,1,2.0,1.0,3.5,80.0,4.0,5.0,-1.75,0,The algorithm converged to the desired accuracy.,0.0875,11.428571428571429,2.3108497409063638e-07,5.340026525047009e-14
3,1,2.0,1.0,3.5,80.0,4.0,5.0,-1.75,0,The algorithm converged to the desired accuracy.,0.08958333333333333,11.162790697674419,2.3381894170246534e-07,5.4671297498860884e-14
3,1,2.0,1.0,3.5,80.0,4.0,5.0,-1.75,0,The algorithm converged to the desired accuracy.,0.09166666666666667,10.909090909090908,2.3652123035424786e-07,5.5942292408287176e-14
3,1,2.0,1.0,3.5,80.0,4.0,5.0,-1.75,0,The algorithm converged to the desired accuracy.,0.09375,10.666666666666666,2.3919291029332733e-07,5.721324833459174e-14
3,1,2.0,1.0,3.5,80.0,4.0,5.0,-1.75,0,The algorithm converged to the desired accuracy.,0.09583333333333333,10.434782608695652,2.418349924576334e-07,5.848416357698362e-14
3,1,2.0,1.0,3.5,80.0,4.0,5.0,-1.75,0,The algorithm converged to the desired accuracy.,0.09791666666666667,10.212765957446809,2.4444843307818805e-07,5.975503643438139e-14
3,1,2.0,1.0,3.5,80.0,4.0,5.0,-1.75,0,The algorithm converged to the desired accuracy.,0.1,10.0,2.4703413778485415e-07,6.10258652311063e-14
3,1,2.0,1.0,3.5,80.0,4.0,5.0,-1.75,0,The algorithm converged to the desired accuracy.,0.10208333333333333,9.795918367346939,2.495929650790148e-07,6.22966482169343e-14
3,1,2.0,1.0,3.5,80.0,4.0,5.0,-1.75,0,The algorithm converged to the desired accuracy.,0.10416666666666667,9.6,2.521257295438534e-07,6.356738349802032e-14
3,1,2.0,1.0,3.5,80.0,4.0,5.0,-1.75,0,The algorithm converged to the desired accuracy.,0.10625000000000001,9.411764705882351,2.5463320552476945e-07,6.483806935581948e-14
3,1,2.0,1.0,3.5,80.0,4.0,5.0,-1.75,0,The algorithm converged to the desired accuracy.,0.10833333333333334,9.23076923076923,2.571161293239017e-07,6.610870395850534e-14
3,1,2.0,1.0,3.5,80.0,4.0,5.0,-1.75,0,The algorithm converged to the desired accuracy.,0.11041666666666666,9.056603773584905,2.5957520166502993e-07,6.737928531944095e-14
3,1,2.0,1.0,3.5,80.0,4.0,5.0,-1.75,0,The algorithm converged to the desired accuracy.,0.1125,8.88888888888889,2.620110908289135e-07,6.864981171735717e-14
3,1,2.0,1.0,3.5,80.0,4.0,5.0,-1.75,0,The algorithm converged to the desired accuracy.,0.11458333333333333,8.727272727272728,2.6442443349574855e-07,6.992028102954755e-14
3,1,2.0,1.0,3.5,80.0,4.0,5.0,-1.75,0,The algorithm converged to the desired accuracy.,0.11666666666666667,8.571428571428571,2.6681583819974185e-07,7.119069151423083e-14
3,1,2.0,1.0,3.5,80.0,4.0,5.0,-1.75,0,The algorithm converged to the desired accuracy.,0.11875000000000001,8.421052631578947,2.691858855620928e-07,7.246104098584812e-14
3,1,2.0,1.0,3.5,80.0,4.0,5.0,-1.75,0,The algorithm converged to the desired accuracy.,0.12083333333333333,8.275862068965518,2.715351315054593e-07,7.373132764168709e-14
3,1,2.0,1.0,3.5,80.0,4.0,5.0,-1.75,0,The algorithm converged to the desired accuracy.,0.12291666666666667,8.135593220338983,2.738641073598427e-07,7.500154930000345e-14
3,1,2.0,1.0,3.5,80.0,4.0,5.0,-1.75,0,The algorithm converged to the desired accuracy.,0.125,8.0,2.761733223522172e-07,7.627170397906167e-14
3,1,2.0,1.0,3.5,80.0,4.0,5.0,-1.75,0,The algorithm converged to the desired accuracy.,0.12708333333333333,7.868852459016394,2.7846326446912915e-07,7.754178965880416e-14
3,1,2.0,1.0,3.5,80.0,4.0,5.0,-1.75,0,The algorithm converged to the desired accuracy.,0.12916666666666665,7.741935483870969,2.807344013158941e-07,7.881180408219347e-14
3,1,2.0,1.0,3.5,80.0,4.0,5.0,-1.75,0,The algorithm converged to the desired accuracy.,0.13125,7.619047619047619,2.8298718214846197e-07,8.008174526032679e-14
3,1,2.0,1.0,3.5,80.0,4.0,5.0,-1.75,0,The algorithm converged to the desired accuracy.,0.13333333333333333,7.5,2.852220381695627e-07,8.135161105759948e-14
3,1,2.0,1.0,3.5,80.0,4.0,5.0,-1.75,0,The algorithm converged to the desired accuracy.,0.13541666666666669,7.384615384615383,2.8743938349525945e-07,8.262139918413483e-14
3,1,2.0,1.0,3.5,80.0,4.0,5.0,-1.75,0,The algorithm converged to the desired accuracy.,0.1375,7.2727272727272725,2.896396165900937e-07,8.389110749845647e-14
3,1,2.0,1.0,3.5,80.0,4.0,5.0,-1.75,0,The algorithm converged to the desired accuracy.,0.13958333333333334,7.164179104477612,2.918231208296195e-07,8.51607338507387e-14
3,1,2.0,1.0,3.5,80.0,4.0,5.0,-1.75,0,The algorithm converged to the desired accuracy.,0.14166666666666666,7.0588235294117645,2.939902651086611e-07,8.643027597866084e-14
3,1,2.0,1.0,3.5,80.0,4.0,5.0,-1.75,0,The algorithm converged to the desired accuracy.,0.14375,6.9565217391304355,2.961414046712955e-07,8.7699731560688e-14
3,1,2.0,1.0,3.5,80.0,4.0,5.0,-1.75,0,The algorithm converged to the desired accuracy.,0.14583333333333331,6.857142857142858,2.98276881967842e-07,8.896909831645794e-14
3,1,2.0,1.0,3.5,80.0,4.0,5.0,-1.75,0,The algorithm converged to the desired accuracy.,0.14791666666666667,6.76056338028169,3.0039702726683235e-07,9.023837399075002e-14
3,1,2.0,1.0,3.5,80.0,4.0,5.0,-1.75,0,The algorithm converged to the desired accuracy.,0.15000000000000002,6.666666666666666,3.0250215912252375e-07,9.150755627378868e-14
3,1,2.0,1.0,3.5,80.0,4.0,5.0,-1.75,0,The algorithm converged to the desired accuracy.,0.15208333333333335,6.575342465753424,3.045925849665287e-07,9.277664281659201e-14
3,1,2.0,1.0,3.5,80.0,4.0,5.0,-1.75,0,The algorithm converged to the desired accuracy.,0.15416666666666667,6.486486486486486,3.0666860165968375e-07,9.40456312439058e-14
3,1,2.0,1.0,3.5,80.0,4.0,5.0,-1.75,0,The algorithm converged to the desired accuracy.,0.15625,6.4,3.0873049600206606e-07,9.531451916168173e-14
3,1,2.0,1.0,3.5,80.0,4.0,5.0,-1.75,0,The algorithm converged to the desired accuracy.,0.15833333333333333,6.315789473684211,3.1077854520662357e-07,9.658330416074537e-14
3,1,2.0,1.0,3.5,80.0,4.0,5.0,-1.75,0,The algorithm converged to the desired accuracy.,0.16041666666666665,6.233766233766234,3.128130173441467e-07,9.785198381994944e-14
3,1,2.0,1.0,3.5,80.0,4.0,5.0,-1.75,0,The algorithm converged to the desired accuracy.,0.1625,6.153846153846153,3.1483417175824903e-07,9.912055570670265e-14
3,1,2.0,1.0,3.5,80.0,4.0,5.0,-1.75,0,The algorithm converged to the desired accuracy.,0.16458333333333333,6.075949367088608,3.1684225943989657e-07,1.0038901736697872e-13
3,1,2.0,1.0,3.5,80.0,4.0,5.0,-1.75,0,The algorithm converged to the desired accuracy.,0.16666666666666669,5.999999999999999,3.1883752339690453e-07,1.0165736632587164e-13
3,1,2.0,1.0,3.5,80.0,4.0,5.0,-1.75,0,The algorithm converged to the desired accuracy.,0.16875,5.925925925925926,3.208201990047311e-07,1.0292560008943527e-13
3,1,2.0,1.0,3.5,80.0,4.0,5.0,-1.75,0,The algorithm converged to the desired accuracy.,0.17083333333333334,5.853658536585366,3.2279051433683637e-07,1.0419371614583936e-13
3,1,2.0,1.0,3.5,80.0,4.0,5.0,-1.75,0,The algorithm converged to the desired accuracy.,0.17291666666666666,5.783132530120482,3.247486904763303e-07,1.0546171196609138e-13
3,1,2.0,1.0,3.5,80.0,4.0,5.0,-1.75,0,The algorithm converged to the desired accuracy.,0.175,5.714285714285714,3.2669494181034864e-07,1.0672958500446708e-13
3,1,2.0,1.0,3.5,80.0,4.0,5.0,-1.75,0,The algorithm converged to the desired accuracy.,0.17708333333333331,5.647058823529412,3.2862947630835854e-07,1.0799733269870599e-13
3,1,2.0,1.0,3.5,80.0,4.0,5.0,-1.75,0,The algorithm converged to the desired accuracy.,0.17916666666666664,5.58139534883721,3.305524957853991e-07,1.0926495246995627e-13
3,1,2.0,1.0,3.5,80.0,4.0,5.0,-1.75,0,The algorithm converged to the desired accuracy.,0.18125000000000002,5.517241379310344,3.324641961510937e-07,1.1053244172239292e-13
3,1,2.0,1.0,3.5,80.0,4.0,5.0,-1.75,0,The algorithm converged to the desired accuracy.,0.18333333333333335,5.454545454545454,3.343647676451341e-07,1.117997978423845e-13
3,1,2.0,1.0,3.5,80.0,4.0,5.0,-1.75,0,The algorithm converged to the desired accuracy.,0.18541666666666667,5.393258426966292,3.3625439506141483e-07,1.1306701819811804e-13
3,1,2.0,1.0,3.5,80.0,4.0,5.0,-1.75,0,The algorithm converged to the desired accuracy.,0.1875,5.333333333333333,3.381332579735838e-07,1.1433410014783016e-13
3,1,2.0,1.0,3.5,80.0,4.0,5.0,-1.75,0,The algorithm converged to the desired accuracy.,0.18958333333333333,5.274725274725275,3.400015309399405e-07,1.1560104104150334e-13
3,1,2.0,1.0,3.5,80.0,4.0,5.0,-1.75,0,The algorithm converged to the desired accuracy.,0.19166666666666665,5.217391304347826,3.418593836921909e-07,1.168678382184046e-13
3,1,2.0,1.0,3.5,80.0,4.0,5.0,-1.75,0,The algorithm converged to the desired accuracy.,0.19374999999999998,5.161290322580646,3.43706981316922e-07,1.1813448900599097e-13
3,1,2.0,1.0,3.5,80.0,4.0,5.0,-1.75,0,The algorithm converged to the desired accuracy.,0.19583333333333336,5.106382978723404,3.45544484426286e-07,1.1940099071742778e-13
3,1,2.0,1.0,3.5,80.0,4.0,5.0,-1.75,0,The algorithm converged to the desired accuracy.,0.19791666666666669,5.052631578947368,3.4737204931799177e-07,1.2066734064738132e-13
3,1,2.0,1.0,3.5,80.0,4.0,5.0,-1.75,0,The algorithm converged to the desired accuracy.,0.2,5.0,3.491898281246999e-07,1.2193353606575746e-13
3,1,2.0,1.0,3.5,80.0,4.0,5.0,-1.75,0,The algorithm converged to the desired accuracy.,0.20208333333333334,4.948453608247423,3.5099796895287945e-07,1.2319957420904653e-13
3,1,2.0,1.0,3.5,80.0,4.0,5.0,-1.75,0,The algorithm converged to the desired accuracy.,0.20416666666666666,4.8979591836734695,3.527966160494064e-07,1.2446545229591229e-13
3,1,2.0,1.0,3.5,80.0,4.0,5.0,-1.75,0,The algorithm converged to the desired accuracy.,0.20625,4.848484848484849,3.5458591004090787e-07,1.2573116759953882e-13
3,1,2.0,1.0,3.5,80.0,4.0,5.0,-1.75,0,The algorithm converged to the desired accuracy.,0.20833333333333331,4.800000000000001,3.56365987982808e-07,1.2699671739096287e-13
3,1,2.0,1.0,3.5,80.0,4.0,5.0,-1.75,0,The algorithm converged to the desired accuracy.,0.21041666666666664,4.752475247524753,3.581369834416263e-07,1.2826209890866774e-13
3,1,2.0,1.0,3.5,80.0,4.0,5.0,-1.75,0,The algorithm converged to the desired accuracy.,0.21250000000000002,4.705882352941176,3.598990265912288e-07,1.2952730934131401e-13
3,1,2.0,1.0,3.5,80.0,4.0,5.0,-1.75,0,The algorithm converged to the desired accuracy.,0.21458333333333335,4.660194174757281,3.616522443048307e-07,1.3079234581072095e-13
3,1,2.0,1.0,3.5,80.0,4.0,5.0,-1.75,0,The algorithm converged to the desired accuracy.,0.21666666666666667,4.615384615384615,3.633967604249841e-07,1.320572054873733e-13
3,1,2.0,1.0,3.5,80.0,4.0,5.0,-1.75,0,The algorithm converged to the desired accuracy.,0.21875,4.571428571428571,3.6513269592707917e-07,1.3332188563497685e-13
3,1,2.0,1.0,3.5,80.0,4.0,5.0,-1.75,0,The algorithm converged to the desired accuracy.,0.22083333333333333,4.528301886792453,3.6686016881002684e-07,1.3458638345932138e-13
3,1,2.0,1.0,3.5,80.0,4.0,5.0,-1.75,0,The algorithm converged to the desired accuracy.,0.22291666666666665,4.4859813084112155,3.6857929413976204e-07,1.3585069606856521e-13
3,1,2.0,1.0,3.5,80.0,4.0,5.0,-1.75,0,The algorithm converged to the desired accuracy.,0.22499999999999998,4.444444444444445,3.70290184168883e-07,1.371148204918253e-13
3,1,2.0,1.0,3.5,80.0,4.0,5.0,-1.75,0,The algorithm converged to the desired accuracy.,0.22708333333333336,4.403669724770642,3.7199294878820506e-07,1.3837875394814414e-13
3,1,2.0,1.0,3.5,80.0,4.0,5.0,-1.75,0,The algorithm converged to the desired accuracy.,0.22916666666666669,4.363636363636363,3.7368769536092154e-07,1.3964249366415691e-13
3,1,2.0,1.0,3.5,80.0,4.0,5.0,-1.75,0,The algorithm converged to the desired accuracy.,0.23125,4.324324324324324,3.7537452859594413e-07,1.4090603671862728e-13
3,1,2.0,1.0,3.5,80.0,4.0,5.0,-1.75,0,The algorithm converged to the desired accuracy.,0.23333333333333334,4.285714285714286,3.770535506620149e-07,1.4216938006683265e-13
3,1,2.0,1.0,3.5,80.0,4.0,5.0,-1.75,0,The algorithm converged to the desired accuracy.,0.23541666666666666,4.247787610619469,3.787248617691092e-07,1.4343252092203088e-13
3,1,2.0,1.0,3.5,80.0,4.0,5.0,-1.75,0,The algorithm converged to the desired accuracy.,0.2375,4.2105263157894735,3.803885598857398e-07,1.4469545649194705e-13
3,1,2.0,1.0,3.5,80.0,4.0,5.0,-1.75,0,The algorithm converged to the desired accuracy.,0.23958333333333331,4.173913043478261,3.820447405124259e-07,1.4595818375320684e-13
3,1,2.0,1.0,3.5,80.0,4.0,5.0,-1.75,0,The algorithm converged to the desired accuracy.,0.24166666666666664,4.137931034482759,3.836934970367248e-07,1.4722069966827114e-13
3,1,2.0,1.0,3.5,80.0,4.0,5.0,-1.75,0,The algorithm converged to the desired accuracy.,0.24375000000000002,4.102564102564102,3.853349212296377e-07,1.4848300151905109e-13
3,1,2.0,1.0,3.5,80.0,4.0,5.0,-1.75,0,The algorithm converged to the desired accuracy.,0.24583333333333335,4.067796610169491,3.869691026171136e-07,1.4974508638029417e-13
3,1,2.0,1.0,3.5,80.0,4.0,5.0,-1.75,0,The algorithm converged to the desired accuracy.,0.24791666666666667,4.033613445378151,3.8859612849992685e-07,1.5100695108513165e-13
3,1,2.0,1.0,3.5,80.0,4.0,5.0,-1.75,0,The algorithm converged to the desired accuracy.,0.25,4.0,3.902160848196803e-07,1.522685928519999e-13
3,1,2.0,1.0,3.5,80.0,4.0,5.0,-1.75,0,The algorithm converged to the desired accuracy.,0.2520833333333333,3.9669421487603307,3.918290556373704e-07,1.5353000884167352e-13
3,1,2.0,1.0,3.5,80.0,4.0,5.0,-1.75,0,The algorithm converged to the desired accuracy.,0.25416666666666665,3.934426229508197,3.9343512279523344e-07,1.5479119584890042e-13
3,1,2.0,1.0,3.5,80.0,4.0,5.0,-1.75,0,The algorithm converged to the desired accuracy.,0.25625,3.9024390243902443,3.950343668781839e-07,1.5605215101484757e-13
3,1,2.0,1.0,3.5,80.0,4.0,5.0,-1.75,0,The algorithm converged to the desired accuracy.,0.25833333333333336,3.8709677419354835,3.9662686689638737e-07,1.5731287154404458e-13
3,1,2.0,1.0,3.5,80.0,4.0,5.0,-1.75,0,The algorithm converged to the desired accuracy.,0.2604166666666667,3.84,3.98212699688331e-07,1.585733541930689e-13
3,1,2.0,1.0,3.5,80.0,4.0,5.0,-1.75,0,The algorithm converged to the desired accuracy.,0.2625,3.8095238095238093,3.9979194101609686e-07,1.5983359610141828e-13
3,1,2.0,1.0,3.5,80.0,4.0,5.0,-1.75,0,The algorithm converged to the desired accuracy.,0.26458333333333334,3.779527559055118,4.0136466518291986e-07,1.6109359445739735e-13
3,1,2.0,1.0,3.5,80.0,4.0,5.0,-1.75,0,The algorithm converged to the desired accuracy.,0.26666666666666666,3.75,4.029309444084829e-07,1.6235334596191195e-13
3,1,2.0,1.0,3.5,80.0,4.0,5.0,-1.75,0,The algorithm converged to the desired accuracy.,0.26875,3.7209302325581395,4.044908501369892e-07,1.6361284784454426e-13
3,1,2.0,1.0,3.5,80.0,4.0,5.0,-1.75,0,The algorithm converged to the desired accuracy.,0.2708333333333333,3.6923076923076925,4.060444522270869e-07,1.6487209718439504e-13
3,1,2.0,1.0,3.5,80.0,4.0,5.0,-1.75,0,The algorithm converged to the desired accuracy.,0.27291666666666664,3.6641221374045805,4.0759181870689605e-07,1.661310906767952e-13
3,1,2.0,1.0,3.5,80.0,4.0,5.0,-1.75,0,The algorithm converged to the desired accuracy.,0.275,3.6363636363636362,4.091330170911142e-07,1.6738982567407796e-13
3,1,2.0,1.0,3.5,80.0,4.0,5.0,-1.75,0,The algorithm converged to the desired accuracy.,0.27708333333333335,3.6090225563909772,4.106681129817663e-07,1.6864829902000476e-13
3,1,2.0,1.0,3.5,80.0,4.0,5.0,-1.75,0,The algorithm converged to the desired accuracy.,0.2791666666666667,3.582089552238806,4.121971707921044e-07,1.699065076090153e-13
3,1,2.0,1.0,3.5,80.0,4.0,5.0,-1.75,0,The algorithm converged to the desired accuracy.,0.28125,3.5555555555555554,4.1372025422331457e-07,1.7116444875460403e-13
3,1,2.0,1.0,3.5,80.0,4.0,5.0,-1.75,0,The algorithm converged to the desired accuracy.,0.2833333333333333,3.5294117647058822,4.152374249405771e-07,1.724221190712814e-13
3,1,2.0,1.0,3.5,80.0,4.0,5.0,-1.75,0,The algorithm converged to the desired accuracy.,0.28541666666666665,3.5036496350364965,4.1674874425020116e-07,1.7367951583411958e-13
3,1,2.0,1.0,3.5,80.0,4.0,5.0,-1.75,0,The algorithm converged to the desired accuracy.,0.2875,3.4782608695652177,4.182542719342126e-07,1.7493663599121826e-13
3,1,2.0,1.0,3.5,80.0,4.0,5.0,-1.75,0,The algorithm converged to the desired accuracy.,0.28958333333333336,3.4532374100719423,4.1975406649221425e-07,1.7619347633675022e-13
3,1,2.0,1.0,3.5,80.0,4.0,5.0,-1.75,0,The algorithm converged to the desired accuracy.,0.2916666666666667,3.4285714285714284,4.212481860261641e-07,1.7745003423033375e-13
3,1,2.0,1.0,3.5,80.0,4.0,5.0,-1.75,0,The algorithm converged to the desired accuracy.,0.29375,3.404255319148936,4.2273668664734036e-07,1.7870630623757163e-13
3,1,2.0,1.0,3.5,80.0,4.0,5.0,-1.75,0,The algorithm converged to the desired accuracy.,0.29583333333333334,3.380281690140845,4.242196243798557e-07,1.7996228970898588e-13
3,1,2.0,1.0,3.5,80.0,4.0,5.0,-1.75,0,The algorithm converged to the desired accuracy.,0.29791666666666666,3.3566433566433567,4.2569705360527985e-07,1.8121798144821652e-13
3,1,2.0,1.0,3.5,80.0,4.0,5.0,-1.75,0,The algorithm converged to the desired accuracy.,0.3,3.3333333333333335,4.271690279402599e-07,1.8247337843142653e-13
3,1,2.0,1.0,4.0,80.0,4.0,5.0,0.0,0,The algorithm converged to the desired accuracy.,0.05,20.0,9.765624999999988e-09,9.536743164062476e-17
3,1,2.0,1.0,4.0,80.0,4.0,5.0,0.0,0,The algorithm converged to the desired accuracy.,0.052083333333333336,19.2,9.765624999999986e-09,9.536743164062472e-17
3,1,2.0,1.0,4.0,80.0,4.0,5.0,0.0,0,The algorithm converged to the desired accuracy.,0.05416666666666667,18.46153846153846,9.765624999999981e-09,9.536743164062463e-17
3,1,2.0,1.0,4.0,80.0,4.0,5.0,0.0,0,The algorithm converged to the desired accuracy.,0.05625,17.77777777777778,9.765624999999981e-09,9.536743164062463e-17
3,1,2.0,1.0,4.0,80.0,4.0,5.0,0.0,0,The algorithm converged to the desired accuracy.,0.058333333333333334,17.142857142857142,9.765624999999978e-09,9.536743164062456e-17
3,1,2.0,1.0,4.0,80.0,4.0,5.0,0.0,0,The algorithm converged to the desired accuracy.,0.06041666666666667,16.551724137931036,9.765624999999973e-09,9.536743164062446e-17
3,1,2.0,1.0,4.0,80.0,4.0,5.0,0.0,0,The algorithm converged to the desired accuracy.,0.0625,16.0,9.765624999999968e-09,9.536743164062437e-17
3,1,2.0,1.0,4.0,80.0,4.0,5.0,0.0,0,The algorithm converged to the desired accuracy.,0.06458333333333334,15.483870967741934,9.765624999999964e-09,9.53674316406243e-17
3,1,2.0,1.0,4.0,80.0,4.0,5.0,0.0,0,The algorithm converged to the desired accuracy.,0.06666666666666667,15.0,9.76562499999996e-09,9.53674316406242e-17
3,1,2.0,1.0,4.0,80.0,4.0,5.0,0.0,0,The algorithm converged to the desired accuracy.,0.06875,14.545454545454545,9.765624999999953e-09,9.536743164062408e-17
3,1,2.0,1.0,4.0,80.0,4.0,5.0,0.0,0,The algorithm converged to the desired accuracy.,0.07083333333333333,14.117647058823529,9.765624999999946e-09,9.536743164062394e-17
3,1,2.0,1.0,4.0,80.0,4.0,5.0,0.0,0,The algorithm converged to the desired accuracy.,0.07291666666666667,13.714285714285714,9.76562499999994e-09,9.536743164062382e-17
3,1,2.0,1.0,4.0,80.0,4.0,5.0,0.0,0,The algorithm converged to the desired accuracy.,0.07500000000000001,13.333333333333332,9.765624999999933e-09,9.53674316406237e-17
3,1,2.0,1.0,4.0,80.0,4.0,5.0,0.0,0,The algorithm converged to the desired accuracy.,0.07708333333333334,12.972972972972972,9.765624999999926e-09,9.536743164062356e-17
3,1,2.0,1.0,4.0,80.0,4.0,5.0,0.0,0,The algorithm converged to the desired accuracy.,0.07916666666666666,12.631578947368421,9.765624999999918e-09,9.53674316406234e-17
3,1,2.0,1.0,4.0,80.0,4.0,5.0,0.0,0,The algorithm converged to the desired accuracy.,0.08125,12.307692307692307,9.765624999999908e-09,9.53674316406232e-17
3,1,2.0,1.0,4.0,80.0,4.0,5.0,0.0,0,The algorithm converged to the desired accuracy.,0.08333333333333334,11.999999999999998,9.765624999999898e-09,9.536743164062301e-17
3,1,2.0,1.0,4.0,80.0,4.0,5.0,0.0,0,The algorithm converged to the desired accuracy.,0.08541666666666667,11.707317073170731,9.765624999999888e-09,9.536743164062282e-17
3,1,2.0,1.0,4.0,80.0,4.0,5.0,0.0,0,The algorithm converged to the desired accuracy.,0.0875,11.428571428571429,9.765624999999875e-09,9.536743164062256e-17
3,1,2.0,1.0,4.0,80.0,4.0,5.0,0.0,0,The algorithm converged to the desired accuracy.,0.08958333333333333,11.162790697674419,9.765624999999863e-09,9.536743164062233e-17
3,1,2.0,1.0,4.0,80.0,4.0,5.0,0.0,0,The algorithm converged to the desired accuracy.,0.09166666666666667,10.909090909090908,9.76562499999985e-09,9.536743164062207e-17
3,1,2.0,1.0,4.0,80.0,4.0,5.0,0.0,0,The algorithm converged to the desired accuracy.,0.09375,10.666666666666666,9.765624999999837e-09,9.536743164062181e-17
3,1,2.0,1.0,4.0,80.0,4.0,5.0,0.0,0,The algorithm converged to the desired accuracy.,0.09583333333333333,10.434782608695652,9.765624999999822e-09,9.536743164062153e-17
3,1,2.0,1.0,4.0,80.0,4.0,5.0,0.0,0,The algorithm converged to the desired accuracy.,0.09791666666666667,10.212765957446809,9.765624999999804e-09,9.536743164062117e-17
3,1,2.0,1.0,4.0,80.0,4.0,5.0,0.0,0,The algorithm converged to the desired accuracy.,0.1,10.0,9.765624999999787e-09,9.536743164062085e-17
3,1,2.0,1.0,4.0,80.0,4.0,5.0,0.0,0,The algorithm converged to the desired accuracy.,0.10208333333333333,9.795918367346939,9.76562499999977e-09,9.536743164062049e-17
3,1,2.0,1.0,4.0,80.0,4.0,5.0,0.0,0,The algorithm converged to the desired accuracy.,0.10416666666666667,9.6,9.76562499999975e-09,9.536743164062011e-17
3,1,2.0,1.0,4.0,80.0,4.0,5.0,0.0,0,The algorithm converged to the desired accuracy.,0.10625000000000001,9.411764705882351,9.76562499999973e-09,9.536743164061972e-17
3,1,2.0,1.0,4.0,80.0,4.0,5.0,0.0,0,The algorithm converged to the desired accuracy.,0.10833333333333334,9.23076923076923,9.765624999999708e-09,9.53674316406193e-17
3,1,2.0,1.0,4.0,80.0,4.0,5.0,0.0,0,The algorithm converged to the desired accuracy.,0.11041666666666666,9.056603773584905,9.765624999999685e-09,9.536743164061884e-17
3,1,2.0,1.0,4.0,80.0,4.0,5.0,0.0,0,The algorithm converged to the desired accuracy.,0.1125,8.88888888888889,9.765624999999662e-09,9.53674316406184e-17
3,1,2.0,1.0,4.0,80.0,4.0,5.0,0.0,0,The algorithm converged to the desired accuracy.,0.11458333333333333,8.727272727272728,9.765624999999632e-09,9.53674316406178e-17
3,1,2.0,1.0,4.0,80.0,4.0,5.0,0.0,0,The algorithm converged to the desired accuracy.,0.11666666666666667,8.571428571428571,9.765624999999605e-09,9.536743164061729e-17
3,1,2.0,1.0,4.0,80.0,4.0,5.0,0.0,0,The algorithm converged to the desired accuracy.,0.11875000000000001,8.421052631578947,9.765624999999576e-09,9.536743164061671e-17
3,1,2.0,1.0,4.0,80.0,4.0,5.0,0.0,0,The algorithm converged to the desired accuracy.,0.12083333333333333,8.275862068965518,9.765624999999548e-09,9.536743164061617e-17
3,1,2.0,1.0,4.0,80.0,4.0,5.0,0.0,0,The algorithm converged to the desired accuracy.,0.12291666666666667,8.135593220338983,9.765624999999516e-09,9.536743164061555e-17
3,1,2.0,1.0,4.0,80.0,4.0,5.0,0.0,0,The algorithm converged to the desired accuracy.,0.125,8.0,9.765624999999481e-09,9.536743164061487e-17
3,1,2.0,1.0,4.0,80.0,4.0,5.0,0.0,0,The algorithm converged to the desired accuracy.,0.12708333333333333,7.868852459016394,9.765624999999445e-09,9.536743164061416e-17
3,1,2.0,1.0,4.0,80.0,4.0,5.0,0.0,0,The algorithm converged to the desired accuracy.,0.12916666666666665,7.741935483870969,9.765624999999407e-09,9.536743164061342e-17
3,1,2.0,1.0,4.0,80.0,4.0,5.0,0.0,0,The algorithm converged to the desired accuracy.,0.13125,7.619047619047619,9.765624999999369e-09,9.536743164061268e-17
3,1,2.0,1.0,4.0,80.0,4.0,5.0,0.0,0,The algorithm converged to the desired accuracy.,0.13333333333333333,7.5,9.765624999999326e-09,9.536743164061183e-17
3,1,2.0,1.0,4.0,80.0,4.0,5.0,0.0,0,The algorithm converged to the desired accuracy.,0.13541666666666669,7.384615384615383,9.765624999999284e-09,9.536743164061103e-17
3,1,2.0,1.0,4.0,80.0,4.0,5.0,0.0,0,The algorithm converged to the desired accuracy.,0.1375,7.2727272727272725,9.76562499999924e-09,9.536743164061015e-17
3,1,2.0,1.0,4.0,80.0,4.0,5.0,0.0,0,The algorithm converged to the desired accuracy.,0.13958333333333334,7.164179104477612,9.765624999999192e-09,9.536743164060921e-17
3,1,2.0,1.0,4.0,80.0,4.0,5.0,0.0,0,The algorithm converged to the desired accuracy.,0.14166666666666666,7.0588235294117645,9.765624999999142e-09,9.536743164060824e-17
3,1,2.0,1.0,4.0,80.0,4.0,5.0,0.0,0,The algorithm converged to the desired accuracy.,0.14375,6.9565217391304355,9.765624999999091e-09,9.536743164060724e-17
3,1,2.0,1.0,4.0,80.0,4.0,5.0,0.0,0,The algorithm converged to the desired accuracy.,0.14583333333333331,6.857142857142858,9.765624999999038e-09,9.536743164060621e-17
3,1,2.0,1.0,4.0,80.0,4.0,5.0,0.0,0,The algorithm converged to the desired accuracy.,0.14791666666666667,6.76056338028169,9.76562499999898e-09,9.536743164060508e-17
3,1,2.0,1.0,4.0,80.0,4.0,5.0,0.0,0,The algorithm converged to the desired accuracy.,0.15000000000000002,6.666666666666666,9.765624999998922e-09,9.536743164060395e-17
3,1,2.0,1.0,4.0,80.0,4.0,5.0,0.0,0,The algorithm converged to the desired accuracy.,0.15208333333333335,6.575342465753424,9.765624999998861e-09,9.536743164060276e-17
3,1,2.0,1.0,4.0,80.0,4.0,5.0,0.0,0,The algorithm converged to the desired accuracy.,0.15416666666666667,6.486486486486486,9.765624999998796e-09,9.53674316406015e-17
3,1,2.0,1.0,4.0,80.0,4.0,5.0,0.0,0,The algorithm converged to the desired accuracy.,0.15625,6.4,9.76562499999873e-09,9.53674316406002e-17
3,1,2.0,1.0,4.0,80.0,4.0,5.0,0.0,0,The algorithm converged to the desired accuracy.,0.15833333333333333,6.315789473684211,9.76562499999866e-09,9.536743164059885e-17
3,1,2.0,1.0,4.0,80.0,4.0,5.0,0.0,0,The algorithm converged to the desired accuracy.,0.16041666666666665,6.233766233766234,9.765624999998588e-09,9.536743164059742e-17
3,1,2.0,1.0,4.0,80.0,4.0,5.0,0.0,0,The algorithm converged to the desired accuracy.,0.1625,6.153846153846153,9.765624999998514e-09,9.536743164059596e-17
3,1,2.0,1.0,4.0,80.0,4.0,5.0,0.0,0,The algorithm converged to the desired accuracy.,0.16458333333333333,6.075949367088608,9.765624999998437e-09,9.536743164059448e-17
3,1,2.0,1.0,4.0,80.0,4.0,5.0,0.0,0,The algorithm converged to the desired accuracy.,0.16666666666666669,5.999999999999999,9.765624999998356e-09,9.53674316405929e-17
3,1,2.0,1.0,4.0,80.0,4.0,5.0,0.0,0,The algorithm converged to the desired accuracy.,0.16875,5.925925925925926,9.765624999998274e-09,9.536743164059128e-17
3,1,2.0,1.0,4.0,80.0,4.0,5.0,0.0,0,The algorithm converged to the desired accuracy.,0.17083333333333334,5.853658536585366,9.765624999998184e-09,9.536743164058954e-17
3,1,2.0,1.0,4.0,80.0,4.0,5.0,0.0,0,The algorithm converged to the desired accuracy.,0.17291666666666666,5.783132530120482,9.765624999998095e-09,9.536743164058779e-17
3,1,2.0,1.0,4.0,80.0,4.0,5.0,0.0,0,The algorithm converged to the desired accuracy.,0.175,5.714285714285714,9.765624999998002e-09,9.536743164058598e-17
3,1,2.0,1.0,4.0,80.0,4.0,5.0,0.0,0,The algorithm converged to the desired accuracy.,0.17708333333333331,5.647058823529412,9.765624999997905e-09,9.536743164058408e-17
3,1,2.0,1.0,4.0,80.0,4.0,5.0,0.0,0,The algorithm converged to the desired accuracy.,0.17916666666666664,5.58139534883721,9.765624999997804e-09,9.536743164058211e-17
3,1,2.0,1.0,4.0,80.0,4.0,5.0,0.0,0,The algorithm converged to the desired accuracy.,0.18125000000000002,5.517241379310344,9.765624999997701e-09,9.53674316405801e-17
3,1,2.0,1.0,4.0,80.0,4.0,5.0,0.0,0,The algorithm converged to the desired accuracy.,0.18333333333333335,5.454545454545454,9.765624999997592e-09,9.536743164057797e-17
3,1,2.0,1.0,4.0,80.0,4.0,5.0,0.0,0,The algorithm converged to the desired accuracy.,0.18541666666666667,5.393258426966292,9.765624999997481e-09,9.536743164057581e-17
3,1,2.0,1.0,4.0,80.0,4.0,5.0,0.0,0,The algorithm converged to the desired accuracy.,0.1875,5.333333333333333,9.765624999997365e-09,9.536743164057354e-17
3,1,2.0,1.0,4.0,80.0,4.0,5.0,0.0,0,The algorithm converged to the desired accuracy.,0.18958333333333333,5.274725274725275,9.765624999997246e-09,9.536743164057121e-17
3,1,2.0,1.0,4.0,80.0,4.0,5.0,0.0,0,The algorithm converged to the desired accuracy.,0.19166666666666665,5.217391304347826,9.765624999997122e-09,9.53674316405688e-17
3,1,2.0,1.0,4.0,80.0,4.0,5.0,0.0,0,The algorithm converged to the desired accuracy.,0.19374999999999998,5.161290322580646,9.765624999996995e-09,9.536743164056631e-17
3,1,2.0,1.0,4.0,80.0,4.0,5.0,0.0,0,The algorithm converged to the desired accuracy.,0.19583333333333336,5.106382978723404,9.765624999996864e-09,9.536743164056376e-17
3,1,2.0,1.0,4.0,80.0,4.0,5.0,0.0,0,The algorithm converged to the desired accuracy.,0.19791666666666669,5.052631578947368,9.76562499999673e-09,9.536743164056113e-17
3,1,2.0,1.0,4.0,80.0,4.0,5.0,0.0,0,The algorithm converged to the desired accuracy.,0.2,5.0,9.765624999996588e-09,9.536743164055836e-17
3,1,2.0,1.0,4.0,80.0,4.0,5.0,0.0,0,The algorithm converged to the desired accuracy.,0.20208333333333334,4.948453608247423,9.765624999996442e-09,9.536743164055551e-17
3,1,2.0,1.0,4.0,80.0,4.0,5.0,0.0,0,The algorithm converged to the desired accuracy.,0.20416666666666666,4.8979591836734695,9.765624999996295e-09,9.536743164055264e-17
3,1,2.0,1.0,4.0,80.0,4.0,5.0,0.0,0,The algorithm converged to the desired accuracy.,0.20625,4.848484848484849,9.765624999996141e-09,9.536743164054963e-17
3,1,2.0,1.0,4.0,80.0,4.0,5.0,0.0,0,The algorithm converged to the desired accuracy.,0.20833333333333331,4.800000000000001,9.76562499999598e-09,9.53674316405465e-17
3,1,2.0,1.0,4.0,80.0,4.0,5.0,0.0,0,The algorithm converged to the desired accuracy.,0.21041666666666664,4.752475247524753,9.765624999995819e-09,9.536743164054333e-17
3,1,2.0,1.0,4.0,80.0,4.0,5.0,0.0,0,The algorithm converged to the desired accuracy.,0.21250000000000002,4.705882352941176,9.765624999995651e-09,9.536743164054007e-17
3,1,2.0,1.0,4.0,80.0,4.0,5.0,0.0,0,The algorithm converged to the desired accuracy.,0.21458333333333335,4.660194174757281,9.765624999995478e-09,9.536743164053668e-17
3,1,2.0,1.0,4.0,80.0,4.0,5.0,0.0,0,The algorithm converged to the desired accuracy.,0.21666666666666667,4.615384615384615,9.765624999995299e-09,9.536743164053319e-17
3,1,2.0,1.0,4.0,80.0,4.0,5.0,0.0,0,The algorithm converged to the desired accuracy.,0.21875,4.571428571428571,9.765624999995114e-09,9.536743164052956e-17
3,1,2.0,1.0,4.0,80.0,4.0,5.0,0.0,0,The algorithm converged to the desired accuracy.,0.22083333333333333,4.528301886792453,9.765624999994927e-09,9.536743164052592e-17
3,1,2.0,1.0,4.0,80.0,4.0,5.0,0.0,0,The algorithm converged to the desired accuracy.,0.22291666666666665,4.4859813084112155,9.765624999994732e-09,9.536743164052211e-17
3,1,2.0,1.0,4.0,80.0,4.0,5.0,0.0,0,The algorithm converged to the desired accuracy.,0.22499999999999998,4.444444444444445,9.765624999994531e-09,9.53674316405182e-17
3,1,2.0,1.0,4.0,80.0,4.0,5.0,0.0,0,The algorithm converged to the desired accuracy.,0.22708333333333336,4.403669724770642,9.765624999994325e-09,9.536743164051416e-17
3,1,2.0,1.0,4.0,80.0,4.0,5.0,0.0,0,The algorithm converged to the desired accuracy.,0.22916666666666669,4.363636363636363,9.765624999994113e-09,9.536743164051001e-17
3,1,2.0,1.0,4.0,80.0,4.0,5.0,0.0,0,The algorithm converged to the desired accuracy.,0.23125,4.324324324324324,9.765624999993896e-09,9.536743164050579e-17
3,1,2.0,1.0,4.0,80.0,4.0,5.0,0.0,0,The algorithm converged to the desired accuracy.,0.23333333333333334,4.285714285714286,9.765624999993675e-09,9.536743164050146e-17
3,1,2.0,1.0,4.0,80.0,4.0,5.0,0.0,0,The algorithm converged to the desired accuracy.,0.23541666666666666,4.247787610619469,9.765624999993443e-09,9.536743164049694e-17
3,1,2.0,1.0,4.0,80.0,4.0,5.0,0.0,0,The algorithm converged to the desired accuracy.,0.2375,4.2105263157894735,9.765624999993208e-09,9.536743164049234e-17
3,1,2.0,1.0,4.0,80.0,4.0,5.0,0.0,0,The algorithm converged to the desired accuracy.,0.23958333333333331,4.173913043478261,9.765624999992965e-09,9.536743164048759e-17
3,1,2.0,1.0,4.0,80.0,4.0,5.0,0.0,0,The algorithm converged to the desired accuracy.,0.24166666666666664,4.137931034482759,9.765624999992717e-09,9.536743164048275e-17
3,1,2.0,1.0,4.0,80.0,4.0,5.0,0.0,0,The algorithm converged to the desired accuracy.,0.24375000000000002,4.102564102564102,9.765624999992459e-09,9.536743164047771e-17
3,1,2.0,1.0,4.0,80.0,4.0,5.0,0.0,0,The algorithm converged to the desired accuracy.,0.24583333333333335,4.067796610169491,9.765624999992199e-09,9.536743164047263e-17
3,1,2.0,1.0,4.0,80.0,4.0,5.0,0.0,0,The algorithm converged to the desired accuracy.,0.24791666666666667,4.033613445378151,9.76562499999193e-09,9.53674316404674e-17
3,1,2.0,1.0,4.0,80.0,4.0,5.0,0.0,0,The algorithm converged to the desired accuracy.,0.25,4.0,9.765624999991655e-09,9.5367431640462e-17
3,1,2.0,1.0,4.0,80.0,4.0,5.0,0.0,0,The algorithm converged to the desired accuracy.,0.2520833333333333,3.9669421487603307,9.765624999991373e-09,9.536743164045651e-17
3,1,2.0,1.0,4.0,80.0,4.0,5.0,0.0,0,The algorithm converged to the desired accuracy.,0.25416666666666665,3.934426229508197,9.765624999991082e-09,9.536743164045083e-17
3,1,2.0,1.0,4.0,80.0,4.0,5.0,0.0,0,The algorithm converged to the desired accuracy.,0.25625,3.9024390243902443,9.765624999990786e-09,9.536743164044504e-17
3,1,2.0,1.0,4.0,80.0,4.0,5.0,0.0,0,The algorithm converged to the desired accuracy.,0.25833333333333336,3.8709677419354835,9.76562499999048e-09,9.536743164043907e-17
3,1,2.0,1.0,4.0,80.0,4.0,5.0,0.0,0,The algorithm converged to the desired accuracy.,0.2604166666666667,3.84,9.765624999990167e-09,9.536743164043295e-17
3,1,2.0,1.0,4.0,80.0,4.0,5.0,0.0,0,The algorithm converged to the desired accuracy.,0.2625,3.8095238095238093,9.765624999989846e-09,9.536743164042669e-17
3,1,2.0,1.0,4.0,80.0,4.0,5.0,0.0,0,The algorithm converged to the desired accuracy.,0.26458333333333334,3.779527559055118,9.765624999989517e-09,9.536743164042026e-17
3,1,2.0,1.0,4.0,80.0,4.0,5.0,0.0,0,The algorithm converged to the desired accuracy.,0.26666666666666666,3.75,9.765624999989181e-09,9.53674316404137e-17
3,1,2.0,1.0,4.0,80.0,4.0,5.0,0.0,0,The algorithm converged to the desired accuracy.,0.26875,3.7209302325581395,9.765624999988837e-09,9.536743164040698e-17
3,1,2.0,1.0,4.0,80.0,4.0,5.0,0.0,0,The algorithm converged to the desired accuracy.,0.2708333333333333,3.6923076923076925,9.765624999988485e-09,9.536743164040009e-17
3,1,2.0,1.0,4.0,80.0,4.0,5.0,0.0,0,The algorithm converged to the desired accuracy.,0.27291666666666664,3.6641221374045805,9.765624999988126e-09,9.536743164039308e-17
3,1,2.0,1.0,4.0,80.0,4.0,5.0,0.0,0,The algorithm converged to the desired accuracy.,0.275,3.6363636363636362,9.765624999987759e-09,9.53674316403859e-17
3,1,2.0,1.0,4.0,80.0,4.0,5.0,0.0,0,The algorithm converged to the desired accuracy.,0.27708333333333335,3.6090225563909772,9.765624999987381e-09,9.536743164037855e-17
3,1,2.0,1.0,4.0,80.0,4.0,5.0,0.0,0,The algorithm converged to the desired accuracy.,0.2791666666666667,3.582089552238806,9.765624999986996e-09,9.536743164037101e-17
3,1,2.0,1.0,4.0,80.0,4.0,5.0,0.0,0,The algorithm converged to the desired accuracy.,0.28125,3.5555555555555554,9.765624999986604e-09,9.536743164036336e-17
3,1,2.0,1.0,4.0,80.0,4.0,5.0,0.0,0,The algorithm converged to the desired accuracy.,0.2833333333333333,3.5294117647058822,9.765624999986202e-09,9.536743164035551e-17
3,1,2.0,1.0,4.0,80.0,4.0,5.0,0.0,0,The algorithm converged to the desired accuracy.,0.28541666666666665,3.5036496350364965,9.765624999985791e-09,9.536743164034748e-17
3,1,2.0,1.0,4.0,80.0,4.0,5.0,0.0,0,The algorithm converged to the desired accuracy.,0.2875,3.4782608695652177,9.765624999985371e-09,9.536743164033929e-17
3,1,2.0,1.0,4.0,80.0,4.0,5.0,0.0,0,The algorithm converged to the desired accuracy.,0.28958333333333336,3.4532374100719423,9.765624999984943e-09,9.536743164033092e-17
3,1,2.0,1.0,4.0,80.0,4.0,5.0,0.0,0,The algorithm converged to the desired accuracy.,0.2916666666666667,3.4285714285714284,9.765624999984501e-09,9.536743164032229e-17
3,1,2.0,1.0,4.0,80.0,4.0,5.0,0.0,0,The algorithm converged to the desired accuracy.,0.29375,3.404255319148936,9.765624999984053e-09,9.536743164031353e-17
3,1,2.0,1.0,4.0,80.0,4.0,5.0,0.0,0,The algorithm converged to the desired accuracy.,0.29583333333333334,3.380281690140845,9.765624999983594e-09,9.536743164030458e-17
3,1,2.0,1.0,4.0,80.0,4.0,5.0,0.0,0,The algorithm converged to the desired accuracy.,0.29791666666666666,3.3566433566433567,9.765624999983128e-09,9.536743164029547e-17
3,1,2.0,1.0,4.0,80.0,4.0,5.0,0.0,0,The algorithm converged to the desired accuracy.,0.3,3.3333333333333335,9.76562499998265e-09,9.536743164028613e-17
4,2,0.5,1.0,1.1,80.0,4.0,5.0,-3.19,0,The algorithm converged to the desired accuracy.,0.05,20.0,0.014806012519885224,0.000219218006738998
4,2,0.5,1.0,1.1,80.0,4.0,5.0,-3.19,0,The algorithm converged to the desired accuracy.,0.052083333333333336,19.2,0.01548456968239241,0.0002397718982488662
4,2,0.5,1.0,1.1,80.0,4.0,5.0,-3.19,0,The algorithm converged to the desired accuracy.,0.05416666666666667,18.46153846153846,0.016165676343294855,0.0002613290916361629
4,2,0.5,1.0,1.1,80.0,4.0,5.0,-3.19,0,The algorithm converged to the desired accuracy.,0.05625,17.77777777777778,0.016849231391225974,0.0002838965984750748
4,2,0.5,1.0,1.1,80.0,4.0,5.0,-3.19,0,The algorithm converged to the desired accuracy.,0.058333333333333334,17.142857142857142,0.017535140421776212,0.00030748114961141003
4,2,0.5,1.0,1.1,80.0,4.0,5.0,-3.19,0,The algorithm converged to the desired accuracy.,0.06041666666666667,16.551724137931036,0.01822331503360573,0.0003320892108140406
4,2,0.5,1.0,1.1,80.0,4.0,5.0,-3.19,0,The algorithm converged to the desired accuracy.,0.0625,16.0,0.018913672219445,0.00035772699682460555
4,2,0.5,1.0,1.1,80.0,4.0,5.0,-3.19,0,The algorithm converged to the desired accuracy.,0.06458333333333334,15.483870967741934,0.01960613388591327,0.0003844004859523566
4,2,0.5,1.0,1.1,80.0,4.0,5.0,-3.19,0,The algorithm converged to the desired accuracy.,0.06666666666666667,15.0,0.020300626448211963,0.00041211543418984305
4,2,0.5,1.0,1.1,80.0,4.0,5.0,-3.19,0,The algorithm converged to the desired accuracy.,0.06875,14.545454545454545,0.020997080197551785,0.0004408773768224213
4,2,0.5,1.0,1.1,80.0,4.0,5.0,-3.19,0,The algorithm converged to the desired accuracy.,0.07083333333333333,14.117647058823529,0.021695429286897598,0.00047069165194277404
4,2,0.5,1.0,1.1,80.0,4.0,5.0,-3.19,0,The algorithm converged to the desired accuracy.,0.07291666666666667,13.714285714285714,0.022395611056024976,0.0005015633945727481
4,2,0.5,1.0,1.1,80.0,4.0,5.0,-3.19,0,The algorithm converged to the desired accuracy.,0.07500000000000001,13.333333333333332,0.02309756613913065,0.0005334975615515148
4,2,0.5,1.0,1.1,80.0,4.0,5.0,-3.19,0,The algorithm converged to the desired accuracy.,0.07708333333333334,12.972972972972972,0.023801237851848976,0.0005664989232802885
4,2,0.5,1.0,1.1,80.0,4.0,5.0,-3.19,0,The algorithm converged to the desired accuracy.,0.07916666666666666,12.631578947368421,0.02450657215851779,0.0006005720789606393
4,2,0.5,1.0,1.1,80.0,4.0,5.0,-3.19,0,The algorithm converged to the desired accuracy.,0.08125,12.307692307692307,0.02521351751457691,0.0006357214654578766
4,2,0.5,1.0,1.1,80.0,4.0,5.0,-3.19,0,The algorithm converged to the desired accuracy.,0.08333333333333334,11.999999999999998,0.025922024587978744,0.0006719513587397746
4,2,0.5,1.0,1.1,80.0,4.0,5.0,-3.19,0,The algorithm converged to the desired accuracy.,0.08541666666666667,11.707317073170731,0.026632046119623304,0.0007092658805177426
4,2,0.5,1.0,1.1,80.0,4.0,5.0,-3.19,0,The algorithm converged to the desired accuracy.,0.0875,11.428571428571429,0.02734353678995825,0.0007476690041838003
4,2,0.5,1.0,1.1,80.0,4.0,5.0,-3.19,0,The algorithm converged to the desired accuracy.,0.08958333333333333,11.162790697674419,0.028056453088435972,0.0007871645599036084
4,2,0.5,1.0,1.1,80.0,4.0,5.0,-3.19,0,The algorithm converged to the desired accuracy.,0.09166666666666667,10.909090909090908,0.028770753190944215,0.0008277562391742268
4,2,0.5,1.0,1.1,80.0,4.0,5.0,-3.19,0,The algorithm converged to the desired accuracy.,0.09375,10.666666666666666,0.029486396840026262,0.0008694475986075108
4,2,0.5,1.0,1.1,80.0,4.0,5.0,-3.19,0,The algorithm converged to the desired accuracy.,0.09583333333333333,10.434782608695652,0.030203345222371752,0.0009122420626217666
4,2,0.5,1.0,1.1,80.0,4.0,5.0,-3.19,0,The algorithm converged to the desired accuracy.,0.09791666666666667,10.212765957446809,0.030921560939612198,0.0009561429309421508
4,2,0.5,1.0,1.1,80.0,4.0,5.0,-3.19,0,The algorithm converged to the desired accuracy.,0.1,10.0,0.03164100795251337,0.0010011533842510145
4,2,0.5,1.0,1.1,80.0,4.0,5.0,-3.19,0,The algorithm converged to the desired accuracy.,0.10208333333333333,9.795918367346939,0.032361651392114124,0.001047276480824722
4,2,0.5,1.0,1.1,80.0,4.0,5.0,-3.19,0,The algorithm converged to the desired accuracy.,0.10416666666666667,9.6,0.03308345741047651,0.0010945151542308131
4,2,0.5,1.0,1.1,80.0,4.0,5.0,-3.19,0,The algorithm converged to the desired accuracy.,0.10625000000000001,9.411764705882351,0.03380639347143545,0.0011428722395455135
4,2,0.5,1.0,1.1,80.0,4.0,5.0,-3.19,0,The algorithm converged to the desired accuracy.,0.10833333333333334,9.23076923076923,0.03453042796747986,0.0011923504556173154
4,2,0.5,1.0,1.1,80.0,4.0,5.0,-3.19,0,The algorithm converged to the desired accuracy.,0.11041666666666666,9.056603773584905,0.03525553011624783,0.0012429524037776579
4,2,0.5,1.0,1.1,80.0,4.0,5.0,-3.19,0,The algorithm converged to the desired accuracy.,0.1125,8.88888888888889,0.03598167037904324,0.0012946806032661177
4,2,0.5,1.0,1.1,80.0,4.0,5.0,-3.19,0,The algorithm converged to the desired accuracy.,0.11458333333333333,8.727272727272728,0.036708819665682076,0.0013475374412475671
4,2,0.5,1.0,1.1,80.0,4.0,5.0,-3.19,0,The algorithm converged to the desired accuracy.,0.11666666666666667,8.571428571428571,0.03743695016564551,0.0014015252377050252
4,2,0.5,1.0,1.1,80.0,4.0,5.0,-3.19,0,The algorithm converged to the desired accuracy.,0.11875000000000001,8.421052631578947,0.03816603438234688,0.0014566461804744841
4,2,0.5,1.0,1.1,80.0,4.0,5.0,-3.19,0,The algorithm converged to the desired accuracy.,0.12083333333333333,8.275862068965518,0.03889604602027826,0.0015129023960116044
4,2,0.5,1.0,1.1,80.0,4.0,5.0,-3.19,0,The algorithm converged to the desired accuracy.,0.12291666666666667,8.135593220338983,0.03962695909461059,0.0015702958870859411
4,2,0.5,1.0,1.1,80.0,4.0,5.0,-3.19,0,The algorithm converged to the desired accuracy.,0.125,8.0,0.040358748546436014,0.001628828584234451
4,2,0.5,1.0,1.1,80.0,4.0,5.0,-3.19,0,The algorithm converged to the desired accuracy.,0.12708333333333333,7.868852459016394,0.04109138994328431,0.001688502327471047
4,2,0.5,1.0,1.1,80.0,4.0,5.0,-3.19,0,The algorithm converged to the desired accuracy.,0.12916666666666665,7.741935483870969,0.04182485922705202,0.0017493188493627188
4,2,0.5,1.0,1.1,80.0,4.0,5.0,-3.19,0,The algorithm converged to the desired accuracy.,0.13125,7.619047619047619,0.04255913325209931,0.0018112798231699455
4,2,0.5,1.0,1.1,80.0,4.0,5.0,-3.19,0,The algorithm converged to the desired accuracy.,0.13333333333333333,7.5,0.04329418929364558,0.0018743868265940153
4,2,0.5,1.0,1.1,80.0,4.0,5.0,-3.19,0,The algorithm converged to the desired accuracy.,0.13541666666666669,7.384615384615383,0.04403000501512467,0.0019386413416319036
4,2,0.5,1.0,1.1,80.0,4.0,5.0,-3.19,0,The algorithm converged to the desired accuracy.,0.1375,7.2727272727272725,0.044766558783937524,0.002004044785355734
4,2,0.5,1.0,1.1,80.0,4.0,5.0,-3.19,0,The algorithm converged to the desired accuracy.,0.13958333333333334,7.164179104477612,0.045503829473890485,0.0020705984967889046
4,2,0.5,1.0,1.1,80.0,4.0,5.0,-3.19,0,The algorithm converged to the desired accuracy.,0.14166666666666666,7.0588235294117645,0.0462417963278198,0.002138303727623569
4,2,0.5,1.0,1.1,80.0,4.0,5.0,-3.19,0,The algorithm converged to the desired accuracy.,0.14375,6.9565217391304355,0.046980438998223316,0.0022071616484657824
4,2,0.5,1.0,1.1,80.0,4.0,5.0,-3.19,0,The algorithm converged to the desired accuracy.,0.14583333333333331,6.857142857142858,0.04771973764102657,0.0022771733605284083
4,2,0.5,1.0,1.1,80.0,4.0,5.0,-3.19,0,The algorithm converged to the desired accuracy.,0.14791666666666667,6.76056338028169,0.04845967288046333,0.002348339895681513
4,2,0.5,1.0,1.1,80.0,4.0,5.0,-3.19,0,The algorithm converged to the desired accuracy.,0.15000000000000002,6.666666666666666,0.04920022570322138,0.0024206622092479255
4,2,0.5,1.0,1.1,80.0,4.0,5.0,-3.19,0,The algorithm converged to the desired accuracy.,0.15208333333333335,6.575342465753424,0.049941377460216214,0.002494141182623792
4,2,0.5,1.0,1.1,80.0,4.0,5.0,-3.19,0,The algorithm converged to the desired accuracy.,0.15416666666666667,6.486486486486486,0.05068310986642188,0.002568777625731791
4,2,0.5,1.0,1.1,80.0,4.0,5.0,-3.19,0,The algorithm converged to the desired accuracy.,0.15625,6.4,0.05142540499529011,0.002644572278929609
4,2,0.5,1.0,1.1,80.0,4.0,5.0,-3.19,0,The algorithm converged to the desired accuracy.,0.15833333333333333,6.315789473684211,0.05216824526958984,0.0027215258145080828
4,2,0.5,1.0,1.1,80.0,4.0,5.0,-3.19,0,The algorithm converged to the desired accuracy.,0.16041666666666665,6.233766233766234,0.05291161345228584,0.0027996388381241154
4,2,0.5,1.0,1.1,80.0,4.0,5.0,-3.19,0,The algorithm converged to the desired accuracy.,0.1625,6.153846153846153,0.05365549263523452,0.0028789118899297055
4,2,0.5,1.0,1.1,80.0,4.0,5.0,-3.19,0,The algorithm converged to the desired accuracy.,0.16458333333333333,6.075949367088608,0.05439986621666404,0.0029593454443909454
4,2,0.5,1.0,1.1,80.0,4.0,5.0,-3.19,0,The algorithm converged to the desired accuracy.,0.16666666666666669,5.999999999999999,0.05514471789095973,0.0030409399112735344
4,2,0.5,1.0,1.1,80.0,4.0,5.0,-3.19,0,The algorithm converged to the desired accuracy.,0.16875,5.925925925925926,0.05589003164042969,0.0031236956367682316
4,2,0.5,1.0,1.1,80.0,4.0,5.0,-3.19,0,The algorithm converged to the desired accuracy.,0.17083333333333334,5.853658536585366,0.05663579172678467,0.003207612904519731
4,2,0.5,1.0,1.1,80.0,4.0,5.0,-3.19,0,The algorithm converged to the desired accuracy.,0.17291666666666666,5.783132530120482,0.05738198268258457,0.0032926919365844354
4,2,0.5,1.0,1.1,80.0,4.0,5.0,-3.19,0,The algorithm converged to the desired accuracy.,0.175,5.714285714285714,0.05812858930278697,0.0033789328943320796
4,2,0.5,1.0,1.1,80.0,4.0,5.0,-3.19,0,The algorithm converged to the desired accuracy.,0.17708333333333331,5.647058823529412,0.05887559663643713,0.003466335879296447
4,2,0.5,1.0,1.1,80.0,4.0,5.0,-3.19,0,The algorithm converged to the desired accuracy.,0.17916666666666664,5.58139534883721,0.05962298997845935,0.003554900933971464
4,2,0.5,1.0,1.1,80.0,4.0,5.0,-3.19,0,The algorithm converged to the desired accuracy.,0.18125000000000002,5.517241379310344,0.06037075486144569,0.0036446280425407687
4,2,0.5,1.0,1.1,80.0,4.0,5.0,-3.19,0,The algorithm converged to the desired accuracy.,0.18333333333333335,5.454545454545454,0.06111887704728336,0.0037355171315209407
4,2,0.5,1.0,1.1,80.0,4.0,5.0,-3.19,0,The algorithm converged to the desired accuracy.,0.18541666666666667,5.393258426966292,0.06186734251963565,0.0038275680704419174
4,2,0.5,1.0,1.1,80.0,4.0,5.0,-3.19,0,The algorithm converged to the desired accuracy.,0.1875,5.333333333333333,0.06261613748625332,0.003920780673697378
4,2,0.5,1.0,1.1,80.0,4.0,5.0,-3.19,0,The algorithm converged to the desired accuracy.,0.18958333333333333,5.274725274725275,0.06336524837420021,0.004015154701524083
4,2,0.5,1.0,1.1,80.0,4.0,5.0,-3.19,0,The algorithm converged to the desired accuracy.,0.19166666666666665,5.217391304347826,0.064114661820882,0.004110689860406065
4,2,0.5,1.0,1.1,80.0,4.0,5.0,-3.19,0,The algorithm converged to the desired accuracy.,0.19374999999999998,5.161290322580646,0.0648643646668164,0.00420738580362974
4,2,0.5,1.0,1.1,80.0,4.0,5.0,-3.19,0,The algorithm converged to the desired accuracy.,0.19583333333333336,5.106382978723404,0.0656143439471186,0.004305242131610779
4,2,0.5,1.0,1.1,80.0,4.0,5.0,-3.19,0,The algorithm converged to the desired accuracy.,0.19791666666666669,5.052631578947368,0.0663645868813242,0.004404258391928827
4,2,0.5,1.0,1.1,80.0,4.0,5.0,-3.19,0,The algorithm converged to the desired accuracy.,0.2,5.0,0.06711508086117936,0.004504434079002644
4,2,0.5,1.0,1.1,80.0,4.0,5.0,-3.19,0,The algorithm converged to the desired accuracy.,0.20208333333333334,4.948453608247423,0.06786581343602013,0.004605768633332691
4,2,0.5,1.0,1.1,80.0,4.0,5.0,-3.19,0,The algorithm converged to the desired accuracy.,0.20416666666666666,4.8979591836734695,0.06861677232519757,0.004708261444327999
4,2,0.5,1.0,1.1,80.0,4.0,5.0,-3.19,0,The algorithm converged to the desired accuracy.,0.20625,4.848484848484849,0.069367945492597,0.0048119118618639095
4,2,0.5,1.0,1.1,80.0,4.0,5.0,-3.19,0,The algorithm converged to the desired accuracy.,0.20833333333333331,4.800000000000001,0.07011932107962694,0.004916719188667815
4,2,0.5,1.0,1.1,80.0,4.0,5.0,-3.19,0,The algorithm converged to the desired accuracy.,0.21041666666666664,4.752475247524753,0.07087088736765619,0.00502268267627901
4,2,0.5,1.0,1.1,80.0,4.0,5.0,-3.19,0,The algorithm converged to the desired accuracy.,0.21250000000000002,4.705882352941176,0.07162263275492643,0.005129801522747061
4,2,0.5,1.0,1.1,80.0,4.0,5.0,-3.19,0,The algorithm converged to the desired accuracy.,0.21458333333333335,4.660194174757281,0.07237454573398214,0.005238074870200272
4,2,0.5,1.0,1.1,80.0,4.0,5.0,-3.19,0,The algorithm converged to the desired accuracy.,0.21666666666666667,4.615384615384615,0.07312661501429889,0.005347501823449483
4,2,0.5,1.0,1.1,80.0,4.0,5.0,-3.19,0,The algorithm converged to the desired accuracy.,0.21875,4.571428571428571,0.07387882956636616,0.005458081458096178
4,2,0.5,1.0,1.1,80.0,4.0,5.0,-3.19,0,The algorithm converged to the desired accuracy.,0.22083333333333333,4.528301886792453,0.07463117845330675,0.005569812797329317
4,2,0.5,1.0,1.1,80.0,4.0,5.0,-3.19,0,The algorithm converged to the desired accuracy.,0.22291666666666665,4.4859813084112155,0.07538365078428051,0.005682694805566356
4,2,0.5,1.0,1.1,80.0,4.0,5.0,-3.19,0,The algorithm converged to the desired accuracy.,0.22499999999999998,4.444444444444445,0.07613623573167629,0.00579672639138938
4,2,0.5,1.0,1.1,80.0,4.0,5.0,-3.19,0,The algorithm converged to the desired accuracy.,0.22708333333333336,4.403669724770642,0.0768889228200445,0.005911906452426761
4,2,0.5,1.0,1.1,80.0,4.0,5.0,-3.19,0,The algorithm converged to the desired accuracy.,0.22916666666666669,4.363636363636363,0.07764170172414767,0.006028233846621514
4,2,0.5,1.0,1.1,80.0,4.0,5.0,-3.19,0,The algorithm converged to the desired accuracy.,0.23125,4.324324324324324,0.07839456209776034,0.006145707366499603
4,2,0.5,1.0,1.1,80.0,4.0,5.0,-3.19,0,The algorithm converged to the desired accuracy.,0.23333333333333334,4.285714285714286,0.07914749359759146,0.006264325742780782
4,2,0.5,1.0,1.1,80.0,4.0,5.0,-3.19,0,The algorithm converged to the desired accuracy.,0.23541666666666666,4.247787610619469,0.07990048629295635,0.006384087709850905
4,2,0.5,1.0,1.1,80.0,4.0,5.0,-3.19,0,The algorithm converged to the desired accuracy.,0.2375,4.2105263157894735,0.08065353037730766,0.0065049919623232895
4,2,0.5,1.0,1.1,80.0,4.0,5.0,-3.19,0,The algorithm converged to the desired accuracy.,0.23958333333333331,4.173913043478261,0.08140661592272465,0.006627037115990006
4,2,0.5,1.0,1.1,80.0,4.0,5.0,-3.19,0,The algorithm converged to the desired accuracy.,0.24166666666666664,4.137931034482759,0.08215973311183868,0.006750221745008561
4,2,0.5,1.0,1.1,80.0,4.0,5.0,-3.19,0,The algorithm converged to the desired accuracy.,0.24375000000000002,4.102564102564102,0.08291287259341709,0.006874544441692215
4,2,0.5,1.0,1.1,80.0,4.0,5.0,-3.19,0,The algorithm converged to the desired accuracy.,0.24583333333333335,4.067796610169491,0.08366602491355327,0.007000003724835316
4,2,0.5,1.0,1.1,80.0,4.0,5.0,-3.19,0,The algorithm converged to the desired accuracy.,0.24791666666666667,4.033613445378151,0.08441918047721231,0.007126598032444143
4,2,0.5,1.0,1.1,80.0,4.0,5.0,-3.19,0,The algorithm converged to the desired accuracy.,0.25,4.0,0.08517233021806715,0.007254325834775475
4,2,0.5,1.0,1.1,80.0,4.0,5.0,-3.19,0,The algorithm converged to the desired accuracy.,0.2520833333333333,3.9669421487603307,0.08592546512074441,0.007383185556216264
4,2,0.5,1.0,1.1,80.0,4.0,5.0,-3.19,0,The algorithm converged to the desired accuracy.,0.25416666666666665,3.934426229508197,0.08667857588988251,0.007513175518298121
4,2,0.5,1.0,1.1,80.0,4.0,5.0,-3.19,0,The algorithm converged to the desired accuracy.,0.25625,3.9024390243902443,0.08743165370924673,0.007644294070333638
4,2,0.5,1.0,1.1,80.0,4.0,5.0,-3.19,0,The algorithm converged to the desired accuracy.,0.25833333333333336,3.8709677419354835,0.08818468993639979,0.00777653953917897
4,2,0.5,1.0,1.1,80.0,4.0,5.0,-3.19,0,The algorithm converged to the desired accuracy.,0.2604166666666667,3.84,0.0889376755570348,0.007909910133488386
4,2,0.5,1.0,1.1,80.0,4.0,5.0,-3.19,0,The algorithm converged to the desired accuracy.,0.2625,3.8095238095238093,0.089690602067212,0.008044404099178972
4,2,0.5,1.0,1.1,80.0,4.0,5.0,-3.19,0,The algorithm converged to the desired accuracy.,0.26458333333333334,3.779527559055118,0.09044346111518557,0.008180019658494084
4,2,0.5,1.0,1.1,80.0,4.0,5.0,-3.19,0,The algorithm converged to the desired accuracy.,0.26666666666666666,3.75,0.09119624393189112,0.008316754907284988
4,2,0.5,1.0,1.1,80.0,4.0,5.0,-3.19,0,The algorithm converged to the desired accuracy.,0.26875,3.7209302325581395,0.09194894240552877,0.008454608009495247
4,2,0.5,1.0,1.1,80.0,4.0,5.0,-3.19,0,The algorithm converged to the desired accuracy.,0.2708333333333333,3.6923076923076925,0.092701548360207,0.008593577068379796
4,2,0.5,1.0,1.1,80.0,4.0,5.0,-3.19,0,The algorithm converged to the desired accuracy.,0.27291666666666664,3.6641221374045805,0.09345405330929252,0.008733660079936088
4,2,0.5,1.0,1.1,80.0,4.0,5.0,-3.19,0,The algorithm converged to the desired accuracy.,0.275,3.6363636363636362,0.09420644955077502,0.00887485513696272
4,2,0.5,1.0,1.1,80.0,4.0,5.0,-3.19,0,The algorithm converged to the desired accuracy.,0.27708333333333335,3.6090225563909772,0.09495872893761816,0.00901716020144804
4,2,0.5,1.0,1.1,80.0,4.0,5.0,-3.19,0,The algorithm converged to the desired accuracy.,0.2791666666666667,3.582089552238806,0.09571088346557498,0.009160573213760874
4,2,0.5,1.0,1.1,80.0,4.0,5.0,-3.19,0,The algorithm converged to the desired accuracy.,0.28125,3.5555555555555554,0.09646290565720297,0.009305092167830441
4,2,0.5,1.0,1.1,80.0,4.0,5.0,-3.19,0,The algorithm converged to the desired accuracy.,0.2833333333333333,3.5294117647058822,0.09721478738873594,0.009450714887037134
4,2,0.5,1.0,1.1,80.0,4.0,5.0,-3.19,0,The algorithm converged to the desired accuracy.,0.28541666666666665,3.5036496350364965,0.09796652131227253,0.009597439298027947
4,2,0.5,1.0,1.1,80.0,4.0,5.0,-3.19,0,The algorithm converged to the desired accuracy.,0.2875,3.4782608695652177,0.09871809982096509,0.009745263232262028
4,2,0.5,1.0,1.1,80.0,4.0,5.0,-3.19,0,The algorithm converged to the desired accuracy.,0.28958333333333336,3.4532374100719423,0.09946951522956521,0.009894184460004705
4,2,0.5,1.0,1.1,80.0,4.0,5.0,-3.19,0,The algorithm converged to the desired accuracy.,0.2916666666666667,3.4285714285714284,0.10022076052174897,0.010044200839557756
4,2,0.5,1.0,1.1,80.0,4.0,5.0,-3.19,0,The algorithm converged to the desired accuracy.,0.29375,3.404255319148936,0.10097182793463202,0.010195310036460936
4,2,0.5,1.0,1.1,80.0,4.0,5.0,-3.19,0,The algorithm converged to the desired accuracy.,0.29583333333333334,3.380281690140845,0.10172271059816845,0.010347509851438733
4,2,0.5,1.0,1.1,80.0,4.0,5.0,-3.19,0,The algorithm converged to the desired accuracy.,0.29791666666666666,3.3566433566433567,0.10247340115153726,0.010500797943563877
4,2,0.5,1.0,1.1,80.0,4.0,5.0,-3.19,0,The algorithm converged to the desired accuracy.,0.3,3.3333333333333335,0.10322389248803386,0.010655171980381174
4,2,0.5,1.0,1.25,80.0,4.0,5.0,-3.4375,0,The algorithm converged to the desired accuracy.,0.05,20.0,0.009425821677106169,8.884611428860455e-05
4,2,0.5,1.0,1.25,80.0,4.0,5.0,-3.4375,0,The algorithm converged to the desired accuracy.,0.052083333333333336,19.2,0.009916882218421498,9.834455293404449e-05
4,2,0.5,1.0,1.25,80.0,4.0,5.0,-3.4375,0,The algorithm converged to the desired accuracy.,0.05416666666666667,18.46153846153846,0.010412611509503834,0.0001084224784478517
4,2,0.5,1.0,1.25,80.0,4.0,5.0,-3.4375,0,The algorithm converged to the desired accuracy.,0.05625,17.77777777777778,0.01091285592643656,0.00011909042447116156
4,2,0.5,1.0,1.25,80.0,4.0,5.0,-3.4375,0,The algorithm converged to the desired accuracy.,0.058333333333333334,17.142857142857142,0.011417471344660203,0.00013035865190613686
4,2,0.5,1.0,1.25,80.0,4.0,5.0,-3.4375,0,The algorithm converged to the desired accuracy.,0.06041666666666667,16.551724137931036,0.01192632219790511,0.00014223716116824417
4,2,0.5,1.0,1.25,80.0,4.0,5.0,-3.4375,0,The algorithm converged to the desired accuracy.,0.0625,16.0,0.012439280659138843,0.00015473570331682568
4,2,0.5,1.0,1.25,80.0,4.0,5.0,-3.4375,0,The algorithm converged to the desired accuracy.,0.06458333333333334,15.483870967741934,0.012956225966710925,0.00016786379130047445
4,2,0.5,1.0,1.25,80.0,4.0,5.0,-3.4375,0,The algorithm converged to the desired accuracy.,0.06666666666666667,15.0,0.013477043845345728,0.00018163071080937117
4,2,0.5,1.0,1.25,80.0,4.0,5.0,-3.4375,0,The algorithm converged to the desired accuracy.,0.06875,14.545454545454545,0.014001625755976847,0.0001960455238104342
4,2,0.5,1.0,1.25,80.0,4.0,5.0,-3.4375,0,The algorithm converged to the desired accuracy.,0.07083333333333333,14.117647058823529,0.01452986870064021,0.00021111708445784404
4,2,0.5,1.0,1.25,80.0,4.0,5.0,-3.4375,0,The algorithm converged to the desired accuracy.,0.07291666666666667,13.714285714285714,0.015061674475257903,0.00022685403799863543
4,2,0.5,1.0,1.25,80.0,4.0,5.0,-3.4375,0,The algorithm converged to the desired accuracy.,0.07500000000000001,13.333333333333332,0.015596949617556328,0.0002432648373725905
4,2,0.5,1.0,1.25,80.0,4.0,5.0,-3.4375,0,The algorithm converged to the desired accuracy.,0.07708333333333334,12.972972972972972,0.01613560474209168,0.00026035774039301156
4,2,0.5,1.0,1.25,80.0,4.0,5.0,-3.4375,0,The algorithm converged to the desired accuracy.,0.07916666666666666,12.631578947368421,0.016677554392983147,0.00027814082053091146
4,2,0.5,1.0,1.25,80.0,4.0,5.0,-3.4375,0,The algorithm converged to the desired accuracy.,0.08125,12.307692307692307,0.017222716800054955,0.0002966219739748952
4,2,0.5,1.0,1.25,80.0,4.0,5.0,-3.4375,0,The algorithm converged to the desired accuracy.,0.08333333333333334,11.999999999999998,0.017771013537542443,0.00031580892215151676
4,2,0.5,1.0,1.25,80.0,4.0,5.0,-3.4375,0,The algorithm converged to the desired accuracy.,0.08541666666666667,11.707317073170731,0.018322369313241167,0.0003357092172508016
4,2,0.5,1.0,1.25,80.0,4.0,5.0,-3.4375,0,The algorithm converged to the desired accuracy.,0.0875,11.428571428571429,0.01887671177085177,0.00035633024727981373
4,2,0.5,1.0,1.25,80.0,4.0,5.0,-3.4375,0,The algorithm converged to the desired accuracy.,0.08958333333333333,11.162790697674419,0.019433971301582205,0.00037767924055072074
4,2,0.5,1.0,1.25,80.0,4.0,5.0,-3.4375,0,The algorithm converged to the desired accuracy.,0.09166666666666667,10.909090909090908,0.019994080868733864,0.0003997632697854695
4,2,0.5,1.0,1.25,80.0,4.0,5.0,-3.4375,0,The algorithm converged to the desired accuracy.,0.09375,10.666666666666666,0.020556975839943745,0.0004225892556840308
4,2,0.5,1.0,1.25,80.0,4.0,5.0,-3.4375,0,The algorithm converged to the desired accuracy.,0.09583333333333333,10.434782608695652,0.02112259382146284,0.0004461639697465002
4,2,0.5,1.0,1.25,80.0,4.0,5.0,-3.4375,0,The algorithm converged to the desired accuracy.,0.09791666666666667,10.212765957446809,0.021690874580759564,0.0004704940400782414
4,2,0.5,1.0,1.25,80.0,4.0,5.0,-3.4375,0,The algorithm converged to the desired accuracy.,0.1,10.0,0.022261759949535536,0.0004955859560507444
4,2,0.5,1.0,1.25,80.0,4.0,5.0,-3.4375,0,The algorithm converged to the desired accuracy.,0.10208333333333333,9.795918367346939,0.022835193609609908,0.0005214460671883692
4,2,0.5,1.0,1.25,80.0,4.0,5.0,-3.4375,0,The algorithm converged to the desired accuracy.,0.10416666666666667,9.6,0.023411120916416433,0.000548080582563071
4,2,0.5,1.0,1.25,80.0,4.0,5.0,-3.4375,0,The algorithm converged to the desired accuracy.,0.10625000000000001,9.411764705882351,0.023989489126201607,0.0005754955885361451
4,2,0.5,1.0,1.25,80.0,4.0,5.0,-3.4375,0,The algorithm converged to the desired accuracy.,0.10833333333333334,9.23076923076923,0.024570247013473514,0.0006036970383031041
4,2,0.5,1.0,1.25,80.0,4.0,5.0,-3.4375,0,The algorithm converged to the desired accuracy.,0.11041666666666666,9.056603773584905,0.02515334474314811,0.0006326907517676567
4,2,0.5,1.0,1.25,80.0,4.0,5.0,-3.4375,0,The algorithm converged to the desired accuracy.,0.1125,8.88888888888889,0.025738734224047564,0.0006624824394561574
4,2,0.5,1.0,1.25,80.0,4.0,5.0,-3.4375,0,The algorithm converged to the desired accuracy.,0.11458333333333333,8.727272727272728,0.02632636835226327,0.0006930776706190491
4,2,0.5,1.0,1.25,80.0,4.0,5.0,-3.4375,0,The algorithm converged to the desired accuracy.,0.11666666666666667,8.571428571428571,0.026916201748034867,0.0007244819165409152
4,2,0.5,1.0,1.25,80.0,4.0,5.0,-3.4375,0,The algorithm converged to the desired accuracy.,0.11875000000000001,8.421052631578947,0.027508189843293614,0.0007567005084546819
4,2,0.5,1.0,1.25,80.0,4.0,5.0,-3.4375,0,The algorithm converged to the desired accuracy.,0.12083333333333333,8.275862068965518,0.028102289676192767,0.0007897386850446506
4,2,0.5,1.0,1.25,80.0,4.0,5.0,-3.4375,0,The algorithm converged to the desired accuracy.,0.12291666666666667,8.135593220338983,0.0286984590480657,0.000823601551733504
4,2,0.5,1.0,1.25,80.0,4.0,5.0,-3.4375,0,The algorithm converged to the desired accuracy.,0.125,8.0,0.029296657071826795,0.000858294115584219
4,2,0.5,1.0,1.25,80.0,4.0,5.0,-3.4375,0,The algorithm converged to the desired accuracy.,0.12708333333333333,7.868852459016394,0.029896843876575447,0.0008938212737803268
4,2,0.5,1.0,1.25,80.0,4.0,5.0,-3.4375,0,The algorithm converged to the desired accuracy.,0.12916666666666665,7.741935483870969,0.030498980355036447,0.0009301878026968991
4,2,0.5,1.0,1.25,80.0,4.0,5.0,-3.4375,0,The algorithm converged to the desired accuracy.,0.13125,7.619047619047619,0.03110302864750742,0.0009673983910476673
4,2,0.5,1.0,1.25,80.0,4.0,5.0,-3.4375,0,The algorithm converged to the desired accuracy.,0.13333333333333333,7.5,0.03170895166904295,0.0010054576159497018
4,2,0.5,1.0,1.25,80.0,4.0,5.0,-3.4375,0,The algorithm converged to the desired accuracy.,0.13541666666666669,7.384615384615383,0.032316713063231264,0.0010443699432112223
4,2,0.5,1.0,1.25,80.0,4.0,5.0,-3.4375,0,The algorithm converged to the desired accuracy.,0.1375,7.2727272727272725,0.03292627748336693,0.001084139748911676
4,2,0.5,1.0,1.25,80.0,4.0,5.0,-3.4375,0,The algorithm converged to the desired accuracy.,0.13958333333333334,7.164179104477612,0.033537610395159866,0.0011247713110175352
4,2,0.5,1.0,1.25,80.0,4.0,5.0,-3.4375,0,The algorithm converged to the desired accuracy.,0.14166666666666666,7.0588235294117645,0.03415067793519081,0.0011662688034331284
4,2,0.5,1.0,1.25,80.0,4.0,5.0,-3.4375,0,The algorithm converged to the desired accuracy.,0.14375,6.9565217391304355,0.034765446936812466,0.0012086363007163233
4,2,0.5,1.0,1.25,80.0,4.0,5.0,-3.4375,0,The algorithm converged to the desired accuracy.,0.14583333333333331,6.857142857142858,0.0353818850071575,0.0012518777866597165
4,2,0.5,1.0,1.25,80.0,4.0,5.0,-3.4375,0,The algorithm converged to the desired accuracy.,0.14791666666666667,6.76056338028169,0.03599996048394346,0.0012959971548454905
4,2,0.5,1.0,1.25,80.0,4.0,5.0,-3.4375,0,The algorithm converged to the desired accuracy.,0.15000000000000002,6.666666666666666,0.03661964232563844,0.0013409982040576904
4,2,0.5,1.0,1.25,80.0,4.0,5.0,-3.4375,0,The algorithm converged to the desired accuracy.,0.15208333333333335,6.575342465753424,0.03724090010341417,0.0013868846405124737
4,2,0.5,1.0,1.25,80.0,4.0,5.0,-3.4375,0,The algorithm converged to the desired accuracy.,0.15416666666666667,6.486486486486486,0.0378637039918406,0.001433660079981726
4,2,0.5,1.0,1.25,80.0,4.0,5.0,-3.4375,0,The algorithm converged to the desired accuracy.,0.15625,6.4,0.038488024754965974,0.0014813280495388737
4,2,0.5,1.0,1.25,80.0,4.0,5.0,-3.4375,0,The algorithm converged to the desired accuracy.,0.15833333333333333,6.315789473684211,0.03911383372944803,0.0015298919890149065
4,2,0.5,1.0,1.25,80.0,4.0,5.0,-3.4375,0,The algorithm converged to the desired accuracy.,0.16041666666666665,6.233766233766234,0.039741102808114,0.0015793552524050864
4,2,0.5,1.0,1.25,80.0,4.0,5.0,-3.4375,0,The algorithm converged to the desired accuracy.,0.1625,6.153846153846153,0.040369804421836714,0.0016297211090573471
4,2,0.5,1.0,1.25,80.0,4.0,5.0,-3.4375,0,The algorithm converged to the desired accuracy.,0.16458333333333333,6.075949367088608,0.04099991151102887,0.0016809927439121978
4,2,0.5,1.0,1.25,80.0,4.0,5.0,-3.4375,0,The algorithm converged to the desired accuracy.,0.16666666666666669,5.999999999999999,0.041631397509118394,0.001733173258562229
4,2,0.5,1.0,1.25,80.0,4.0,5.0,-3.4375,0,The algorithm converged to the desired accuracy.,0.16875,5.925925925925926,0.042264236328220336,0.0017862656724076597
4,2,0.5,1.0,1.25,80.0,4.0,5.0,-3.4375,0,The algorithm converged to the desired accuracy.,0.17083333333333334,5.853658536585366,0.04289840234482302,0.0018402729237383172
4,2,0.5,1.0,1.25,80.0,4.0,5.0,-3.4375,0,The algorithm converged to the desired accuracy.,0.17291666666666666,5.783132530120482,0.04353387038570947,0.0018951978707597518
4,2,0.5,1.0,1.25,80.0,4.0,5.0,-3.4375,0,The algorithm converged to the desired accuracy.,0.175,5.714285714285714,0.04417061571422647,0.0019510432925738707
4,2,0.5,1.0,1.25,80.0,4.0,5.0,-3.4375,0,The algorithm converged to the desired accuracy.,0.17708333333333331,5.647058823529412,0.044808614016923425,0.0020078118901176263
4,2,0.5,1.0,1.25,80.0,4.0,5.0,-3.4375,0,The algorithm converged to the desired accuracy.,0.17916666666666664,5.58139534883721,0.04544784139050838,0.0020655062870568066
4,2,0.5,1.0,1.25,80.0,4.0,5.0,-3.4375,0,The algorithm converged to the desired accuracy.,0.18125000000000002,5.517241379310344,0.046088274329007924,0.002124129030625891
4,2,0.5,1.0,1.25,80.0,4.0,5.0,-3.4375,0,The algorithm converged to the desired accuracy.,0.18333333333333335,5.454545454545454,0.0467298897109649,0.0021836825923989434
4,2,0.5,1.0,1.25,80.0,4.0,5.0,-3.4375,0,The algorithm converged to the desired accuracy.,0.18541666666666667,5.393258426966292,0.04737266478764347,0.002244169369082436
4,2,0.5,1.0,1.25,80.0,4.0,5.0,-3.4375,0,The algorithm converged to the desired accuracy.,0.1875,5.333333333333333,0.048016577180893444,0.002305591684168697
4,2,0.5,1.0,1.25,80.0,4.0,5.0,-3.4375,0,The algorithm converged to the desired accuracy.,0.18958333333333333,5.274725274725275,0.04866160487436844,0.0023679517889491587
4,2,0.5,1.0,1.25,80.0,4.0,5.0,-3.4375,0,The algorithm converged to the desired accuracy.,0.19166666666666665,5.217391304347826,0.04930772620087882,0.0024312518631008314
4,2,0.5,1.0,1.25,80.0,4.0,5.0,-3.4375,0,The algorithm converged to the desired accuracy.,0.19374999999999998,5.161290322580646,0.04995491983155744,0.002495494015377331
4,2,0.5,1.0,1.25,80.0,4.0,5.0,-3.4375,0,The algorithm converged to the desired accuracy.,0.19583333333333336,5.106382978723404,0.05060316476391677,0.0025606802841241076
4,2,0.5,1.0,1.25,80.0,4.0,5.0,-3.4375,0,The algorithm converged to the desired accuracy.,0.19791666666666669,5.052631578947368,0.051252440308414964,0.002626812637567639
4,2,0.5,1.0,1.25,80.0,4.0,5.0,-3.4375,0,The algorithm converged to the desired accuracy.,0.2,5.0,0.05190272607315439,0.0026938929738249003
4,2,0.5,1.0,1.25,80.0,4.0,5.0,-3.4375,0,The algorithm converged to the desired accuracy.,0.20208333333333334,4.948453608247423,0.05255400194632586,0.0027619231205744223
4,2,0.5,1.0,1.25,80.0,4.0,5.0,-3.4375,0,The algorithm converged to the desired accuracy.,0.20416666666666666,4.8979591836734695,0.05320624810503203,0.0028309048374142243
4,2,0.5,1.0,1.25,80.0,4.0,5.0,-3.4375,0,The algorithm converged to the desired accuracy.,0.20625,4.848484848484849,0.053859445084621975,0.00290083982482341
4,2,0.5,1.0,1.25,80.0,4.0,5.0,-3.4375,0,The algorithm converged to the desired accuracy.,0.20833333333333331,4.800000000000001,0.05451357371082421,0.0029717297187254643
4,2,0.5,1.0,1.25,80.0,4.0,5.0,-3.4375,0,The algorithm converged to the desired accuracy.,0.21041666666666664,4.752475247524753,0.05516861506039289,0.003043576087681809
4,2,0.5,1.0,1.25,80.0,4.0,5.0,-3.4375,0,The algorithm converged to the desired accuracy.,0.21250000000000002,4.705882352941176,0.055824550435759894,0.0031163804313547
4,2,0.5,1.0,1.25,80.0,4.0,5.0,-3.4375,0,The algorithm converged to the desired accuracy.,0.21458333333333335,4.660194174757281,0.05648136134020066,0.0031901441788423136
4,2,0.5,1.0,1.25,80.0,4.0,5.0,-3.4375,0,The algorithm converged to the desired accuracy.,0.21666666666666667,4.615384615384615,0.05713902959475676,0.0032648687030304886
4,2,0.5,1.0,1.25,80.0,4.0,5.0,-3.4375,0,The algorithm converged to the desired accuracy.,0.21875,4.571428571428571,0.05779753737898003,0.003340555327074594
4,2,0.5,1.0,1.25,80.0,4.0,5.0,-3.4375,0,The algorithm converged to the desired accuracy.,0.22083333333333333,4.528301886792453,0.05845686706448611,0.0034172053069950006
4,2,0.5,1.0,1.25,80.0,4.0,5.0,-3.4375,0,The algorithm converged to the desired accuracy.,0.22291666666666665,4.4859813084112155,0.059117001166874,0.003494819826964182
4,2,0.5,1.0,1.25,80.0,4.0,5.0,-3.4375,0,The algorithm converged to the desired accuracy.,0.22499999999999998,4.444444444444445,0.059777922359976934,0.00357340000167543
4,2,0.5,1.0,1.25,80.0,4.0,5.0,-3.4375,0,The algorithm converged to the desired accuracy.,0.22708333333333336,4.403669724770642,0.060439613756354975,0.0036529469110173733
4,2,0.5,1.0,1.25,80.0,4.0,5.0,-3.4375,0,The algorithm converged to the desired accuracy.,0.22916666666666669,4.363636363636363,0.06110205870807211,0.0037334615783646908
4,2,0.5,1.0,1.25,80.0,4.0,5.0,-3.4375,0,The algorithm converged to the desired accuracy.,0.23125,4.324324324324324,0.061765240636941984,0.0038149449509393496
4,2,0.5,1.0,1.25,80.0,4.0,5.0,-3.4375,0,The algorithm converged to the desired accuracy.,0.23333333333333334,4.285714285714286,0.062429143055504364,0.0038973979026446287
4,2,0.5,1.0,1.25,80.0,4.0,5.0,-3.4375,0,The algorithm converged to the desired accuracy.,0.23541666666666666,4.247787610619469,0.06309374996686357,0.003980821284881096
4,2,0.5,1.0,1.25,80.0,4.0,5.0,-3.4375,0,The algorithm converged to the desired accuracy.,0.2375,4.2105263157894735,0.06375904558045742,0.004065215893330846
4,2,0.5,1.0,1.25,80.0,4.0,5.0,-3.4375,0,The algorithm converged to the desired accuracy.,0.23958333333333331,4.173913043478261,0.06442501406904227,0.004150582437796295
4,2,0.5,1.0,1.25,80.0,4.0,5.0,-3.4375,0,The algorithm converged to the desired accuracy.,0.24166666666666664,4.137931034482759,0.06509163979426702,0.004236921571106606
4,2,0.5,1.0,1.25,80.0,4.0,5.0,-3.4375,0,The algorithm converged to the desired accuracy.,0.24375000000000002,4.102564102564102,0.06575890765477992,0.0043242339359498725
4,2,0.5,1.0,1.25,80.0,4.0,5.0,-3.4375,0,The algorithm converged to the desired accuracy.,0.24583333333333335,4.067796610169491,0.06642680252582776,0.004412520093805317
4,2,0.5,1.0,1.25,80.0,4.0,5.0,-3.4375,0,The algorithm converged to the desired accuracy.,0.24791666666666667,4.033613445378151,0.06709530921910974,0.004501780519207952
4,2,0.5,1.0,1.25,80.0,4.0,5.0,-3.4375,0,The algorithm converged to the desired accuracy.,0.25,4.0,0.06776441314062834,0.004592015688293763
4,2,0.5,1.0,1.25,80.0,4.0,5.0,-3.4375,0,The algorithm converged to the desired accuracy.,0.2520833333333333,3.9669421487603307,0.06843409981939175,0.004683226018090474
4,2,0.5,1.0,1.25,80.0,4.0,5.0,-3.4375,0,The algorithm converged to the desired accuracy.,0.25416666666666665,3.934426229508197,0.06910435457933801,0.004775411821826875
4,2,0.5,1.0,1.25,80.0,4.0,5.0,-3.4375,0,The algorithm converged to the desired accuracy.,0.25625,3.9024390243902443,0.06977516328610524,0.004868573411602648
4,2,0.5,1.0,1.25,80.0,4.0,5.0,-3.4375,0,The algorithm converged to the desired accuracy.,0.25833333333333336,3.8709677419354835,0.07044651204522269,0.004962711059337706
4,2,0.5,1.0,1.25,80.0,4.0,5.0,-3.4375,0,The algorithm converged to the desired accuracy.,0.2604166666666667,3.84,0.07111838666189253,0.005057824921390453
4,2,0.5,1.0,1.25,80.0,4.0,5.0,-3.4375,0,The algorithm converged to the desired accuracy.,0.2625,3.8095238095238093,0.07179077351048631,0.005153915161233942
4,2,0.5,1.0,1.25,80.0,4.0,5.0,-3.4375,0,The algorithm converged to the desired accuracy.,0.26458333333333334,3.779527559055118,0.0724636591802158,0.005250981901786474
4,2,0.5,1.0,1.25,80.0,4.0,5.0,-3.4375,0,The algorithm converged to the desired accuracy.,0.26666666666666666,3.75,0.073137029910591,0.0053490251441426825
4,2,0.5,1.0,1.25,80.0,4.0,5.0,-3.4375,0,The algorithm converged to the desired accuracy.,0.26875,3.7209302325581395,0.07381087265259616,0.005448044921737768
4,2,0.5,1.0,1.25,80.0,4.0,5.0,-3.4375,0,The algorithm converged to the desired accuracy.,0.2708333333333333,3.6923076923076925,0.07448517435466341,0.005548041198644608
4,2,0.5,1.0,1.25,80.0,4.0,5.0,-3.4375,0,The algorithm converged to the desired accuracy.,0.27291666666666664,3.6641221374045805,0.0751599217167788,0.005649013832472316
4,2,0.5,1.0,1.25,80.0,4.0,5.0,-3.4375,0,The algorithm converged to the desired accuracy.,0.275,3.6363636363636362,0.07583510227410023,0.005750962736923242
4,2,0.5,1.0,1.25,80.0,4.0,5.0,-3.4375,0,The algorithm converged to the desired accuracy.,0.27708333333333335,3.6090225563909772,0.07651070317834079,0.005853887700844167
4,2,0.5,1.0,1.25,80.0,4.0,5.0,-3.4375,0,The algorithm converged to the desired accuracy.,0.2791666666666667,3.582089552238806,0.07718671177853038,0.005957788475181921
4,2,0.5,1.0,1.25,80.0,4.0,5.0,-3.4375,0,The algorithm converged to the desired accuracy.,0.28125,3.5555555555555554,0.07786311600130219,0.006062664833432241
4,2,0.5,1.0,1.25,80.0,4.0,5.0,-3.4375,0,The algorithm converged to the desired accuracy.,0.2833333333333333,3.5294117647058822,0.07853990318622596,0.006168516392501747
4,2,0.5,1.0,1.25,80.0,4.0,5.0,-3.4375,0,The algorithm converged to the desired accuracy.,0.28541666666666665,3.5036496350364965,0.07921706149573637,0.006275342832019279
4,2,0.5,1.0,1.25,80.0,4.0,5.0,-3.4375,0,The algorithm converged to the desired accuracy.,0.2875,3.4782608695652177,0.07989457888761595,0.006383143735629488
4,2,0.5,1.0,1.25,80.0,4.0,5.0,-3.4375,0,The algorithm converged to the desired accuracy.,0.28958333333333336,3.4532374100719423,0.08057244329274502,0.0064919186181626115
4,2,0.5,1.0,1.25,80.0,4.0,5.0,-3.4375,0,The algorithm converged to the desired accuracy.,0.2916666666666667,3.4285714285714284,0.08125064335706039,0.006601667045936222
4,2,0.5,1.0,1.25,80.0,4.0,5.0,-3.4375,0,The algorithm converged to the desired accuracy.,0.29375,3.404255319148936,0.08192916703389247,0.006712388410867453
4,2,0.5,1.0,1.25,80.0,4.0,5.0,-3.4375,0,The algorithm converged to the desired accuracy.,0.29583333333333334,3.380281690140845,0.08260800321278583,0.006824082194803634
4,2,0.5,1.0,1.25,80.0,4.0,5.0,-3.4375,0,The algorithm converged to the desired accuracy.,0.29791666666666666,3.3566433566433567,0.08328714034307001,0.00693674774652624
4,2,0.5,1.0,1.25,80.0,4.0,5.0,-3.4375,0,The algorithm converged to the desired accuracy.,0.3,3.3333333333333335,0.08396656717362372,0.007050384402922664
4,2,0.5,1.0,1.5,80.0,4.0,5.0,-3.75,0,The algorithm converged to the desired accuracy.,0.05,20.0,0.004388588191675847,1.9259706316116678e-05
4,2,0.5,1.0,1.5,80.0,4.0,5.0,-3.75,0,The algorithm converged to the desired accuracy.,0.052083333333333336,19.2,0.004660778586154425,2.1722857029155644e-05
4,2,0.5,1.0,1.5,80.0,4.0,5.0,-3.75,0,The algorithm converged to the desired accuracy.,0.05416666666666667,18.46153846153846,0.0049379705452865215,2.4383553106117266e-05
4,2,0.5,1.0,1.5,80.0,4.0,5.0,-3.75,0,The algorithm converged to the desired accuracy.,0.05625,17.77777777777778,0.005220037914838756,2.724879583235415e-05
4,2,0.5,1.0,1.5,80.0,4.0,5.0,-3.75,0,The algorithm converged to the desired accuracy.,0.058333333333333334,17.142857142857142,0.005506861079888765,3.0325518953193656e-05
4,2,0.5,1.0,1.5,80.0,4.0,5.0,-3.75,0,The algorithm converged to the desired accuracy.,0.06041666666666667,16.551724137931036,0.005798326379442465,3.362058880253836e-05
4,2,0.5,1.0,1.5,80.0,4.0,5.0,-3.75,0,The algorithm converged to the desired accuracy.,0.0625,16.0,0.0060943255916414574,3.7140804416936e-05
4,2,0.5,1.0,1.5,80.0,4.0,5.0,-3.75,0,The algorithm converged to the desired accuracy.,0.06458333333333334,15.483870967741934,0.006394755509139297,4.089289802166739e-05
4,2,0.5,1.0,1.5,80.0,4.0,5.0,-3.75,0,The algorithm converged to the desired accuracy.,0.06666666666666667,15.0,0.006699517572449622,4.4883535703561274e-05
4,2,0.5,1.0,1.5,80.0,4.0,5.0,-3.75,0,The algorithm converged to the desired accuracy.,0.06875,14.545454545454545,0.007008517372648996,4.9119315762722795e-05
4,2,0.5,1.0,1.5,80.0,4.0,5.0,-3.75,0,The algorithm converged to the desired accuracy.,0.07083333333333333,14.117647058823529,0.007321664542074245,5.3606771666667266e-05
4,2,0.5,1.0,1.5,80.0,4.0,5.0,-3.75,0,The algorithm converged to the desired accuracy.,0.07291666666666667,13.714285714285714,0.007638872245276858,5.835236917966111e-05
4,2,0.5,1.0,1.5,80.0,4.0,5.0,-3.75,0,The algorithm converged to the desired accuracy.,0.07500000000000001,13.333333333333332,0.007960057163734019,6.336251004991327e-05
4,2,0.5,1.0,1.5,80.0,4.0,5.0,-3.75,0,The algorithm converged to the desired accuracy.,0.07708333333333334,12.972972972972972,0.00828513903465166,6.864352882350865e-05
4,2,0.5,1.0,1.5,80.0,4.0,5.0,-3.75,0,The algorithm converged to the desired accuracy.,0.07916666666666666,12.631578947368421,0.008614040559655027,7.420169476338189e-05
4,2,0.5,1.0,1.5,80.0,4.0,5.0,-3.75,0,The algorithm converged to the desired accuracy.,0.08125,12.307692307692307,0.008946687242080866,8.004321260761252e-05
4,2,0.5,1.0,1.5,80.0,4.0,5.0,-3.75,0,The algorithm converged to the desired accuracy.,0.08333333333333334,11.999999999999998,0.009283007149687921,8.617422174115706e-05
4,2,0.5,1.0,1.5,80.0,4.0,5.0,-3.75,0,The algorithm converged to the desired accuracy.,0.08541666666666667,11.707317073170731,0.009622930770195855,9.260079660798219e-05
4,2,0.5,1.0,1.5,80.0,4.0,5.0,-3.75,0,The algorithm converged to the desired accuracy.,0.0875,11.428571428571429,0.009966390874790693,9.93289470691112e-05
4,2,0.5,1.0,1.5,80.0,4.0,5.0,-3.75,0,The algorithm converged to the desired accuracy.,0.08958333333333333,11.162790697674419,0.01031332238678955,0.00010636461865385449
4,2,0.5,1.0,1.5,80.0,4.0,5.0,-3.75,0,The algorithm converged to the desired accuracy.,0.09166666666666667,10.909090909090908,0.010663662258370649,0.0001137136927605986
4,2,0.5,1.0,1.5,80.0,4.0,5.0,-3.75,0,The algorithm converged to the desired accuracy.,0.09375,10.666666666666666,0.01101734935152238,0.0001213819867334906
4,2,0.5,1.0,1.5,80.0,4.0,5.0,-3.75,0,The algorithm converged to the desired accuracy.,0.09583333333333333,10.434782608695652,0.01137432431903834,0.00012937525371466702
4,2,0.5,1.0,1.5,80.0,4.0,5.0,-3.75,0,The algorithm converged to the desired accuracy.,0.09791666666666667,10.212765957446809,0.011734529551265997,0.00013769918378953497
4,2,0.5,1.0,1.5,80.0,4.0,5.0,-3.75,0,The algorithm converged to the desired accuracy.,0.1,10.0,0.012097909107665445,0.00014635940477733452
4,2,0.5,1.0,1.5,80.0,4.0,5.0,-3.75,0,The algorithm converged to the desired accuracy.,0.10208333333333333,9.795918367346939,0.012464408558158889,0.00015536148070470455
4,2,0.5,1.0,1.5,80.0,4.0,5.0,-3.75,0,The algorithm converged to the desired accuracy.,0.10416666666666667,9.6,0.012833974850930449,0.00016471091047431523
4,2,0.5,1.0,1.5,80.0,4.0,5.0,-3.75,0,The algorithm converged to the desired accuracy.,0.10625000000000001,9.411764705882351,0.013206556489756228,0.00017441313431712234
4,2,0.5,1.0,1.5,80.0,4.0,5.0,-3.75,0,The algorithm converged to the desired accuracy.,0.10833333333333334,9.23076923076923,0.01358210324389718,0.00018447352852788232
4,2,0.5,1.0,1.5,80.0,4.0,5.0,-3.75,0,The algorithm converged to the desired accuracy.,0.11041666666666666,9.056603773584905,0.013960566050646918,0.00019489740445447528
4,2,0.5,1.0,1.5,80.0,4.0,5.0,-3.75,0,The algorithm converged to the desired accuracy.,0.1125,8.88888888888889,0.014341897291146039,0.00020569001790978207
4,2,0.5,1.0,1.5,80.0,4.0,5.0,-3.75,0,The algorithm converged to the desired accuracy.,0.11458333333333333,8.727272727272728,0.01472605020595647,0.00021685655466835058
4,2,0.5,1.0,1.5,80.0,4.0,5.0,-3.75,0,The algorithm converged to the desired accuracy.,0.11666666666666667,8.571428571428571,0.01511297946865522,0.0002284021484199942
4,2,0.5,1.0,1.5,80.0,4.0,5.0,-3.75,0,The algorithm converged to the desired accuracy.,0.11875000000000001,8.421052631578947,0.015502640476874342,0.00024033186175522272
4,2,0.5,1.0,1.5,80.0,4.0,5.0,-3.75,0,The algorithm converged to the desired accuracy.,0.12083333333333333,8.275862068965518,0.015894989973341246,0.00025265070625261877
4,2,0.5,1.0,1.5,80.0,4.0,5.0,-3.75,0,The algorithm converged to the desired accuracy.,0.12291666666666667,8.135593220338983,0.016289985387437703,0.0002653636239229339
4,2,0.5,1.0,1.5,80.0,4.0,5.0,-3.75,0,The algorithm converged to the desired accuracy.,0.125,8.0,0.016687585265505987,0.0002784755019935325
4,2,0.5,1.0,1.5,80.0,4.0,5.0,-3.75,0,The algorithm converged to the desired accuracy.,0.12708333333333333,7.868852459016394,0.01708774904012739,0.00029199116725837454
4,2,0.5,1.0,1.5,80.0,4.0,5.0,-3.75,0,The algorithm converged to the desired accuracy.,0.12916666666666665,7.741935483870969,0.017490436830550186,0.00030591538052346644
4,2,0.5,1.0,1.5,80.0,4.0,5.0,-3.75,0,The algorithm converged to the desired accuracy.,0.13125,7.619047619047619,0.01789560982574293,0.00032025285103522686
4,2,0.5,1.0,1.5,80.0,4.0,5.0,-3.75,0,The algorithm converged to the desired accuracy.,0.13333333333333333,7.5,0.018303229911011624,0.0003350082251753506
4,2,0.5,1.0,1.5,80.0,4.0,5.0,-3.75,0,The algorithm converged to the desired accuracy.,0.13541666666666669,7.384615384615383,0.018713259630449335,0.00035018608599660475
4,2,0.5,1.0,1.5,80.0,4.0,5.0,-3.75,0,The algorithm converged to the desired accuracy.,0.1375,7.2727272727272725,0.019125662410807705,0.0003657909626521828
4,2,0.5,1.0,1.5,80.0,4.0,5.0,-3.75,0,The algorithm converged to the desired accuracy.,0.13958333333333334,7.164179104477612,0.019540402405125386,0.00038182732615423
4,2,0.5,1.0,1.5,80.0,4.0,5.0,-3.75,0,The algorithm converged to the desired accuracy.,0.14166666666666666,7.0588235294117645,0.019957444379313554,0.0003982995861533942
4,2,0.5,1.0,1.5,80.0,4.0,5.0,-3.75,0,The algorithm converged to the desired accuracy.,0.14375,6.9565217391304355,0.020376753732345588,0.00041521209266865984
4,2,0.5,1.0,1.5,80.0,4.0,5.0,-3.75,0,The algorithm converged to the desired accuracy.,0.14583333333333331,6.857142857142858,0.02079829655794092,0.00043256913971205713
4,2,0.5,1.0,1.5,80.0,4.0,5.0,-3.75,0,The algorithm converged to the desired accuracy.,0.14791666666666667,6.76056338028169,0.021222039610199202,0.00045037496521686387
4,2,0.5,1.0,1.5,80.0,4.0,5.0,-3.75,0,The algorithm converged to the desired accuracy.,0.15000000000000002,6.666666666666666,0.02164795021499502,0.000468633748510903
4,2,0.5,1.0,1.5,80.0,4.0,5.0,-3.75,0,The algorithm converged to the desired accuracy.,0.15208333333333335,6.575342465753424,0.022075996263066364,0.00048734961100692007
4,2,0.5,1.0,1.5,80.0,4.0,5.0,-3.75,0,The algorithm converged to the desired accuracy.,0.15416666666666667,6.486486486486486,0.022506146202152605,0.0005065266168726682
4,2,0.5,1.0,1.5,80.0,4.0,5.0,-3.75,0,The algorithm converged to the desired accuracy.,0.15625,6.4,0.022938369025425315,0.0005261687735465915
4,2,0.5,1.0,1.5,80.0,4.0,5.0,-3.75,0,The algorithm converged to the desired accuracy.,0.15833333333333333,6.315789473684211,0.023372634257520664,0.0005462800321358285
4,2,0.5,1.0,1.5,80.0,4.0,5.0,-3.75,0,The algorithm converged to the desired accuracy.,0.16041666666666665,6.233766233766234,0.02380891194088793,0.0005668642878089557
4,2,0.5,1.0,1.5,80.0,4.0,5.0,-3.75,0,The algorithm converged to the desired accuracy.,0.1625,6.153846153846153,0.02424717262076351,0.0005879253801011036
4,2,0.5,1.0,1.5,80.0,4.0,5.0,-3.75,0,The algorithm converged to the desired accuracy.,0.16458333333333333,6.075949367088608,0.024687387321595755,0.0006094670927664868
4,2,0.5,1.0,1.5,80.0,4.0,5.0,-3.75,0,The algorithm converged to the desired accuracy.,0.16666666666666669,5.999999999999999,0.02512952753315498,0.0006314931540395942
4,2,0.5,1.0,1.5,80.0,4.0,5.0,-3.75,0,The algorithm converged to the desired accuracy.,0.16875,5.925925925925926,0.02557356519841989,0.000654007236957833
4,2,0.5,1.0,1.5,80.0,4.0,5.0,-3.75,0,The algorithm converged to the desired accuracy.,0.17083333333333334,5.853658536585366,0.026019472701455104,0.0006770129596617674
4,2,0.5,1.0,1.5,80.0,4.0,5.0,-3.75,0,The algorithm converged to the desired accuracy.,0.17291666666666666,5.783132530120482,0.02646722285545935,0.0007005138856805499
4,2,0.5,1.0,1.5,80.0,4.0,5.0,-3.75,0,The algorithm converged to the desired accuracy.,0.175,5.714285714285714,0.026916788891076394,0.0007245135242067736
4,2,0.5,1.0,1.5,80.0,4.0,5.0,-3.75,0,The algorithm converged to the desired accuracy.,0.17708333333333331,5.647058823529412,0.027368144444987738,0.0007490153303617131
4,2,0.5,1.0,1.5,80.0,4.0,5.0,-3.75,0,The algorithm converged to the desired accuracy.,0.17916666666666664,5.58139534883721,0.02782126354874482,0.0007740227054487172
4,2,0.5,1.0,1.5,80.0,4.0,5.0,-3.75,0,The algorithm converged to the desired accuracy.,0.18125000000000002,5.517241379310344,0.028276120617747067,0.0007995389971893808
4,2,0.5,1.0,1.5,80.0,4.0,5.0,-3.75,0,The algorithm converged to the desired accuracy.,0.18333333333333335,5.454545454545454,0.028732690440228813,0.0008255674999340162
4,2,0.5,1.0,1.5,80.0,4.0,5.0,-3.75,0,The algorithm converged to the desired accuracy.,0.18541666666666667,5.393258426966292,0.029190948167062122,0.0008521114548921075
4,2,0.5,1.0,1.5,80.0,4.0,5.0,-3.75,0,The algorithm converged to the desired accuracy.,0.1875,5.333333333333333,0.029650869309562535,0.0008791740508127575
4,2,0.5,1.0,1.5,80.0,4.0,5.0,-3.75,0,The algorithm converged to the desired accuracy.,0.18958333333333333,5.274725274725275,0.030112429731787092,0.0009067584243518152
4,2,0.5,1.0,1.5,80.0,4.0,5.0,-3.75,0,The algorithm converged to the desired accuracy.,0.19166666666666665,5.217391304347826,0.030575605639638116,0.0009348676602306702
4,2,0.5,1.0,1.5,80.0,4.0,5.0,-3.75,0,The algorithm converged to the desired accuracy.,0.19374999999999998,5.161290322580646,0.031040373571441467,0.0009635047914546419
4,2,0.5,1.0,1.5,80.0,4.0,5.0,-3.75,0,The algorithm converged to the desired accuracy.,0.19583333333333336,5.106382978723404,0.031506710387580156,0.0009926727994468514
4,2,0.5,1.0,1.5,80.0,4.0,5.0,-3.75,0,The algorithm converged to the desired accuracy.,0.19791666666666669,5.052631578947368,0.031974593258855905,0.0010223746140692735
4,2,0.5,1.0,1.5,80.0,4.0,5.0,-3.75,0,The algorithm converged to the desired accuracy.,0.2,5.0,0.0324439996532521,0.0010526131135002224
4,2,0.5,1.0,1.5,80.0,4.0,5.0,-3.75,0,The algorithm converged to the desired accuracy.,0.20208333333333334,4.948453608247423,0.032914907320761154,0.0010833911239342962
4,2,0.5,1.0,1.5,80.0,4.0,5.0,-3.75,0,The algorithm converged to the desired accuracy.,0.20416666666666666,4.8979591836734695,0.03338729430029325,0.0011147114206943945
4,2,0.5,1.0,1.5,80.0,4.0,5.0,-3.75,0,The algorithm converged to the desired accuracy.,0.20625,4.848484848484849,0.03386113897736571,0.0011465767328444753
4,2,0.5,1.0,1.5,80.0,4.0,5.0,-3.75,0,The algorithm converged to the desired accuracy.,0.20833333333333331,4.800000000000001,0.03433642002703123,0.0011789897402727115
4,2,0.5,1.0,1.5,80.0,4.0,5.0,-3.75,0,The algorithm converged to the desired accuracy.,0.21041666666666664,4.752475247524753,0.03481311638047576,0.0012119530721205498
4,2,0.5,1.0,1.5,80.0,4.0,5.0,-3.75,0,The algorithm converged to the desired accuracy.,0.21250000000000002,4.705882352941176,0.03529120720317788,0.0012454693058576345
4,2,0.5,1.0,1.5,80.0,4.0,5.0,-3.75,0,The algorithm converged to the desired accuracy.,0.21458333333333335,4.660194174757281,0.035770671873404054,0.00127954096627474
4,2,0.5,1.0,1.5,80.0,4.0,5.0,-3.75,0,The algorithm converged to the desired accuracy.,0.21666666666666667,4.615384615384615,0.03625149008015573,0.001314170533031629
4,2,0.5,1.0,1.5,80.0,4.0,5.0,-3.75,0,The algorithm converged to the desired accuracy.,0.21875,4.571428571428571,0.03673364185733286,0.0013493604441027968
4,2,0.5,1.0,1.5,80.0,4.0,5.0,-3.75,0,The algorithm converged to the desired accuracy.,0.22083333333333333,4.528301886792453,0.03721710744332974,0.0013851130864483499
4,2,0.5,1.0,1.5,80.0,4.0,5.0,-3.75,0,The algorithm converged to the desired accuracy.,0.22291666666666665,4.4859813084112155,0.03770186723978106,0.0014214307933660766
4,2,0.5,1.0,1.5,80.0,4.0,5.0,-3.75,0,The algorithm converged to the desired accuracy.,0.22499999999999998,4.444444444444445,0.03818790182285335,0.0014583158456318863
4,2,0.5,1.0,1.5,80.0,4.0,5.0,-3.75,0,The algorithm converged to the desired accuracy.,0.22708333333333336,4.403669724770642,0.0386751921800438,0.0014957704901633214
4,2,0.5,1.0,1.5,80.0,4.0,5.0,-3.75,0,The algorithm converged to the desired accuracy.,0.22916666666666669,4.363636363636363,0.039163719541804774,0.001533796928349141
4,2,0.5,1.0,1.5,80.0,4.0,5.0,-3.75,0,The algorithm converged to the desired accuracy.,0.23125,4.324324324324324,0.03965346523733475,0.0015723973053285152
4,2,0.5,1.0,1.5,80.0,4.0,5.0,-3.75,0,The algorithm converged to the desired accuracy.,0.23333333333333334,4.285714285714286,0.04014441071141449,0.0016115737113667303
4,2,0.5,1.0,1.5,80.0,4.0,5.0,-3.75,0,The algorithm converged to the desired accuracy.,0.23541666666666666,4.247787610619469,0.040636537863210684,0.0016513282095081555
4,2,0.5,1.0,1.5,80.0,4.0,5.0,-3.75,0,The algorithm converged to the desired accuracy.,0.2375,4.2105263157894735,0.041129828805336575,0.0016916628175562944
4,2,0.5,1.0,1.5,80.0,4.0,5.0,-3.75,0,The algorithm converged to the desired accuracy.,0.23958333333333331,4.173913043478261,0.04162426565680251,0.0017325794914680689
4,2,0.5,1.0,1.5,80.0,4.0,5.0,-3.75,0,The algorithm converged to the desired accuracy.,0.24166666666666664,4.137931034482759,0.042119830733853274,0.0017740801410484508
4,2,0.5,1.0,1.5,80.0,4.0,5.0,-3.75,0,The algorithm converged to the desired accuracy.,0.24375000000000002,4.102564102564102,0.04261650684611003,0.0018161666557645428
4,2,0.5,1.0,1.5,80.0,4.0,5.0,-3.75,0,The algorithm converged to the desired accuracy.,0.24583333333333335,4.067796610169491,0.043114276819729035,0.0018588408656882243
4,2,0.5,1.0,1.5,80.0,4.0,5.0,-3.75,0,The algorithm converged to the desired accuracy.,0.24791666666666667,4.033613445378151,0.04361312346202466,0.0019021045381138056
4,2,0.5,1.0,1.5,80.0,4.0,5.0,-3.75,0,The algorithm converged to the desired accuracy.,0.25,4.0,0.044113030121976246,0.0019459594265423836
4,2,0.5,1.0,1.5,80.0,4.0,5.0,-3.75,0,The algorithm converged to the desired accuracy.,0.2520833333333333,3.9669421487603307,0.044613980288613866,0.0019904072371928266
4,2,0.5,1.0,1.5,80.0,4.0,5.0,-3.75,0,The algorithm converged to the desired accuracy.,0.25416666666666665,3.934426229508197,0.04511595731001339,0.0020354496039989506
4,2,0.5,1.0,1.5,80.0,4.0,5.0,-3.75,0,The algorithm converged to the desired accuracy.,0.25625,3.9024390243902443,0.04561894503063204,0.0020810881457078278
4,2,0.5,1.0,1.5,80.0,4.0,5.0,-3.75,0,The algorithm converged to the desired accuracy.,0.25833333333333336,3.8709677419354835,0.046122927533792005,0.0021273244442874288
4,2,0.5,1.0,1.5,80.0,4.0,5.0,-3.75,0,The algorithm converged to the desired accuracy.,0.2604166666666667,3.84,0.046627888678824767,0.002174160002644875
4,2,0.5,1.0,1.5,80.0,4.0,5.0,-3.75,0,The algorithm converged to the desired accuracy.,0.2625,3.8095238095238093,0.047133812844628135,0.002221596313272432
4,2,0.5,1.0,1.5,80.0,4.0,5.0,-3.75,0,The algorithm converged to the desired accuracy.,0.26458333333333334,3.779527559055118,0.04764068462669847,0.0022696348317005435
4,2,0.5,1.0,1.5,80.0,4.0,5.0,-3.75,0,The algorithm converged to the desired accuracy.,0.26666666666666666,3.75,0.04814848835247129,0.0023182769306280635
4,2,0.5,1.0,1.5,80.0,4.0,5.0,-3.75,0,The algorithm converged to the desired accuracy.,0.26875,3.7209302325581395,0.04865720899081141,0.002367523986775499
4,2,0.5,1.0,1.5,80.0,4.0,5.0,-3.75,0,The algorithm converged to the desired accuracy.,0.2708333333333333,3.6923076923076925,0.04916683153983365,0.002417377323666381
4,2,0.5,1.0,1.5,80.0,4.0,5.0,-3.75,0,The algorithm converged to the desired accuracy.,0.27291666666666664,3.6641221374045805,0.04967734081473093,0.0024678381904229313
4,2,0.5,1.0,1.5,80.0,4.0,5.0,-3.75,0,The algorithm converged to the desired accuracy.,0.275,3.6363636363636362,0.050188722378540204,0.0025189078539901823
4,2,0.5,1.0,1.5,80.0,4.0,5.0,-3.75,0,The algorithm converged to the desired accuracy.,0.27708333333333335,3.6090225563909772,0.05070096149492383,0.0025705874965097487
4,2,0.5,1.0,1.5,80.0,4.0,5.0,-3.75,0,The algorithm converged to the desired accuracy.,0.2791666666666667,3.582089552238806,0.05121404362653734,0.0026228782645808697
4,2,0.5,1.0,1.5,80.0,4.0,5.0,-3.75,0,The algorithm converged to the desired accuracy.,0.28125,3.5555555555555554,0.05172795476262655,0.002675781303924339
4,2,0.5,1.0,1.5,80.0,4.0,5.0,-3.75,0,The algorithm converged to the desired accuracy.,0.2833333333333333,3.5294117647058822,0.052242680415809824,0.0027292976570284394
4,2,0.5,1.0,1.5,80.0,4.0,5.0,-3.75,0,The algorithm converged to the desired accuracy.,0.28541666666666665,3.5036496350364965,0.05275820683608251,0.002783428388558863
4,2,0.5,1.0,1.5,80.0,4.0,5.0,-3.75,0,The algorithm converged to the desired accuracy.,0.2875,3.4782608695652177,0.05327452012559268,0.0028381744946121795
4,2,0.5,1.0,1.5,80.0,4.0,5.0,-3.75,0,The algorithm converged to the desired accuracy.,0.28958333333333336,3.4532374100719423,0.05379160639093735,0.002893536918117532
4,2,0.5,1.0,1.5,80.0,4.0,5.0,-3.75,0,The algorithm converged to the desired accuracy.,0.2916666666666667,3.4285714285714284,0.054309452383535795,0.0029495166181995416
4,2,0.5,1.0,1.5,80.0,4.0,5.0,-3.75,0,The algorithm converged to the desired accuracy.,0.29375,3.404255319148936,0.05482804428412532,0.003006114440022007
4,2,0.5,1.0,1.5,80.0,4.0,5.0,-3.75,0,The algorithm converged to the desired accuracy.,0.29583333333333334,3.380281690140845,0.05534736910901458,0.0030633312672895016
4,2,0.5,1.0,1.5,80.0,4.0,5.0,-3.75,0,The algorithm converged to the desired accuracy.,0.29791666666666666,3.3566433566433567,0.05586741352100335,0.003121167893526788
4,2,0.5,1.0,1.5,80.0,4.0,5.0,-3.75,0,The algorithm converged to the desired accuracy.,0.3,3.3333333333333335,0.05638816446803254,0.0031796250920738877
4,2,0.5,1.0,1.75,80.0,4.0,5.0,-3.9375,0,The algorithm converged to the desired accuracy.,0.05,20.0,0.0019334418316112065,3.738197316224097e-06
4,2,0.5,1.0,1.75,80.0,4.0,5.0,-3.9375,0,The algorithm converged to the desired accuracy.,0.052083333333333336,19.2,0.0020685867859609798,4.279051291052376e-06
4,2,0.5,1.0,1.75,80.0,4.0,5.0,-3.9375,0,The algorithm converged to the desired accuracy.,0.05416666666666667,18.46153846153846,0.002207122175249069,4.871388296476182e-06
4,2,0.5,1.0,1.75,80.0,4.0,5.0,-3.9375,0,The algorithm converged to the desired accuracy.,0.05625,17.77777777777778,0.0023489798489179387,5.5177063306225425e-06
4,2,0.5,1.0,1.75,80.0,4.0,5.0,-3.9375,0,The algorithm converged to the desired accuracy.,0.058333333333333334,17.142857142857142,0.0024940945334964333,6.220507542016791e-06
4,2,0.5,1.0,1.75,80.0,4.0,5.0,-3.9375,0,The algorithm converged to the desired accuracy.,0.06041666666666667,16.551724137931036,0.002642403603597491,6.982296804305007e-06
4,2,0.5,1.0,1.75,80.0,4.0,5.0,-3.9375,0,The algorithm converged to the desired accuracy.,0.0625,16.0,0.002793846878217059,7.805580378923207e-06
4,2,0.5,1.0,1.75,80.0,4.0,5.0,-3.9375,0,The algorithm converged to the desired accuracy.,0.06458333333333334,15.483870967741934,0.002948366456553138,8.692864762127707e-06
4,2,0.5,1.0,1.75,80.0,4.0,5.0,-3.9375,0,The algorithm converged to the desired accuracy.,0.06666666666666667,15.0,0.003105906576988171,9.646655664978378e-06
4,2,0.5,1.0,1.75,80.0,4.0,5.0,-3.9375,0,The algorithm converged to the desired accuracy.,0.06875,14.545454545454545,0.0032664133891922,1.0669456429094073e-05
4,2,0.5,1.0,1.75,80.0,4.0,5.0,-3.9375,0,The algorithm converged to the desired accuracy.,0.07083333333333333,14.117647058823529,0.003429834946985661,1.1763767763564132e-05
4,2,0.5,1.0,1.75,80.0,4.0,5.0,-3.9375,0,The algorithm converged to the desired accuracy.,0.07291666666666667,13.714285714285714,0.0035961209578414467,1.2932085943426484e-05
4,2,0.5,1.0,1.75,80.0,4.0,5.0,-3.9375,0,The algorithm converged to the desired accuracy.,0.07500000000000001,13.333333333333332,0.0037652228193112325,1.4176902879062026e-05
4,2,0.5,1.0,1.75,80.0,4.0,5.0,-3.9375,0,The algorithm converged to the desired accuracy.,0.07708333333333334,12.972972972972972,0.003937093384758712,1.550070432031081e-05
4,2,0.5,1.0,1.75,80.0,4.0,5.0,-3.9375,0,The algorithm converged to the desired accuracy.,0.07916666666666666,12.631578947368421,0.004111686944817015,1.690596953217868e-05
4,2,0.5,1.0,1.75,80.0,4.0,5.0,-3.9375,0,The algorithm converged to the desired accuracy.,0.08125,12.307692307692307,0.004288959162852786,1.839517070061887e-05
4,2,0.5,1.0,1.75,80.0,4.0,5.0,-3.9375,0,The algorithm converged to the desired accuracy.,0.08333333333333334,11.999999999999998,0.0044688669618093415,1.9970771922351055e-05
4,2,0.5,1.0,1.75,80.0,4.0,5.0,-3.9375,0,The algorithm converged to the desired accuracy.,0.08541666666666667,11.707317073170731,0.004651368463640906,2.1635228584553167e-05
4,2,0.5,1.0,1.75,80.0,4.0,5.0,-3.9375,0,The algorithm converged to the desired accuracy.,0.0875,11.428571428571429,0.00483642293091755,2.33909867667051e-05
4,2,0.5,1.0,1.75,80.0,4.0,5.0,-3.9375,0,The algorithm converged to the desired accuracy.,0.08958333333333333,11.162790697674419,0.005023990709148638,2.5240482645611837e-05
4,2,0.5,1.0,1.75,80.0,4.0,5.0,-3.9375,0,The algorithm converged to the desired accuracy.,0.09166666666666667,10.909090909090908,0.005214033171824652,2.718614191688784e-05
4,2,0.5,1.0,1.75,80.0,4.0,5.0,-3.9375,0,The algorithm converged to the desired accuracy.,0.09375,10.666666666666666,0.005406512666041615,2.923037920806841e-05
4,2,0.5,1.0,1.75,80.0,4.0,5.0,-3.9375,0,The algorithm converged to the desired accuracy.,0.09583333333333333,10.434782608695652,0.005601392456309935,3.137559744960585e-05
4,2,0.5,1.0,1.75,80.0,4.0,5.0,-3.9375,0,The algorithm converged to the desired accuracy.,0.09791666666666667,10.212765957446809,0.005798636707241564,3.362418766256929e-05
4,2,0.5,1.0,1.75,80.0,4.0,5.0,-3.9375,0,The algorithm converged to the desired accuracy.,0.1,10.0,0.005998210455736421,3.597852867130573e-05
4,2,0.5,1.0,1.75,80.0,4.0,5.0,-3.9375,0,The algorithm converged to the desired accuracy.,0.10208333333333333,9.795918367346939,0.006200079526138554,3.844098613044248e-05
4,2,0.5,1.0,1.75,80.0,4.0,5.0,-3.9375,0,The algorithm converged to the desired accuracy.,0.10416666666666667,9.6,0.006404210460003541,4.1013911616018765e-05
4,2,0.5,1.0,1.75,80.0,4.0,5.0,-3.9375,0,The algorithm converged to the desired accuracy.,0.10625000000000001,9.411764705882351,0.006610570637110516,4.3699644148227735e-05
4,2,0.5,1.0,1.75,80.0,4.0,5.0,-3.9375,0,The algorithm converged to the desired accuracy.,0.10833333333333334,9.23076923076923,0.00681912810586767,4.65005081242344e-05
4,2,0.5,1.0,1.75,80.0,4.0,5.0,-3.9375,0,The algorithm converged to the desired accuracy.,0.11041666666666666,9.056603773584905,0.007029851531522223,4.9418812555245345e-05
4,2,0.5,1.0,1.75,80.0,4.0,5.0,-3.9375,0,The algorithm converged to the desired accuracy.,0.1125,8.88888888888889,0.007242710377046979,5.245685360578399e-05
4,2,0.5,1.0,1.75,80.0,4.0,5.0,-3.9375,0,The algorithm converged to the desired accuracy.,0.11458333333333333,8.727272727272728,0.0074576745461913,5.561690963690961e-05
4,2,0.5,1.0,1.75,80.0,4.0,5.0,-3.9375,0,The algorithm converged to the desired accuracy.,0.11666666666666667,8.571428571428571,0.007674714749641847,5.890124648837012e-05
4,2,0.5,1.0,1.75,80.0,4.0,5.0,-3.9375,0,The algorithm converged to the desired accuracy.,0.11875000000000001,8.421052631578947,0.00789380206781896,6.23121110859029e-05
4,2,0.5,1.0,1.75,80.0,4.0,5.0,-3.9375,0,The algorithm converged to the desired accuracy.,0.12083333333333333,8.275862068965518,0.00811490834695629,6.585173747950088e-05
4,2,0.5,1.0,1.75,80.0,4.0,5.0,-3.9375,0,The algorithm converged to the desired accuracy.,0.12291666666666667,8.135593220338983,0.008338005791329406,6.952234057624271e-05
4,2,0.5,1.0,1.75,80.0,4.0,5.0,-3.9375,0,The algorithm converged to the desired accuracy.,0.125,8.0,0.008563067239479565,7.332612054784819e-05
4,2,0.5,1.0,1.75,80.0,4.0,5.0,-3.9375,0,The algorithm converged to the desired accuracy.,0.12708333333333333,7.868852459016394,0.008790066024302283,7.726526071159335e-05
4,2,0.5,1.0,1.75,80.0,4.0,5.0,-3.9375,0,The algorithm converged to the desired accuracy.,0.12916666666666665,7.741935483870969,0.009018975851448743,8.134192540901559e-05
4,2,0.5,1.0,1.75,80.0,4.0,5.0,-3.9375,0,The algorithm converged to the desired accuracy.,0.13125,7.619047619047619,0.009249771046261982,8.555826440826649e-05
4,2,0.5,1.0,1.75,80.0,4.0,5.0,-3.9375,0,The algorithm converged to the desired accuracy.,0.13333333333333333,7.5,0.00948242632179962,8.991640894835827e-05
4,2,0.5,1.0,1.75,80.0,4.0,5.0,-3.9375,0,The algorithm converged to the desired accuracy.,0.13541666666666669,7.384615384615383,0.009716916758541102,9.441847129241692e-05
4,2,0.5,1.0,1.75,80.0,4.0,5.0,-3.9375,0,The algorithm converged to the desired accuracy.,0.1375,7.2727272727272725,0.00995321795035243,9.906654756721785e-05
4,2,0.5,1.0,1.75,80.0,4.0,5.0,-3.9375,0,The algorithm converged to the desired accuracy.,0.13958333333333334,7.164179104477612,0.01019130590883572,0.00010386271612746985
4,2,0.5,1.0,1.75,80.0,4.0,5.0,-3.9375,0,The algorithm converged to the desired accuracy.,0.14166666666666666,7.0588235294117645,0.010431156994211764,0.000108809036237893
4,2,0.5,1.0,1.75,80.0,4.0,5.0,-3.9375,0,The algorithm converged to the desired accuracy.,0.14375,6.9565217391304355,0.010672747931065941,0.00011390754840007232
4,2,0.5,1.0,1.75,80.0,4.0,5.0,-3.9375,0,The algorithm converged to the desired accuracy.,0.14583333333333331,6.857142857142858,0.010916055850633656,0.00011916027533415328
4,2,0.5,1.0,1.75,80.0,4.0,5.0,-3.9375,0,The algorithm converged to the desired accuracy.,0.14791666666666667,6.76056338028169,0.011161058271737937,0.00012456922174512985
4,2,0.5,1.0,1.75,80.0,4.0,5.0,-3.9375,0,The algorithm converged to the desired accuracy.,0.15000000000000002,6.666666666666666,0.011407733046620388,0.00013013637326295488
4,2,0.5,1.0,1.75,80.0,4.0,5.0,-3.9375,0,The algorithm converged to the desired accuracy.,0.15208333333333335,6.575342465753424,0.01165605835883172,0.0001358636964644908
4,2,0.5,1.0,1.75,80.0,4.0,5.0,-3.9375,0,The algorithm converged to the desired accuracy.,0.15416666666666667,6.486486486486486,0.011906012720412756,0.00014175313889863036
4,2,0.5,1.0,1.75,80.0,4.0,5.0,-3.9375,0,The algorithm converged to the desired accuracy.,0.15625,6.4,0.012157574966586756,0.00014780662906817697
4,2,0.5,1.0,1.75,80.0,4.0,5.0,-3.9375,0,The algorithm converged to the desired accuracy.,0.15833333333333333,6.315789473684211,0.012410724248795125,0.0001540260763796313
4,2,0.5,1.0,1.75,80.0,4.0,5.0,-3.9375,0,The algorithm converged to the desired accuracy.,0.16041666666666665,6.233766233766234,0.012665440027818983,0.00016041337109827934
4,2,0.5,1.0,1.75,80.0,4.0,5.0,-3.9375,0,The algorithm converged to the desired accuracy.,0.1625,6.153846153846153,0.012921702065915044,0.00016697038428027314
4,2,0.5,1.0,1.75,80.0,4.0,5.0,-3.9375,0,The algorithm converged to the desired accuracy.,0.16458333333333333,6.075949367088608,0.013179490413307514,0.00017369896755446465
4,2,0.5,1.0,1.75,80.0,4.0,5.0,-3.9375,0,The algorithm converged to the desired accuracy.,0.16666666666666669,5.999999999999999,0.013438785400809174,0.0001806009530490018
4,2,0.5,1.0,1.75,80.0,4.0,5.0,-3.9375,0,The algorithm converged to the desired accuracy.,0.16875,5.925925925925926,0.013699567633500966,0.00018767815334486726
4,2,0.5,1.0,1.75,80.0,4.0,5.0,-3.9375,0,The algorithm converged to the desired accuracy.,0.17083333333333334,5.853658536585366,0.013961817984320175,0.00019493236142728628
4,2,0.5,1.0,1.75,80.0,4.0,5.0,-3.9375,0,The algorithm converged to the desired accuracy.,0.17291666666666666,5.783132530120482,0.014225517587677093,0.0002023653506373103
4,2,0.5,1.0,1.75,80.0,4.0,5.0,-3.9375,0,The algorithm converged to the desired accuracy.,0.175,5.714285714285714,0.014490647833164014,0.00020997887462478093
4,2,0.5,1.0,1.75,80.0,4.0,5.0,-3.9375,0,The algorithm converged to the desired accuracy.,0.17708333333333331,5.647058823529412,0.014757190359372896,0.00021777466730276833
4,2,0.5,1.0,1.75,80.0,4.0,5.0,-3.9375,0,The algorithm converged to the desired accuracy.,0.17916666666666664,5.58139534883721,0.015025127047798157,0.00022575444280247575
4,2,0.5,1.0,1.75,80.0,4.0,5.0,-3.9375,0,The algorithm converged to the desired accuracy.,0.18125000000000002,5.517241379310344,0.015294440016767235,0.00023391989542649092
4,2,0.5,1.0,1.75,80.0,4.0,5.0,-3.9375,0,The algorithm converged to the desired accuracy.,0.18333333333333335,5.454545454545454,0.015565111615312563,0.00024227269959713806
4,2,0.5,1.0,1.75,80.0,4.0,5.0,-3.9375,0,The algorithm converged to the desired accuracy.,0.18541666666666667,5.393258426966292,0.01583712441751579,0.0002508145098158749
4,2,0.5,1.0,1.75,80.0,4.0,5.0,-3.9375,0,The algorithm converged to the desired accuracy.,0.1875,5.333333333333333,0.016110461222019763,0.00025954696078620254
4,2,0.5,1.0,1.75,80.0,4.0,5.0,-3.9375,0,The algorithm converged to the desired accuracy.,0.18958333333333333,5.274725274725275,0.016385105047902655,0.00026847166743080507
4,2,0.5,1.0,1.75,80.0,4.0,5.0,-3.9375,0,The algorithm converged to the desired accuracy.,0.19166666666666665,5.217391304347826,0.016661039128428822,0.00027759022483903625
4,2,0.5,1.0,1.75,80.0,4.0,5.0,-3.9375,0,The algorithm converged to the desired accuracy.,0.19374999999999998,5.161290322580646,0.016938246905707284,0.00028690420823870237
4,2,0.5,1.0,1.75,80.0,4.0,5.0,-3.9375,0,The algorithm converged to the desired accuracy.,0.19583333333333336,5.106382978723404,0.017216712024683816,0.0002964151729408923
4,2,0.5,1.0,1.75,80.0,4.0,5.0,-3.9375,0,The algorithm converged to the desired accuracy.,0.19791666666666669,5.052631578947368,0.017496418326250516,0.0003061246542471549
4,2,0.5,1.0,1.75,80.0,4.0,5.0,-3.9375,0,The algorithm converged to the desired accuracy.,0.2,5.0,0.017777349839255874,0.0003160341673072909
4,2,0.5,1.0,1.75,80.0,4.0,5.0,-3.9375,0,The algorithm converged to the desired accuracy.,0.20208333333333334,4.948453608247423,0.01805949077119048,0.0003261452069147141
4,2,0.5,1.0,1.75,80.0,4.0,5.0,-3.9375,0,The algorithm converged to the desired accuracy.,0.20416666666666666,4.8979591836734695,0.0183428255133279,0.000336459247812393
4,2,0.5,1.0,1.75,80.0,4.0,5.0,-3.9375,0,The algorithm converged to the desired accuracy.,0.20625,4.848484848484849,0.018627338679204783,0.0003469777462697986
4,2,0.5,1.0,1.75,80.0,4.0,5.0,-3.9375,0,The algorithm converged to the desired accuracy.,0.20833333333333331,4.800000000000001,0.018913015067810547,0.0003577021389552288
4,2,0.5,1.0,1.75,80.0,4.0,5.0,-3.9375,0,The algorithm converged to the desired accuracy.,0.21041666666666664,4.752475247524753,0.019199839642197472,0.0003686338422860976
4,2,0.5,1.0,1.75,80.0,4.0,5.0,-3.9375,0,The algorithm converged to the desired accuracy.,0.21250000000000002,4.705882352941176,0.01948779751558275,0.00037977425200835324
4,2,0.5,1.0,1.75,80.0,4.0,5.0,-3.9375,0,The algorithm converged to the desired accuracy.,0.21458333333333335,4.660194174757281,0.019776873937606052,0.0003911247427439615
4,2,0.5,1.0,1.75,80.0,4.0,5.0,-3.9375,0,The algorithm converged to the desired accuracy.,0.21666666666666667,4.615384615384615,0.020067054359261954,0.0004026866706575742
4,2,0.5,1.0,1.75,80.0,4.0,5.0,-3.9375,0,The algorithm converged to the desired accuracy.,0.21875,4.571428571428571,0.02035832445595316,0.0004144613746538606
4,2,0.5,1.0,1.75,80.0,4.0,5.0,-3.9375,0,The algorithm converged to the desired accuracy.,0.22083333333333333,4.528301886792453,0.020650670035518404,0.00042645017291585767
4,2,0.5,1.0,1.75,80.0,4.0,5.0,-3.9375,0,The algorithm converged to the desired accuracy.,0.22291666666666665,4.4859813084112155,0.020944077011320523,0.0004386543618561248
4,2,0.5,1.0,1.75,80.0,4.0,5.0,-3.9375,0,The algorithm converged to the desired accuracy.,0.22499999999999998,4.444444444444445,0.021238531409941294,0.0004510752164510629
4,2,0.5,1.0,1.75,80.0,4.0,5.0,-3.9375,0,The algorithm converged to the desired accuracy.,0.22708333333333336,4.403669724770642,0.021534019527906383,0.00046371399702825345
4,2,0.5,1.0,1.75,80.0,4.0,5.0,-3.9375,0,The algorithm converged to the desired accuracy.,0.22916666666666669,4.363636363636363,0.021830527821059948,0.0004765719449460724
4,2,0.5,1.0,1.75,80.0,4.0,5.0,-3.9375,0,The algorithm converged to the desired accuracy.,0.23125,4.324324324324324,0.022128042809569124,0.0004896502785821238
4,2,0.5,1.0,1.75,80.0,4.0,5.0,-3.9375,0,The algorithm converged to the desired accuracy.,0.23333333333333334,4.285714285714286,0.022426551089147276,0.0005029501937541329
4,2,0.5,1.0,1.75,80.0,4.0,5.0,-3.9375,0,The algorithm converged to the desired accuracy.,0.23541666666666666,4.247787610619469,0.022726039555506457,0.0005164728738784441
4,2,0.5,1.0,1.75,80.0,4.0,5.0,-3.9375,0,The algorithm converged to the desired accuracy.,0.2375,4.2105263157894735,0.02302649524547331,0.0005302194832898049
4,2,0.5,1.0,1.75,80.0,4.0,5.0,-3.9375,0,The algorithm converged to the desired accuracy.,0.23958333333333331,4.173913043478261,0.02332790520006959,0.0005441911610234338
4,2,0.5,1.0,1.75,80.0,4.0,5.0,-3.9375,0,The algorithm converged to the desired accuracy.,0.24166666666666664,4.137931034482759,0.023630256590970424,0.0005583890265551012
4,2,0.5,1.0,1.75,80.0,4.0,5.0,-3.9375,0,The algorithm converged to the desired accuracy.,0.24375000000000002,4.102564102564102,0.023933536917176555,0.000572814189365853
4,2,0.5,1.0,1.75,80.0,4.0,5.0,-3.9375,0,The algorithm converged to the desired accuracy.,0.24583333333333335,4.067796610169491,0.024237733689335413,0.0005874677343951448
4,2,0.5,1.0,1.75,80.0,4.0,5.0,-3.9375,0,The algorithm converged to the desired accuracy.,0.24791666666666667,4.033613445378151,0.024542834406167967,0.0006023507206885821
4,2,0.5,1.0,1.75,80.0,4.0,5.0,-3.9375,0,The algorithm converged to the desired accuracy.,0.25,4.0,0.024848826926665672,0.000617464199631385
4,2,0.5,1.0,1.75,80.0,4.0,5.0,-3.9375,0,The algorithm converged to the desired accuracy.,0.2520833333333333,3.9669421487603307,0.02515569920399541,0.0006328092024418954
4,2,0.5,1.0,1.75,80.0,4.0,5.0,-3.9375,0,The algorithm converged to the desired accuracy.,0.25416666666666665,3.934426229508197,0.025463439098818617,0.0006483867307392446
4,2,0.5,1.0,1.75,80.0,4.0,5.0,-3.9375,0,The algorithm converged to the desired accuracy.,0.25625,3.9024390243902443,0.025772034802861086,0.0006641977778798831
4,2,0.5,1.0,1.75,80.0,4.0,5.0,-3.9375,0,The algorithm converged to the desired accuracy.,0.25833333333333336,3.8709677419354835,0.026081474668249817,0.0006802433208705569
4,2,0.5,1.0,1.75,80.0,4.0,5.0,-3.9375,0,The algorithm converged to the desired accuracy.,0.2604166666666667,3.84,0.026391746899709283,0.0006965243044183146
4,2,0.5,1.0,1.75,80.0,4.0,5.0,-3.9375,0,The algorithm converged to the desired accuracy.,0.2625,3.8095238095238093,0.026702840049250127,0.0007130416666958365
4,2,0.5,1.0,1.75,80.0,4.0,5.0,-3.9375,0,The algorithm converged to the desired accuracy.,0.26458333333333334,3.779527559055118,0.0270147428150356,0.0007297963293625175
4,2,0.5,1.0,1.75,80.0,4.0,5.0,-3.9375,0,The algorithm converged to the desired accuracy.,0.26666666666666666,3.75,0.02732744371863817,0.0007467891801953367
4,2,0.5,1.0,1.75,80.0,4.0,5.0,-3.9375,0,The algorithm converged to the desired accuracy.,0.26875,3.7209302325581395,0.027640931710861714,0.0007640211058445207
4,2,0.5,1.0,1.75,80.0,4.0,5.0,-3.9375,0,The algorithm converged to the desired accuracy.,0.2708333333333333,3.6923076923076925,0.027955195764323162,0.0007814929702216317
4,2,0.5,1.0,1.75,80.0,4.0,5.0,-3.9375,0,The algorithm converged to the desired accuracy.,0.27291666666666664,3.6641221374045805,0.02827022473185566,0.0007992056063896234
4,2,0.5,1.0,1.75,80.0,4.0,5.0,-3.9375,0,The algorithm converged to the desired accuracy.,0.275,3.6363636363636362,0.028586007967315294,0.0008171598515074134
4,2,0.5,1.0,1.75,80.0,4.0,5.0,-3.9375,0,The algorithm converged to the desired accuracy.,0.27708333333333335,3.6090225563909772,0.02890253462742254,0.000835356507889359
4,2,0.5,1.0,1.75,80.0,4.0,5.0,-3.9375,0,The algorithm converged to the desired accuracy.,0.2791666666666667,3.582089552238806,0.029219794004072288,0.0008537963616404189
4,2,0.5,1.0,1.75,80.0,4.0,5.0,-3.9375,0,The algorithm converged to the desired accuracy.,0.28125,3.5555555555555554,0.029537775743370825,0.0008724801958656659
4,2,0.5,1.0,1.75,80.0,4.0,5.0,-3.9375,0,The algorithm converged to the desired accuracy.,0.2833333333333333,3.5294117647058822,0.029856469175826027,0.0008914087516470497
4,2,0.5,1.0,1.75,80.0,4.0,5.0,-3.9375,0,The algorithm converged to the desired accuracy.,0.28541666666666665,3.5036496350364965,0.030175864127180645,0.0009105827758220677
4,2,0.5,1.0,1.75,80.0,4.0,5.0,-3.9375,0,The algorithm converged to the desired accuracy.,0.2875,3.4782608695652177,0.03049595032733634,0.0009300029863673654
4,2,0.5,1.0,1.75,80.0,4.0,5.0,-3.9375,0,The algorithm converged to the desired accuracy.,0.28958333333333336,3.4532374100719423,0.030816717511937528,0.0009496700782105571
4,2,0.5,1.0,1.75,80.0,4.0,5.0,-3.9375,0,The algorithm converged to the desired accuracy.,0.2916666666666667,3.4285714285714284,0.031138155850788687,0.0009695847497880057
4,2,0.5,1.0,1.75,80.0,4.0,5.0,-3.9375,0,The algorithm converged to the desired accuracy.,0.29375,3.404255319148936,0.0314602551350012,0.0009897476531593693
4,2,0.5,1.0,1.75,80.0,4.0,5.0,-3.9375,0,The algorithm converged to the desired accuracy.,0.29583333333333334,3.380281690140845,0.03178300571772821,0.0010101594524531442
4,2,0.5,1.0,1.75,80.0,4.0,5.0,-3.9375,0,The algorithm converged to the desired accuracy.,0.29791666666666666,3.3566433566433567,0.032106397718750075,0.00103082077447456
4,2,0.5,1.0,1.75,80.0,4.0,5.0,-3.9375,0,The algorithm converged to the desired accuracy.,0.3,3.3333333333333335,0.032430421451788524,0.0010517322355406253
4,2,0.5,1.0,2.0,80.0,4.0,5.0,-4.0,0,The algorithm converged to the desired accuracy.,0.05,20.0,0.000726848899643712,5.283093229132749e-07
4,2,0.5,1.0,2.0,80.0,4.0,5.0,-4.0,0,The algorithm converged to the desired accuracy.,0.052083333333333336,19.2,0.0007799539873466157,6.083282223778847e-07
4,2,0.5,1.0,2.0,80.0,4.0,5.0,-4.0,0,The algorithm converged to the desired accuracy.,0.05416666666666667,18.46153846153846,0.0008345288269813964,6.964383630629455e-07
4,2,0.5,1.0,2.0,80.0,4.0,5.0,-4.0,0,The algorithm converged to the desired accuracy.,0.05625,17.77777777777778,0.000890546589119337,7.930732273920851e-07
4,2,0.5,1.0,2.0,80.0,4.0,5.0,-4.0,0,The algorithm converged to the desired accuracy.,0.058333333333333334,17.142857142857142,0.0009479814581437399,8.986688449843313e-07
4,2,0.5,1.0,2.0,80.0,4.0,5.0,-4.0,0,The algorithm converged to the desired accuracy.,0.06041666666666667,16.551724137931036,0.0010068085570900905,1.01366347062983e-06
4,2,0.5,1.0,2.0,80.0,4.0,5.0,-4.0,0,The algorithm converged to the desired accuracy.,0.0625,16.0,0.0010670038803248395,1.1384972806282643e-06
4,2,0.5,1.0,2.0,80.0,4.0,5.0,-4.0,0,The algorithm converged to the desired accuracy.,0.06458333333333334,15.483870967741934,0.0011285442404438957,1.2736121026390894e-06
4,2,0.5,1.0,2.0,80.0,4.0,5.0,-4.0,0,The algorithm converged to the desired accuracy.,0.06666666666666667,15.0,0.0011914072229700136,1.4194511709451196e-06
4,2,0.5,1.0,2.0,80.0,4.0,5.0,-4.0,0,The algorithm converged to the desired accuracy.,0.06875,14.545454545454545,0.0012555711030134491,1.5764587947224093e-06
4,2,0.5,1.0,2.0,80.0,4.0,5.0,-4.0,0,The algorithm converged to the desired accuracy.,0.07083333333333333,14.117647058823529,0.0013210148528949395,1.7450802415690387e-06
4,2,0.5,1.0,2.0,80.0,4.0,5.0,-4.0,0,The algorithm converged to the desired accuracy.,0.07291666666666667,13.714285714285714,0.0013877180466363582,1.9257613769602295e-06
4,2,0.5,1.0,2.0,80.0,4.0,5.0,-4.0,0,The algorithm converged to the desired accuracy.,0.07500000000000001,13.333333333333332,0.001455660883702589,2.1189486083418027e-06
4,2,0.5,1.0,2.0,80.0,4.0,5.0,-4.0,0,The algorithm converged to the desired accuracy.,0.07708333333333334,12.972972972972972,0.0015248240981912027,2.3250885304246147e-06
4,2,0.5,1.0,2.0,80.0,4.0,5.0,-4.0,0,The algorithm converged to the desired accuracy.,0.07916666666666666,12.631578947368421,0.0015951889577912317,2.5446278110590762e-06
4,2,0.5,1.0,2.0,80.0,4.0,5.0,-4.0,0,The algorithm converged to the desired accuracy.,0.08125,12.307692307692307,0.0016667372428037768,2.778013036549136e-06
4,2,0.5,1.0,2.0,80.0,4.0,5.0,-4.0,0,The algorithm converged to the desired accuracy.,0.08333333333333334,11.999999999999998,0.0017394512040210263,3.025690491170198e-06
4,2,0.5,1.0,2.0,80.0,4.0,5.0,-4.0,0,The algorithm converged to the desired accuracy.,0.08541666666666667,11.707317073170731,0.0018133135421935212,3.2881060023024148e-06
4,2,0.5,1.0,2.0,80.0,4.0,5.0,-4.0,0,The algorithm converged to the desired accuracy.,0.0875,11.428571428571429,0.0018883073879425818,3.565704791358536e-06
4,2,0.5,1.0,2.0,80.0,4.0,5.0,-4.0,0,The algorithm converged to the desired accuracy.,0.08958333333333333,11.162790697674419,0.001964416281548327,3.858931327212155e-06
4,2,0.5,1.0,2.0,80.0,4.0,5.0,-4.0,0,The algorithm converged to the desired accuracy.,0.09166666666666667,10.909090909090908,0.0020416241534996493,4.16822918415316e-06
4,2,0.5,1.0,2.0,80.0,4.0,5.0,-4.0,0,The algorithm converged to the desired accuracy.,0.09375,10.666666666666666,0.0021199153049383406,4.494040900111818e-06
4,2,0.5,1.0,2.0,80.0,4.0,5.0,-4.0,0,The algorithm converged to the desired accuracy.,0.09583333333333333,10.434782608695652,0.0021992743870083526,4.836807829350965e-06
4,2,0.5,1.0,2.0,80.0,4.0,5.0,-4.0,0,The algorithm converged to the desired accuracy.,0.09791666666666667,10.212765957446809,0.0022796863964372033,5.196970066100842e-06
4,2,0.5,1.0,2.0,80.0,4.0,5.0,-4.0,0,The algorithm converged to the desired accuracy.,0.1,10.0,0.0023611366664440924,5.574966357626721e-06
4,2,0.5,1.0,2.0,80.0,4.0,5.0,-4.0,0,The algorithm converged to the desired accuracy.,0.10208333333333333,9.795918367346939,0.0024436108331605654,5.9712339039396725e-06
4,2,0.5,1.0,2.0,80.0,4.0,5.0,-4.0,0,The algorithm converged to the desired accuracy.,0.10416666666666667,9.6,0.002527094807973456,6.3862081684863984e-06
4,2,0.5,1.0,2.0,80.0,4.0,5.0,-4.0,0,The algorithm converged to the desired accuracy.,0.10625000000000001,9.411764705882351,0.002611574831180543,6.8203230988556815e-06
4,2,0.5,1.0,2.0,80.0,4.0,5.0,-4.0,0,The algorithm converged to the desired accuracy.,0.10833333333333334,9.23076923076923,0.0026970374017414637,7.274010746392346e-06
4,2,0.5,1.0,2.0,80.0,4.0,5.0,-4.0,0,The algorithm converged to the desired accuracy.,0.11041666666666666,9.056603773584905,0.002783469256925092,7.747701104247125e-06
4,2,0.5,1.0,2.0,80.0,4.0,5.0,-4.0,0,The algorithm converged to the desired accuracy.,0.1125,8.88888888888889,0.002870857451206455,8.241822505147624e-06
4,2,0.5,1.0,2.0,80.0,4.0,5.0,-4.0,0,The algorithm converged to the desired accuracy.,0.11458333333333333,8.727272727272728,0.0029591892054286915,8.756800753525691e-06
4,2,0.5,1.0,2.0,80.0,4.0,5.0,-4.0,0,The algorithm converged to the desired accuracy.,0.11666666666666667,8.571428571428571,0.0030484520646542573,9.293059990494804e-06
4,2,0.5,1.0,2.0,80.0,4.0,5.0,-4.0,0,The algorithm converged to the desired accuracy.,0.11875000000000001,8.421052631578947,0.0031386337126534398,9.851021582204715e-06
4,2,0.5,1.0,2.0,80.0,4.0,5.0,-4.0,0,The algorithm converged to the desired accuracy.,0.12083333333333333,8.275862068965518,0.0032297221425348723,1.0431105117980046e-05
4,2,0.5,1.0,2.0,80.0,4.0,5.0,-4.0,0,The algorithm converged to the desired accuracy.,0.12291666666666667,8.135593220338983,0.003321705483449185,1.1033727318776384e-05
4,2,0.5,1.0,2.0,80.0,4.0,5.0,-4.0,0,The algorithm converged to the desired accuracy.,0.125,8.0,0.003414572119906152,1.1659302762040393e-05
4,2,0.5,1.0,2.0,80.0,4.0,5.0,-4.0,0,The algorithm converged to the desired accuracy.,0.12708333333333333,7.868852459016394,0.003508310632918865,1.2308243497051567e-05
4,2,0.5,1.0,2.0,80.0,4.0,5.0,-4.0,0,The algorithm converged to the desired accuracy.,0.12916666666666665,7.741935483870969,0.003602909748781846,1.2980958657867264e-05
4,2,0.5,1.0,2.0,80.0,4.0,5.0,-4.0,0,The algorithm converged to the desired accuracy.,0.13125,7.619047619047619,0.0036983584458779393,1.3677855194196686e-05
4,2,0.5,1.0,2.0,80.0,4.0,5.0,-4.0,0,The algorithm converged to the desired accuracy.,0.13333333333333333,7.5,0.00379464585603347,1.4399337172711985e-05
4,2,0.5,1.0,2.0,80.0,4.0,5.0,-4.0,0,The algorithm converged to the desired accuracy.,0.13541666666666669,7.384615384615383,0.0038917612565300794,1.5145805677828582e-05
4,2,0.5,1.0,2.0,80.0,4.0,5.0,-4.0,0,The algorithm converged to the desired accuracy.,0.1375,7.2727272727272725,0.003989694133537241,1.591765927918148e-05
4,2,0.5,1.0,2.0,80.0,4.0,5.0,-4.0,0,The algorithm converged to the desired accuracy.,0.13958333333333334,7.164179104477612,0.004088434141759141,1.6715293731501804e-05
4,2,0.5,1.0,2.0,80.0,4.0,5.0,-4.0,0,The algorithm converged to the desired accuracy.,0.14166666666666666,7.0588235294117645,0.004187971075355719,1.7539101728016133e-05
4,2,0.5,1.0,2.0,80.0,4.0,5.0,-4.0,0,The algorithm converged to the desired accuracy.,0.14375,6.9565217391304355,0.004288294875300406,1.8389472937527722e-05
4,2,0.5,1.0,2.0,80.0,4.0,5.0,-4.0,0,The algorithm converged to the desired accuracy.,0.14583333333333331,6.857142857142858,0.00438939564815495,1.9266794156041613e-05
4,2,0.5,1.0,2.0,80.0,4.0,5.0,-4.0,0,The algorithm converged to the desired accuracy.,0.14791666666666667,6.76056338028169,0.004491263658440575,2.017144924962902e-05
4,2,0.5,1.0,2.0,80.0,4.0,5.0,-4.0,0,The algorithm converged to the desired accuracy.,0.15000000000000002,6.666666666666666,0.004593889305828077,2.1103818954201567e-05
4,2,0.5,1.0,2.0,80.0,4.0,5.0,-4.0,0,The algorithm converged to the desired accuracy.,0.15208333333333335,6.575342465753424,0.004697263124703848,2.206428086270256e-05
4,2,0.5,1.0,2.0,80.0,4.0,5.0,-4.0,0,The algorithm converged to the desired accuracy.,0.15416666666666667,6.486486486486486,0.004801375783409375,2.305320941350999e-05
4,2,0.5,1.0,2.0,80.0,4.0,5.0,-4.0,0,The algorithm converged to the desired accuracy.,0.15625,6.4,0.004906218082386294,2.4070975871934248e-05
4,2,0.5,1.0,2.0,80.0,4.0,5.0,-4.0,0,The algorithm converged to the desired accuracy.,0.15833333333333333,6.315789473684211,0.00501178095158477,2.511794830666794e-05
4,2,0.5,1.0,2.0,80.0,4.0,5.0,-4.0,0,The algorithm converged to the desired accuracy.,0.16041666666666665,6.233766233766234,0.005118055447886524,2.6194491567640925e-05
4,2,0.5,1.0,2.0,80.0,4.0,5.0,-4.0,0,The algorithm converged to the desired accuracy.,0.1625,6.153846153846153,0.0052250327520829455,2.730096726033948e-05
4,2,0.5,1.0,2.0,80.0,4.0,5.0,-4.0,0,The algorithm converged to the desired accuracy.,0.16458333333333333,6.075949367088608,0.005332704163392893,2.8437733694267893e-05
4,2,0.5,1.0,2.0,80.0,4.0,5.0,-4.0,0,The algorithm converged to the desired accuracy.,0.16666666666666669,5.999999999999999,0.005441061096605028,2.9605145856988714e-05
4,2,0.5,1.0,2.0,80.0,4.0,5.0,-4.0,0,The algorithm converged to the desired accuracy.,0.16875,5.925925925925926,0.005550095079660187,3.080355539326822e-05
4,2,0.5,1.0,2.0,80.0,4.0,5.0,-4.0,0,The algorithm converged to the desired accuracy.,0.17083333333333334,5.853658536585366,0.005659797751177843,3.2033310584237775e-05
4,2,0.5,1.0,2.0,80.0,4.0,5.0,-4.0,0,The algorithm converged to the desired accuracy.,0.17291666666666666,5.783132530120482,0.005770160857979206,3.3294756326955326e-05
4,2,0.5,1.0,2.0,80.0,4.0,5.0,-4.0,0,The algorithm converged to the desired accuracy.,0.175,5.714285714285714,0.005881176252635342,3.458823411456188e-05
4,2,0.5,1.0,2.0,80.0,4.0,5.0,-4.0,0,The algorithm converged to the desired accuracy.,0.17708333333333331,5.647058823529412,0.005992835891048154,3.591408201703492e-05
4,2,0.5,1.0,2.0,80.0,4.0,5.0,-4.0,0,The algorithm converged to the desired accuracy.,0.17916666666666664,5.58139534883721,0.006105131830054788,3.727263466234812e-05
4,2,0.5,1.0,2.0,80.0,4.0,5.0,-4.0,0,The algorithm converged to the desired accuracy.,0.18125000000000002,5.517241379310344,0.00621805622503125,3.8664223217649884e-05
4,2,0.5,1.0,2.0,80.0,4.0,5.0,-4.0,0,The algorithm converged to the desired accuracy.,0.18333333333333335,5.454545454545454,0.006331601327458452,4.0089175369873634e-05
4,2,0.5,1.0,2.0,80.0,4.0,5.0,-4.0,0,The algorithm converged to the desired accuracy.,0.18541666666666667,5.393258426966292,0.006445759482681472,4.154781530857812e-05
4,2,0.5,1.0,2.0,80.0,4.0,5.0,-4.0,0,The algorithm converged to the desired accuracy.,0.1875,5.333333333333333,0.006560523129898296,4.304046373793053e-05
4,2,0.5,1.0,2.0,80.0,4.0,5.0,-4.0,0,The algorithm converged to the desired accuracy.,0.18958333333333333,5.274725274725275,0.006675884800562891,4.456743787038663e-05
4,2,0.5,1.0,2.0,80.0,4.0,5.0,-4.0,0,The algorithm converged to the desired accuracy.,0.19166666666666665,5.217391304347826,0.006791837115860034,4.612905140837394e-05
4,2,0.5,1.0,2.0,80.0,4.0,5.0,-4.0,0,The algorithm converged to the desired accuracy.,0.19374999999999998,5.161290322580646,0.006908372784563329,4.772561453049528e-05
4,2,0.5,1.0,2.0,80.0,4.0,5.0,-4.0,0,The algorithm converged to the desired accuracy.,0.19583333333333336,5.106382978723404,0.007025484600594997,4.935743387319744e-05
4,2,0.5,1.0,2.0,80.0,4.0,5.0,-4.0,0,The algorithm converged to the desired accuracy.,0.19791666666666669,5.052631578947368,0.007143165440193429,5.102481250597379e-05
4,2,0.5,1.0,2.0,80.0,4.0,5.0,-4.0,0,The algorithm converged to the desired accuracy.,0.2,5.0,0.0072614082585939965,5.2728049897977095e-05
4,2,0.5,1.0,2.0,80.0,4.0,5.0,-4.0,0,The algorithm converged to the desired accuracy.,0.20208333333333334,4.948453608247423,0.007380206086124978,5.446744187367617e-05
4,2,0.5,1.0,2.0,80.0,4.0,5.0,-4.0,0,The algorithm converged to the desired accuracy.,0.20416666666666666,4.8979591836734695,0.007499552030574185,5.6243280659289385e-05
4,2,0.5,1.0,2.0,80.0,4.0,5.0,-4.0,0,The algorithm converged to the desired accuracy.,0.20625,4.848484848484849,0.007619439294034992,5.8055855155484456e-05
4,2,0.5,1.0,2.0,80.0,4.0,5.0,-4.0,0,The algorithm converged to the desired accuracy.,0.20833333333333331,4.800000000000001,0.007739861157056342,5.990545073050953e-05
4,2,0.5,1.0,2.0,80.0,4.0,5.0,-4.0,0,The algorithm converged to the desired accuracy.,0.21041666666666664,4.752475247524753,0.0078608109694716,6.179234909776503e-05
4,2,0.5,1.0,2.0,80.0,4.0,5.0,-4.0,0,The algorithm converged to the desired accuracy.,0.21250000000000002,4.705882352941176,0.00798228214446553,6.371682823385322e-05
4,2,0.5,1.0,2.0,80.0,4.0,5.0,-4.0,0,The algorithm converged to the desired accuracy.,0.21458333333333335,4.660194174757281,0.008104268152697856,6.567916229083272e-05
4,2,0.5,1.0,2.0,80.0,4.0,5.0,-4.0,0,The algorithm converged to the desired accuracy.,0.21666666666666667,4.615384615384615,0.00822676255063512,6.767962206453245e-05
4,2,0.5,1.0,2.0,80.0,4.0,5.0,-4.0,0,The algorithm converged to the desired accuracy.,0.21875,4.571428571428571,0.008349758990690643,6.971847520261922e-05
4,2,0.5,1.0,2.0,80.0,4.0,5.0,-4.0,0,The algorithm converged to the desired accuracy.,0.22083333333333333,4.528301886792453,0.008473251181340515,7.179598558208843e-05
4,2,0.5,1.0,2.0,80.0,4.0,5.0,-4.0,0,The algorithm converged to the desired accuracy.,0.22291666666666665,4.4859813084112155,0.008597232875492066,7.391241311544157e-05
4,2,0.5,1.0,2.0,80.0,4.0,5.0,-4.0,0,The algorithm converged to the desired accuracy.,0.22499999999999998,4.444444444444445,0.008721697873898844,7.606801380357163e-05
4,2,0.5,1.0,2.0,80.0,4.0,5.0,-4.0,0,The algorithm converged to the desired accuracy.,0.22708333333333336,4.403669724770642,0.008846640093450667,7.826304094304882e-05
4,2,0.5,1.0,2.0,80.0,4.0,5.0,-4.0,0,The algorithm converged to the desired accuracy.,0.22916666666666669,4.363636363636363,0.008972053519140495,8.049774435032134e-05
4,2,0.5,1.0,2.0,80.0,4.0,5.0,-4.0,0,The algorithm converged to the desired accuracy.,0.23125,4.324324324324324,0.00909793216278409,8.277236963862118e-05
4,2,0.5,1.0,2.0,80.0,4.0,5.0,-4.0,0,The algorithm converged to the desired accuracy.,0.23333333333333334,4.285714285714286,0.009224270067947054,8.508715828642395e-05
4,2,0.5,1.0,2.0,80.0,4.0,5.0,-4.0,0,The algorithm converged to the desired accuracy.,0.23541666666666666,4.247787610619469,0.009351061407761182,8.744234945172052e-05
4,2,0.5,1.0,2.0,80.0,4.0,5.0,-4.0,0,The algorithm converged to the desired accuracy.,0.2375,4.2105263157894735,0.009478300415834908,8.98381787728162e-05
4,2,0.5,1.0,2.0,80.0,4.0,5.0,-4.0,0,The algorithm converged to the desired accuracy.,0.23958333333333331,4.173913043478261,0.009605981326660747,9.227487724815495e-05
4,2,0.5,1.0,2.0,80.0,4.0,5.0,-4.0,0,The algorithm converged to the desired accuracy.,0.24166666666666664,4.137931034482759,0.009734098430739373,9.475267225932273e-05
4,2,0.5,1.0,2.0,80.0,4.0,5.0,-4.0,0,The algorithm converged to the desired accuracy.,0.24375000000000002,4.102564102564102,0.009862646160360757,9.727178928447878e-05
4,2,0.5,1.0,2.0,80.0,4.0,5.0,-4.0,0,The algorithm converged to the desired accuracy.,0.24583333333333335,4.067796610169491,0.009991618952122874,9.9832449284421e-05
4,2,0.5,1.0,2.0,80.0,4.0,5.0,-4.0,0,The algorithm converged to the desired accuracy.,0.24791666666666667,4.033613445378151,0.010121011236662592,0.00010243486845265044
4,2,0.5,1.0,2.0,80.0,4.0,5.0,-4.0,0,The algorithm converged to the desired accuracy.,0.25,4.0,0.010250817600965247,0.0001050792614882589
4,2,0.5,1.0,2.0,80.0,4.0,5.0,-4.0,0,The algorithm converged to the desired accuracy.,0.2520833333333333,3.9669421487603307,0.010381032672446902,0.00010776583934641007
4,2,0.5,1.0,2.0,80.0,4.0,5.0,-4.0,0,The algorithm converged to the desired accuracy.,0.25416666666666665,3.934426229508197,0.01051165103756327,0.00011049480753550498
4,2,0.5,1.0,2.0,80.0,4.0,5.0,-4.0,0,The algorithm converged to the desired accuracy.,0.25625,3.9024390243902443,0.0106426674265701,0.00011326636995257623
4,2,0.5,1.0,2.0,80.0,4.0,5.0,-4.0,0,The algorithm converged to the desired accuracy.,0.25833333333333336,3.8709677419354835,0.010774076639177295,0.00011608072742686591
4,2,0.5,1.0,2.0,80.0,4.0,5.0,-4.0,0,The algorithm converged to the desired accuracy.,0.2604166666666667,3.84,0.010905873410288648,0.00011893807484124096
4,2,0.5,1.0,2.0,80.0,4.0,5.0,-4.0,0,The algorithm converged to the desired accuracy.,0.2625,3.8095238095238093,0.011038052625856897,0.00012183860577118634
4,2,0.5,1.0,2.0,80.0,4.0,5.0,-4.0,0,The algorithm converged to the desired accuracy.,0.26458333333333334,3.779527559055118,0.011170609235207591,0.0001247825106857051
4,2,0.5,1.0,2.0,80.0,4.0,5.0,-4.0,0,The algorithm converged to the desired accuracy.,0.26666666666666666,3.75,0.011303538110194853,0.00012776997380862745
4,2,0.5,1.0,2.0,80.0,4.0,5.0,-4.0,0,The algorithm converged to the desired accuracy.,0.26875,3.7209302325581395,0.011436834309652814,0.00013080117902645175
4,2,0.5,1.0,2.0,80.0,4.0,5.0,-4.0,0,The algorithm converged to the desired accuracy.,0.2708333333333333,3.6923076923076925,0.011570492901630166,0.00013387630598667407
4,2,0.5,1.0,2.0,80.0,4.0,5.0,-4.0,0,The algorithm converged to the desired accuracy.,0.27291666666666664,3.6641221374045805,0.011704508901560015,0.00013699552862669762
4,2,0.5,1.0,2.0,80.0,4.0,5.0,-4.0,0,The algorithm converged to the desired accuracy.,0.275,3.6363636363636362,0.01183887754337073,0.00014015902148692777
4,2,0.5,1.0,2.0,80.0,4.0,5.0,-4.0,0,The algorithm converged to the desired accuracy.,0.27708333333333335,3.6090225563909772,0.011973593974672677,0.00014336695267031785
4,2,0.5,1.0,2.0,80.0,4.0,5.0,-4.0,0,The algorithm converged to the desired accuracy.,0.2791666666666667,3.582089552238806,0.012108653401872537,0.00014661948720667937
4,2,0.5,1.0,2.0,80.0,4.0,5.0,-4.0,0,The algorithm converged to the desired accuracy.,0.28125,3.5555555555555554,0.012244051185915624,0.0001499167894433218
4,2,0.5,1.0,2.0,80.0,4.0,5.0,-4.0,0,The algorithm converged to the desired accuracy.,0.2833333333333333,3.5294117647058822,0.012379782549703178,0.0001532590159779353
4,2,0.5,1.0,2.0,80.0,4.0,5.0,-4.0,0,The algorithm converged to the desired accuracy.,0.28541666666666665,3.5036496350364965,0.012515842932347199,0.00015664632430718533
4,2,0.5,1.0,2.0,80.0,4.0,5.0,-4.0,0,The algorithm converged to the desired accuracy.,0.2875,3.4782608695652177,0.012652227730973855,0.0001600788665564238
4,2,0.5,1.0,2.0,80.0,4.0,5.0,-4.0,0,The algorithm converged to the desired accuracy.,0.28958333333333336,3.4532374100719423,0.012788932345096114,0.0001635567905274456
4,2,0.5,1.0,2.0,80.0,4.0,5.0,-4.0,0,The algorithm converged to the desired accuracy.,0.2916666666666667,3.4285714285714284,0.012925952363900392,0.00016708024451382212
4,2,0.5,1.0,2.0,80.0,4.0,5.0,-4.0,0,The algorithm converged to the desired accuracy.,0.29375,3.404255319148936,0.013063283210982567,0.000170649368250339
4,2,0.5,1.0,2.0,80.0,4.0,5.0,-4.0,0,The algorithm converged to the desired accuracy.,0.29583333333333334,3.380281690140845,0.013200920555575127,0.00017426430351460593
4,2,0.5,1.0,2.0,80.0,4.0,5.0,-4.0,0,The algorithm converged to the desired accuracy.,0.29791666666666666,3.3566433566433567,0.013338859964870125,0.00017792518516241502
4,2,0.5,1.0,2.0,80.0,4.0,5.0,-4.0,0,The algorithm converged to the desired accuracy.,0.3,3.3333333333333335,0.013477097090829894,0.0001816321459956556
4,2,0.5,1.0,2.25,80.0,4.0,5.0,-3.9375,0,The algorithm converged to the desired accuracy.,0.05,20.0,0.000216165368301218,4.672746645280122e-08
4,2,0.5,1.0,2.25,80.0,4.0,5.0,-3.9375,0,The algorithm converged to the desired accuracy.,0.052083333333333336,19.2,0.00023127503353832793,5.348814113815471e-08
4,2,0.5,1.0,2.25,80.0,4.0,5.0,-3.9375,0,The algorithm converged to the desired accuracy.,0.05416666666666667,18.46153846153846,0.0002467637609252061,6.089235370595226e-08
4,2,0.5,1.0,2.25,80.0,4.0,5.0,-3.9375,0,The algorithm converged to the desired accuracy.,0.05625,17.77777777777778,0.00026262393099788493,6.897132913278183e-08
4,2,0.5,1.0,2.25,80.0,4.0,5.0,-3.9375,0,The algorithm converged to the desired accuracy.,0.058333333333333334,17.142857142857142,0.0002788482459604325,7.775634427520987e-08
4,2,0.5,1.0,2.25,80.0,4.0,5.0,-3.9375,0,The algorithm converged to the desired accuracy.,0.06041666666666667,16.551724137931036,0.00029542970408171995,8.727871005381262e-08
4,2,0.5,1.0,2.25,80.0,4.0,5.0,-3.9375,0,The algorithm converged to the desired accuracy.,0.0625,16.0,0.00031236157692094606,9.756975473654011e-08
4,2,0.5,1.0,2.25,80.0,4.0,5.0,-3.9375,0,The algorithm converged to the desired accuracy.,0.06458333333333334,15.483870967741934,0.00032963739097164983,1.0866080952659632e-07
4,2,0.5,1.0,2.25,80.0,4.0,5.0,-3.9375,0,The algorithm converged to the desired accuracy.,0.06666666666666667,15.0,0.00034725091189546177,1.2058319581222975e-07
4,2,0.5,1.0,2.25,80.0,4.0,5.0,-3.9375,0,The algorithm converged to the desired accuracy.,0.06875,14.545454545454545,0.00036519611904246185,1.3336820536367596e-07
4,2,0.5,1.0,2.25,80.0,4.0,5.0,-3.9375,0,The algorithm converged to the desired accuracy.,0.07083333333333333,14.117647058823529,0.00038346720465321627,1.4704709704455164e-07
4,2,0.5,1.0,2.25,80.0,4.0,5.0,-3.9375,0,The algorithm converged to the desired accuracy.,0.07291666666666667,13.714285714285714,0.0004020585458522566,1.616510742928311e-07
4,2,0.5,1.0,2.25,80.0,4.0,5.0,-3.9375,0,The algorithm converged to the desired accuracy.,0.07500000000000001,13.333333333333332,0.00042096470872066626,1.7721128598827539e-07
4,2,0.5,1.0,2.25,80.0,4.0,5.0,-3.9375,0,The algorithm converged to the desired accuracy.,0.07708333333333334,12.972972972972972,0.0004401804221042607,1.9375880400388511e-07
4,2,0.5,1.0,2.25,80.0,4.0,5.0,-3.9375,0,The algorithm converged to the desired accuracy.,0.07916666666666666,12.631578947368421,0.0004597005755404636,2.113246191522335e-07
4,2,0.5,1.0,2.25,80.0,4.0,5.0,-3.9375,0,The algorithm converged to the desired accuracy.,0.08125,12.307692307692307,0.0004795202120429711,2.2993963375773598e-07
4,2,0.5,1.0,2.25,80.0,4.0,5.0,-3.9375,0,The algorithm converged to the desired accuracy.,0.08333333333333334,11.999999999999998,0.0004996345154504323,2.496346490293883e-07
4,2,0.5,1.0,2.25,80.0,4.0,5.0,-3.9375,0,The algorithm converged to the desired accuracy.,0.08541666666666667,11.707317073170731,0.0005200388036549914,2.704403573069147e-07
4,2,0.5,1.0,2.25,80.0,4.0,5.0,-3.9375,0,The algorithm converged to the desired accuracy.,0.0875,11.428571428571429,0.0005407285220735206,2.923873345838138e-07
4,2,0.5,1.0,2.25,80.0,4.0,5.0,-3.9375,0,The algorithm converged to the desired accuracy.,0.08958333333333333,11.162790697674419,0.0005616992371991865,3.1550603307014805e-07
4,2,0.5,1.0,2.25,80.0,4.0,5.0,-3.9375,0,The algorithm converged to the desired accuracy.,0.09166666666666667,10.909090909090908,0.000582946630456938,3.398267739610979e-07
4,2,0.5,1.0,2.25,80.0,4.0,5.0,-3.9375,0,The algorithm converged to the desired accuracy.,0.09375,10.666666666666666,0.0006044664921241336,3.653797401008552e-07
4,2,0.5,1.0,2.25,80.0,4.0,5.0,-3.9375,0,The algorithm converged to the desired accuracy.,0.09583333333333333,10.434782608695652,0.0006262547150481769,3.921949681200733e-07
4,2,0.5,1.0,2.25,80.0,4.0,5.0,-3.9375,0,The algorithm converged to the desired accuracy.,0.09791666666666667,10.212765957446809,0.0006483072927108844,4.203023457821163e-07
4,2,0.5,1.0,2.25,80.0,4.0,5.0,-3.9375,0,The algorithm converged to the desired accuracy.,0.1,10.0,0.0006706203161188317,4.497316083913217e-07
4,2,0.5,1.0,2.25,80.0,4.0,5.0,-3.9375,0,The algorithm converged to the desired accuracy.,0.10208333333333333,9.795918367346939,0.0006931899643175246,4.80512326630531e-07
4,2,0.5,1.0,2.25,80.0,4.0,5.0,-3.9375,0,The algorithm converged to the desired accuracy.,0.10416666666666667,9.6,0.000716012496539156,5.126738952002348e-07
4,2,0.5,1.0,2.25,80.0,4.0,5.0,-3.9375,0,The algorithm converged to the desired accuracy.,0.10625000000000001,9.411764705882351,0.0007390842657321604,5.462455518528468e-07
4,2,0.5,1.0,2.25,80.0,4.0,5.0,-3.9375,0,The algorithm converged to the desired accuracy.,0.10833333333333334,9.23076923076923,0.0007624016995999746,5.8125635155293e-07
4,2,0.5,1.0,2.25,80.0,4.0,5.0,-3.9375,0,The algorithm converged to the desired accuracy.,0.11041666666666666,9.056603773584905,0.000785961294810735,6.177351569405672e-07
4,2,0.5,1.0,2.25,80.0,4.0,5.0,-3.9375,0,The algorithm converged to the desired accuracy.,0.1125,8.88888888888889,0.000809759637221009,6.557106700723001e-07
4,2,0.5,1.0,2.25,80.0,4.0,5.0,-3.9375,0,The algorithm converged to the desired accuracy.,0.11458333333333333,8.727272727272728,0.0008337933619676822,6.952113704613703e-07
4,2,0.5,1.0,2.25,80.0,4.0,5.0,-3.9375,0,The algorithm converged to the desired accuracy.,0.11666666666666667,8.571428571428571,0.0008580591944059726,7.362655811046268e-07
4,2,0.5,1.0,2.25,80.0,4.0,5.0,-3.9375,0,The algorithm converged to the desired accuracy.,0.11875000000000001,8.421052631578947,0.0008825539012285803,7.789013885737866e-07
4,2,0.5,1.0,2.25,80.0,4.0,5.0,-3.9375,0,The algorithm converged to the desired accuracy.,0.12083333333333333,8.275862068965518,0.0009072743347487357,8.231467184937609e-07
4,2,0.5,1.0,2.25,80.0,4.0,5.0,-3.9375,0,The algorithm converged to the desired accuracy.,0.12291666666666667,8.135593220338983,0.0009322173873099741,8.690292572030342e-07
4,2,0.5,1.0,2.25,80.0,4.0,5.0,-3.9375,0,The algorithm converged to the desired accuracy.,0.125,8.0,0.0009573800221688893,9.16576506848103e-07
4,2,0.5,1.0,2.25,80.0,4.0,5.0,-3.9375,0,The algorithm converged to the desired accuracy.,0.12708333333333333,7.868852459016394,0.0009827592578525613,9.658157588949171e-07
4,2,0.5,1.0,2.25,80.0,4.0,5.0,-3.9375,0,The algorithm converged to the desired accuracy.,0.12916666666666665,7.741935483870969,0.0010083521545634219,1.016774067612695e-06
4,2,0.5,1.0,2.25,80.0,4.0,5.0,-3.9375,0,The algorithm converged to the desired accuracy.,0.13125,7.619047619047619,0.0010341558417875571,1.0694783051033309e-06
4,2,0.5,1.0,2.25,80.0,4.0,5.0,-3.9375,0,The algorithm converged to the desired accuracy.,0.13333333333333333,7.5,0.0010601674923588625,1.1239551118544789e-06
4,2,0.5,1.0,2.25,80.0,4.0,5.0,-3.9375,0,The algorithm converged to the desired accuracy.,0.13541666666666669,7.384615384615383,0.0010863843201902408,1.1802308911552117e-06
4,2,0.5,1.0,2.25,80.0,4.0,5.0,-3.9375,0,The algorithm converged to the desired accuracy.,0.1375,7.2727272727272725,0.0011128035965929579,1.2383318445902225e-06
4,2,0.5,1.0,2.25,80.0,4.0,5.0,-3.9375,0,The algorithm converged to the desired accuracy.,0.13958333333333334,7.164179104477612,0.0011394226395825973,1.2982839515933735e-06
4,2,0.5,1.0,2.25,80.0,4.0,5.0,-3.9375,0,The algorithm converged to the desired accuracy.,0.14166666666666666,7.0588235294117645,0.0011662388061514945,1.3601129529736632e-06
4,2,0.5,1.0,2.25,80.0,4.0,5.0,-3.9375,0,The algorithm converged to the desired accuracy.,0.14375,6.9565217391304355,0.0011932494940291845,1.4238443550009047e-06
4,2,0.5,1.0,2.25,80.0,4.0,5.0,-3.9375,0,The algorithm converged to the desired accuracy.,0.14583333333333331,6.857142857142858,0.0012204521464100574,1.489503441676916e-06
4,2,0.5,1.0,2.25,80.0,4.0,5.0,-3.9375,0,The algorithm converged to the desired accuracy.,0.14791666666666667,6.76056338028169,0.0012478442498221175,1.5571152718141233e-06
4,2,0.5,1.0,2.25,80.0,4.0,5.0,-3.9375,0,The algorithm converged to the desired accuracy.,0.15000000000000002,6.666666666666666,0.0012754233280706981,1.6267046657869357e-06
4,2,0.5,1.0,2.25,80.0,4.0,5.0,-3.9375,0,The algorithm converged to the desired accuracy.,0.15208333333333335,6.575342465753424,0.0013031869420026183,1.6982962058061357e-06
4,2,0.5,1.0,2.25,80.0,4.0,5.0,-3.9375,0,The algorithm converged to the desired accuracy.,0.15416666666666667,6.486486486486486,0.0013311326891910062,1.77191423623288e-06
4,2,0.5,1.0,2.25,80.0,4.0,5.0,-3.9375,0,The algorithm converged to the desired accuracy.,0.15625,6.4,0.0013592582033418866,1.8475828633522135e-06
4,2,0.5,1.0,2.25,80.0,4.0,5.0,-3.9375,0,The algorithm converged to the desired accuracy.,0.15833333333333333,6.315789473684211,0.0013875611535155456,1.9253259547453915e-06
4,2,0.5,1.0,2.25,80.0,4.0,5.0,-3.9375,0,The algorithm converged to the desired accuracy.,0.16041666666666665,6.233766233766234,0.001416039243357504,2.0051671387284927e-06
4,2,0.5,1.0,2.25,80.0,4.0,5.0,-3.9375,0,The algorithm converged to the desired accuracy.,0.1625,6.153846153846153,0.0014446902102192758,2.087129803503415e-06
4,2,0.5,1.0,2.25,80.0,4.0,5.0,-3.9375,0,The algorithm converged to the desired accuracy.,0.16458333333333333,6.075949367088608,0.0014735118236481202,2.171237094430809e-06
4,2,0.5,1.0,2.25,80.0,4.0,5.0,-3.9375,0,The algorithm converged to the desired accuracy.,0.16666666666666669,5.999999999999999,0.0015025018845620539,2.2575119131125236e-06
4,2,0.5,1.0,2.25,80.0,4.0,5.0,-3.9375,0,The algorithm converged to the desired accuracy.,0.16875,5.925925925925926,0.0015316582245432043,2.345976916810841e-06
4,2,0.5,1.0,2.25,80.0,4.0,5.0,-3.9375,0,The algorithm converged to the desired accuracy.,0.17083333333333334,5.853658536585366,0.0015609787051209505,2.4366545178410795e-06
4,2,0.5,1.0,2.25,80.0,4.0,5.0,-3.9375,0,The algorithm converged to the desired accuracy.,0.17291666666666666,5.783132530120482,0.0015904612170582406,2.5295668829663797e-06
4,2,0.5,1.0,2.25,80.0,4.0,5.0,-3.9375,0,The algorithm converged to the desired accuracy.,0.175,5.714285714285714,0.0016201036796482386,2.6247359328097626e-06
4,2,0.5,1.0,2.25,80.0,4.0,5.0,-3.9375,0,The algorithm converged to the desired accuracy.,0.17708333333333331,5.647058823529412,0.0016499040400231172,2.722183341284604e-06
4,2,0.5,1.0,2.25,80.0,4.0,5.0,-3.9375,0,The algorithm converged to the desired accuracy.,0.17916666666666664,5.58139534883721,0.0016798602724723707,2.8219305350309476e-06
4,2,0.5,1.0,2.25,80.0,4.0,5.0,-3.9375,0,The algorithm converged to the desired accuracy.,0.18125000000000002,5.517241379310344,0.0017099703777642286,2.923998692831139e-06
4,2,0.5,1.0,2.25,80.0,4.0,5.0,-3.9375,0,The algorithm converged to the desired accuracy.,0.18333333333333335,5.454545454545454,0.0017402323824605226,3.0284087449642268e-06
4,2,0.5,1.0,2.25,80.0,4.0,5.0,-3.9375,0,The algorithm converged to the desired accuracy.,0.18541666666666667,5.393258426966292,0.0017706443382843535,3.135181372698436e-06
4,2,0.5,1.0,2.25,80.0,4.0,5.0,-3.9375,0,The algorithm converged to the desired accuracy.,0.1875,5.333333333333333,0.0018012043220655262,3.244337009827532e-06
4,2,0.5,1.0,2.25,80.0,4.0,5.0,-3.9375,0,The algorithm converged to the desired accuracy.,0.18958333333333333,5.274725274725275,0.0018319104352792644,3.355895842885064e-06
4,2,0.5,1.0,2.25,80.0,4.0,5.0,-3.9375,0,The algorithm converged to the desired accuracy.,0.19166666666666665,5.217391304347826,0.001862760803347535,3.469877810487954e-06
4,2,0.5,1.0,2.25,80.0,4.0,5.0,-3.9375,0,The algorithm converged to the desired accuracy.,0.19374999999999998,5.161290322580646,0.001893753575041848,3.5863026029837807e-06
4,2,0.5,1.0,2.25,80.0,4.0,5.0,-3.9375,0,The algorithm converged to the desired accuracy.,0.19583333333333336,5.106382978723404,0.0019248869218115529,3.7051896617611554e-06
4,2,0.5,1.0,2.25,80.0,4.0,5.0,-3.9375,0,The algorithm converged to the desired accuracy.,0.19791666666666669,5.052631578947368,0.001956159037013463,3.826558178089439e-06
4,2,0.5,1.0,2.25,80.0,4.0,5.0,-3.9375,0,The algorithm converged to the desired accuracy.,0.2,5.0,0.0019875681350185553,3.950427091341138e-06
4,2,0.5,1.0,2.25,80.0,4.0,5.0,-3.9375,0,The algorithm converged to the desired accuracy.,0.20208333333333334,4.948453608247423,0.0020191124501706013,4.076815086433929e-06
4,2,0.5,1.0,2.25,80.0,4.0,5.0,-3.9375,0,The algorithm converged to the desired accuracy.,0.20416666666666666,4.8979591836734695,0.0020507902373609332,4.205740597654913e-06
4,2,0.5,1.0,2.25,80.0,4.0,5.0,-3.9375,0,The algorithm converged to the desired accuracy.,0.20625,4.848484848484849,0.002082599776330652,4.3372218283724825e-06
4,2,0.5,1.0,2.25,80.0,4.0,5.0,-3.9375,0,The algorithm converged to the desired accuracy.,0.20833333333333331,4.800000000000001,0.002114539367555109,4.471276736940361e-06
4,2,0.5,1.0,2.25,80.0,4.0,5.0,-3.9375,0,The algorithm converged to the desired accuracy.,0.21041666666666664,4.752475247524753,0.0021466073298524392,4.607923028576219e-06
4,2,0.5,1.0,2.25,80.0,4.0,5.0,-3.9375,0,The algorithm converged to the desired accuracy.,0.21250000000000002,4.705882352941176,0.002178801998829728,4.747178150104418e-06
4,2,0.5,1.0,2.25,80.0,4.0,5.0,-3.9375,0,The algorithm converged to the desired accuracy.,0.21458333333333335,4.660194174757281,0.002211121725346554,4.8890592842995215e-06
4,2,0.5,1.0,2.25,80.0,4.0,5.0,-3.9375,0,The algorithm converged to the desired accuracy.,0.21666666666666667,4.615384615384615,0.0022435648827746606,5.033583383219677e-06
4,2,0.5,1.0,2.25,80.0,4.0,5.0,-3.9375,0,The algorithm converged to the desired accuracy.,0.21875,4.571428571428571,0.002276129869575385,5.1807671831732586e-06
4,2,0.5,1.0,2.25,80.0,4.0,5.0,-3.9375,0,The algorithm converged to the desired accuracy.,0.22083333333333333,4.528301886792453,0.002308815099016858,5.3306271614482244e-06
4,2,0.5,1.0,2.25,80.0,4.0,5.0,-3.9375,0,The algorithm converged to the desired accuracy.,0.22291666666666665,4.4859813084112155,0.0023416189961651666,5.483179523201562e-06
4,2,0.5,1.0,2.25,80.0,4.0,5.0,-3.9375,0,The algorithm converged to the desired accuracy.,0.22499999999999998,4.444444444444445,0.0023745399987446596,5.638440205638288e-06
4,2,0.5,1.0,2.25,80.0,4.0,5.0,-3.9375,0,The algorithm converged to the desired accuracy.,0.22708333333333336,4.403669724770642,0.00240757657466033,5.796424962853168e-06
4,2,0.5,1.0,2.25,80.0,4.0,5.0,-3.9375,0,The algorithm converged to the desired accuracy.,0.22916666666666669,4.363636363636363,0.002440727209629521,5.957149311825908e-06
4,2,0.5,1.0,2.25,80.0,4.0,5.0,-3.9375,0,The algorithm converged to the desired accuracy.,0.23125,4.324324324324324,0.0024739903965611005,6.120628482276551e-06
4,2,0.5,1.0,2.25,80.0,4.0,5.0,-3.9375,0,The algorithm converged to the desired accuracy.,0.23333333333333334,4.285714285714286,0.0025073646368102627,6.286877421926661e-06
4,2,0.5,1.0,2.25,80.0,4.0,5.0,-3.9375,0,The algorithm converged to the desired accuracy.,0.23541666666666666,4.247787610619469,0.0025408484652730775,6.455910923480553e-06
4,2,0.5,1.0,2.25,80.0,4.0,5.0,-3.9375,0,The algorithm converged to the desired accuracy.,0.2375,4.2105263157894735,0.002574440432622702,6.627743541122564e-06
4,2,0.5,1.0,2.25,80.0,4.0,5.0,-3.9375,0,The algorithm converged to the desired accuracy.,0.23958333333333331,4.173913043478261,0.002608139090001322,6.802389512792925e-06
4,2,0.5,1.0,2.25,80.0,4.0,5.0,-3.9375,0,The algorithm converged to the desired accuracy.,0.24166666666666664,4.137931034482759,0.002641943003158616,6.979862831938767e-06
4,2,0.5,1.0,2.25,80.0,4.0,5.0,-3.9375,0,The algorithm converged to the desired accuracy.,0.24375000000000002,4.102564102564102,0.0026758507744403773,7.160177367073167e-06
4,2,0.5,1.0,2.25,80.0,4.0,5.0,-3.9375,0,The algorithm converged to the desired accuracy.,0.24583333333333335,4.067796610169491,0.0027098610074945385,7.343346679939315e-06
4,2,0.5,1.0,2.25,80.0,4.0,5.0,-3.9375,0,The algorithm converged to the desired accuracy.,0.24791666666666667,4.033613445378151,0.002743972304635613,7.529384008607278e-06
4,2,0.5,1.0,2.25,80.0,4.0,5.0,-3.9375,0,The algorithm converged to the desired accuracy.,0.25,4.0,0.002778183308457582,7.718302495392316e-06
4,2,0.5,1.0,2.25,80.0,4.0,5.0,-3.9375,0,The algorithm converged to the desired accuracy.,0.2520833333333333,3.9669421487603307,0.0028124926720835544,7.910115030523691e-06
4,2,0.5,1.0,2.25,80.0,4.0,5.0,-3.9375,0,The algorithm converged to the desired accuracy.,0.25416666666666665,3.934426229508197,0.002846899038294221,8.10483413424056e-06
4,2,0.5,1.0,2.25,80.0,4.0,5.0,-3.9375,0,The algorithm converged to the desired accuracy.,0.25625,3.9024390243902443,0.0028814010868843895,8.302472223498541e-06
4,2,0.5,1.0,2.25,80.0,4.0,5.0,-3.9375,0,The algorithm converged to the desired accuracy.,0.25833333333333336,3.8709677419354835,0.0029159975155822688,8.503041510881964e-06
4,2,0.5,1.0,2.25,80.0,4.0,5.0,-3.9375,0,The algorithm converged to the desired accuracy.,0.2604166666666667,3.84,0.0029506870056359652,8.70655380522894e-06
4,2,0.5,1.0,2.25,80.0,4.0,5.0,-3.9375,0,The algorithm converged to the desired accuracy.,0.2625,3.8095238095238093,0.002985468277121356,8.913020833697957e-06
4,2,0.5,1.0,2.25,80.0,4.0,5.0,-3.9375,0,The algorithm converged to the desired accuracy.,0.26458333333333334,3.779527559055118,0.0030203400664546814,9.12245411703147e-06
4,2,0.5,1.0,2.25,80.0,4.0,5.0,-3.9375,0,The algorithm converged to the desired accuracy.,0.26666666666666666,3.75,0.0030553010903087295,9.334864752441711e-06
4,2,0.5,1.0,2.25,80.0,4.0,5.0,-3.9375,0,The algorithm converged to the desired accuracy.,0.26875,3.7209302325581395,0.003090350113345818,9.55026382305651e-06
4,2,0.5,1.0,2.25,80.0,4.0,5.0,-3.9375,0,The algorithm converged to the desired accuracy.,0.2708333333333333,3.6923076923076925,0.0031254859026670395,9.768662127770398e-06
4,2,0.5,1.0,2.25,80.0,4.0,5.0,-3.9375,0,The algorithm converged to the desired accuracy.,0.27291666666666664,3.6641221374045805,0.003160707211981251,9.990070079870293e-06
4,2,0.5,1.0,2.25,80.0,4.0,5.0,-3.9375,0,The algorithm converged to the desired accuracy.,0.275,3.6363636363636362,0.00319601285101338,1.0214498143842672e-05
4,2,0.5,1.0,2.25,80.0,4.0,5.0,-3.9375,0,The algorithm converged to the desired accuracy.,0.27708333333333335,3.6090225563909772,0.0032314016074479184,1.0441956348616991e-05
4,2,0.5,1.0,2.25,80.0,4.0,5.0,-3.9375,0,The algorithm converged to the desired accuracy.,0.2791666666666667,3.582089552238806,0.0032668722840823203,1.0672454520505237e-05
4,2,0.5,1.0,2.25,80.0,4.0,5.0,-3.9375,0,The algorithm converged to the desired accuracy.,0.28125,3.5555555555555554,0.003302423723316078,1.0906002448320828e-05
4,2,0.5,1.0,2.25,80.0,4.0,5.0,-3.9375,0,The algorithm converged to the desired accuracy.,0.2833333333333333,3.5294117647058822,0.0033380547322637063,1.1142609395588124e-05
4,2,0.5,1.0,2.25,80.0,4.0,5.0,-3.9375,0,The algorithm converged to the desired accuracy.,0.28541666666666665,3.5036496350364965,0.003373764173408665,1.1382284697775853e-05
4,2,0.5,1.0,2.25,80.0,4.0,5.0,-3.9375,0,The algorithm converged to the desired accuracy.,0.2875,3.4782608695652177,0.003409550898519051,1.1625037329592069e-05
4,2,0.5,1.0,2.25,80.0,4.0,5.0,-3.9375,0,The algorithm converged to the desired accuracy.,0.28958333333333336,3.4532374100719423,0.003445413760005026,1.187087597763197e-05
4,2,0.5,1.0,2.25,80.0,4.0,5.0,-3.9375,0,The algorithm converged to the desired accuracy.,0.2916666666666667,3.4285714285714284,0.0034813516588173155,1.2119809372350075e-05
4,2,0.5,1.0,2.25,80.0,4.0,5.0,-3.9375,0,The algorithm converged to the desired accuracy.,0.29375,3.404255319148936,0.0035173634535674756,1.237184566449212e-05
4,2,0.5,1.0,2.25,80.0,4.0,5.0,-3.9375,0,The algorithm converged to the desired accuracy.,0.29583333333333334,3.380281690140845,0.0035534480657052393,1.2626993155664307e-05
4,2,0.5,1.0,2.25,80.0,4.0,5.0,-3.9375,0,The algorithm converged to the desired accuracy.,0.29791666666666666,3.3566433566433567,0.0035896043905884675,1.2885259680932003e-05
4,2,0.5,1.0,2.25,80.0,4.0,5.0,-3.9375,0,The algorithm converged to the desired accuracy.,0.3,3.3333333333333335,0.003625831345258329,1.3146652944257823e-05
4,2,0.5,1.0,2.5,80.0,4.0,5.0,-3.75,0,The algorithm converged to the desired accuracy.,0.05,20.0,5.48573523959487e-05,3.0093291118932985e-09
4,2,0.5,1.0,2.5,80.0,4.0,5.0,-3.75,0,The algorithm converged to the desired accuracy.,0.052083333333333336,19.2,5.8259732326931016e-05,3.394196410805651e-09
4,2,0.5,1.0,2.5,80.0,4.0,5.0,-3.75,0,The algorithm converged to the desired accuracy.,0.05416666666666667,18.46153846153846,6.172463181608232e-05,3.809930172830921e-09
4,2,0.5,1.0,2.5,80.0,4.0,5.0,-3.75,0,The algorithm converged to the desired accuracy.,0.05625,17.77777777777778,6.525047393548531e-05,4.257624348805448e-09
4,2,0.5,1.0,2.5,80.0,4.0,5.0,-3.75,0,The algorithm converged to the desired accuracy.,0.058333333333333334,17.142857142857142,6.883576349861051e-05,4.73836233643664e-09
4,2,0.5,1.0,2.5,80.0,4.0,5.0,-3.75,0,The algorithm converged to the desired accuracy.,0.06041666666666667,16.551724137931036,7.247907974303187e-05,5.253217000396773e-09
4,2,0.5,1.0,2.5,80.0,4.0,5.0,-3.75,0,The algorithm converged to the desired accuracy.,0.0625,16.0,7.617906989551938e-05,5.8032506901464264e-09
4,2,0.5,1.0,2.5,80.0,4.0,5.0,-3.75,0,The algorithm converged to the desired accuracy.,0.06458333333333334,15.483870967741934,7.993444386424248e-05,6.389515315885732e-09
4,2,0.5,1.0,2.5,80.0,4.0,5.0,-3.75,0,The algorithm converged to the desired accuracy.,0.06666666666666667,15.0,8.374396965562165e-05,7.01305245368168e-09
4,2,0.5,1.0,2.5,80.0,4.0,5.0,-3.75,0,The algorithm converged to the desired accuracy.,0.06875,14.545454545454545,8.760646715811395e-05,7.674893087925699e-09
4,2,0.5,1.0,2.5,80.0,4.0,5.0,-3.75,0,The algorithm converged to the desired accuracy.,0.07083333333333333,14.117647058823529,9.152080677592969e-05,8.376058072917058e-09
4,2,0.5,1.0,2.5,80.0,4.0,5.0,-3.75,0,The algorithm converged to the desired accuracy.,0.07291666666666667,13.714285714285714,9.548590306596246e-05,9.11755768432238e-09
4,2,0.5,1.0,2.5,80.0,4.0,5.0,-3.75,0,The algorithm converged to the desired accuracy.,0.07500000000000001,13.333333333333332,9.950071454667712e-05,9.900392195299325e-09
4,2,0.5,1.0,2.5,80.0,4.0,5.0,-3.75,0,The algorithm converged to the desired accuracy.,0.07708333333333334,12.972972972972972,0.00010356423793314778,1.0725551378673645e-08
4,2,0.5,1.0,2.5,80.0,4.0,5.0,-3.75,0,The algorithm converged to the desired accuracy.,0.07916666666666666,12.631578947368421,0.00010767550699569005,1.1594014806778897e-08
4,2,0.5,1.0,2.5,80.0,4.0,5.0,-3.75,0,The algorithm converged to the desired accuracy.,0.08125,12.307692307692307,0.00011183359052601318,1.2506751969939985e-08
4,2,0.5,1.0,2.5,80.0,4.0,5.0,-3.75,0,The algorithm converged to the desired accuracy.,0.08333333333333334,11.999999999999998,0.00011603758937110154,1.3464722147056377e-08
4,2,0.5,1.0,2.5,80.0,4.0,5.0,-3.75,0,The algorithm converged to the desired accuracy.,0.08541666666666667,11.707317073170731,0.00012028663462745083,1.4468874469997853e-08
4,2,0.5,1.0,2.5,80.0,4.0,5.0,-3.75,0,The algorithm converged to the desired accuracy.,0.0875,11.428571428571429,0.0001245798859348865,1.5520147979549333e-08
4,2,0.5,1.0,2.5,80.0,4.0,5.0,-3.75,0,The algorithm converged to the desired accuracy.,0.08958333333333333,11.162790697674419,0.00012891652983487237,1.661947166466554e-08
4,2,0.5,1.0,2.5,80.0,4.0,5.0,-3.75,0,The algorithm converged to the desired accuracy.,0.09166666666666667,10.909090909090908,0.00013329577822963635,1.7767764493844397e-08
4,2,0.5,1.0,2.5,80.0,4.0,5.0,-3.75,0,The algorithm converged to the desired accuracy.,0.09375,10.666666666666666,0.00013771686689403317,1.8965935427108848e-08
4,2,0.5,1.0,2.5,80.0,4.0,5.0,-3.75,0,The algorithm converged to the desired accuracy.,0.09583333333333333,10.434782608695652,0.00014217905398798288,2.0214883392917748e-08
4,2,0.5,1.0,2.5,80.0,4.0,5.0,-3.75,0,The algorithm converged to the desired accuracy.,0.09791666666666667,10.212765957446809,0.00014668161939082882,2.1515497467115967e-08
4,2,0.5,1.0,2.5,80.0,4.0,5.0,-3.75,0,The algorithm converged to the desired accuracy.,0.1,10.0,0.00015122386384582213,2.286865699645975e-08
4,2,0.5,1.0,2.5,80.0,4.0,5.0,-3.75,0,The algorithm converged to the desired accuracy.,0.10208333333333333,9.795918367346939,0.00015580510697699038,2.4275231360111417e-08
4,2,0.5,1.0,2.5,80.0,4.0,5.0,-3.75,0,The algorithm converged to the desired accuracy.,0.10416666666666667,9.6,0.0001604246856366351,2.57360797616132e-08
4,2,0.5,1.0,2.5,80.0,4.0,5.0,-3.75,0,The algorithm converged to the desired accuracy.,0.10625000000000001,9.411764705882351,0.00016508195612195762,2.7252052237051942e-08
4,2,0.5,1.0,2.5,80.0,4.0,5.0,-3.75,0,The algorithm converged to the desired accuracy.,0.10833333333333334,9.23076923076923,0.00016977629054871975,2.8823988832483307e-08
4,2,0.5,1.0,2.5,80.0,4.0,5.0,-3.75,0,The algorithm converged to the desired accuracy.,0.11041666666666666,9.056603773584905,0.00017450707563309174,3.04527194460136e-08
4,2,0.5,1.0,2.5,80.0,4.0,5.0,-3.75,0,The algorithm converged to the desired accuracy.,0.1125,8.88888888888889,0.00017927371613933103,3.213906529840544e-08
4,2,0.5,1.0,2.5,80.0,4.0,5.0,-3.75,0,The algorithm converged to the desired accuracy.,0.11458333333333333,8.727272727272728,0.00018407562757446165,3.3883836666931907e-08
4,2,0.5,1.0,2.5,80.0,4.0,5.0,-3.75,0,The algorithm converged to the desired accuracy.,0.11666666666666667,8.571428571428571,0.00018891224335819634,3.56878356906264e-08
4,2,0.5,1.0,2.5,80.0,4.0,5.0,-3.75,0,The algorithm converged to the desired accuracy.,0.11875000000000001,8.421052631578947,0.00019378300596093563,3.7551853399256015e-08
4,2,0.5,1.0,2.5,80.0,4.0,5.0,-3.75,0,The algorithm converged to the desired accuracy.,0.12083333333333333,8.275862068965518,0.00019868737466677223,3.9476672851974324e-08
4,2,0.5,1.0,2.5,80.0,4.0,5.0,-3.75,0,The algorithm converged to the desired accuracy.,0.12291666666666667,8.135593220338983,0.00020362481734297825,4.1463066237961254e-08
4,2,0.5,1.0,2.5,80.0,4.0,5.0,-3.75,0,The algorithm converged to the desired accuracy.,0.125,8.0,0.00020859481581883216,4.351179718649251e-08
4,2,0.5,1.0,2.5,80.0,4.0,5.0,-3.75,0,The algorithm converged to the desired accuracy.,0.12708333333333333,7.868852459016394,0.00021359686300159996,4.562361988412426e-08
4,2,0.5,1.0,2.5,80.0,4.0,5.0,-3.75,0,The algorithm converged to the desired accuracy.,0.12916666666666665,7.741935483870969,0.00021863046038188521,4.779927820679508e-08
4,2,0.5,1.0,2.5,80.0,4.0,5.0,-3.75,0,The algorithm converged to the desired accuracy.,0.13125,7.619047619047619,0.00022369512282179485,5.0039507974257887e-08
4,2,0.5,1.0,2.5,80.0,4.0,5.0,-3.75,0,The algorithm converged to the desired accuracy.,0.13333333333333333,7.5,0.00022879037388765392,5.234503518365247e-08
4,2,0.5,1.0,2.5,80.0,4.0,5.0,-3.75,0,The algorithm converged to the desired accuracy.,0.13541666666666669,7.384615384615383,0.00023391574538062562,5.471657593697367e-08
4,2,0.5,1.0,2.5,80.0,4.0,5.0,-3.75,0,The algorithm converged to the desired accuracy.,0.1375,7.2727272727272725,0.00023907078013510563,5.7154837914408015e-08
4,2,0.5,1.0,2.5,80.0,4.0,5.0,-3.75,0,The algorithm converged to the desired accuracy.,0.13958333333333334,7.164179104477612,0.000244255030064077,5.966051971160316e-08
4,2,0.5,1.0,2.5,80.0,4.0,5.0,-3.75,0,The algorithm converged to the desired accuracy.,0.14166666666666666,7.0588235294117645,0.00024946805474142947,6.223431033647285e-08
4,2,0.5,1.0,2.5,80.0,4.0,5.0,-3.75,0,The algorithm converged to the desired accuracy.,0.14375,6.9565217391304355,0.00025470942165433037,6.487688947948346e-08
4,2,0.5,1.0,2.5,80.0,4.0,5.0,-3.75,0,The algorithm converged to the desired accuracy.,0.14583333333333331,6.857142857142858,0.0002599787069742724,6.758892808001458e-08
4,2,0.5,1.0,2.5,80.0,4.0,5.0,-3.75,0,The algorithm converged to the desired accuracy.,0.14791666666666667,6.76056338028169,0.00026527549512750127,7.037108831514095e-08
4,2,0.5,1.0,2.5,80.0,4.0,5.0,-3.75,0,The algorithm converged to the desired accuracy.,0.15000000000000002,6.666666666666666,0.00027059937768744946,7.322402320483492e-08
4,2,0.5,1.0,2.5,80.0,4.0,5.0,-3.75,0,The algorithm converged to the desired accuracy.,0.15208333333333335,6.575342465753424,0.00027594995328834165,7.614837671983794e-08
4,2,0.5,1.0,2.5,80.0,4.0,5.0,-3.75,0,The algorithm converged to the desired accuracy.,0.15416666666666667,6.486486486486486,0.0002813268275269201,7.914478388636146e-08
4,2,0.5,1.0,2.5,80.0,4.0,5.0,-3.75,0,The algorithm converged to the desired accuracy.,0.15625,6.4,0.00028672961281782936,8.221387086666233e-08
4,2,0.5,1.0,2.5,80.0,4.0,5.0,-3.75,0,The algorithm converged to the desired accuracy.,0.15833333333333333,6.315789473684211,0.00029215792821902175,8.535625502123106e-08
4,2,0.5,1.0,2.5,80.0,4.0,5.0,-3.75,0,The algorithm converged to the desired accuracy.,0.16041666666666665,6.233766233766234,0.00029761139926111303,8.857254497015763e-08
4,2,0.5,1.0,2.5,80.0,4.0,5.0,-3.75,0,The algorithm converged to the desired accuracy.,0.1625,6.153846153846153,0.0003030896577595582,9.186334064080611e-08
4,2,0.5,1.0,2.5,80.0,4.0,5.0,-3.75,0,The algorithm converged to the desired accuracy.,0.16458333333333333,6.075949367088608,0.00030859234151996173,9.522923324477269e-08
4,2,0.5,1.0,2.5,80.0,4.0,5.0,-3.75,0,The algorithm converged to the desired accuracy.,0.16666666666666669,5.999999999999999,0.00031411909416445257,9.867080531869622e-08
4,2,0.5,1.0,2.5,80.0,4.0,5.0,-3.75,0,The algorithm converged to the desired accuracy.,0.16875,5.925925925925926,0.00031966956498026447,1.0218863077467153e-07
4,2,0.5,1.0,2.5,80.0,4.0,5.0,-3.75,0,The algorithm converged to the desired accuracy.,0.17083333333333334,5.853658536585366,0.0003252434087682052,1.057832749471618e-07
4,2,0.5,1.0,2.5,80.0,4.0,5.0,-3.75,0,The algorithm converged to the desired accuracy.,0.17291666666666666,5.783132530120482,0.00033084028569325876,1.0945529463759708e-07
4,2,0.5,1.0,2.5,80.0,4.0,5.0,-3.75,0,The algorithm converged to the desired accuracy.,0.175,5.714285714285714,0.00033645986113847227,1.1320523815732004e-07
4,2,0.5,1.0,2.5,80.0,4.0,5.0,-3.75,0,The algorithm converged to the desired accuracy.,0.17708333333333331,5.647058823529412,0.0003421018055623647,1.1703364536902996e-07
4,2,0.5,1.0,2.5,80.0,4.0,5.0,-3.75,0,The algorithm converged to the desired accuracy.,0.17916666666666664,5.58139534883721,0.00034776579435932874,1.209410477263749e-07
4,2,0.5,1.0,2.5,80.0,4.0,5.0,-3.75,0,The algorithm converged to the desired accuracy.,0.18125000000000002,5.517241379310344,0.00035345150772185736,1.249279683108542e-07
4,2,0.5,1.0,2.5,80.0,4.0,5.0,-3.75,0,The algorithm converged to the desired accuracy.,0.18333333333333335,5.454545454545454,0.0003591586305028797,1.2899492186470407e-07
4,2,0.5,1.0,2.5,80.0,4.0,5.0,-3.75,0,The algorithm converged to the desired accuracy.,0.18541666666666667,5.393258426966292,0.00036488685208829665,1.3314241482690647e-07
4,2,0.5,1.0,2.5,80.0,4.0,5.0,-3.75,0,The algorithm converged to the desired accuracy.,0.1875,5.333333333333333,0.0003706358663695525,1.3737094543950878e-07
4,2,0.5,1.0,2.5,80.0,4.0,5.0,-3.75,0,The algorithm converged to the desired accuracy.,0.18958333333333333,5.274725274725275,0.00037640537164736,1.4168100380498718e-07
4,2,0.5,1.0,2.5,80.0,4.0,5.0,-3.75,0,The algorithm converged to the desired accuracy.,0.19166666666666665,5.217391304347826,0.0003821950704954984,1.4607307191105898e-07
4,2,0.5,1.0,2.5,80.0,4.0,5.0,-3.75,0,The algorithm converged to the desired accuracy.,0.19374999999999998,5.161290322580646,0.0003880046696430409,1.505476236648053e-07
4,2,0.5,1.0,2.5,80.0,4.0,5.0,-3.75,0,The algorithm converged to the desired accuracy.,0.19583333333333336,5.106382978723404,0.0003938338798447751,1.5510512491358876e-07
4,2,0.5,1.0,2.5,80.0,4.0,5.0,-3.75,0,The algorithm converged to the desired accuracy.,0.19791666666666669,5.052631578947368,0.0003996824157357226,1.59746033448343e-07
4,2,0.5,1.0,2.5,80.0,4.0,5.0,-3.75,0,The algorithm converged to the desired accuracy.,0.2,5.0,0.0004055499956656757,1.644707989844296e-07
4,2,0.5,1.0,2.5,80.0,4.0,5.0,-3.75,0,The algorithm converged to the desired accuracy.,0.20208333333333334,4.948453608247423,0.00041143634150953966,1.6927986311475454e-07
4,2,0.5,1.0,2.5,80.0,4.0,5.0,-3.75,0,The algorithm converged to the desired accuracy.,0.20416666666666666,4.8979591836734695,0.0004173411787536915,1.7417365948352067e-07
4,2,0.5,1.0,2.5,80.0,4.0,5.0,-3.75,0,The algorithm converged to the desired accuracy.,0.20625,4.848484848484849,0.0004232642372170978,1.7915261450697166e-07
4,2,0.5,1.0,2.5,80.0,4.0,5.0,-3.75,0,The algorithm converged to the desired accuracy.,0.20833333333333331,4.800000000000001,0.0004292052503379176,1.842171469176345e-07
4,2,0.5,1.0,2.5,80.0,4.0,5.0,-3.75,0,The algorithm converged to the desired accuracy.,0.21041666666666664,4.752475247524753,0.000435163954755975,1.8936766751886024e-07
4,2,0.5,1.0,2.5,80.0,4.0,5.0,-3.75,0,The algorithm converged to the desired accuracy.,0.21250000000000002,4.705882352941176,0.00044114009003975215,1.9460457904028065e-07
4,2,0.5,1.0,2.5,80.0,4.0,5.0,-3.75,0,The algorithm converged to the desired accuracy.,0.21458333333333335,4.660194174757281,0.00044713339841757996,1.999282759804543e-07
4,2,0.5,1.0,2.5,80.0,4.0,5.0,-3.75,0,The algorithm converged to the desired accuracy.,0.21666666666666667,4.615384615384615,0.00045314362600197653,2.053391457862192e-07
4,2,0.5,1.0,2.5,80.0,4.0,5.0,-3.75,0,The algorithm converged to the desired accuracy.,0.21875,4.571428571428571,0.0004591705232166916,2.1083756939109033e-07
4,2,0.5,1.0,2.5,80.0,4.0,5.0,-3.75,0,The algorithm converged to the desired accuracy.,0.22083333333333333,4.528301886792453,0.00046521384304165327,2.16423919757584e-07
4,2,0.5,1.0,2.5,80.0,4.0,5.0,-3.75,0,The algorithm converged to the desired accuracy.,0.22291666666666665,4.4859813084112155,0.00047127334049729564,2.2209856146347994e-07
4,2,0.5,1.0,2.5,80.0,4.0,5.0,-3.75,0,The algorithm converged to the desired accuracy.,0.22499999999999998,4.444444444444445,0.00047734877278569996,2.278618508800138e-07
4,2,0.5,1.0,2.5,80.0,4.0,5.0,-3.75,0,The algorithm converged to the desired accuracy.,0.22708333333333336,4.403669724770642,0.00048343990225058143,2.3371413908805172e-07
4,2,0.5,1.0,2.5,80.0,4.0,5.0,-3.75,0,The algorithm converged to the desired accuracy.,0.22916666666666669,4.363636363636363,0.0004895464942725944,2.3965577005458733e-07
4,2,0.5,1.0,2.5,80.0,4.0,5.0,-3.75,0,The algorithm converged to the desired accuracy.,0.23125,4.324324324324324,0.0004956683154667198,2.4568707895761565e-07
4,2,0.5,1.0,2.5,80.0,4.0,5.0,-3.75,0,The algorithm converged to the desired accuracy.,0.23333333333333334,4.285714285714286,0.0005018051338927174,2.51808392401088e-07
4,2,0.5,1.0,2.5,80.0,4.0,5.0,-3.75,0,The algorithm converged to the desired accuracy.,0.23541666666666666,4.247787610619469,0.0005079567232901706,2.58020032735687e-07
4,2,0.5,1.0,2.5,80.0,4.0,5.0,-3.75,0,The algorithm converged to the desired accuracy.,0.2375,4.2105263157894735,0.0005141228600667452,2.643223152432101e-07
4,2,0.5,1.0,2.5,80.0,4.0,5.0,-3.75,0,The algorithm converged to the desired accuracy.,0.23958333333333331,4.173913043478261,0.0005203033207100701,2.707155455419261e-07
4,2,0.5,1.0,2.5,80.0,4.0,5.0,-3.75,0,The algorithm converged to the desired accuracy.,0.24166666666666664,4.137931034482759,0.0005264978841732057,2.772000220388623e-07
4,2,0.5,1.0,2.5,80.0,4.0,5.0,-3.75,0,The algorithm converged to the desired accuracy.,0.24375000000000002,4.102564102564102,0.0005327063355764159,2.8377603996325306e-07
4,2,0.5,1.0,2.5,80.0,4.0,5.0,-3.75,0,The algorithm converged to the desired accuracy.,0.24583333333333335,4.067796610169491,0.0005389284602466546,2.9044388526383e-07
4,2,0.5,1.0,2.5,80.0,4.0,5.0,-3.75,0,The algorithm converged to the desired accuracy.,0.24791666666666667,4.033613445378151,0.0005451640432753506,2.972038340803284e-07
4,2,0.5,1.0,2.5,80.0,4.0,5.0,-3.75,0,The algorithm converged to the desired accuracy.,0.25,4.0,0.0005514128765247464,3.0405616039729517e-07
4,2,0.5,1.0,2.5,80.0,4.0,5.0,-3.75,0,The algorithm converged to the desired accuracy.,0.2520833333333333,3.9669421487603307,0.0005576747536077178,3.110011308114287e-07
4,2,0.5,1.0,2.5,80.0,4.0,5.0,-3.75,0,The algorithm converged to the desired accuracy.,0.25416666666666665,3.934426229508197,0.0005639494663752124,3.1803900062488684e-07
4,2,0.5,1.0,2.5,80.0,4.0,5.0,-3.75,0,The algorithm converged to the desired accuracy.,0.25625,3.9024390243902443,0.0005702368128829467,3.251700227669008e-07
4,2,0.5,1.0,2.5,80.0,4.0,5.0,-3.75,0,The algorithm converged to the desired accuracy.,0.25833333333333336,3.8709677419354835,0.0005765365941724471,3.32394444419965e-07
4,2,0.5,1.0,2.5,80.0,4.0,5.0,-3.75,0,The algorithm converged to the desired accuracy.,0.2604166666666667,3.84,0.0005828486084853577,3.3971250041331775e-07
4,2,0.5,1.0,2.5,80.0,4.0,5.0,-3.75,0,The algorithm converged to the desired accuracy.,0.2625,3.8095238095238093,0.0005891726605579007,3.4712442394887527e-07
4,2,0.5,1.0,2.5,80.0,4.0,5.0,-3.75,0,The algorithm converged to the desired accuracy.,0.26458333333333334,3.779527559055118,0.0005955085578337809,3.5463044245326957e-07
4,2,0.5,1.0,2.5,80.0,4.0,5.0,-3.75,0,The algorithm converged to the desired accuracy.,0.26666666666666666,3.75,0.0006018561044059423,3.6223077041069655e-07
4,2,0.5,1.0,2.5,80.0,4.0,5.0,-3.75,0,The algorithm converged to the desired accuracy.,0.26875,3.7209302325581395,0.0006082151123851948,3.699256229337352e-07
4,2,0.5,1.0,2.5,80.0,4.0,5.0,-3.75,0,The algorithm converged to the desired accuracy.,0.2708333333333333,3.6923076923076925,0.000614585394247974,3.777152068229376e-07
4,2,0.5,1.0,2.5,80.0,4.0,5.0,-3.75,0,The algorithm converged to the desired accuracy.,0.27291666666666664,3.6641221374045805,0.0006209667601841909,3.8559971725365047e-07
4,2,0.5,1.0,2.5,80.0,4.0,5.0,-3.75,0,The algorithm converged to the desired accuracy.,0.275,3.6363636363636362,0.0006273590297318078,3.935793521860353e-07
4,2,0.5,1.0,2.5,80.0,4.0,5.0,-3.75,0,The algorithm converged to the desired accuracy.,0.27708333333333335,3.6090225563909772,0.0006337620186866042,4.0165429632971966e-07
4,2,0.5,1.0,2.5,80.0,4.0,5.0,-3.75,0,The algorithm converged to the desired accuracy.,0.2791666666666667,3.582089552238806,0.0006401755453317742,4.0982472884083446e-07
4,2,0.5,1.0,2.5,80.0,4.0,5.0,-3.75,0,The algorithm converged to the desired accuracy.,0.28125,3.5555555555555554,0.0006465994345328904,4.180908287382537e-07
4,2,0.5,1.0,2.5,80.0,4.0,5.0,-3.75,0,The algorithm converged to the desired accuracy.,0.2833333333333333,3.5294117647058822,0.0006530335051976824,4.264527589107715e-07
4,2,0.5,1.0,2.5,80.0,4.0,5.0,-3.75,0,The algorithm converged to the desired accuracy.,0.28541666666666665,3.5036496350364965,0.0006594775854510923,4.349106857124028e-07
4,2,0.5,1.0,2.5,80.0,4.0,5.0,-3.75,0,The algorithm converged to the desired accuracy.,0.2875,3.4782608695652177,0.0006659315015699705,4.434647647832356e-07
4,2,0.5,1.0,2.5,80.0,4.0,5.0,-3.75,0,The algorithm converged to the desired accuracy.,0.28958333333333336,3.4532374100719423,0.0006723950798867801,4.5211514345594943e-07
4,2,0.5,1.0,2.5,80.0,4.0,5.0,-3.75,0,The algorithm converged to the desired accuracy.,0.2916666666666667,3.4285714285714284,0.0006788681547942617,4.608619715937657e-07
4,2,0.5,1.0,2.5,80.0,4.0,5.0,-3.75,0,The algorithm converged to the desired accuracy.,0.29375,3.404255319148936,0.0006853505535516319,4.6970538125352825e-07
4,2,0.5,1.0,2.5,80.0,4.0,5.0,-3.75,0,The algorithm converged to the desired accuracy.,0.29583333333333334,3.380281690140845,0.0006918421138627488,4.786455105140767e-07
4,2,0.5,1.0,2.5,80.0,4.0,5.0,-3.75,0,The algorithm converged to the desired accuracy.,0.29791666666666666,3.3566433566433567,0.0006983426690126098,4.876824833636554e-07
4,2,0.5,1.0,2.5,80.0,4.0,5.0,-3.75,0,The algorithm converged to the desired accuracy.,0.3,3.3333333333333335,0.000704852055850476,4.968164206366426e-07
4,2,0.5,1.0,3.0,80.0,4.0,5.0,-3.0,0,The algorithm converged to the desired accuracy.,0.05,20.0,3.123328983155498e-06,9.755183937019157e-12
4,2,0.5,1.0,3.0,80.0,4.0,5.0,-3.0,0,The algorithm converged to the desired accuracy.,0.052083333333333336,19.2,3.2533099677705455e-06,1.0584025746395189e-11
4,2,0.5,1.0,3.0,80.0,4.0,5.0,-3.0,0,The algorithm converged to the desired accuracy.,0.05416666666666667,18.46153846153846,3.3832716750580587e-06,1.1446527227250163e-11
4,2,0.5,1.0,3.0,80.0,4.0,5.0,-3.0,0,The algorithm converged to the desired accuracy.,0.05625,17.77777777777778,3.5132133455889104e-06,1.2342668011624025e-11
4,2,0.5,1.0,3.0,80.0,4.0,5.0,-3.0,0,The algorithm converged to the desired accuracy.,0.058333333333333334,17.142857142857142,3.6431342198518657e-06,1.3272426943855662e-11
4,2,0.5,1.0,3.0,80.0,4.0,5.0,-3.0,0,The algorithm converged to the desired accuracy.,0.06041666666666667,16.551724137931036,3.7730335367544737e-06,1.4235782069473973e-11
4,2,0.5,1.0,3.0,80.0,4.0,5.0,-3.0,0,The algorithm converged to the desired accuracy.,0.0625,16.0,3.902910532356037e-06,1.523271062357568e-11
4,2,0.5,1.0,3.0,80.0,4.0,5.0,-3.0,0,The algorithm converged to the desired accuracy.,0.06458333333333334,15.483870967741934,4.03276444716269e-06,1.6263189086299394e-11
4,2,0.5,1.0,3.0,80.0,4.0,5.0,-3.0,0,The algorithm converged to the desired accuracy.,0.06666666666666667,15.0,4.162594534807682e-06,1.7327193261210782e-11
4,2,0.5,1.0,3.0,80.0,4.0,5.0,-3.0,0,The algorithm converged to the desired accuracy.,0.06875,14.545454545454545,4.292400022954018e-06,1.8424697957055656e-11
4,2,0.5,1.0,3.0,80.0,4.0,5.0,-3.0,0,The algorithm converged to the desired accuracy.,0.07083333333333333,14.117647058823529,4.422180170651476e-06,1.9555677461703122e-11
4,2,0.5,1.0,3.0,80.0,4.0,5.0,-3.0,0,The algorithm converged to the desired accuracy.,0.07291666666666667,13.714285714285714,4.551934207352657e-06,2.072010502806726e-11
4,2,0.5,1.0,3.0,80.0,4.0,5.0,-3.0,0,The algorithm converged to the desired accuracy.,0.07500000000000001,13.333333333333332,4.681661397742563e-06,2.1917953443112852e-11
4,2,0.5,1.0,3.0,80.0,4.0,5.0,-3.0,0,The algorithm converged to the desired accuracy.,0.07708333333333334,12.972972972972972,4.811360980508535e-06,2.3149194484760056e-11
4,2,0.5,1.0,3.0,80.0,4.0,5.0,-3.0,0,The algorithm converged to the desired accuracy.,0.07916666666666666,12.631578947368421,4.941032200101216e-06,2.4413799202437063e-11
4,2,0.5,1.0,3.0,80.0,4.0,5.0,-3.0,0,The algorithm converged to the desired accuracy.,0.08125,12.307692307692307,5.070674313555452e-06,2.5711737994151054e-11
4,2,0.5,1.0,3.0,80.0,4.0,5.0,-3.0,0,The algorithm converged to the desired accuracy.,0.08333333333333334,11.999999999999998,5.20028657390452e-06,2.7042980450731607e-11
4,2,0.5,1.0,3.0,80.0,4.0,5.0,-3.0,0,The algorithm converged to the desired accuracy.,0.08541666666666667,11.707317073170731,5.329868233887942e-06,2.840749539060777e-11
4,2,0.5,1.0,3.0,80.0,4.0,5.0,-3.0,0,The algorithm converged to the desired accuracy.,0.0875,11.428571428571429,5.459418548089727e-06,2.980525088322614e-11
4,2,0.5,1.0,3.0,80.0,4.0,5.0,-3.0,0,The algorithm converged to the desired accuracy.,0.08958333333333333,11.162790697674419,5.588936773285335e-06,3.123621425578109e-11
4,2,0.5,1.0,3.0,80.0,4.0,5.0,-3.0,0,The algorithm converged to the desired accuracy.,0.09166666666666667,10.909090909090908,5.718422168117702e-06,3.270035209281996e-11
4,2,0.5,1.0,3.0,80.0,4.0,5.0,-3.0,0,The algorithm converged to the desired accuracy.,0.09375,10.666666666666666,5.847873991482267e-06,3.419763022025474e-11
4,2,0.5,1.0,3.0,80.0,4.0,5.0,-3.0,0,The algorithm converged to the desired accuracy.,0.09583333333333333,10.434782608695652,5.9772914989250995e-06,3.572801366312226e-11
4,2,0.5,1.0,3.0,80.0,4.0,5.0,-3.0,0,The algorithm converged to the desired accuracy.,0.09791666666666667,10.212765957446809,6.106673952922056e-06,3.729146676729669e-11
4,2,0.5,1.0,3.0,80.0,4.0,5.0,-3.0,0,The algorithm converged to the desired accuracy.,0.1,10.0,6.236020627475961e-06,3.8887953266305675e-11
4,2,0.5,1.0,3.0,80.0,4.0,5.0,-3.0,0,The algorithm converged to the desired accuracy.,0.10208333333333333,9.795918367346939,6.365330789889832e-06,4.0517436064719515e-11
4,2,0.5,1.0,3.0,80.0,4.0,5.0,-3.0,0,The algorithm converged to the desired accuracy.,0.10416666666666667,9.6,6.494603688175231e-06,4.217987706645931e-11
4,2,0.5,1.0,3.0,80.0,4.0,5.0,-3.0,0,The algorithm converged to the desired accuracy.,0.10625000000000001,9.411764705882351,6.623838609047485e-06,4.3875237918708126e-11
4,2,0.5,1.0,3.0,80.0,4.0,5.0,-3.0,0,The algorithm converged to the desired accuracy.,0.10833333333333334,9.23076923076923,6.753034825396254e-06,4.560347935301461e-11
4,2,0.5,1.0,3.0,80.0,4.0,5.0,-3.0,0,The algorithm converged to the desired accuracy.,0.11041666666666666,9.056603773584905,6.882191588757273e-06,4.736456106436136e-11
4,2,0.5,1.0,3.0,80.0,4.0,5.0,-3.0,0,The algorithm converged to the desired accuracy.,0.1125,8.88888888888889,7.011308205471268e-06,4.915844275210873e-11
4,2,0.5,1.0,3.0,80.0,4.0,5.0,-3.0,0,The algorithm converged to the desired accuracy.,0.11458333333333333,8.727272727272728,7.140383915837874e-06,5.0985082465556204e-11
4,2,0.5,1.0,3.0,80.0,4.0,5.0,-3.0,0,The algorithm converged to the desired accuracy.,0.11666666666666667,8.571428571428571,7.269418035686173e-06,5.284443857755941e-11
4,2,0.5,1.0,3.0,80.0,4.0,5.0,-3.0,0,The algorithm converged to the desired accuracy.,0.11875000000000001,8.421052631578947,7.398409807240332e-06,5.473646767586992e-11
4,2,0.5,1.0,3.0,80.0,4.0,5.0,-3.0,0,The algorithm converged to the desired accuracy.,0.12083333333333333,8.275862068965518,7.527358548377011e-06,5.6661126715824465e-11
4,2,0.5,1.0,3.0,80.0,4.0,5.0,-3.0,0,The algorithm converged to the desired accuracy.,0.12291666666666667,8.135593220338983,7.656263515115369e-06,5.861837101288675e-11
4,2,0.5,1.0,3.0,80.0,4.0,5.0,-3.0,0,The algorithm converged to the desired accuracy.,0.125,8.0,7.785124006022352e-06,6.060815578914552e-11
4,2,0.5,1.0,3.0,80.0,4.0,5.0,-3.0,0,The algorithm converged to the desired accuracy.,0.12708333333333333,7.868852459016394,7.913939319108688e-06,6.263043554653448e-11
4,2,0.5,1.0,3.0,80.0,4.0,5.0,-3.0,0,The algorithm converged to the desired accuracy.,0.12916666666666665,7.741935483870969,8.042708716284317e-06,6.468516349499573e-11
4,2,0.5,1.0,3.0,80.0,4.0,5.0,-3.0,0,The algorithm converged to the desired accuracy.,0.13125,7.619047619047619,8.171431513927917e-06,6.677229298681429e-11
4,2,0.5,1.0,3.0,80.0,4.0,5.0,-3.0,0,The algorithm converged to the desired accuracy.,0.13333333333333333,7.5,8.300107008349093e-06,6.889177635004573e-11
4,2,0.5,1.0,3.0,80.0,4.0,5.0,-3.0,0,The algorithm converged to the desired accuracy.,0.13541666666666669,7.384615384615383,8.428734474606815e-06,7.104356484342543e-11
4,2,0.5,1.0,3.0,80.0,4.0,5.0,-3.0,0,The algorithm converged to the desired accuracy.,0.1375,7.2727272727272725,8.557313220543379e-06,7.32276095544865e-11
4,2,0.5,1.0,3.0,80.0,4.0,5.0,-3.0,0,The algorithm converged to the desired accuracy.,0.13958333333333334,7.164179104477612,8.685842558655318e-06,7.544386095374795e-11
4,2,0.5,1.0,3.0,80.0,4.0,5.0,-3.0,0,The algorithm converged to the desired accuracy.,0.14166666666666666,7.0588235294117645,8.814321787512402e-06,7.769226857381582e-11
4,2,0.5,1.0,3.0,80.0,4.0,5.0,-3.0,0,The algorithm converged to the desired accuracy.,0.14375,6.9565217391304355,8.942750201330021e-06,7.997278116338813e-11
4,2,0.5,1.0,3.0,80.0,4.0,5.0,-3.0,0,The algorithm converged to the desired accuracy.,0.14583333333333331,6.857142857142858,9.071127107739198e-06,8.228534700476092e-11
4,2,0.5,1.0,3.0,80.0,4.0,5.0,-3.0,0,The algorithm converged to the desired accuracy.,0.14791666666666667,6.76056338028169,9.199451824875927e-06,8.462991387821303e-11
4,2,0.5,1.0,3.0,80.0,4.0,5.0,-3.0,0,The algorithm converged to the desired accuracy.,0.15000000000000002,6.666666666666666,9.327723667168669e-06,8.700642881105852e-11
4,2,0.5,1.0,3.0,80.0,4.0,5.0,-3.0,0,The algorithm converged to the desired accuracy.,0.15208333333333335,6.575342465753424,9.455941948066782e-06,8.941483812520902e-11
4,2,0.5,1.0,3.0,80.0,4.0,5.0,-3.0,0,The algorithm converged to the desired accuracy.,0.15416666666666667,6.486486486486486,9.584105982317339e-06,9.185508748029099e-11
4,2,0.5,1.0,3.0,80.0,4.0,5.0,-3.0,0,The algorithm converged to the desired accuracy.,0.15625,6.4,9.7122150872562e-06,9.432712190112696e-11
4,2,0.5,1.0,3.0,80.0,4.0,5.0,-3.0,0,The algorithm converged to the desired accuracy.,0.15833333333333333,6.315789473684211,9.840268583416242e-06,9.683088579376868e-11
4,2,0.5,1.0,3.0,80.0,4.0,5.0,-3.0,0,The algorithm converged to the desired accuracy.,0.16041666666666665,6.233766233766234,9.968265795034594e-06,9.936632296045667e-11
4,2,0.5,1.0,3.0,80.0,4.0,5.0,-3.0,0,The algorithm converged to the desired accuracy.,0.1625,6.153846153846153,1.0096206050113095e-05,1.0193337660634026e-10
4,2,0.5,1.0,3.0,80.0,4.0,5.0,-3.0,0,The algorithm converged to the desired accuracy.,0.16458333333333333,6.075949367088608,1.0224088678626165e-05,1.0453198930841171e-10
4,2,0.5,1.0,3.0,80.0,4.0,5.0,-3.0,0,The algorithm converged to the desired accuracy.,0.16666666666666669,5.999999999999999,1.0351913012584454e-05,1.0716210302011534e-10
4,2,0.5,1.0,3.0,80.0,4.0,5.0,-3.0,0,The algorithm converged to the desired accuracy.,0.16875,5.925925925925926,1.0479678386327144e-05,1.0982365908085228e-10
4,2,0.5,1.0,3.0,80.0,4.0,5.0,-3.0,0,The algorithm converged to the desired accuracy.,0.17083333333333334,5.853658536585366,1.0607384136692224e-05,1.1251659822334985e-10
4,2,0.5,1.0,3.0,80.0,4.0,5.0,-3.0,0,The algorithm converged to the desired accuracy.,0.17291666666666666,5.783132530120482,1.0735029603109523e-05,1.1524086057963779e-10
4,2,0.5,1.0,3.0,80.0,4.0,5.0,-3.0,0,The algorithm converged to the desired accuracy.,0.175,5.714285714285714,1.0862614127642325e-05,1.1799638568605464e-10
4,2,0.5,1.0,3.0,80.0,4.0,5.0,-3.0,0,The algorithm converged to the desired accuracy.,0.17708333333333331,5.647058823529412,1.0990137054987918e-05,1.207831124874185e-10
4,2,0.5,1.0,3.0,80.0,4.0,5.0,-3.0,0,The algorithm converged to the desired accuracy.,0.17916666666666664,5.58139534883721,1.1117597732434648e-05,1.2360097934023603e-10
4,2,0.5,1.0,3.0,80.0,4.0,5.0,-3.0,0,The algorithm converged to the desired accuracy.,0.18125000000000002,5.517241379310344,1.1244995509762869e-05,1.264499240145871e-10
4,2,0.5,1.0,3.0,80.0,4.0,5.0,-3.0,0,The algorithm converged to the desired accuracy.,0.18333333333333335,5.454545454545454,1.1372329739068448e-05,1.2932988369410064e-10
4,2,0.5,1.0,3.0,80.0,4.0,5.0,-3.0,0,The algorithm converged to the desired accuracy.,0.18541666666666667,5.393258426966292,1.1499599774669874e-05,1.322407949775874e-10
4,2,0.5,1.0,3.0,80.0,4.0,5.0,-3.0,0,The algorithm converged to the desired accuracy.,0.1875,5.333333333333333,1.1626804974500397e-05,1.351825939150672e-10
4,2,0.5,1.0,3.0,80.0,4.0,5.0,-3.0,0,The algorithm converged to the desired accuracy.,0.18958333333333333,5.274725274725275,1.1753944700349055e-05,1.3815521601886364e-10
4,2,0.5,1.0,3.0,80.0,4.0,5.0,-3.0,0,The algorithm converged to the desired accuracy.,0.19166666666666665,5.217391304347826,1.1881018317402738e-05,1.411585962584594e-10
4,2,0.5,1.0,3.0,80.0,4.0,5.0,-3.0,0,The algorithm converged to the desired accuracy.,0.19374999999999998,5.161290322580646,1.2008025194022203e-05,1.4419266906027198e-10
4,2,0.5,1.0,3.0,80.0,4.0,5.0,-3.0,0,The algorithm converged to the desired accuracy.,0.19583333333333336,5.106382978723404,1.2134964701281823e-05,1.4725736830135583e-10
4,2,0.5,1.0,3.0,80.0,4.0,5.0,-3.0,0,The algorithm converged to the desired accuracy.,0.19791666666666669,5.052631578947368,1.2261836212217495e-05,1.503526272952483e-10
4,2,0.5,1.0,3.0,80.0,4.0,5.0,-3.0,0,The algorithm converged to the desired accuracy.,0.2,5.0,1.2388639100728401e-05,1.534783787680966e-10
4,2,0.5,1.0,3.0,80.0,4.0,5.0,-3.0,0,The algorithm converged to the desired accuracy.,0.20208333333333334,4.948453608247423,1.2515372740077217e-05,1.566345548230679e-10
4,2,0.5,1.0,3.0,80.0,4.0,5.0,-3.0,0,The algorithm converged to the desired accuracy.,0.20416666666666666,4.8979591836734695,1.2642036505554447e-05,1.598210870077713e-10
4,2,0.5,1.0,3.0,80.0,4.0,5.0,-3.0,0,The algorithm converged to the desired accuracy.,0.20625,4.848484848484849,1.2768629786731255e-05,1.6303790663060065e-10
4,2,0.5,1.0,3.0,80.0,4.0,5.0,-3.0,0,The algorithm converged to the desired accuracy.,0.20833333333333331,4.800000000000001,1.2895151977721704e-05,1.6628494452853998e-10
4,2,0.5,1.0,3.0,80.0,4.0,5.0,-3.0,0,The algorithm converged to the desired accuracy.,0.21041666666666664,4.752475247524753,1.3021602472007747e-05,1.6956213093899828e-10
4,2,0.5,1.0,3.0,80.0,4.0,5.0,-3.0,0,The algorithm converged to the desired accuracy.,0.21250000000000002,4.705882352941176,1.3147980659501774e-05,1.7286939542263272e-10
4,2,0.5,1.0,3.0,80.0,4.0,5.0,-3.0,0,The algorithm converged to the desired accuracy.,0.21458333333333335,4.660194174757281,1.3274285923675468e-05,1.7620666678348868e-10
4,2,0.5,1.0,3.0,80.0,4.0,5.0,-3.0,0,The algorithm converged to the desired accuracy.,0.21666666666666667,4.615384615384615,1.340051766110391e-05,1.7957387358555778e-10
4,2,0.5,1.0,3.0,80.0,4.0,5.0,-3.0,0,The algorithm converged to the desired accuracy.,0.21875,4.571428571428571,1.3526675288806631e-05,1.8297094436881196e-10
4,2,0.5,1.0,3.0,80.0,4.0,5.0,-3.0,0,The algorithm converged to the desired accuracy.,0.22083333333333333,4.528301886792453,1.3652758218733112e-05,1.8639780697918455e-10
4,2,0.5,1.0,3.0,80.0,4.0,5.0,-3.0,0,The algorithm converged to the desired accuracy.,0.22291666666666665,4.4859813084112155,1.3778765851111452e-05,1.898543883797551e-10
4,2,0.5,1.0,3.0,80.0,4.0,5.0,-3.0,0,The algorithm converged to the desired accuracy.,0.22499999999999998,4.444444444444445,1.3904697577633338e-05,1.9334061472544242e-10
4,2,0.5,1.0,3.0,80.0,4.0,5.0,-3.0,0,The algorithm converged to the desired accuracy.,0.22708333333333336,4.403669724770642,1.4030552826491893e-05,1.9685641261697965e-10
4,2,0.5,1.0,3.0,80.0,4.0,5.0,-3.0,0,The algorithm converged to the desired accuracy.,0.22916666666666669,4.363636363636363,1.415633103164448e-05,2.0040170827750046e-10
4,2,0.5,1.0,3.0,80.0,4.0,5.0,-3.0,0,The algorithm converged to the desired accuracy.,0.23125,4.324324324324324,1.4282031606881534e-05,2.0397642681996312e-10
4,2,0.5,1.0,3.0,80.0,4.0,5.0,-3.0,0,The algorithm converged to the desired accuracy.,0.23333333333333334,4.285714285714286,1.4407653949998248e-05,2.0758049234290012e-10
4,2,0.5,1.0,3.0,80.0,4.0,5.0,-3.0,0,The algorithm converged to the desired accuracy.,0.23541666666666666,4.247787610619469,1.4533197506276497e-05,2.1121382975644139e-10
4,2,0.5,1.0,3.0,80.0,4.0,5.0,-3.0,0,The algorithm converged to the desired accuracy.,0.2375,4.2105263157894735,1.4658661724415994e-05,2.1487636355085849e-10
4,2,0.5,1.0,3.0,80.0,4.0,5.0,-3.0,0,The algorithm converged to the desired accuracy.,0.23958333333333331,4.173913043478261,1.4784046019178454e-05,2.185680166971863e-10
4,2,0.5,1.0,3.0,80.0,4.0,5.0,-3.0,0,The algorithm converged to the desired accuracy.,0.24166666666666664,4.137931034482759,1.4909349807479794e-05,2.2228871168179775e-10
4,2,0.5,1.0,3.0,80.0,4.0,5.0,-3.0,0,The algorithm converged to the desired accuracy.,0.24375000000000002,4.102564102564102,1.5034572563364918e-05,2.2603837216308516e-10
4,2,0.5,1.0,3.0,80.0,4.0,5.0,-3.0,0,The algorithm converged to the desired accuracy.,0.24583333333333335,4.067796610169491,1.5159713730901392e-05,2.298169204028802e-10
4,2,0.5,1.0,3.0,80.0,4.0,5.0,-3.0,0,The algorithm converged to the desired accuracy.,0.24791666666666667,4.033613445378151,1.5284772718695648e-05,2.3362427706218276e-10
4,2,0.5,1.0,3.0,80.0,4.0,5.0,-3.0,0,The algorithm converged to the desired accuracy.,0.25,4.0,1.540974900304539e-05,2.3746036433685845e-10
4,2,0.5,1.0,3.0,80.0,4.0,5.0,-3.0,0,The algorithm converged to the desired accuracy.,0.2520833333333333,3.9669421487603307,1.553464205485681e-05,2.4132510377252574e-10
4,2,0.5,1.0,3.0,80.0,4.0,5.0,-3.0,0,The algorithm converged to the desired accuracy.,0.25416666666666665,3.934426229508197,1.5659451289245164e-05,2.4521841468024204e-10
4,2,0.5,1.0,3.0,80.0,4.0,5.0,-3.0,0,The algorithm converged to the desired accuracy.,0.25625,3.9024390243902443,1.578417618225707e-05,2.491402177525314e-10
4,2,0.5,1.0,3.0,80.0,4.0,5.0,-3.0,0,The algorithm converged to the desired accuracy.,0.25833333333333336,3.8709677419354835,1.590881622427087e-05,2.530904336576241e-10
4,2,0.5,1.0,3.0,80.0,4.0,5.0,-3.0,0,The algorithm converged to the desired accuracy.,0.2604166666666667,3.84,1.6033370836709522e-05,2.570689803874474e-10
4,2,0.5,1.0,3.0,80.0,4.0,5.0,-3.0,0,The algorithm converged to the desired accuracy.,0.2625,3.8095238095238093,1.6157839507472932e-05,2.610757775492531e-10
4,2,0.5,1.0,3.0,80.0,4.0,5.0,-3.0,0,The algorithm converged to the desired accuracy.,0.26458333333333334,3.779527559055118,1.628222173627162e-05,2.6511074466911606e-10
4,2,0.5,1.0,3.0,80.0,4.0,5.0,-3.0,0,The algorithm converged to the desired accuracy.,0.26666666666666666,3.75,1.6406516947765073e-05,2.6917379835730257e-10
4,2,0.5,1.0,3.0,80.0,4.0,5.0,-3.0,0,The algorithm converged to the desired accuracy.,0.26875,3.7209302325581395,1.6530724656239155e-05,2.7326485766039314e-10
4,2,0.5,1.0,3.0,80.0,4.0,5.0,-3.0,0,The algorithm converged to the desired accuracy.,0.2708333333333333,3.6923076923076925,1.665484435542867e-05,2.773838405035543e-10
4,2,0.5,1.0,3.0,80.0,4.0,5.0,-3.0,0,The algorithm converged to the desired accuracy.,0.27291666666666664,3.6641221374045805,1.6778875481112e-05,2.815306624106615e-10
4,2,0.5,1.0,3.0,80.0,4.0,5.0,-3.0,0,The algorithm converged to the desired accuracy.,0.275,3.6363636363636362,1.6902817578738822e-05,2.857052421001221e-10
4,2,0.5,1.0,3.0,80.0,4.0,5.0,-3.0,0,The algorithm converged to the desired accuracy.,0.27708333333333335,3.6090225563909772,1.702667011570378e-05,2.899074952290002e-10
4,2,0.5,1.0,3.0,80.0,4.0,5.0,-3.0,0,The algorithm converged to the desired accuracy.,0.2791666666666667,3.582089552238806,1.7150432571427273e-05,2.941373373870735e-10
4,2,0.5,1.0,3.0,80.0,4.0,5.0,-3.0,0,The algorithm converged to the desired accuracy.,0.28125,3.5555555555555554,1.7274104496131723e-05,2.983946861432782e-10
4,2,0.5,1.0,3.0,80.0,4.0,5.0,-3.0,0,The algorithm converged to the desired accuracy.,0.2833333333333333,3.5294117647058822,1.7397685331977247e-05,3.0267945491049625e-10
4,2,0.5,1.0,3.0,80.0,4.0,5.0,-3.0,0,The algorithm converged to the desired accuracy.,0.28541666666666665,3.5036496350364965,1.7521174630316054e-05,3.069915604260309e-10
4,2,0.5,1.0,3.0,80.0,4.0,5.0,-3.0,0,The algorithm converged to the desired accuracy.,0.2875,3.4782608695652177,1.7644571893941213e-05,3.113309173204602e-10
4,2,0.5,1.0,3.0,80.0,4.0,5.0,-3.0,0,The algorithm converged to the desired accuracy.,0.28958333333333336,3.4532374100719423,1.776787660487619e-05,3.156974390461066e-10
4,2,0.5,1.0,3.0,80.0,4.0,5.0,-3.0,0,The algorithm converged to the desired accuracy.,0.2916666666666667,3.4285714285714284,1.7891088338444953e-05,3.20091041934041e-10
4,2,0.5,1.0,3.0,80.0,4.0,5.0,-3.0,0,The algorithm converged to the desired accuracy.,0.29375,3.404255319148936,1.801420654769955e-05,3.2451163754318137e-10
4,2,0.5,1.0,3.0,80.0,4.0,5.0,-3.0,0,The algorithm converged to the desired accuracy.,0.29583333333333334,3.380281690140845,1.8137230813422946e-05,3.2895914157937876e-10
4,2,0.5,1.0,3.0,80.0,4.0,5.0,-3.0,0,The algorithm converged to the desired accuracy.,0.29791666666666666,3.3566433566433567,1.8260160633460568e-05,3.3343346635978306e-10
4,2,0.5,1.0,3.0,80.0,4.0,5.0,-3.0,0,The algorithm converged to the desired accuracy.,0.3,3.3333333333333335,1.8382995536384854e-05,3.3793452489074545e-10
4,2,0.5,1.0,3.5,80.0,4.0,5.0,-1.75,0,The algorithm converged to the desired accuracy.,0.05,20.0,1.7469110487863015e-07,3.051698212371656e-14
4,2,0.5,1.0,3.5,80.0,4.0,5.0,-1.75,0,The algorithm converged to the desired accuracy.,0.052083333333333336,19.2,1.7829313512186187e-07,3.1788442031582494e-14
4,2,0.5,1.0,3.5,80.0,4.0,5.0,-1.75,0,The algorithm converged to the desired accuracy.,0.05416666666666667,18.46153846153846,1.818237845197617e-07,3.305988861708873e-14
4,2,0.5,1.0,3.5,80.0,4.0,5.0,-1.75,0,The algorithm converged to the desired accuracy.,0.05625,17.77777777777778,1.8528713083806624e-07,3.4331320854202676e-14
4,2,0.5,1.0,3.5,80.0,4.0,5.0,-1.75,0,The algorithm converged to the desired accuracy.,0.058333333333333334,17.142857142857142,1.8868687732639182e-07,3.560273767518483e-14
4,2,0.5,1.0,3.5,80.0,4.0,5.0,-1.75,0,The algorithm converged to the desired accuracy.,0.06041666666666667,16.551724137931036,1.9202639912958852e-07,3.6874137962676035e-14
4,2,0.5,1.0,3.5,80.0,4.0,5.0,-1.75,0,The algorithm converged to the desired accuracy.,0.0625,16.0,1.9530878255464058e-07,3.8145520542975876e-14
4,2,0.5,1.0,3.5,80.0,4.0,5.0,-1.75,0,The algorithm converged to the desired accuracy.,0.06458333333333334,15.483870967741934,1.9853685860704335e-07,3.9416884225553126e-14
4,2,0.5,1.0,3.5,80.0,4.0,5.0,-1.75,0,The algorithm converged to the desired accuracy.,0.06666666666666667,15.0,2.0171323171838933e-07,4.068822785027663e-14
4,2,0.5,1.0,3.5,80.0,4.0,5.0,-1.75,0,The algorithm converged to the desired accuracy.,0.06875,14.545454545454545,2.048403038370491e-07,4.195955007605459e-14
4,2,0.5,1.0,3.5,80.0,4.0,5.0,-1.75,0,The algorithm converged to the desired accuracy.,0.07083333333333333,14.117647058823529,2.079202964874552e-07,4.323084969143127e-14
4,2,0.5,1.0,3.5,80.0,4.0,5.0,-1.75,0,The algorithm converged to the desired accuracy.,0.07291666666666667,13.714285714285714,2.109552684443367e-07,4.4502125284422154e-14
4,2,0.5,1.0,3.5,80.0,4.0,5.0,-1.75,0,The algorithm converged to the desired accuracy.,0.07500000000000001,13.333333333333332,2.1394713270831013e-07,4.577337559410727e-14
4,2,0.5,1.0,3.5,80.0,4.0,5.0,-1.75,0,The algorithm converged to the desired accuracy.,0.07708333333333334,12.972972972972972,2.1689766983269425e-07,4.7044599178852443e-14
4,2,0.5,1.0,3.5,80.0,4.0,5.0,-1.75,0,The algorithm converged to the desired accuracy.,0.07916666666666666,12.631578947368421,2.1980854075424372e-07,4.831579458851002e-14
4,2,0.5,1.0,3.5,80.0,4.0,5.0,-1.75,0,The algorithm converged to the desired accuracy.,0.08125,12.307692307692307,2.2268129782687624e-07,4.9586960401861956e-14
4,2,0.5,1.0,3.5,80.0,4.0,5.0,-1.75,0,The algorithm converged to the desired accuracy.,0.08333333333333334,11.999999999999998,2.2551739431078408e-07,5.085809513672567e-14
4,2,0.5,1.0,3.5,80.0,4.0,5.0,-1.75,0,The algorithm converged to the desired accuracy.,0.08541666666666667,11.707317073170731,2.2831819303376388e-07,5.212919727020306e-14
4,2,0.5,1.0,3.5,80.0,4.0,5.0,-1.75,0,The algorithm converged to the desired accuracy.,0.0875,11.428571428571429,2.3108497409063638e-07,5.340026525047009e-14
4,2,0.5,1.0,3.5,80.0,4.0,5.0,-1.75,0,The algorithm converged to the desired accuracy.,0.08958333333333333,11.162790697674419,2.3381894170246534e-07,5.4671297498860884e-14
4,2,0.5,1.0,3.5,80.0,4.0,5.0,-1.75,0,The algorithm converged to the desired accuracy.,0.09166666666666667,10.909090909090908,2.3652123035424786e-07,5.5942292408287176e-14
4,2,0.5,1.0,3.5,80.0,4.0,5.0,-1.75,0,The algorithm converged to the desired accuracy.,0.09375,10.666666666666666,2.3919291029332733e-07,5.721324833459174e-14
4,2,0.5,1.0,3.5,80.0,4.0,5.0,-1.75,0,The algorithm converged to the desired accuracy.,0.09583333333333333,10.434782608695652,2.418349924576334e-07,5.848416357698362e-14
4,2,0.5,1.0,3.5,80.0,4.0,5.0,-1.75,0,The algorithm converged to the desired accuracy.,0.09791666666666667,10.212765957446809,2.4444843307818805e-07,5.975503643438139e-14
4,2,0.5,1.0,3.5,80.0,4.0,5.0,-1.75,0,The algorithm converged to the desired accuracy.,0.1,10.0,2.4703413778485415e-07,6.10258652311063e-14
4,2,0.5,1.0,3.5,80.0,4.0,5.0,-1.75,0,The algorithm converged to the desired accuracy.,0.10208333333333333,9.795918367346939,2.495929650790148e-07,6.22966482169343e-14
4,2,0.5,1.0,3.5,80.0,4.0,5.0,-1.75,0,The algorithm converged to the desired accuracy.,0.10416666666666667,9.6,2.521257295438534e-07,6.356738349802032e-14
4,2,0.5,1.0,3.5,80.0,4.0,5.0,-1.75,0,The algorithm converged to the desired accuracy.,0.10625000000000001,9.411764705882351,2.5463320552476945e-07,6.483806935581948e-14
4,2,0.5,1.0,3.5,80.0,4.0,5.0,-1.75,0,The algorithm converged to the desired accuracy.,0.10833333333333334,9.23076923076923,2.571161293239017e-07,6.610870395850534e-14
4,2,0.5,1.0,3.5,80.0,4.0,5.0,-1.75,0,The algorithm converged to the desired accuracy.,0.11041666666666666,9.056603773584905,2.5957520166502993e-07,6.737928531944095e-14
4,2,0.5,1.0,3.5,80.0,4.0,5.0,-1.75,0,The algorithm converged to the desired accuracy.,0.1125,8.88888888888889,2.620110908289135e-07,6.864981171735717e-14
4,2,0.5,1.0,3.5,80.0,4.0,5.0,-1.75,0,The algorithm converged to the desired accuracy.,0.11458333333333333,8.727272727272728,2.6442443349574855e-07,6.992028102954755e-14
4,2,0.5,1.0,3.5,80.0,4.0,5.0,-1.75,0,The algorithm converged to the desired accuracy.,0.11666666666666667,8.571428571428571,2.6681583819974185e-07,7.119069151423083e-14
4,2,0.5,1.0,3.5,80.0,4.0,5.0,-1.75,0,The algorithm converged to the desired accuracy.,0.11875000000000001,8.421052631578947,2.691858855620928e-07,7.246104098584812e-14
4,2,0.5,1.0,3.5,80.0,4.0,5.0,-1.75,0,The algorithm converged to the desired accuracy.,0.12083333333333333,8.275862068965518,2.715351315054593e-07,7.373132764168709e-14
4,2,0.5,1.0,3.5,80.0,4.0,5.0,-1.75,0,The algorithm converged to the desired accuracy.,0.12291666666666667,8.135593220338983,2.738641073598427e-07,7.500154930000345e-14
4,2,0.5,1.0,3.5,80.0,4.0,5.0,-1.75,0,The algorithm converged to the desired accuracy.,0.125,8.0,2.761733223522172e-07,7.627170397906167e-14
4,2,0.5,1.0,3.5,80.0,4.0,5.0,-1.75,0,The algorithm converged to the desired accuracy.,0.12708333333333333,7.868852459016394,2.7846326446912915e-07,7.754178965880416e-14
4,2,0.5,1.0,3.5,80.0,4.0,5.0,-1.75,0,The algorithm converged to the desired accuracy.,0.12916666666666665,7.741935483870969,2.807344013158941e-07,7.881180408219347e-14
4,2,0.5,1.0,3.5,80.0,4.0,5.0,-1.75,0,The algorithm converged to the desired accuracy.,0.13125,7.619047619047619,2.8298718214846197e-07,8.008174526032679e-14
4,2,0.5,1.0,3.5,80.0,4.0,5.0,-1.75,0,The algorithm converged to the desired accuracy.,0.13333333333333333,7.5,2.852220381695627e-07,8.135161105759948e-14
4,2,0.5,1.0,3.5,80.0,4.0,5.0,-1.75,0,The algorithm converged to the desired accuracy.,0.13541666666666669,7.384615384615383,2.8743938349525945e-07,8.262139918413483e-14
4,2,0.5,1.0,3.5,80.0,4.0,5.0,-1.75,0,The algorithm converged to the desired accuracy.,0.1375,7.2727272727272725,2.896396165900937e-07,8.389110749845647e-14
4,2,0.5,1.0,3.5,80.0,4.0,5.0,-1.75,0,The algorithm converged to the desired accuracy.,0.13958333333333334,7.164179104477612,2.918231208296195e-07,8.51607338507387e-14
4,2,0.5,1.0,3.5,80.0,4.0,5.0,-1.75,0,The algorithm converged to the desired accuracy.,0.14166666666666666,7.0588235294117645,2.939902651086611e-07,8.643027597866084e-14
4,2,0.5,1.0,3.5,80.0,4.0,5.0,-1.75,0,The algorithm converged to the desired accuracy.,0.14375,6.9565217391304355,2.961414046712955e-07,8.7699731560688e-14
4,2,0.5,1.0,3.5,80.0,4.0,5.0,-1.75,0,The algorithm converged to the desired accuracy.,0.14583333333333331,6.857142857142858,2.98276881967842e-07,8.896909831645794e-14
4,2,0.5,1.0,3.5,80.0,4.0,5.0,-1.75,0,The algorithm converged to the desired accuracy.,0.14791666666666667,6.76056338028169,3.0039702726683235e-07,9.023837399075002e-14
4,2,0.5,1.0,3.5,80.0,4.0,5.0,-1.75,0,The algorithm converged to the desired accuracy.,0.15000000000000002,6.666666666666666,3.0250215912252375e-07,9.150755627378868e-14
4,2,0.5,1.0,3.5,80.0,4.0,5.0,-1.75,0,The algorithm converged to the desired accuracy.,0.15208333333333335,6.575342465753424,3.045925849665287e-07,9.277664281659201e-14
4,2,0.5,1.0,3.5,80.0,4.0,5.0,-1.75,0,The algorithm converged to the desired accuracy.,0.15416666666666667,6.486486486486486,3.0666860165968375e-07,9.40456312439058e-14
4,2,0.5,1.0,3.5,80.0,4.0,5.0,-1.75,0,The algorithm converged to the desired accuracy.,0.15625,6.4,3.0873049600206606e-07,9.531451916168173e-14
4,2,0.5,1.0,3.5,80.0,4.0,5.0,-1.75,0,The algorithm converged to the desired accuracy.,0.15833333333333333,6.315789473684211,3.1077854520662357e-07,9.658330416074537e-14
4,2,0.5,1.0,3.5,80.0,4.0,5.0,-1.75,0,The algorithm converged to the desired accuracy.,0.16041666666666665,6.233766233766234,3.128130173441467e-07,9.785198381994944e-14
4,2,0.5,1.0,3.5,80.0,4.0,5.0,-1.75,0,The algorithm converged to the desired accuracy.,0.1625,6.153846153846153,3.1483417175824903e-07,9.912055570670265e-14
4,2,0.5,1.0,3.5,80.0,4.0,5.0,-1.75,0,The algorithm converged to the desired accuracy.,0.16458333333333333,6.075949367088608,3.1684225943989657e-07,1.0038901736697872e-13
4,2,0.5,1.0,3.5,80.0,4.0,5.0,-1.75,0,The algorithm converged to the desired accuracy.,0.16666666666666669,5.999999999999999,3.1883752339690453e-07,1.0165736632587164e-13
4,2,0.5,1.0,3.5,80.0,4.0,5.0,-1.75,0,The algorithm converged to the desired accuracy.,0.16875,5.925925925925926,3.208201990047311e-07,1.0292560008943527e-13
4,2,0.5,1.0,3.5,80.0,4.0,5.0,-1.75,0,The algorithm converged to the desired accuracy.,0.17083333333333334,5.853658536585366,3.2279051433683637e-07,1.0419371614583936e-13
4,2,0.5,1.0,3.5,80.0,4.0,5.0,-1.75,0,The algorithm converged to the desired accuracy.,0.17291666666666666,5.783132530120482,3.247486904763303e-07,1.0546171196609138e-13
4,2,0.5,1.0,3.5,80.0,4.0,5.0,-1.75,0,The algorithm converged to the desired accuracy.,0.175,5.714285714285714,3.2669494181034864e-07,1.0672958500446708e-13
4,2,0.5,1.0,3.5,80.0,4.0,5.0,-1.75,0,The algorithm converged to the desired accuracy.,0.17708333333333331,5.647058823529412,3.2862947630835854e-07,1.0799733269870599e-13
4,2,0.5,1.0,3.5,80.0,4.0,5.0,-1.75,0,The algorithm converged to the desired accuracy.,0.17916666666666664,5.58139534883721,3.305524957853991e-07,1.0926495246995627e-13
4,2,0.5,1.0,3.5,80.0,4.0,5.0,-1.75,0,The algorithm converged to the desired accuracy.,0.18125000000000002,5.517241379310344,3.324641961510937e-07,1.1053244172239292e-13
4,2,0.5,1.0,3.5,80.0,4.0,5.0,-1.75,0,The algorithm converged to the desired accuracy.,0.18333333333333335,5.454545454545454,3.343647676451341e-07,1.117997978423845e-13
4,2,0.5,1.0,3.5,80.0,4.0,5.0,-1.75,0,The algorithm converged to the desired accuracy.,0.18541666666666667,5.393258426966292,3.3625439506141483e-07,1.1306701819811804e-13
4,2,0.5,1.0,3.5,80.0,4.0,5.0,-1.75,0,The algorithm converged to the desired accuracy.,0.1875,5.333333333333333,3.381332579735838e-07,1.1433410014783016e-13
4,2,0.5,1.0,3.5,80.0,4.0,5.0,-1.75,0,The algorithm converged to the desired accuracy.,0.18958333333333333,5.274725274725275,3.400015309399405e-07,1.1560104104150334e-13
4,2,0.5,1.0,3.5,80.0,4.0,5.0,-1.75,0,The algorithm converged to the desired accuracy.,0.19166666666666665,5.217391304347826,3.418593836921909e-07,1.168678382184046e-13
4,2,0.5,1.0,3.5,80.0,4.0,5.0,-1.75,0,The algorithm converged to the desired accuracy.,0.19374999999999998,5.161290322580646,3.43706981316922e-07,1.1813448900599097e-13
4,2,0.5,1.0,3.5,80.0,4.0,5.0,-1.75,0,The algorithm converged to the desired accuracy.,0.19583333333333336,5.106382978723404,3.45544484426286e-07,1.1940099071742778e-13
4,2,0.5,1.0,3.5,80.0,4.0,5.0,-1.75,0,The algorithm converged to the desired accuracy.,0.19791666666666669,5.052631578947368,3.4737204931799177e-07,1.2066734064738132e-13
4,2,0.5,1.0,3.5,80.0,4.0,5.0,-1.75,0,The algorithm converged to the desired accuracy.,0.2,5.0,3.491898281246999e-07,1.2193353606575746e-13
4,2,0.5,1.0,3.5,80.0,4.0,5.0,-1.75,0,The algorithm converged to the desired accuracy.,0.20208333333333334,4.948453608247423,3.5099796895287945e-07,1.2319957420904653e-13
4,2,0.5,1.0,3.5,80.0,4.0,5.0,-1.75,0,The algorithm converged to the desired accuracy.,0.20416666666666666,4.8979591836734695,3.527966160494064e-07,1.2446545229591229e-13
4,2,0.5,1.0,3.5,80.0,4.0,5.0,-1.75,0,The algorithm converged to the desired accuracy.,0.20625,4.848484848484849,3.5458591004090787e-07,1.2573116759953882e-13
4,2,0.5,1.0,3.5,80.0,4.0,5.0,-1.75,0,The algorithm converged to the desired accuracy.,0.20833333333333331,4.800000000000001,3.56365987982808e-07,1.2699671739096287e-13
4,2,0.5,1.0,3.5,80.0,4.0,5.0,-1.75,0,The algorithm converged to the desired accuracy.,0.21041666666666664,4.752475247524753,3.581369834416263e-07,1.2826209890866774e-13
4,2,0.5,1.0,3.5,80.0,4.0,5.0,-1.75,0,The algorithm converged to the desired accuracy.,0.21250000000000002,4.705882352941176,3.598990265912288e-07,1.2952730934131401e-13
4,2,0.5,1.0,3.5,80.0,4.0,5.0,-1.75,0,The algorithm converged to the desired accuracy.,0.21458333333333335,4.660194174757281,3.616522443048307e-07,1.3079234581072095e-13
4,2,0.5,1.0,3.5,80.0,4.0,5.0,-1.75,0,The algorithm converged to the desired accuracy.,0.21666666666666667,4.615384615384615,3.633967604249841e-07,1.320572054873733e-13
4,2,0.5,1.0,3.5,80.0,4.0,5.0,-1.75,0,The algorithm converged to the desired accuracy.,0.21875,4.571428571428571,3.6513269592707917e-07,1.3332188563497685e-13
4,2,0.5,1.0,3.5,80.0,4.0,5.0,-1.75,0,The algorithm converged to the desired accuracy.,0.22083333333333333,4.528301886792453,3.6686016881002684e-07,1.3458638345932138e-13
4,2,0.5,1.0,3.5,80.0,4.0,5.0,-1.75,0,The algorithm converged to the desired accuracy.,0.22291666666666665,4.4859813084112155,3.6857929413976204e-07,1.3585069606856521e-13
4,2,0.5,1.0,3.5,80.0,4.0,5.0,-1.75,0,The algorithm converged to the desired accuracy.,0.22499999999999998,4.444444444444445,3.70290184168883e-07,1.371148204918253e-13
4,2,0.5,1.0,3.5,80.0,4.0,5.0,-1.75,0,The algorithm converged to the desired accuracy.,0.22708333333333336,4.403669724770642,3.7199294878820506e-07,1.3837875394814414e-13
4,2,0.5,1.0,3.5,80.0,4.0,5.0,-1.75,0,The algorithm converged to the desired accuracy.,0.22916666666666669,4.363636363636363,3.7368769536092154e-07,1.3964249366415691e-13
4,2,0.5,1.0,3.5,80.0,4.0,5.0,-1.75,0,The algorithm converged to the desired accuracy.,0.23125,4.324324324324324,3.7537452859594413e-07,1.4090603671862728e-13
4,2,0.5,1.0,3.5,80.0,4.0,5.0,-1.75,0,The algorithm converged to the desired accuracy.,0.23333333333333334,4.285714285714286,3.770535506620149e-07,1.4216938006683265e-13
4,2,0.5,1.0,3.5,80.0,4.0,5.0,-1.75,0,The algorithm converged to the desired accuracy.,0.23541666666666666,4.247787610619469,3.787248617691092e-07,1.4343252092203088e-13
4,2,0.5,1.0,3.5,80.0,4.0,5.0,-1.75,0,The algorithm converged to the desired accuracy.,0.2375,4.2105263157894735,3.803885598857398e-07,1.4469545649194705e-13
4,2,0.5,1.0,3.5,80.0,4.0,5.0,-1.75,0,The algorithm converged to the desired accuracy.,0.23958333333333331,4.173913043478261,3.820447405124259e-07,1.4595818375320684e-13
4,2,0.5,1.0,3.5,80.0,4.0,5.0,-1.75,0,The algorithm converged to the desired accuracy.,0.24166666666666664,4.137931034482759,3.836934970367248e-07,1.4722069966827114e-13
4,2,0.5,1.0,3.5,80.0,4.0,5.0,-1.75,0,The algorithm converged to the desired accuracy.,0.24375000000000002,4.102564102564102,3.853349212296377e-07,1.4848300151905109e-13
4,2,0.5,1.0,3.5,80.0,4.0,5.0,-1.75,0,The algorithm converged to the desired accuracy.,0.24583333333333335,4.067796610169491,3.869691026171136e-07,1.4974508638029417e-13
4,2,0.5,1.0,3.5,80.0,4.0,5.0,-1.75,0,The algorithm converged to the desired accuracy.,0.24791666666666667,4.033613445378151,3.8859612849992685e-07,1.5100695108513165e-13
4,2,0.5,1.0,3.5,80.0,4.0,5.0,-1.75,0,The algorithm converged to the desired accuracy.,0.25,4.0,3.902160848196803e-07,1.522685928519999e-13
4,2,0.5,1.0,3.5,80.0,4.0,5.0,-1.75,0,The algorithm converged to the desired accuracy.,0.2520833333333333,3.9669421487603307,3.918290556373704e-07,1.5353000884167352e-13
4,2,0.5,1.0,3.5,80.0,4.0,5.0,-1.75,0,The algorithm converged to the desired accuracy.,0.25416666666666665,3.934426229508197,3.9343512279523344e-07,1.5479119584890042e-13
4,2,0.5,1.0,3.5,80.0,4.0,5.0,-1.75,0,The algorithm converged to the desired accuracy.,0.25625,3.9024390243902443,3.950343668781839e-07,1.5605215101484757e-13
4,2,0.5,1.0,3.5,80.0,4.0,5.0,-1.75,0,The algorithm converged to the desired accuracy.,0.25833333333333336,3.8709677419354835,3.9662686689638737e-07,1.5731287154404458e-13
4,2,0.5,1.0,3.5,80.0,4.0,5.0,-1.75,0,The algorithm converged to the desired accuracy.,0.2604166666666667,3.84,3.98212699688331e-07,1.585733541930689e-13
4,2,0.5,1.0,3.5,80.0,4.0,5.0,-1.75,0,The algorithm converged to the desired accuracy.,0.2625,3.8095238095238093,3.9979194101609686e-07,1.5983359610141828e-13
4,2,0.5,1.0,3.5,80.0,4.0,5.0,-1.75,0,The algorithm converged to the desired accuracy.,0.26458333333333334,3.779527559055118,4.0136466518291986e-07,1.6109359445739735e-13
4,2,0.5,1.0,3.5,80.0,4.0,5.0,-1.75,0,The algorithm converged to the desired accuracy.,0.26666666666666666,3.75,4.029309444084829e-07,1.6235334596191195e-13
4,2,0.5,1.0,3.5,80.0,4.0,5.0,-1.75,0,The algorithm converged to the desired accuracy.,0.26875,3.7209302325581395,4.044908501369892e-07,1.6361284784454426e-13
4,2,0.5,1.0,3.5,80.0,4.0,5.0,-1.75,0,The algorithm converged to the desired accuracy.,0.2708333333333333,3.6923076923076925,4.060444522270869e-07,1.6487209718439504e-13
4,2,0.5,1.0,3.5,80.0,4.0,5.0,-1.75,0,The algorithm converged to the desired accuracy.,0.27291666666666664,3.6641221374045805,4.0759181870689605e-07,1.661310906767952e-13
4,2,0.5,1.0,3.5,80.0,4.0,5.0,-1.75,0,The algorithm converged to the desired accuracy.,0.275,3.6363636363636362,4.091330170911142e-07,1.6738982567407796e-13
4,2,0.5,1.0,3.5,80.0,4.0,5.0,-1.75,0,The algorithm converged to the desired accuracy.,0.27708333333333335,3.6090225563909772,4.106681129817663e-07,1.6864829902000476e-13
4,2,0.5,1.0,3.5,80.0,4.0,5.0,-1.75,0,The algorithm converged to the desired accuracy.,0.2791666666666667,3.582089552238806,4.121971707921044e-07,1.699065076090153e-13
4,2,0.5,1.0,3.5,80.0,4.0,5.0,-1.75,0,The algorithm converged to the desired accuracy.,0.28125,3.5555555555555554,4.1372025422331457e-07,1.7116444875460403e-13
4,2,0.5,1.0,3.5,80.0,4.0,5.0,-1.75,0,The algorithm converged to the desired accuracy.,0.2833333333333333,3.5294117647058822,4.152374249405771e-07,1.724221190712814e-13
4,2,0.5,1.0,3.5,80.0,4.0,5.0,-1.75,0,The algorithm converged to the desired accuracy.,0.28541666666666665,3.5036496350364965,4.1674874425020116e-07,1.7367951583411958e-13
4,2,0.5,1.0,3.5,80.0,4.0,5.0,-1.75,0,The algorithm converged to the desired accuracy.,0.2875,3.4782608695652177,4.182542719342126e-07,1.7493663599121826e-13
4,2,0.5,1.0,3.5,80.0,4.0,5.0,-1.75,0,The algorithm converged to the desired accuracy.,0.28958333333333336,3.4532374100719423,4.1975406649221425e-07,1.7619347633675022e-13
4,2,0.5,1.0,3.5,80.0,4.0,5.0,-1.75,0,The algorithm converged to the desired accuracy.,0.2916666666666667,3.4285714285714284,4.212481860261641e-07,1.7745003423033375e-13
4,2,0.5,1.0,3.5,80.0,4.0,5.0,-1.75,0,The algorithm converged to the desired accuracy.,0.29375,3.404255319148936,4.2273668664734036e-07,1.7870630623757163e-13
4,2,0.5,1.0,3.5,80.0,4.0,5.0,-1.75,0,The algorithm converged to the desired accuracy.,0.29583333333333334,3.380281690140845,4.242196243798557e-07,1.7996228970898588e-13
4,2,0.5,1.0,3.5,80.0,4.0,5.0,-1.75,0,The algorithm converged to the desired accuracy.,0.29791666666666666,3.3566433566433567,4.2569705360527985e-07,1.8121798144821652e-13
4,2,0.5,1.0,3.5,80.0,4.0,5.0,-1.75,0,The algorithm converged to the desired accuracy.,0.3,3.3333333333333335,4.271690279402599e-07,1.8247337843142653e-13
4,2,0.5,1.0,4.0,80.0,4.0,5.0,0.0,0,The algorithm converged to the desired accuracy.,0.05,20.0,9.765624999999988e-09,9.536743164062476e-17
4,2,0.5,1.0,4.0,80.0,4.0,5.0,0.0,0,The algorithm converged to the desired accuracy.,0.052083333333333336,19.2,9.765624999999986e-09,9.536743164062472e-17
4,2,0.5,1.0,4.0,80.0,4.0,5.0,0.0,0,The algorithm converged to the desired accuracy.,0.05416666666666667,18.46153846153846,9.765624999999981e-09,9.536743164062463e-17
4,2,0.5,1.0,4.0,80.0,4.0,5.0,0.0,0,The algorithm converged to the desired accuracy.,0.05625,17.77777777777778,9.765624999999981e-09,9.536743164062463e-17
4,2,0.5,1.0,4.0,80.0,4.0,5.0,0.0,0,The algorithm converged to the desired accuracy.,0.058333333333333334,17.142857142857142,9.765624999999978e-09,9.536743164062456e-17
4,2,0.5,1.0,4.0,80.0,4.0,5.0,0.0,0,The algorithm converged to the desired accuracy.,0.06041666666666667,16.551724137931036,9.765624999999973e-09,9.536743164062446e-17
4,2,0.5,1.0,4.0,80.0,4.0,5.0,0.0,0,The algorithm converged to the desired accuracy.,0.0625,16.0,9.765624999999968e-09,9.536743164062437e-17
4,2,0.5,1.0,4.0,80.0,4.0,5.0,0.0,0,The algorithm converged to the desired accuracy.,0.06458333333333334,15.483870967741934,9.765624999999964e-09,9.53674316406243e-17
4,2,0.5,1.0,4.0,80.0,4.0,5.0,0.0,0,The algorithm converged to the desired accuracy.,0.06666666666666667,15.0,9.76562499999996e-09,9.53674316406242e-17
4,2,0.5,1.0,4.0,80.0,4.0,5.0,0.0,0,The algorithm converged to the desired accuracy.,0.06875,14.545454545454545,9.765624999999953e-09,9.536743164062408e-17
4,2,0.5,1.0,4.0,80.0,4.0,5.0,0.0,0,The algorithm converged to the desired accuracy.,0.07083333333333333,14.117647058823529,9.765624999999946e-09,9.536743164062394e-17
4,2,0.5,1.0,4.0,80.0,4.0,5.0,0.0,0,The algorithm converged to the desired accuracy.,0.07291666666666667,13.714285714285714,9.76562499999994e-09,9.536743164062382e-17
4,2,0.5,1.0,4.0,80.0,4.0,5.0,0.0,0,The algorithm converged to the desired accuracy.,0.07500000000000001,13.333333333333332,9.765624999999933e-09,9.53674316406237e-17
4,2,0.5,1.0,4.0,80.0,4.0,5.0,0.0,0,The algorithm converged to the desired accuracy.,0.07708333333333334,12.972972972972972,9.765624999999926e-09,9.536743164062356e-17
4,2,0.5,1.0,4.0,80.0,4.0,5.0,0.0,0,The algorithm converged to the desired accuracy.,0.07916666666666666,12.631578947368421,9.765624999999918e-09,9.53674316406234e-17
4,2,0.5,1.0,4.0,80.0,4.0,5.0,0.0,0,The algorithm converged to the desired accuracy.,0.08125,12.307692307692307,9.765624999999908e-09,9.53674316406232e-17
4,2,0.5,1.0,4.0,80.0,4.0,5.0,0.0,0,The algorithm converged to the desired accuracy.,0.08333333333333334,11.999999999999998,9.765624999999898e-09,9.536743164062301e-17
4,2,0.5,1.0,4.0,80.0,4.0,5.0,0.0,0,The algorithm converged to the desired accuracy.,0.08541666666666667,11.707317073170731,9.765624999999888e-09,9.536743164062282e-17
4,2,0.5,1.0,4.0,80.0,4.0,5.0,0.0,0,The algorithm converged to the desired accuracy.,0.0875,11.428571428571429,9.765624999999875e-09,9.536743164062256e-17
4,2,0.5,1.0,4.0,80.0,4.0,5.0,0.0,0,The algorithm converged to the desired accuracy.,0.08958333333333333,11.162790697674419,9.765624999999863e-09,9.536743164062233e-17
4,2,0.5,1.0,4.0,80.0,4.0,5.0,0.0,0,The algorithm converged to the desired accuracy.,0.09166666666666667,10.909090909090908,9.76562499999985e-09,9.536743164062207e-17
4,2,0.5,1.0,4.0,80.0,4.0,5.0,0.0,0,The algorithm converged to the desired accuracy.,0.09375,10.666666666666666,9.765624999999837e-09,9.536743164062181e-17
4,2,0.5,1.0,4.0,80.0,4.0,5.0,0.0,0,The algorithm converged to the desired accuracy.,0.09583333333333333,10.434782608695652,9.765624999999822e-09,9.536743164062153e-17
4,2,0.5,1.0,4.0,80.0,4.0,5.0,0.0,0,The algorithm converged to the desired accuracy.,0.09791666666666667,10.212765957446809,9.765624999999804e-09,9.536743164062117e-17
4,2,0.5,1.0,4.0,80.0,4.0,5.0,0.0,0,The algorithm converged to the desired accuracy.,0.1,10.0,9.765624999999787e-09,9.536743164062085e-17
4,2,0.5,1.0,4.0,80.0,4.0,5.0,0.0,0,The algorithm converged to the desired accuracy.,0.10208333333333333,9.795918367346939,9.76562499999977e-09,9.536743164062049e-17
4,2,0.5,1.0,4.0,80.0,4.0,5.0,0.0,0,The algorithm converged to the desired accuracy.,0.10416666666666667,9.6,9.76562499999975e-09,9.536743164062011e-17
4,2,0.5,1.0,4.0,80.0,4.0,5.0,0.0,0,The algorithm converged to the desired accuracy.,0.10625000000000001,9.411764705882351,9.76562499999973e-09,9.536743164061972e-17
4,2,0.5,1.0,4.0,80.0,4.0,5.0,0.0,0,The algorithm converged to the desired accuracy.,0.10833333333333334,9.23076923076923,9.765624999999708e-09,9.53674316406193e-17
4,2,0.5,1.0,4.0,80.0,4.0,5.0,0.0,0,The algorithm converged to the desired accuracy.,0.11041666666666666,9.056603773584905,9.765624999999685e-09,9.536743164061884e-17
4,2,0.5,1.0,4.0,80.0,4.0,5.0,0.0,0,The algorithm converged to the desired accuracy.,0.1125,8.88888888888889,9.765624999999662e-09,9.53674316406184e-17
4,2,0.5,1.0,4.0,80.0,4.0,5.0,0.0,0,The algorithm converged to the desired accuracy.,0.11458333333333333,8.727272727272728,9.765624999999632e-09,9.53674316406178e-17
4,2,0.5,1.0,4.0,80.0,4.0,5.0,0.0,0,The algorithm converged to the desired accuracy.,0.11666666666666667,8.571428571428571,9.765624999999605e-09,9.536743164061729e-17
4,2,0.5,1.0,4.0,80.0,4.0,5.0,0.0,0,The algorithm converged to the desired accuracy.,0.11875000000000001,8.421052631578947,9.765624999999576e-09,9.536743164061671e-17
4,2,0.5,1.0,4.0,80.0,4.0,5.0,0.0,0,The algorithm converged to the desired accuracy.,0.12083333333333333,8.275862068965518,9.765624999999548e-09,9.536743164061617e-17
4,2,0.5,1.0,4.0,80.0,4.0,5.0,0.0,0,The algorithm converged to the desired accuracy.,0.12291666666666667,8.135593220338983,9.765624999999516e-09,9.536743164061555e-17
4,2,0.5,1.0,4.0,80.0,4.0,5.0,0.0,0,The algorithm converged to the desired accuracy.,0.125,8.0,9.765624999999481e-09,9.536743164061487e-17
4,2,0.5,1.0,4.0,80.0,4.0,5.0,0.0,0,The algorithm converged to the desired accuracy.,0.12708333333333333,7.868852459016394,9.765624999999445e-09,9.536743164061416e-17
4,2,0.5,1.0,4.0,80.0,4.0,5.0,0.0,0,The algorithm converged to the desired accuracy.,0.12916666666666665,7.741935483870969,9.765624999999407e-09,9.536743164061342e-17
4,2,0.5,1.0,4.0,80.0,4.0,5.0,0.0,0,The algorithm converged to the desired accuracy.,0.13125,7.619047619047619,9.765624999999369e-09,9.536743164061268e-17
4,2,0.5,1.0,4.0,80.0,4.0,5.0,0.0,0,The algorithm converged to the desired accuracy.,0.13333333333333333,7.5,9.765624999999326e-09,9.536743164061183e-17
4,2,0.5,1.0,4.0,80.0,4.0,5.0,0.0,0,The algorithm converged to the desired accuracy.,0.13541666666666669,7.384615384615383,9.765624999999284e-09,9.536743164061103e-17
4,2,0.5,1.0,4.0,80.0,4.0,5.0,0.0,0,The algorithm converged to the desired accuracy.,0.1375,7.2727272727272725,9.76562499999924e-09,9.536743164061015e-17
4,2,0.5,1.0,4.0,80.0,4.0,5.0,0.0,0,The algorithm converged to the desired accuracy.,0.13958333333333334,7.164179104477612,9.765624999999192e-09,9.536743164060921e-17
4,2,0.5,1.0,4.0,80.0,4.0,5.0,0.0,0,The algorithm converged to the desired accuracy.,0.14166666666666666,7.0588235294117645,9.765624999999142e-09,9.536743164060824e-17
4,2,0.5,1.0,4.0,80.0,4.0,5.0,0.0,0,The algorithm converged to the desired accuracy.,0.14375,6.9565217391304355,9.765624999999091e-09,9.536743164060724e-17
4,2,0.5,1.0,4.0,80.0,4.0,5.0,0.0,0,The algorithm converged to the desired accuracy.,0.14583333333333331,6.857142857142858,9.765624999999038e-09,9.536743164060621e-17
4,2,0.5,1.0,4.0,80.0,4.0,5.0,0.0,0,The algorithm converged to the desired accuracy.,0.14791666666666667,6.76056338028169,9.76562499999898e-09,9.536743164060508e-17
4,2,0.5,1.0,4.0,80.0,4.0,5.0,0.0,0,The algorithm converged to the desired accuracy.,0.15000000000000002,6.666666666666666,9.765624999998922e-09,9.536743164060395e-17
4,2,0.5,1.0,4.0,80.0,4.0,5.0,0.0,0,The algorithm converged to the desired accuracy.,0.15208333333333335,6.575342465753424,9.765624999998861e-09,9.536743164060276e-17
4,2,0.5,1.0,4.0,80.0,4.0,5.0,0.0,0,The algorithm converged to the desired accuracy.,0.15416666666666667,6.486486486486486,9.765624999998796e-09,9.53674316406015e-17
4,2,0.5,1.0,4.0,80.0,4.0,5.0,0.0,0,The algorithm converged to the desired accuracy.,0.15625,6.4,9.76562499999873e-09,9.53674316406002e-17
4,2,0.5,1.0,4.0,80.0,4.0,5.0,0.0,0,The algorithm converged to the desired accuracy.,0.15833333333333333,6.315789473684211,9.76562499999866e-09,9.536743164059885e-17
4,2,0.5,1.0,4.0,80.0,4.0,5.0,0.0,0,The algorithm converged to the desired accuracy.,0.16041666666666665,6.233766233766234,9.765624999998588e-09,9.536743164059742e-17
4,2,0.5,1.0,4.0,80.0,4.0,5.0,0.0,0,The algorithm converged to the desired accuracy.,0.1625,6.153846153846153,9.765624999998514e-09,9.536743164059596e-17
4,2,0.5,1.0,4.0,80.0,4.0,5.0,0.0,0,The algorithm converged to the desired accuracy.,0.16458333333333333,6.075949367088608,9.765624999998437e-09,9.536743164059448e-17
4,2,0.5,1.0,4.0,80.0,4.0,5.0,0.0,0,The algorithm converged to the desired accuracy.,0.16666666666666669,5.999999999999999,9.765624999998356e-09,9.53674316405929e-17
4,2,0.5,1.0,4.0,80.0,4.0,5.0,0.0,0,The algorithm converged to the desired accuracy.,0.16875,5.925925925925926,9.765624999998274e-09,9.536743164059128e-17
4,2,0.5,1.0,4.0,80.0,4.0,5.0,0.0,0,The algorithm converged to the desired accuracy.,0.17083333333333334,5.853658536585366,9.765624999998184e-09,9.536743164058954e-17
4,2,0.5,1.0,4.0,80.0,4.0,5.0,0.0,0,The algorithm converged to the desired accuracy.,0.17291666666666666,5.783132530120482,9.765624999998095e-09,9.536743164058779e-17
4,2,0.5,1.0,4.0,80.0,4.0,5.0,0.0,0,The algorithm converged to the desired accuracy.,0.175,5.714285714285714,9.765624999998002e-09,9.536743164058598e-17
4,2,0.5,1.0,4.0,80.0,4.0,5.0,0.0,0,The algorithm converged to the desired accuracy.,0.17708333333333331,5.647058823529412,9.765624999997905e-09,9.536743164058408e-17
4,2,0.5,1.0,4.0,80.0,4.0,5.0,0.0,0,The algorithm converged to the desired accuracy.,0.17916666666666664,5.58139534883721,9.765624999997804e-09,9.536743164058211e-17
4,2,0.5,1.0,4.0,80.0,4.0,5.0,0.0,0,The algorithm converged to the desired accuracy.,0.18125000000000002,5.517241379310344,9.765624999997701e-09,9.53674316405801e-17
4,2,0.5,1.0,4.0,80.0,4.0,5.0,0.0,0,The algorithm converged to the desired accuracy.,0.18333333333333335,5.454545454545454,9.765624999997592e-09,9.536743164057797e-17
4,2,0.5,1.0,4.0,80.0,4.0,5.0,0.0,0,The algorithm converged to the desired accuracy.,0.18541666666666667,5.393258426966292,9.765624999997481e-09,9.536743164057581e-17
4,2,0.5,1.0,4.0,80.0,4.0,5.0,0.0,0,The algorithm converged to the desired accuracy.,0.1875,5.333333333333333,9.765624999997365e-09,9.536743164057354e-17
4,2,0.5,1.0,4.0,80.0,4.0,5.0,0.0,0,The algorithm converged to the desired accuracy.,0.18958333333333333,5.274725274725275,9.765624999997246e-09,9.536743164057121e-17
4,2,0.5,1.0,4.0,80.0,4.0,5.0,0.0,0,The algorithm converged to the desired accuracy.,0.19166666666666665,5.217391304347826,9.765624999997122e-09,9.53674316405688e-17
4,2,0.5,1.0,4.0,80.0,4.0,5.0,0.0,0,The algorithm converged to the desired accuracy.,0.19374999999999998,5.161290322580646,9.765624999996995e-09,9.536743164056631e-17
4,2,0.5,1.0,4.0,80.0,4.0,5.0,0.0,0,The algorithm converged to the desired accuracy.,0.19583333333333336,5.106382978723404,9.765624999996864e-09,9.536743164056376e-17
4,2,0.5,1.0,4.0,80.0,4.0,5.0,0.0,0,The algorithm converged to the desired accuracy.,0.19791666666666669,5.052631578947368,9.76562499999673e-09,9.536743164056113e-17
4,2,0.5,1.0,4.0,80.0,4.0,5.0,0.0,0,The algorithm converged to the desired accuracy.,0.2,5.0,9.765624999996588e-09,9.536743164055836e-17
4,2,0.5,1.0,4.0,80.0,4.0,5.0,0.0,0,The algorithm converged to the desired accuracy.,0.20208333333333334,4.948453608247423,9.765624999996442e-09,9.536743164055551e-17
4,2,0.5,1.0,4.0,80.0,4.0,5.0,0.0,0,The algorithm converged to the desired accuracy.,0.20416666666666666,4.8979591836734695,9.765624999996295e-09,9.536743164055264e-17
4,2,0.5,1.0,4.0,80.0,4.0,5.0,0.0,0,The algorithm converged to the desired accuracy.,0.20625,4.848484848484849,9.765624999996141e-09,9.536743164054963e-17
4,2,0.5,1.0,4.0,80.0,4.0,5.0,0.0,0,The algorithm converged to the desired accuracy.,0.20833333333333331,4.800000000000001,9.76562499999598e-09,9.53674316405465e-17
4,2,0.5,1.0,4.0,80.0,4.0,5.0,0.0,0,The algorithm converged to the desired accuracy.,0.21041666666666664,4.752475247524753,9.765624999995819e-09,9.536743164054333e-17
4,2,0.5,1.0,4.0,80.0,4.0,5.0,0.0,0,The algorithm converged to the desired accuracy.,0.21250000000000002,4.705882352941176,9.765624999995651e-09,9.536743164054007e-17
4,2,0.5,1.0,4.0,80.0,4.0,5.0,0.0,0,The algorithm converged to the desired accuracy.,0.21458333333333335,4.660194174757281,9.765624999995478e-09,9.536743164053668e-17
4,2,0.5,1.0,4.0,80.0,4.0,5.0,0.0,0,The algorithm converged to the desired accuracy.,0.21666666666666667,4.615384615384615,9.765624999995299e-09,9.536743164053319e-17
4,2,0.5,1.0,4.0,80.0,4.0,5.0,0.0,0,The algorithm converged to the desired accuracy.,0.21875,4.571428571428571,9.765624999995114e-09,9.536743164052956e-17
4,2,0.5,1.0,4.0,80.0,4.0,5.0,0.0,0,The algorithm converged to the desired accuracy.,0.22083333333333333,4.528301886792453,9.765624999994927e-09,9.536743164052592e-17
4,2,0.5,1.0,4.0,80.0,4.0,5.0,0.0,0,The algorithm converged to the desired accuracy.,0.22291666666666665,4.4859813084112155,9.765624999994732e-09,9.536743164052211e-17
4,2,0.5,1.0,4.0,80.0,4.0,5.0,0.0,0,The algorithm converged to the desired accuracy.,0.22499999999999998,4.444444444444445,9.765624999994531e-09,9.53674316405182e-17
4,2,0.5,1.0,4.0,80.0,4.0,5.0,0.0,0,The algorithm converged to the desired accuracy.,0.22708333333333336,4.403669724770642,9.765624999994325e-09,9.536743164051416e-17
4,2,0.5,1.0,4.0,80.0,4.0,5.0,0.0,0,The algorithm converged to the desired accuracy.,0.22916666666666669,4.363636363636363,9.765624999994113e-09,9.536743164051001e-17
4,2,0.5,1.0,4.0,80.0,4.0,5.0,0.0,0,The algorithm converged to the desired accuracy.,0.23125,4.324324324324324,9.765624999993896e-09,9.536743164050579e-17
4,2,0.5,1.0,4.0,80.0,4.0,5.0,0.0,0,The algorithm converged to the desired accuracy.,0.23333333333333334,4.285714285714286,9.765624999993675e-09,9.536743164050146e-17
4,2,0.5,1.0,4.0,80.0,4.0,5.0,0.0,0,The algorithm converged to the desired accuracy.,0.23541666666666666,4.247787610619469,9.765624999993443e-09,9.536743164049694e-17
4,2,0.5,1.0,4.0,80.0,4.0,5.0,0.0,0,The algorithm converged to the desired accuracy.,0.2375,4.2105263157894735,9.765624999993208e-09,9.536743164049234e-17
4,2,0.5,1.0,4.0,80.0,4.0,5.0,0.0,0,The algorithm converged to the desired accuracy.,0.23958333333333331,4.173913043478261,9.765624999992965e-09,9.536743164048759e-17
4,2,0.5,1.0,4.0,80.0,4.0,5.0,0.0,0,The algorithm converged to the desired accuracy.,0.24166666666666664,4.137931034482759,9.765624999992717e-09,9.536743164048275e-17
4,2,0.5,1.0,4.0,80.0,4.0,5.0,0.0,0,The algorithm converged to the desired accuracy.,0.24375000000000002,4.102564102564102,9.765624999992459e-09,9.536743164047771e-17
4,2,0.5,1.0,4.0,80.0,4.0,5.0,0.0,0,The algorithm converged to the desired accuracy.,0.24583333333333335,4.067796610169491,9.765624999992199e-09,9.536743164047263e-17
4,2,0.5,1.0,4.0,80.0,4.0,5.0,0.0,0,The algorithm converged to the desired accuracy.,0.24791666666666667,4.033613445378151,9.76562499999193e-09,9.53674316404674e-17
4,2,0.5,1.0,4.0,80.0,4.0,5.0,0.0,0,The algorithm converged to the desired accuracy.,0.25,4.0,9.765624999991655e-09,9.5367431640462e-17
4,2,0.5,1.0,4.0,80.0,4.0,5.0,0.0,0,The algorithm converged to the desired accuracy.,0.2520833333333333,3.9669421487603307,9.765624999991373e-09,9.536743164045651e-17
4,2,0.5,1.0,4.0,80.0,4.0,5.0,0.0,0,The algorithm converged to the desired accuracy.,0.25416666666666665,3.934426229508197,9.765624999991082e-09,9.536743164045083e-17
4,2,0.5,1.0,4.0,80.0,4.0,5.0,0.0,0,The algorithm converged to the desired accuracy.,0.25625,3.9024390243902443,9.765624999990786e-09,9.536743164044504e-17
4,2,0.5,1.0,4.0,80.0,4.0,5.0,0.0,0,The algorithm converged to the desired accuracy.,0.25833333333333336,3.8709677419354835,9.76562499999048e-09,9.536743164043907e-17
4,2,0.5,1.0,4.0,80.0,4.0,5.0,0.0,0,The algorithm converged to the desired accuracy.,0.2604166666666667,3.84,9.765624999990167e-09,9.536743164043295e-17
4,2,0.5,1.0,4.0,80.0,4.0,5.0,0.0,0,The algorithm converged to the desired accuracy.,0.2625,3.8095238095238093,9.765624999989846e-09,9.536743164042669e-17
4,2,0.5,1.0,4.0,80.0,4.0,5.0,0.0,0,The algorithm converged to the desired accuracy.,0.26458333333333334,3.779527559055118,9.765624999989517e-09,9.536743164042026e-17
4,2,0.5,1.0,4.0,80.0,4.0,5.0,0.0,0,The algorithm converged to the desired accuracy.,0.26666666666666666,3.75,9.765624999989181e-09,9.53674316404137e-17
4,2,0.5,1.0,4.0,80.0,4.0,5.0,0.0,0,The algorithm converged to the desired accuracy.,0.26875,3.7209302325581395,9.765624999988837e-09,9.536743164040698e-17
4,2,0.5,1.0,4.0,80.0,4.0,5.0,0.0,0,The algorithm converged to the desired accuracy.,0.2708333333333333,3.6923076923076925,9.765624999988485e-09,9.536743164040009e-17
4,2,0.5,1.0,4.0,80.0,4.0,5.0,0.0,0,The algorithm converged to the desired accuracy.,0.27291666666666664,3.6641221374045805,9.765624999988126e-09,9.536743164039308e-17
4,2,0.5,1.0,4.0,80.0,4.0,5.0,0.0,0,The algorithm converged to the desired accuracy.,0.275,3.6363636363636362,9.765624999987759e-09,9.53674316403859e-17
4,2,0.5,1.0,4.0,80.0,4.0,5.0,0.0,0,The algorithm converged to the desired accuracy.,0.27708333333333335,3.6090225563909772,9.765624999987381e-09,9.536743164037855e-17
4,2,0.5,1.0,4.0,80.0,4.0,5.0,0.0,0,The algorithm converged to the desired accuracy.,0.2791666666666667,3.582089552238806,9.765624999986996e-09,9.536743164037101e-17
4,2,0.5,1.0,4.0,80.0,4.0,5.0,0.0,0,The algorithm converged to the desired accuracy.,0.28125,3.5555555555555554,9.765624999986604e-09,9.536743164036336e-17
4,2,0.5,1.0,4.0,80.0,4.0,5.0,0.0,0,The algorithm converged to the desired accuracy.,0.2833333333333333,3.5294117647058822,9.765624999986202e-09,9.536743164035551e-17
4,2,0.5,1.0,4.0,80.0,4.0,5.0,0.0,0,The algorithm converged to the desired accuracy.,0.28541666666666665,3.5036496350364965,9.765624999985791e-09,9.536743164034748e-17
4,2,0.5,1.0,4.0,80.0,4.0,5.0,0.0,0,The algorithm converged to the desired accuracy.,0.2875,3.4782608695652177,9.765624999985371e-09,9.536743164033929e-17
4,2,0.5,1.0,4.0,80.0,4.0,5.0,0.0,0,The algorithm converged to the desired accuracy.,0.28958333333333336,3.4532374100719423,9.765624999984943e-09,9.536743164033092e-17
4,2,0.5,1.0,4.0,80.0,4.0,5.0,0.0,0,The algorithm converged to the desired accuracy.,0.2916666666666667,3.4285714285714284,9.765624999984501e-09,9.536743164032229e-17
4,2,0.5,1.0,4.0,80.0,4.0,5.0,0.0,0,The algorithm converged to the desired accuracy.,0.29375,3.404255319148936,9.765624999984053e-09,9.536743164031353e-17
4,2,0.5,1.0,4.0,80.0,4.0,5.0,0.0,0,The algorithm converged to the desired accuracy.,0.29583333333333334,3.380281690140845,9.765624999983594e-09,9.536743164030458e-17
4,2,0.5,1.0,4.0,80.0,4.0,5.0,0.0,0,The algorithm converged to the desired accuracy.,0.29791666666666666,3.3566433566433567,9.765624999983128e-09,9.536743164029547e-17
4,2,0.5,1.0,4.0,80.0,4.0,5.0,0.0,0,The algorithm converged to the desired accuracy.,0.3,3.3333333333333335,9.76562499998265e-09,9.536743164028613e-17
5,3,0.0,1.0,1.1,80.0,4.0,5.0,-3.19,0,The algorithm converged to the desired accuracy.,0.05,20.0,0.014806012519885224,0.000219218006738998
5,3,0.0,1.0,1.1,80.0,4.0,5.0,-3.19,0,The algorithm converged to the desired accuracy.,0.052083333333333336,19.2,0.01548456968239241,0.0002397718982488662
5,3,0.0,1.0,1.1,80.0,4.0,5.0,-3.19,0,The algorithm converged to the desired accuracy.,0.05416666666666667,18.46153846153846,0.016165676343294855,0.0002613290916361629
5,3,0.0,1.0,1.1,80.0,4.0,5.0,-3.19,0,The algorithm converged to the desired accuracy.,0.05625,17.77777777777778,0.016849231391225974,0.0002838965984750748
5,3,0.0,1.0,1.1,80.0,4.0,5.0,-3.19,0,The algorithm converged to the desired accuracy.,0.058333333333333334,17.142857142857142,0.017535140421776212,0.00030748114961141003
5,3,0.0,1.0,1.1,80.0,4.0,5.0,-3.19,0,The algorithm converged to the desired accuracy.,0.06041666666666667,16.551724137931036,0.01822331503360573,0.0003320892108140406
5,3,0.0,1.0,1.1,80.0,4.0,5.0,-3.19,0,The algorithm converged to the desired accuracy.,0.0625,16.0,0.018913672219445,0.00035772699682460555
5,3,0.0,1.0,1.1,80.0,4.0,5.0,-3.19,0,The algorithm converged to the desired accuracy.,0.06458333333333334,15.483870967741934,0.01960613388591327,0.0003844004859523566
5,3,0.0,1.0,1.1,80.0,4.0,5.0,-3.19,0,The algorithm converged to the desired accuracy.,0.06666666666666667,15.0,0.020300626448211963,0.00041211543418984305
5,3,0.0,1.0,1.1,80.0,4.0,5.0,-3.19,0,The algorithm converged to the desired accuracy.,0.06875,14.545454545454545,0.020997080197551785,0.0004408773768224213
5,3,0.0,1.0,1.1,80.0,4.0,5.0,-3.19,0,The algorithm converged to the desired accuracy.,0.07083333333333333,14.117647058823529,0.021695429286897598,0.00047069165194277404
5,3,0.0,1.0,1.1,80.0,4.0,5.0,-3.19,0,The algorithm converged to the desired accuracy.,0.07291666666666667,13.714285714285714,0.022395611056024976,0.0005015633945727481
5,3,0.0,1.0,1.1,80.0,4.0,5.0,-3.19,0,The algorithm converged to the desired accuracy.,0.07500000000000001,13.333333333333332,0.02309756613913065,0.0005334975615515148
5,3,0.0,1.0,1.1,80.0,4.0,5.0,-3.19,0,The algorithm converged to the desired accuracy.,0.07708333333333334,12.972972972972972,0.023801237851848976,0.0005664989232802885
5,3,0.0,1.0,1.1,80.0,4.0,5.0,-3.19,0,The algorithm converged to the desired accuracy.,0.07916666666666666,12.631578947368421,0.02450657215851779,0.0006005720789606393
5,3,0.0,1.0,1.1,80.0,4.0,5.0,-3.19,0,The algorithm converged to the desired accuracy.,0.08125,12.307692307692307,0.02521351751457691,0.0006357214654578766
5,3,0.0,1.0,1.1,80.0,4.0,5.0,-3.19,0,The algorithm converged to the desired accuracy.,0.08333333333333334,11.999999999999998,0.025922024587978744,0.0006719513587397746
5,3,0.0,1.0,1.1,80.0,4.0,5.0,-3.19,0,The algorithm converged to the desired accuracy.,0.08541666666666667,11.707317073170731,0.026632046119623304,0.0007092658805177426
5,3,0.0,1.0,1.1,80.0,4.0,5.0,-3.19,0,The algorithm converged to the desired accuracy.,0.0875,11.428571428571429,0.02734353678995825,0.0007476690041838003
5,3,0.0,1.0,1.1,80.0,4.0,5.0,-3.19,0,The algorithm converged to the desired accuracy.,0.08958333333333333,11.162790697674419,0.028056453088435972,0.0007871645599036084
5,3,0.0,1.0,1.1,80.0,4.0,5.0,-3.19,0,The algorithm converged to the desired accuracy.,0.09166666666666667,10.909090909090908,0.028770753190944215,0.0008277562391742268
5,3,0.0,1.0,1.1,80.0,4.0,5.0,-3.19,0,The algorithm converged to the desired accuracy.,0.09375,10.666666666666666,0.029486396840026262,0.0008694475986075108
5,3,0.0,1.0,1.1,80.0,4.0,5.0,-3.19,0,The algorithm converged to the desired accuracy.,0.09583333333333333,10.434782608695652,0.030203345222371752,0.0009122420626217666
5,3,0.0,1.0,1.1,80.0,4.0,5.0,-3.19,0,The algorithm converged to the desired accuracy.,0.09791666666666667,10.212765957446809,0.030921560939612198,0.0009561429309421508
5,3,0.0,1.0,1.1,80.0,4.0,5.0,-3.19,0,The algorithm converged to the desired accuracy.,0.1,10.0,0.03164100795251337,0.0010011533842510145
5,3,0.0,1.0,1.1,80.0,4.0,5.0,-3.19,0,The algorithm converged to the desired accuracy.,0.10208333333333333,9.795918367346939,0.032361651392114124,0.001047276480824722
5,3,0.0,1.0,1.1,80.0,4.0,5.0,-3.19,0,The algorithm converged to the desired accuracy.,0.10416666666666667,9.6,0.03308345741047651,0.0010945151542308131
5,3,0.0,1.0,1.1,80.0,4.0,5.0,-3.19,0,The algorithm converged to the desired accuracy.,0.10625000000000001,9.411764705882351,0.03380639347143545,0.0011428722395455135
5,3,0.0,1.0,1.1,80.0,4.0,5.0,-3.19,0,The algorithm converged to the desired accuracy.,0.10833333333333334,9.23076923076923,0.03453042796747986,0.0011923504556173154
5,3,0.0,1.0,1.1,80.0,4.0,5.0,-3.19,0,The algorithm converged to the desired accuracy.,0.11041666666666666,9.056603773584905,0.03525553011624783,0.0012429524037776579
5,3,0.0,1.0,1.1,80.0,4.0,5.0,-3.19,0,The algorithm converged to the desired accuracy.,0.1125,8.88888888888889,0.03598167037904324,0.0012946806032661177
5,3,0.0,1.0,1.1,80.0,4.0,5.0,-3.19,0,The algorithm converged to the desired accuracy.,0.11458333333333333,8.727272727272728,0.036708819665682076,0.0013475374412475671
5,3,0.0,1.0,1.1,80.0,4.0,5.0,-3.19,0,The algorithm converged to the desired accuracy.,0.11666666666666667,8.571428571428571,0.03743695016564551,0.0014015252377050252
5,3,0.0,1.0,1.1,80.0,4.0,5.0,-3.19,0,The algorithm converged to the desired accuracy.,0.11875000000000001,8.421052631578947,0.03816603438234688,0.0014566461804744841
5,3,0.0,1.0,1.1,80.0,4.0,5.0,-3.19,0,The algorithm converged to the desired accuracy.,0.12083333333333333,8.275862068965518,0.03889604602027826,0.0015129023960116044
5,3,0.0,1.0,1.1,80.0,4.0,5.0,-3.19,0,The algorithm converged to the desired accuracy.,0.12291666666666667,8.135593220338983,0.03962695909461059,0.0015702958870859411
5,3,0.0,1.0,1.1,80.0,4.0,5.0,-3.19,0,The algorithm converged to the desired accuracy.,0.125,8.0,0.040358748546436014,0.001628828584234451
5,3,0.0,1.0,1.1,80.0,4.0,5.0,-3.19,0,The algorithm converged to the desired accuracy.,0.12708333333333333,7.868852459016394,0.04109138994328431,0.001688502327471047
5,3,0.0,1.0,1.1,80.0,4.0,5.0,-3.19,0,The algorithm converged to the desired accuracy.,0.12916666666666665,7.741935483870969,0.04182485922705202,0.0017493188493627188
5,3,0.0,1.0,1.1,80.0,4.0,5.0,-3.19,0,The algorithm converged to the desired accuracy.,0.13125,7.619047619047619,0.04255913325209931,0.0018112798231699455
5,3,0.0,1.0,1.1,80.0,4.0,5.0,-3.19,0,The algorithm converged to the desired accuracy.,0.13333333333333333,7.5,0.04329418929364558,0.0018743868265940153
5,3,0.0,1.0,1.1,80.0,4.0,5.0,-3.19,0,The algorithm converged to the desired accuracy.,0.13541666666666669,7.384615384615383,0.04403000501512467,0.0019386413416319036
5,3,0.0,1.0,1.1,80.0,4.0,5.0,-3.19,0,The algorithm converged to the desired accuracy.,0.1375,7.2727272727272725,0.044766558783937524,0.002004044785355734
5,3,0.0,1.0,1.1,80.0,4.0,5.0,-3.19,0,The algorithm converged to the desired accuracy.,0.13958333333333334,7.164179104477612,0.045503829473890485,0.0020705984967889046
5,3,0.0,1.0,1.1,80.0,4.0,5.0,-3.19,0,The algorithm converged to the desired accuracy.,0.14166666666666666,7.0588235294117645,0.0462417963278198,0.002138303727623569
5,3,0.0,1.0,1.1,80.0,4.0,5.0,-3.19,0,The algorithm converged to the desired accuracy.,0.14375,6.9565217391304355,0.046980438998223316,0.0022071616484657824
5,3,0.0,1.0,1.1,80.0,4.0,5.0,-3.19,0,The algorithm converged to the desired accuracy.,0.14583333333333331,6.857142857142858,0.04771973764102657,0.0022771733605284083
5,3,0.0,1.0,1.1,80.0,4.0,5.0,-3.19,0,The algorithm converged to the desired accuracy.,0.14791666666666667,6.76056338028169,0.04845967288046333,0.002348339895681513
5,3,0.0,1.0,1.1,80.0,4.0,5.0,-3.19,0,The algorithm converged to the desired accuracy.,0.15000000000000002,6.666666666666666,0.04920022570322138,0.0024206622092479255
5,3,0.0,1.0,1.1,80.0,4.0,5.0,-3.19,0,The algorithm converged to the desired accuracy.,0.15208333333333335,6.575342465753424,0.049941377460216214,0.002494141182623792
5,3,0.0,1.0,1.1,80.0,4.0,5.0,-3.19,0,The algorithm converged to the desired accuracy.,0.15416666666666667,6.486486486486486,0.05068310986642188,0.002568777625731791
5,3,0.0,1.0,1.1,80.0,4.0,5.0,-3.19,0,The algorithm converged to the desired accuracy.,0.15625,6.4,0.05142540499529011,0.002644572278929609
5,3,0.0,1.0,1.1,80.0,4.0,5.0,-3.19,0,The algorithm converged to the desired accuracy.,0.15833333333333333,6.315789473684211,0.05216824526958984,0.0027215258145080828
5,3,0.0,1.0,1.1,80.0,4.0,5.0,-3.19,0,The algorithm converged to the desired accuracy.,0.16041666666666665,6.233766233766234,0.05291161345228584,0.0027996388381241154
5,3,0.0,1.0,1.1,80.0,4.0,5.0,-3.19,0,The algorithm converged to the desired accuracy.,0.1625,6.153846153846153,0.05365549263523452,0.0028789118899297055
5,3,0.0,1.0,1.1,80.0,4.0,5.0,-3.19,0,The algorithm converged to the desired accuracy.,0.16458333333333333,6.075949367088608,0.05439986621666404,0.0029593454443909454
5,3,0.0,1.0,1.1,80.0,4.0,5.0,-3.19,0,The algorithm converged to the desired accuracy.,0.16666666666666669,5.999999999999999,0.05514471789095973,0.0030409399112735344
5,3,0.0,1.0,1.1,80.0,4.0,5.0,-3.19,0,The algorithm converged to the desired accuracy.,0.16875,5.925925925925926,0.05589003164042969,0.0031236956367682316
5,3,0.0,1.0,1.1,80.0,4.0,5.0,-3.19,0,The algorithm converged to the desired accuracy.,0.17083333333333334,5.853658536585366,0.05663579172678467,0.003207612904519731
5,3,0.0,1.0,1.1,80.0,4.0,5.0,-3.19,0,The algorithm converged to the desired accuracy.,0.17291666666666666,5.783132530120482,0.05738198268258457,0.0032926919365844354
5,3,0.0,1.0,1.1,80.0,4.0,5.0,-3.19,0,The algorithm converged to the desired accuracy.,0.175,5.714285714285714,0.05812858930278697,0.0033789328943320796
5,3,0.0,1.0,1.1,80.0,4.0,5.0,-3.19,0,The algorithm converged to the desired accuracy.,0.17708333333333331,5.647058823529412,0.05887559663643713,0.003466335879296447
5,3,0.0,1.0,1.1,80.0,4.0,5.0,-3.19,0,The algorithm converged to the desired accuracy.,0.17916666666666664,5.58139534883721,0.05962298997845935,0.003554900933971464
5,3,0.0,1.0,1.1,80.0,4.0,5.0,-3.19,0,The algorithm converged to the desired accuracy.,0.18125000000000002,5.517241379310344,0.06037075486144569,0.0036446280425407687
5,3,0.0,1.0,1.1,80.0,4.0,5.0,-3.19,0,The algorithm converged to the desired accuracy.,0.18333333333333335,5.454545454545454,0.06111887704728336,0.0037355171315209407
5,3,0.0,1.0,1.1,80.0,4.0,5.0,-3.19,0,The algorithm converged to the desired accuracy.,0.18541666666666667,5.393258426966292,0.06186734251963565,0.0038275680704419174
5,3,0.0,1.0,1.1,80.0,4.0,5.0,-3.19,0,The algorithm converged to the desired accuracy.,0.1875,5.333333333333333,0.06261613748625332,0.003920780673697378
5,3,0.0,1.0,1.1,80.0,4.0,5.0,-3.19,0,The algorithm converged to the desired accuracy.,0.18958333333333333,5.274725274725275,0.06336524837420021,0.004015154701524083
5,3,0.0,1.0,1.1,80.0,4.0,5.0,-3.19,0,The algorithm converged to the desired accuracy.,0.19166666666666665,5.217391304347826,0.064114661820882,0.004110689860406065
5,3,0.0,1.0,1.1,80.0,4.0,5.0,-3.19,0,The algorithm converged to the desired accuracy.,0.19374999999999998,5.161290322580646,0.0648643646668164,0.00420738580362974
5,3,0.0,1.0,1.1,80.0,4.0,5.0,-3.19,0,The algorithm converged to the desired accuracy.,0.19583333333333336,5.106382978723404,0.0656143439471186,0.004305242131610779
5,3,0.0,1.0,1.1,80.0,4.0,5.0,-3.19,0,The algorithm converged to the desired accuracy.,0.19791666666666669,5.052631578947368,0.0663645868813242,0.004404258391928827
5,3,0.0,1.0,1.1,80.0,4.0,5.0,-3.19,0,The algorithm converged to the desired accuracy.,0.2,5.0,0.06711508086117936,0.004504434079002644
5,3,0.0,1.0,1.1,80.0,4.0,5.0,-3.19,0,The algorithm converged to the desired accuracy.,0.20208333333333334,4.948453608247423,0.06786581343602013,0.004605768633332691
5,3,0.0,1.0,1.1,80.0,4.0,5.0,-3.19,0,The algorithm converged to the desired accuracy.,0.20416666666666666,4.8979591836734695,0.06861677232519757,0.004708261444327999
5,3,0.0,1.0,1.1,80.0,4.0,5.0,-3.19,0,The algorithm converged to the desired accuracy.,0.20625,4.848484848484849,0.069367945492597,0.0048119118618639095
5,3,0.0,1.0,1.1,80.0,4.0,5.0,-3.19,0,The algorithm converged to the desired accuracy.,0.20833333333333331,4.800000000000001,0.07011932107962694,0.004916719188667815
5,3,0.0,1.0,1.1,80.0,4.0,5.0,-3.19,0,The algorithm converged to the desired accuracy.,0.21041666666666664,4.752475247524753,0.07087088736765619,0.00502268267627901
5,3,0.0,1.0,1.1,80.0,4.0,5.0,-3.19,0,The algorithm converged to the desired accuracy.,0.21250000000000002,4.705882352941176,0.07162263275492643,0.005129801522747061
5,3,0.0,1.0,1.1,80.0,4.0,5.0,-3.19,0,The algorithm converged to the desired accuracy.,0.21458333333333335,4.660194174757281,0.07237454573398214,0.005238074870200272
5,3,0.0,1.0,1.1,80.0,4.0,5.0,-3.19,0,The algorithm converged to the desired accuracy.,0.21666666666666667,4.615384615384615,0.07312661501429889,0.005347501823449483
5,3,0.0,1.0,1.1,80.0,4.0,5.0,-3.19,0,The algorithm converged to the desired accuracy.,0.21875,4.571428571428571,0.07387882956636616,0.005458081458096178
5,3,0.0,1.0,1.1,80.0,4.0,5.0,-3.19,0,The algorithm converged to the desired accuracy.,0.22083333333333333,4.528301886792453,0.07463117845330675,0.005569812797329317
5,3,0.0,1.0,1.1,80.0,4.0,5.0,-3.19,0,The algorithm converged to the desired accuracy.,0.22291666666666665,4.4859813084112155,0.07538365078428051,0.005682694805566356
5,3,0.0,1.0,1.1,80.0,4.0,5.0,-3.19,0,The algorithm converged to the desired accuracy.,0.22499999999999998,4.444444444444445,0.07613623573167629,0.00579672639138938
5,3,0.0,1.0,1.1,80.0,4.0,5.0,-3.19,0,The algorithm converged to the desired accuracy.,0.22708333333333336,4.403669724770642,0.0768889228200445,0.005911906452426761
5,3,0.0,1.0,1.1,80.0,4.0,5.0,-3.19,0,The algorithm converged to the desired accuracy.,0.22916666666666669,4.363636363636363,0.07764170172414767,0.006028233846621514
5,3,0.0,1.0,1.1,80.0,4.0,5.0,-3.19,0,The algorithm converged to the desired accuracy.,0.23125,4.324324324324324,0.07839456209776034,0.006145707366499603
5,3,0.0,1.0,1.1,80.0,4.0,5.0,-3.19,0,The algorithm converged to the desired accuracy.,0.23333333333333334,4.285714285714286,0.07914749359759146,0.006264325742780782
5,3,0.0,1.0,1.1,80.0,4.0,5.0,-3.19,0,The algorithm converged to the desired accuracy.,0.23541666666666666,4.247787610619469,0.07990048629295635,0.006384087709850905
5,3,0.0,1.0,1.1,80.0,4.0,5.0,-3.19,0,The algorithm converged to the desired accuracy.,0.2375,4.2105263157894735,0.08065353037730766,0.0065049919623232895
5,3,0.0,1.0,1.1,80.0,4.0,5.0,-3.19,0,The algorithm converged to the desired accuracy.,0.23958333333333331,4.173913043478261,0.08140661592272465,0.006627037115990006
5,3,0.0,1.0,1.1,80.0,4.0,5.0,-3.19,0,The algorithm converged to the desired accuracy.,0.24166666666666664,4.137931034482759,0.08215973311183868,0.006750221745008561
5,3,0.0,1.0,1.1,80.0,4.0,5.0,-3.19,0,The algorithm converged to the desired accuracy.,0.24375000000000002,4.102564102564102,0.08291287259341709,0.006874544441692215
5,3,0.0,1.0,1.1,80.0,4.0,5.0,-3.19,0,The algorithm converged to the desired accuracy.,0.24583333333333335,4.067796610169491,0.08366602491355327,0.007000003724835316
5,3,0.0,1.0,1.1,80.0,4.0,5.0,-3.19,0,The algorithm converged to the desired accuracy.,0.24791666666666667,4.033613445378151,0.08441918047721231,0.007126598032444143
5,3,0.0,1.0,1.1,80.0,4.0,5.0,-3.19,0,The algorithm converged to the desired accuracy.,0.25,4.0,0.08517233021806715,0.007254325834775475
5,3,0.0,1.0,1.1,80.0,4.0,5.0,-3.19,0,The algorithm converged to the desired accuracy.,0.2520833333333333,3.9669421487603307,0.08592546512074441,0.007383185556216264
5,3,0.0,1.0,1.1,80.0,4.0,5.0,-3.19,0,The algorithm converged to the desired accuracy.,0.25416666666666665,3.934426229508197,0.08667857588988251,0.007513175518298121
5,3,0.0,1.0,1.1,80.0,4.0,5.0,-3.19,0,The algorithm converged to the desired accuracy.,0.25625,3.9024390243902443,0.08743165370924673,0.007644294070333638
5,3,0.0,1.0,1.1,80.0,4.0,5.0,-3.19,0,The algorithm converged to the desired accuracy.,0.25833333333333336,3.8709677419354835,0.08818468993639979,0.00777653953917897
5,3,0.0,1.0,1.1,80.0,4.0,5.0,-3.19,0,The algorithm converged to the desired accuracy.,0.2604166666666667,3.84,0.0889376755570348,0.007909910133488386
5,3,0.0,1.0,1.1,80.0,4.0,5.0,-3.19,0,The algorithm converged to the desired accuracy.,0.2625,3.8095238095238093,0.089690602067212,0.008044404099178972
5,3,0.0,1.0,1.1,80.0,4.0,5.0,-3.19,0,The algorithm converged to the desired accuracy.,0.26458333333333334,3.779527559055118,0.09044346111518557,0.008180019658494084
5,3,0.0,1.0,1.1,80.0,4.0,5.0,-3.19,0,The algorithm converged to the desired accuracy.,0.26666666666666666,3.75,0.09119624393189112,0.008316754907284988
5,3,0.0,1.0,1.1,80.0,4.0,5.0,-3.19,0,The algorithm converged to the desired accuracy.,0.26875,3.7209302325581395,0.09194894240552877,0.008454608009495247
5,3,0.0,1.0,1.1,80.0,4.0,5.0,-3.19,0,The algorithm converged to the desired accuracy.,0.2708333333333333,3.6923076923076925,0.092701548360207,0.008593577068379796
5,3,0.0,1.0,1.1,80.0,4.0,5.0,-3.19,0,The algorithm converged to the desired accuracy.,0.27291666666666664,3.6641221374045805,0.09345405330929252,0.008733660079936088
5,3,0.0,1.0,1.1,80.0,4.0,5.0,-3.19,0,The algorithm converged to the desired accuracy.,0.275,3.6363636363636362,0.09420644955077502,0.00887485513696272
5,3,0.0,1.0,1.1,80.0,4.0,5.0,-3.19,0,The algorithm converged to the desired accuracy.,0.27708333333333335,3.6090225563909772,0.09495872893761816,0.00901716020144804
5,3,0.0,1.0,1.1,80.0,4.0,5.0,-3.19,0,The algorithm converged to the desired accuracy.,0.2791666666666667,3.582089552238806,0.09571088346557498,0.009160573213760874
5,3,0.0,1.0,1.1,80.0,4.0,5.0,-3.19,0,The algorithm converged to the desired accuracy.,0.28125,3.5555555555555554,0.09646290565720297,0.009305092167830441
5,3,0.0,1.0,1.1,80.0,4.0,5.0,-3.19,0,The algorithm converged to the desired accuracy.,0.2833333333333333,3.5294117647058822,0.09721478738873594,0.009450714887037134
5,3,0.0,1.0,1.1,80.0,4.0,5.0,-3.19,0,The algorithm converged to the desired accuracy.,0.28541666666666665,3.5036496350364965,0.09796652131227253,0.009597439298027947
5,3,0.0,1.0,1.1,80.0,4.0,5.0,-3.19,0,The algorithm converged to the desired accuracy.,0.2875,3.4782608695652177,0.09871809982096509,0.009745263232262028
5,3,0.0,1.0,1.1,80.0,4.0,5.0,-3.19,0,The algorithm converged to the desired accuracy.,0.28958333333333336,3.4532374100719423,0.09946951522956521,0.009894184460004705
5,3,0.0,1.0,1.1,80.0,4.0,5.0,-3.19,0,The algorithm converged to the desired accuracy.,0.2916666666666667,3.4285714285714284,0.10022076052174897,0.010044200839557756
5,3,0.0,1.0,1.1,80.0,4.0,5.0,-3.19,0,The algorithm converged to the desired accuracy.,0.29375,3.404255319148936,0.10097182793463202,0.010195310036460936
5,3,0.0,1.0,1.1,80.0,4.0,5.0,-3.19,0,The algorithm converged to the desired accuracy.,0.29583333333333334,3.380281690140845,0.10172271059816845,0.010347509851438733
5,3,0.0,1.0,1.1,80.0,4.0,5.0,-3.19,0,The algorithm converged to the desired accuracy.,0.29791666666666666,3.3566433566433567,0.10247340115153726,0.010500797943563877
5,3,0.0,1.0,1.1,80.0,4.0,5.0,-3.19,0,The algorithm converged to the desired accuracy.,0.3,3.3333333333333335,0.10322389248803386,0.010655171980381174
5,3,0.0,1.0,1.25,80.0,4.0,5.0,-3.4375,0,The algorithm converged to the desired accuracy.,0.05,20.0,0.009425821677106169,8.884611428860455e-05
5,3,0.0,1.0,1.25,80.0,4.0,5.0,-3.4375,0,The algorithm converged to the desired accuracy.,0.052083333333333336,19.2,0.009916882218421498,9.834455293404449e-05
5,3,0.0,1.0,1.25,80.0,4.0,5.0,-3.4375,0,The algorithm converged to the desired accuracy.,0.05416666666666667,18.46153846153846,0.010412611509503834,0.0001084224784478517
5,3,0.0,1.0,1.25,80.0,4.0,5.0,-3.4375,0,The algorithm converged to the desired accuracy.,0.05625,17.77777777777778,0.01091285592643656,0.00011909042447116156
5,3,0.0,1.0,1.25,80.0,4.0,5.0,-3.4375,0,The algorithm converged to the desired accuracy.,0.058333333333333334,17.142857142857142,0.011417471344660203,0.00013035865190613686
5,3,0.0,1.0,1.25,80.0,4.0,5.0,-3.4375,0,The algorithm converged to the desired accuracy.,0.06041666666666667,16.551724137931036,0.01192632219790511,0.00014223716116824417
5,3,0.0,1.0,1.25,80.0,4.0,5.0,-3.4375,0,The algorithm converged to the desired accuracy.,0.0625,16.0,0.012439280659138843,0.00015473570331682568
5,3,0.0,1.0,1.25,80.0,4.0,5.0,-3.4375,0,The algorithm converged to the desired accuracy.,0.06458333333333334,15.483870967741934,0.012956225966710925,0.00016786379130047445
5,3,0.0,1.0,1.25,80.0,4.0,5.0,-3.4375,0,The algorithm converged to the desired accuracy.,0.06666666666666667,15.0,0.013477043845345728,0.00018163071080937117
5,3,0.0,1.0,1.25,80.0,4.0,5.0,-3.4375,0,The algorithm converged to the desired accuracy.,0.06875,14.545454545454545,0.014001625755976847,0.0001960455238104342
5,3,0.0,1.0,1.25,80.0,4.0,5.0,-3.4375,0,The algorithm converged to the desired accuracy.,0.07083333333333333,14.117647058823529,0.01452986870064021,0.00021111708445784404
5,3,0.0,1.0,1.25,80.0,4.0,5.0,-3.4375,0,The algorithm converged to the desired accuracy.,0.07291666666666667,13.714285714285714,0.015061674475257903,0.00022685403799863543
5,3,0.0,1.0,1.25,80.0,4.0,5.0,-3.4375,0,The algorithm converged to the desired accuracy.,0.07500000000000001,13.333333333333332,0.015596949617556328,0.0002432648373725905
5,3,0.0,1.0,1.25,80.0,4.0,5.0,-3.4375,0,The algorithm converged to the desired accuracy.,0.07708333333333334,12.972972972972972,0.01613560474209168,0.00026035774039301156
5,3,0.0,1.0,1.25,80.0,4.0,5.0,-3.4375,0,The algorithm converged to the desired accuracy.,0.07916666666666666,12.631578947368421,0.016677554392983147,0.00027814082053091146
5,3,0.0,1.0,1.25,80.0,4.0,5.0,-3.4375,0,The algorithm converged to the desired accuracy.,0.08125,12.307692307692307,0.017222716800054955,0.0002966219739748952
5,3,0.0,1.0,1.25,80.0,4.0,5.0,-3.4375,0,The algorithm converged to the desired accuracy.,0.08333333333333334,11.999999999999998,0.017771013537542443,0.00031580892215151676
5,3,0.0,1.0,1.25,80.0,4.0,5.0,-3.4375,0,The algorithm converged to the desired accuracy.,0.08541666666666667,11.707317073170731,0.018322369313241167,0.0003357092172508016
5,3,0.0,1.0,1.25,80.0,4.0,5.0,-3.4375,0,The algorithm converged to the desired accuracy.,0.0875,11.428571428571429,0.01887671177085177,0.00035633024727981373
5,3,0.0,1.0,1.25,80.0,4.0,5.0,-3.4375,0,The algorithm converged to the desired accuracy.,0.08958333333333333,11.162790697674419,0.019433971301582205,0.00037767924055072074
5,3,0.0,1.0,1.25,80.0,4.0,5.0,-3.4375,0,The algorithm converged to the desired accuracy.,0.09166666666666667,10.909090909090908,0.019994080868733864,0.0003997632697854695
5,3,0.0,1.0,1.25,80.0,4.0,5.0,-3.4375,0,The algorithm converged to the desired accuracy.,0.09375,10.666666666666666,0.020556975839943745,0.0004225892556840308
5,3,0.0,1.0,1.25,80.0,4.0,5.0,-3.4375,0,The algorithm converged to the desired accuracy.,0.09583333333333333,10.434782608695652,0.02112259382146284,0.0004461639697465002
5,3,0.0,1.0,1.25,80.0,4.0,5.0,-3.4375,0,The algorithm converged to the desired accuracy.,0.09791666666666667,10.212765957446809,0.021690874580759564,0.0004704940400782414
5,3,0.0,1.0,1.25,80.0,4.0,5.0,-3.4375,0,The algorithm converged to the desired accuracy.,0.1,10.0,0.022261759949535536,0.0004955859560507444
5,3,0.0,1.0,1.25,80.0,4.0,5.0,-3.4375,0,The algorithm converged to the desired accuracy.,0.10208333333333333,9.795918367346939,0.022835193609609908,0.0005214460671883692
5,3,0.0,1.0,1.25,80.0,4.0,5.0,-3.4375,0,The algorithm converged to the desired accuracy.,0.10416666666666667,9.6,0.023411120916416433,0.000548080582563071
5,3,0.0,1.0,1.25,80.0,4.0,5.0,-3.4375,0,The algorithm converged to the desired accuracy.,0.10625000000000001,9.411764705882351,0.023989489126201607,0.0005754955885361451
5,3,0.0,1.0,1.25,80.0,4.0,5.0,-3.4375,0,The algorithm converged to the desired accuracy.,0.10833333333333334,9.23076923076923,0.024570247013473514,0.0006036970383031041
5,3,0.0,1.0,1.25,80.0,4.0,5.0,-3.4375,0,The algorithm converged to the desired accuracy.,0.11041666666666666,9.056603773584905,0.02515334474314811,0.0006326907517676567
5,3,0.0,1.0,1.25,80.0,4.0,5.0,-3.4375,0,The algorithm converged to the desired accuracy.,0.1125,8.88888888888889,0.025738734224047564,0.0006624824394561574
5,3,0.0,1.0,1.25,80.0,4.0,5.0,-3.4375,0,The algorithm converged to the desired accuracy.,0.11458333333333333,8.727272727272728,0.02632636835226327,0.0006930776706190491
5,3,0.0,1.0,1.25,80.0,4.0,5.0,-3.4375,0,The algorithm converged to the desired accuracy.,0.11666666666666667,8.571428571428571,0.026916201748034867,0.0007244819165409152
5,3,0.0,1.0,1.25,80.0,4.0,5.0,-3.4375,0,The algorithm converged to the desired accuracy.,0.11875000000000001,8.421052631578947,0.027508189843293614,0.0007567005084546819
5,3,0.0,1.0,1.25,80.0,4.0,5.0,-3.4375,0,The algorithm converged to the desired accuracy.,0.12083333333333333,8.275862068965518,0.028102289676192767,0.0007897386850446506
5,3,0.0,1.0,1.25,80.0,4.0,5.0,-3.4375,0,The algorithm converged to the desired accuracy.,0.12291666666666667,8.135593220338983,0.0286984590480657,0.000823601551733504
5,3,0.0,1.0,1.25,80.0,4.0,5.0,-3.4375,0,The algorithm converged to the desired accuracy.,0.125,8.0,0.029296657071826795,0.000858294115584219
5,3,0.0,1.0,1.25,80.0,4.0,5.0,-3.4375,0,The algorithm converged to the desired accuracy.,0.12708333333333333,7.868852459016394,0.029896843876575447,0.0008938212737803268
5,3,0.0,1.0,1.25,80.0,4.0,5.0,-3.4375,0,The algorithm converged to the desired accuracy.,0.12916666666666665,7.741935483870969,0.030498980355036447,0.0009301878026968991
5,3,0.0,1.0,1.25,80.0,4.0,5.0,-3.4375,0,The algorithm converged to the desired accuracy.,0.13125,7.619047619047619,0.03110302864750742,0.0009673983910476673
5,3,0.0,1.0,1.25,80.0,4.0,5.0,-3.4375,0,The algorithm converged to the desired accuracy.,0.13333333333333333,7.5,0.03170895166904295,0.0010054576159497018
5,3,0.0,1.0,1.25,80.0,4.0,5.0,-3.4375,0,The algorithm converged to the desired accuracy.,0.13541666666666669,7.384615384615383,0.032316713063231264,0.0010443699432112223
5,3,0.0,1.0,1.25,80.0,4.0,5.0,-3.4375,0,The algorithm converged to the desired accuracy.,0.1375,7.2727272727272725,0.03292627748336693,0.001084139748911676
5,3,0.0,1.0,1.25,80.0,4.0,5.0,-3.4375,0,The algorithm converged to the desired accuracy.,0.13958333333333334,7.164179104477612,0.033537610395159866,0.0011247713110175352
5,3,0.0,1.0,1.25,80.0,4.0,5.0,-3.4375,0,The algorithm converged to the desired accuracy.,0.14166666666666666,7.0588235294117645,0.03415067793519081,0.0011662688034331284
5,3,0.0,1.0,1.25,80.0,4.0,5.0,-3.4375,0,The algorithm converged to the desired accuracy.,0.14375,6.9565217391304355,0.034765446936812466,0.0012086363007163233
5,3,0.0,1.0,1.25,80.0,4.0,5.0,-3.4375,0,The algorithm converged to the desired accuracy.,0.14583333333333331,6.857142857142858,0.0353818850071575,0.0012518777866597165
5,3,0.0,1.0,1.25,80.0,4.0,5.0,-3.4375,0,The algorithm converged to the desired accuracy.,0.14791666666666667,6.76056338028169,0.03599996048394346,0.0012959971548454905
5,3,0.0,1.0,1.25,80.0,4.0,5.0,-3.4375,0,The algorithm converged to the desired accuracy.,0.15000000000000002,6.666666666666666,0.03661964232563844,0.0013409982040576904
5,3,0.0,1.0,1.25,80.0,4.0,5.0,-3.4375,0,The algorithm converged to the desired accuracy.,0.15208333333333335,6.575342465753424,0.03724090010341417,0.0013868846405124737
5,3,0.0,1.0,1.25,80.0,4.0,5.0,-3.4375,0,The algorithm converged to the desired accuracy.,0.15416666666666667,6.486486486486486,0.0378637039918406,0.001433660079981726
5,3,0.0,1.0,1.25,80.0,4.0,5.0,-3.4375,0,The algorithm converged to the desired accuracy.,0.15625,6.4,0.038488024754965974,0.0014813280495388737
5,3,0.0,1.0,1.25,80.0,4.0,5.0,-3.4375,0,The algorithm converged to the desired accuracy.,0.15833333333333333,6.315789473684211,0.03911383372944803,0.0015298919890149065
5,3,0.0,1.0,1.25,80.0,4.0,5.0,-3.4375,0,The algorithm converged to the desired accuracy.,0.16041666666666665,6.233766233766234,0.039741102808114,0.0015793552524050864
5,3,0.0,1.0,1.25,80.0,4.0,5.0,-3.4375,0,The algorithm converged to the desired accuracy.,0.1625,6.153846153846153,0.040369804421836714,0.0016297211090573471
5,3,0.0,1.0,1.25,80.0,4.0,5.0,-3.4375,0,The algorithm converged to the desired accuracy.,0.16458333333333333,6.075949367088608,0.04099991151102887,0.0016809927439121978
5,3,0.0,1.0,1.25,80.0,4.0,5.0,-3.4375,0,The algorithm converged to the desired accuracy.,0.16666666666666669,5.999999999999999,0.041631397509118394,0.001733173258562229
5,3,0.0,1.0,1.25,80.0,4.0,5.0,-3.4375,0,The algorithm converged to the desired accuracy.,0.16875,5.925925925925926,0.042264236328220336,0.0017862656724076597
5,3,0.0,1.0,1.25,80.0,4.0,5.0,-3.4375,0,The algorithm converged to the desired accuracy.,0.17083333333333334,5.853658536585366,0.04289840234482302,0.0018402729237383172
5,3,0.0,1.0,1.25,80.0,4.0,5.0,-3.4375,0,The algorithm converged to the desired accuracy.,0.17291666666666666,5.783132530120482,0.04353387038570947,0.0018951978707597518
5,3,0.0,1.0,1.25,80.0,4.0,5.0,-3.4375,0,The algorithm converged to the desired accuracy.,0.175,5.714285714285714,0.04417061571422647,0.0019510432925738707
5,3,0.0,1.0,1.25,80.0,4.0,5.0,-3.4375,0,The algorithm converged to the desired accuracy.,0.17708333333333331,5.647058823529412,0.044808614016923425,0.0020078118901176263
5,3,0.0,1.0,1.25,80.0,4.0,5.0,-3.4375,0,The algorithm converged to the desired accuracy.,0.17916666666666664,5.58139534883721,0.04544784139050838,0.0020655062870568066
5,3,0.0,1.0,1.25,80.0,4.0,5.0,-3.4375,0,The algorithm converged to the desired accuracy.,0.18125000000000002,5.517241379310344,0.046088274329007924,0.002124129030625891
5,3,0.0,1.0,1.25,80.0,4.0,5.0,-3.4375,0,The algorithm converged to the desired accuracy.,0.18333333333333335,5.454545454545454,0.0467298897109649,0.0021836825923989434
5,3,0.0,1.0,1.25,80.0,4.0,5.0,-3.4375,0,The algorithm converged to the desired accuracy.,0.18541666666666667,5.393258426966292,0.04737266478764347,0.002244169369082436
5,3,0.0,1.0,1.25,80.0,4.0,5.0,-3.4375,0,The algorithm converged to the desired accuracy.,0.1875,5.333333333333333,0.048016577180893444,0.002305591684168697
5,3,0.0,1.0,1.25,80.0,4.0,5.0,-3.4375,0,The algorithm converged to the desired accuracy.,0.18958333333333333,5.274725274725275,0.04866160487436844,0.0023679517889491587
5,3,0.0,1.0,1.25,80.0,4.0,5.0,-3.4375,0,The algorithm converged to the desired accuracy.,0.19166666666666665,5.217391304347826,0.04930772620087882,0.0024312518631008314
5,3,0.0,1.0,1.25,80.0,4.0,5.0,-3.4375,0,The algorithm converged to the desired accuracy.,0.19374999999999998,5.161290322580646,0.04995491983155744,0.002495494015377331
5,3,0.0,1.0,1.25,80.0,4.0,5.0,-3.4375,0,The algorithm converged to the desired accuracy.,0.19583333333333336,5.106382978723404,0.05060316476391677,0.0025606802841241076
5,3,0.0,1.0,1.25,80.0,4.0,5.0,-3.4375,0,The algorithm converged to the desired accuracy.,0.19791666666666669,5.052631578947368,0.051252440308414964,0.002626812637567639
5,3,0.0,1.0,1.25,80.0,4.0,5.0,-3.4375,0,The algorithm converged to the desired accuracy.,0.2,5.0,0.05190272607315439,0.0026938929738249003
5,3,0.0,1.0,1.25,80.0,4.0,5.0,-3.4375,0,The algorithm converged to the desired accuracy.,0.20208333333333334,4.948453608247423,0.05255400194632586,0.0027619231205744223
5,3,0.0,1.0,1.25,80.0,4.0,5.0,-3.4375,0,The algorithm converged to the desired accuracy.,0.20416666666666666,4.8979591836734695,0.05320624810503203,0.0028309048374142243
5,3,0.0,1.0,1.25,80.0,4.0,5.0,-3.4375,0,The algorithm converged to the desired accuracy.,0.20625,4.848484848484849,0.053859445084621975,0.00290083982482341
5,3,0.0,1.0,1.25,80.0,4.0,5.0,-3.4375,0,The algorithm converged to the desired accuracy.,0.20833333333333331,4.800000000000001,0.05451357371082421,0.0029717297187254643
5,3,0.0,1.0,1.25,80.0,4.0,5.0,-3.4375,0,The algorithm converged to the desired accuracy.,0.21041666666666664,4.752475247524753,0.05516861506039289,0.003043576087681809
5,3,0.0,1.0,1.25,80.0,4.0,5.0,-3.4375,0,The algorithm converged to the desired accuracy.,0.21250000000000002,4.705882352941176,0.055824550435759894,0.0031163804313547
5,3,0.0,1.0,1.25,80.0,4.0,5.0,-3.4375,0,The algorithm converged to the desired accuracy.,0.21458333333333335,4.660194174757281,0.05648136134020066,0.0031901441788423136
5,3,0.0,1.0,1.25,80.0,4.0,5.0,-3.4375,0,The algorithm converged to the desired accuracy.,0.21666666666666667,4.615384615384615,0.05713902959475676,0.0032648687030304886
5,3,0.0,1.0,1.25,80.0,4.0,5.0,-3.4375,0,The algorithm converged to the desired accuracy.,0.21875,4.571428571428571,0.05779753737898003,0.003340555327074594
5,3,0.0,1.0,1.25,80.0,4.0,5.0,-3.4375,0,The algorithm converged to the desired accuracy.,0.22083333333333333,4.528301886792453,0.05845686706448611,0.0034172053069950006
5,3,0.0,1.0,1.25,80.0,4.0,5.0,-3.4375,0,The algorithm converged to the desired accuracy.,0.22291666666666665,4.4859813084112155,0.059117001166874,0.003494819826964182
5,3,0.0,1.0,1.25,80.0,4.0,5.0,-3.4375,0,The algorithm converged to the desired accuracy.,0.22499999999999998,4.444444444444445,0.059777922359976934,0.00357340000167543
5,3,0.0,1.0,1.25,80.0,4.0,5.0,-3.4375,0,The algorithm converged to the desired accuracy.,0.22708333333333336,4.403669724770642,0.060439613756354975,0.0036529469110173733
5,3,0.0,1.0,1.25,80.0,4.0,5.0,-3.4375,0,The algorithm converged to the desired accuracy.,0.22916666666666669,4.363636363636363,0.06110205870807211,0.0037334615783646908
5,3,0.0,1.0,1.25,80.0,4.0,5.0,-3.4375,0,The algorithm converged to the desired accuracy.,0.23125,4.324324324324324,0.061765240636941984,0.0038149449509393496
5,3,0.0,1.0,1.25,80.0,4.0,5.0,-3.4375,0,The algorithm converged to the desired accuracy.,0.23333333333333334,4.285714285714286,0.062429143055504364,0.0038973979026446287
5,3,0.0,1.0,1.25,80.0,4.0,5.0,-3.4375,0,The algorithm converged to the desired accuracy.,0.23541666666666666,4.247787610619469,0.06309374996686357,0.003980821284881096
5,3,0.0,1.0,1.25,80.0,4.0,5.0,-3.4375,0,The algorithm converged to the desired accuracy.,0.2375,4.2105263157894735,0.06375904558045742,0.004065215893330846
5,3,0.0,1.0,1.25,80.0,4.0,5.0,-3.4375,0,The algorithm converged to the desired accuracy.,0.23958333333333331,4.173913043478261,0.06442501406904227,0.004150582437796295
5,3,0.0,1.0,1.25,80.0,4.0,5.0,-3.4375,0,The algorithm converged to the desired accuracy.,0.24166666666666664,4.137931034482759,0.06509163979426702,0.004236921571106606
5,3,0.0,1.0,1.25,80.0,4.0,5.0,-3.4375,0,The algorithm converged to the desired accuracy.,0.24375000000000002,4.102564102564102,0.06575890765477992,0.0043242339359498725
5,3,0.0,1.0,1.25,80.0,4.0,5.0,-3.4375,0,The algorithm converged to the desired accuracy.,0.24583333333333335,4.067796610169491,0.06642680252582776,0.004412520093805317
5,3,0.0,1.0,1.25,80.0,4.0,5.0,-3.4375,0,The algorithm converged to the desired accuracy.,0.24791666666666667,4.033613445378151,0.06709530921910974,0.004501780519207952
5,3,0.0,1.0,1.25,80.0,4.0,5.0,-3.4375,0,The algorithm converged to the desired accuracy.,0.25,4.0,0.06776441314062834,0.004592015688293763
5,3,0.0,1.0,1.25,80.0,4.0,5.0,-3.4375,0,The algorithm converged to the desired accuracy.,0.2520833333333333,3.9669421487603307,0.06843409981939175,0.004683226018090474
5,3,0.0,1.0,1.25,80.0,4.0,5.0,-3.4375,0,The algorithm converged to the desired accuracy.,0.25416666666666665,3.934426229508197,0.06910435457933801,0.004775411821826875
5,3,0.0,1.0,1.25,80.0,4.0,5.0,-3.4375,0,The algorithm converged to the desired accuracy.,0.25625,3.9024390243902443,0.06977516328610524,0.004868573411602648
5,3,0.0,1.0,1.25,80.0,4.0,5.0,-3.4375,0,The algorithm converged to the desired accuracy.,0.25833333333333336,3.8709677419354835,0.07044651204522269,0.004962711059337706
5,3,0.0,1.0,1.25,80.0,4.0,5.0,-3.4375,0,The algorithm converged to the desired accuracy.,0.2604166666666667,3.84,0.07111838666189253,0.005057824921390453
5,3,0.0,1.0,1.25,80.0,4.0,5.0,-3.4375,0,The algorithm converged to the desired accuracy.,0.2625,3.8095238095238093,0.07179077351048631,0.005153915161233942
5,3,0.0,1.0,1.25,80.0,4.0,5.0,-3.4375,0,The algorithm converged to the desired accuracy.,0.26458333333333334,3.779527559055118,0.0724636591802158,0.005250981901786474
5,3,0.0,1.0,1.25,80.0,4.0,5.0,-3.4375,0,The algorithm converged to the desired accuracy.,0.26666666666666666,3.75,0.073137029910591,0.0053490251441426825
5,3,0.0,1.0,1.25,80.0,4.0,5.0,-3.4375,0,The algorithm converged to the desired accuracy.,0.26875,3.7209302325581395,0.07381087265259616,0.005448044921737768
5,3,0.0,1.0,1.25,80.0,4.0,5.0,-3.4375,0,The algorithm converged to the desired accuracy.,0.2708333333333333,3.6923076923076925,0.07448517435466341,0.005548041198644608
5,3,0.0,1.0,1.25,80.0,4.0,5.0,-3.4375,0,The algorithm converged to the desired accuracy.,0.27291666666666664,3.6641221374045805,0.0751599217167788,0.005649013832472316
5,3,0.0,1.0,1.25,80.0,4.0,5.0,-3.4375,0,The algorithm converged to the desired accuracy.,0.275,3.6363636363636362,0.07583510227410023,0.005750962736923242
5,3,0.0,1.0,1.25,80.0,4.0,5.0,-3.4375,0,The algorithm converged to the desired accuracy.,0.27708333333333335,3.6090225563909772,0.07651070317834079,0.005853887700844167
5,3,0.0,1.0,1.25,80.0,4.0,5.0,-3.4375,0,The algorithm converged to the desired accuracy.,0.2791666666666667,3.582089552238806,0.07718671177853038,0.005957788475181921
5,3,0.0,1.0,1.25,80.0,4.0,5.0,-3.4375,0,The algorithm converged to the desired accuracy.,0.28125,3.5555555555555554,0.07786311600130219,0.006062664833432241
5,3,0.0,1.0,1.25,80.0,4.0,5.0,-3.4375,0,The algorithm converged to the desired accuracy.,0.2833333333333333,3.5294117647058822,0.07853990318622596,0.006168516392501747
5,3,0.0,1.0,1.25,80.0,4.0,5.0,-3.4375,0,The algorithm converged to the desired accuracy.,0.28541666666666665,3.5036496350364965,0.07921706149573637,0.006275342832019279
5,3,0.0,1.0,1.25,80.0,4.0,5.0,-3.4375,0,The algorithm converged to the desired accuracy.,0.2875,3.4782608695652177,0.07989457888761595,0.006383143735629488
5,3,0.0,1.0,1.25,80.0,4.0,5.0,-3.4375,0,The algorithm converged to the desired accuracy.,0.28958333333333336,3.4532374100719423,0.08057244329274502,0.0064919186181626115
5,3,0.0,1.0,1.25,80.0,4.0,5.0,-3.4375,0,The algorithm converged to the desired accuracy.,0.2916666666666667,3.4285714285714284,0.08125064335706039,0.006601667045936222
5,3,0.0,1.0,1.25,80.0,4.0,5.0,-3.4375,0,The algorithm converged to the desired accuracy.,0.29375,3.404255319148936,0.08192916703389247,0.006712388410867453
5,3,0.0,1.0,1.25,80.0,4.0,5.0,-3.4375,0,The algorithm converged to the desired accuracy.,0.29583333333333334,3.380281690140845,0.08260800321278583,0.006824082194803634
5,3,0.0,1.0,1.25,80.0,4.0,5.0,-3.4375,0,The algorithm converged to the desired accuracy.,0.29791666666666666,3.3566433566433567,0.08328714034307001,0.00693674774652624
5,3,0.0,1.0,1.25,80.0,4.0,5.0,-3.4375,0,The algorithm converged to the desired accuracy.,0.3,3.3333333333333335,0.08396656717362372,0.007050384402922664
5,3,0.0,1.0,1.5,80.0,4.0,5.0,-3.75,0,The algorithm converged to the desired accuracy.,0.05,20.0,0.004388588191675847,1.9259706316116678e-05
5,3,0.0,1.0,1.5,80.0,4.0,5.0,-3.75,0,The algorithm converged to the desired accuracy.,0.052083333333333336,19.2,0.004660778586154425,2.1722857029155644e-05
5,3,0.0,1.0,1.5,80.0,4.0,5.0,-3.75,0,The algorithm converged to the desired accuracy.,0.05416666666666667,18.46153846153846,0.0049379705452865215,2.4383553106117266e-05
5,3,0.0,1.0,1.5,80.0,4.0,5.0,-3.75,0,The algorithm converged to the desired accuracy.,0.05625,17.77777777777778,0.005220037914838756,2.724879583235415e-05
5,3,0.0,1.0,1.5,80.0,4.0,5.0,-3.75,0,The algorithm converged to the desired accuracy.,0.058333333333333334,17.142857142857142,0.005506861079888765,3.0325518953193656e-05
5,3,0.0,1.0,1.5,80.0,4.0,5.0,-3.75,0,The algorithm converged to the desired accuracy.,0.06041666666666667,16.551724137931036,0.005798326379442465,3.362058880253836e-05
5,3,0.0,1.0,1.5,80.0,4.0,5.0,-3.75,0,The algorithm converged to the desired accuracy.,0.0625,16.0,0.0060943255916414574,3.7140804416936e-05
5,3,0.0,1.0,1.5,80.0,4.0,5.0,-3.75,0,The algorithm converged to the desired accuracy.,0.06458333333333334,15.483870967741934,0.006394755509139297,4.089289802166739e-05
5,3,0.0,1.0,1.5,80.0,4.0,5.0,-3.75,0,The algorithm converged to the desired accuracy.,0.06666666666666667,15.0,0.006699517572449622,4.4883535703561274e-05
5,3,0.0,1.0,1.5,80.0,4.0,5.0,-3.75,0,The algorithm converged to the desired accuracy.,0.06875,14.545454545454545,0.007008517372648996,4.9119315762722795e-05
5,3,0.0,1.0,1.5,80.0,4.0,5.0,-3.75,0,The algorithm converged to the desired accuracy.,0.07083333333333333,14.117647058823529,0.007321664542074245,5.3606771666667266e-05
5,3,0.0,1.0,1.5,80.0,4.0,5.0,-3.75,0,The algorithm converged to the desired accuracy.,0.07291666666666667,13.714285714285714,0.007638872245276858,5.835236917966111e-05
5,3,0.0,1.0,1.5,80.0,4.0,5.0,-3.75,0,The algorithm converged to the desired accuracy.,0.07500000000000001,13.333333333333332,0.007960057163734019,6.336251004991327e-05
5,3,0.0,1.0,1.5,80.0,4.0,5.0,-3.75,0,The algorithm converged to the desired accuracy.,0.07708333333333334,12.972972972972972,0.00828513903465166,6.864352882350865e-05
5,3,0.0,1.0,1.5,80.0,4.0,5.0,-3.75,0,The algorithm converged to the desired accuracy.,0.07916666666666666,12.631578947368421,0.008614040559655027,7.420169476338189e-05
5,3,0.0,1.0,1.5,80.0,4.0,5.0,-3.75,0,The algorithm converged to the desired accuracy.,0.08125,12.307692307692307,0.008946687242080866,8.004321260761252e-05
5,3,0.0,1.0,1.5,80.0,4.0,5.0,-3.75,0,The algorithm converged to the desired accuracy.,0.08333333333333334,11.999999999999998,0.009283007149687921,8.617422174115706e-05
5,3,0.0,1.0,1.5,80.0,4.0,5.0,-3.75,0,The algorithm converged to the desired accuracy.,0.08541666666666667,11.707317073170731,0.009622930770195855,9.260079660798219e-05
5,3,0.0,1.0,1.5,80.0,4.0,5.0,-3.75,0,The algorithm converged to the desired accuracy.,0.0875,11.428571428571429,0.009966390874790693,9.93289470691112e-05
5,3,0.0,1.0,1.5,80.0,4.0,5.0,-3.75,0,The algorithm converged to the desired accuracy.,0.08958333333333333,11.162790697674419,0.01031332238678955,0.00010636461865385449
5,3,0.0,1.0,1.5,80.0,4.0,5.0,-3.75,0,The algorithm converged to the desired accuracy.,0.09166666666666667,10.909090909090908,0.010663662258370649,0.0001137136927605986
5,3,0.0,1.0,1.5,80.0,4.0,5.0,-3.75,0,The algorithm converged to the desired accuracy.,0.09375,10.666666666666666,0.01101734935152238,0.0001213819867334906
5,3,0.0,1.0,1.5,80.0,4.0,5.0,-3.75,0,The algorithm converged to the desired accuracy.,0.09583333333333333,10.434782608695652,0.01137432431903834,0.00012937525371466702
5,3,0.0,1.0,1.5,80.0,4.0,5.0,-3.75,0,The algorithm converged to the desired accuracy.,0.09791666666666667,10.212765957446809,0.011734529551265997,0.00013769918378953497
5,3,0.0,1.0,1.5,80.0,4.0,5.0,-3.75,0,The algorithm converged to the desired accuracy.,0.1,10.0,0.012097909107665445,0.00014635940477733452
5,3,0.0,1.0,1.5,80.0,4.0,5.0,-3.75,0,The algorithm converged to the desired accuracy.,0.10208333333333333,9.795918367346939,0.012464408558158889,0.00015536148070470455
5,3,0.0,1.0,1.5,80.0,4.0,5.0,-3.75,0,The algorithm converged to the desired accuracy.,0.10416666666666667,9.6,0.012833974850930449,0.00016471091047431523
5,3,0.0,1.0,1.5,80.0,4.0,5.0,-3.75,0,The algorithm converged to the desired accuracy.,0.10625000000000001,9.411764705882351,0.013206556489756228,0.00017441313431712234
5,3,0.0,1.0,1.5,80.0,4.0,5.0,-3.75,0,The algorithm converged to the desired accuracy.,0.10833333333333334,9.23076923076923,0.01358210324389718,0.00018447352852788232
5,3,0.0,1.0,1.5,80.0,4.0,5.0,-3.75,0,The algorithm converged to the desired accuracy.,0.11041666666666666,9.056603773584905,0.013960566050646918,0.00019489740445447528
5,3,0.0,1.0,1.5,80.0,4.0,5.0,-3.75,0,The algorithm converged to the desired accuracy.,0.1125,8.88888888888889,0.014341897291146039,0.00020569001790978207
5,3,0.0,1.0,1.5,80.0,4.0,5.0,-3.75,0,The algorithm converged to the desired accuracy.,0.11458333333333333,8.727272727272728,0.01472605020595647,0.00021685655466835058
5,3,0.0,1.0,1.5,80.0,4.0,5.0,-3.75,0,The algorithm converged to the desired accuracy.,0.11666666666666667,8.571428571428571,0.01511297946865522,0.0002284021484199942
5,3,0.0,1.0,1.5,80.0,4.0,5.0,-3.75,0,The algorithm converged to the desired accuracy.,0.11875000000000001,8.421052631578947,0.015502640476874342,0.00024033186175522272
5,3,0.0,1.0,1.5,80.0,4.0,5.0,-3.75,0,The algorithm converged to the desired accuracy.,0.12083333333333333,8.275862068965518,0.015894989973341246,0.00025265070625261877
5,3,0.0,1.0,1.5,80.0,4.0,5.0,-3.75,0,The algorithm converged to the desired accuracy.,0.12291666666666667,8.135593220338983,0.016289985387437703,0.0002653636239229339
5,3,0.0,1.0,1.5,80.0,4.0,5.0,-3.75,0,The algorithm converged to the desired accuracy.,0.125,8.0,0.016687585265505987,0.0002784755019935325
5,3,0.0,1.0,1.5,80.0,4.0,5.0,-3.75,0,The algorithm converged to the desired accuracy.,0.12708333333333333,7.868852459016394,0.01708774904012739,0.00029199116725837454
5,3,0.0,1.0,1.5,80.0,4.0,5.0,-3.75,0,The algorithm converged to the desired accuracy.,0.12916666666666665,7.741935483870969,0.017490436830550186,0.00030591538052346644
5,3,0.0,1.0,1.5,80.0,4.0,5.0,-3.75,0,The algorithm converged to the desired accuracy.,0.13125,7.619047619047619,0.01789560982574293,0.00032025285103522686
5,3,0.0,1.0,1.5,80.0,4.0,5.0,-3.75,0,The algorithm converged to the desired accuracy.,0.13333333333333333,7.5,0.018303229911011624,0.0003350082251753506
5,3,0.0,1.0,1.5,80.0,4.0,5.0,-3.75,0,The algorithm converged to the desired accuracy.,0.13541666666666669,7.384615384615383,0.018713259630449335,0.00035018608599660475
5,3,0.0,1.0,1.5,80.0,4.0,5.0,-3.75,0,The algorithm converged to the desired accuracy.,0.1375,7.2727272727272725,0.019125662410807705,0.0003657909626521828
5,3,0.0,1.0,1.5,80.0,4.0,5.0,-3.75,0,The algorithm converged to the desired accuracy.,0.13958333333333334,7.164179104477612,0.019540402405125386,0.00038182732615423
5,3,0.0,1.0,1.5,80.0,4.0,5.0,-3.75,0,The algorithm converged to the desired accuracy.,0.14166666666666666,7.0588235294117645,0.019957444379313554,0.0003982995861533942
5,3,0.0,1.0,1.5,80.0,4.0,5.0,-3.75,0,The algorithm converged to the desired accuracy.,0.14375,6.9565217391304355,0.020376753732345588,0.00041521209266865984
5,3,0.0,1.0,1.5,80.0,4.0,5.0,-3.75,0,The algorithm converged to the desired accuracy.,0.14583333333333331,6.857142857142858,0.02079829655794092,0.00043256913971205713
5,3,0.0,1.0,1.5,80.0,4.0,5.0,-3.75,0,The algorithm converged to the desired accuracy.,0.14791666666666667,6.76056338028169,0.021222039610199202,0.00045037496521686387
5,3,0.0,1.0,1.5,80.0,4.0,5.0,-3.75,0,The algorithm converged to the desired accuracy.,0.15000000000000002,6.666666666666666,0.02164795021499502,0.000468633748510903
5,3,0.0,1.0,1.5,80.0,4.0,5.0,-3.75,0,The algorithm converged to the desired accuracy.,0.15208333333333335,6.575342465753424,0.022075996263066364,0.00048734961100692007
5,3,0.0,1.0,1.5,80.0,4.0,5.0,-3.75,0,The algorithm converged to the desired accuracy.,0.15416666666666667,6.486486486486486,0.022506146202152605,0.0005065266168726682
5,3,0.0,1.0,1.5,80.0,4.0,5.0,-3.75,0,The algorithm converged to the desired accuracy.,0.15625,6.4,0.022938369025425315,0.0005261687735465915
5,3,0.0,1.0,1.5,80.0,4.0,5.0,-3.75,0,The algorithm converged to the desired accuracy.,0.15833333333333333,6.315789473684211,0.023372634257520664,0.0005462800321358285
5,3,0.0,1.0,1.5,80.0,4.0,5.0,-3.75,0,The algorithm converged to the desired accuracy.,0.16041666666666665,6.233766233766234,0.02380891194088793,0.0005668642878089557
5,3,0.0,1.0,1.5,80.0,4.0,5.0,-3.75,0,The algorithm converged to the desired accuracy.,0.1625,6.153846153846153,0.02424717262076351,0.0005879253801011036
5,3,0.0,1.0,1.5,80.0,4.0,5.0,-3.75,0,The algorithm converged to the desired accuracy.,0.16458333333333333,6.075949367088608,0.024687387321595755,0.0006094670927664868
5,3,0.0,1.0,1.5,80.0,4.0,5.0,-3.75,0,The algorithm converged to the desired accuracy.,0.16666666666666669,5.999999999999999,0.02512952753315498,0.0006314931540395942
5,3,0.0,1.0,1.5,80.0,4.0,5.0,-3.75,0,The algorithm converged to the desired accuracy.,0.16875,5.925925925925926,0.02557356519841989,0.000654007236957833
5,3,0.0,1.0,1.5,80.0,4.0,5.0,-3.75,0,The algorithm converged to the desired accuracy.,0.17083333333333334,5.853658536585366,0.026019472701455104,0.0006770129596617674
5,3,0.0,1.0,1.5,80.0,4.0,5.0,-3.75,0,The algorithm converged to the desired accuracy.,0.17291666666666666,5.783132530120482,0.02646722285545935,0.0007005138856805499
5,3,0.0,1.0,1.5,80.0,4.0,5.0,-3.75,0,The algorithm converged to the desired accuracy.,0.175,5.714285714285714,0.026916788891076394,0.0007245135242067736
5,3,0.0,1.0,1.5,80.0,4.0,5.0,-3.75,0,The algorithm converged to the desired accuracy.,0.17708333333333331,5.647058823529412,0.027368144444987738,0.0007490153303617131
5,3,0.0,1.0,1.5,80.0,4.0,5.0,-3.75,0,The algorithm converged to the desired accuracy.,0.17916666666666664,5.58139534883721,0.02782126354874482,0.0007740227054487172
5,3,0.0,1.0,1.5,80.0,4.0,5.0,-3.75,0,The algorithm converged to the desired accuracy.,0.18125000000000002,5.517241379310344,0.028276120617747067,0.0007995389971893808
5,3,0.0,1.0,1.5,80.0,4.0,5.0,-3.75,0,The algorithm converged to the desired accuracy.,0.18333333333333335,5.454545454545454,0.028732690440228813,0.0008255674999340162
5,3,0.0,1.0,1.5,80.0,4.0,5.0,-3.75,0,The algorithm converged to the desired accuracy.,0.18541666666666667,5.393258426966292,0.029190948167062122,0.0008521114548921075
5,3,0.0,1.0,1.5,80.0,4.0,5.0,-3.75,0,The algorithm converged to the desired accuracy.,0.1875,5.333333333333333,0.029650869309562535,0.0008791740508127575
5,3,0.0,1.0,1.5,80.0,4.0,5.0,-3.75,0,The algorithm converged to the desired accuracy.,0.18958333333333333,5.274725274725275,0.030112429731787092,0.0009067584243518152
5,3,0.0,1.0,1.5,80.0,4.0,5.0,-3.75,0,The algorithm converged to the desired accuracy.,0.19166666666666665,5.217391304347826,0.030575605639638116,0.0009348676602306702
5,3,0.0,1.0,1.5,80.0,4.0,5.0,-3.75,0,The algorithm converged to the desired accuracy.,0.19374999999999998,5.161290322580646,0.031040373571441467,0.0009635047914546419
5,3,0.0,1.0,1.5,80.0,4.0,5.0,-3.75,0,The algorithm converged to the desired accuracy.,0.19583333333333336,5.106382978723404,0.031506710387580156,0.0009926727994468514
5,3,0.0,1.0,1.5,80.0,4.0,5.0,-3.75,0,The algorithm converged to the desired accuracy.,0.19791666666666669,5.052631578947368,0.031974593258855905,0.0010223746140692735
5,3,0.0,1.0,1.5,80.0,4.0,5.0,-3.75,0,The algorithm converged to the desired accuracy.,0.2,5.0,0.0324439996532521,0.0010526131135002224
5,3,0.0,1.0,1.5,80.0,4.0,5.0,-3.75,0,The algorithm converged to the desired accuracy.,0.20208333333333334,4.948453608247423,0.032914907320761154,0.0010833911239342962
5,3,0.0,1.0,1.5,80.0,4.0,5.0,-3.75,0,The algorithm converged to the desired accuracy.,0.20416666666666666,4.8979591836734695,0.03338729430029325,0.0011147114206943945
5,3,0.0,1.0,1.5,80.0,4.0,5.0,-3.75,0,The algorithm converged to the desired accuracy.,0.20625,4.848484848484849,0.03386113897736571,0.0011465767328444753
5,3,0.0,1.0,1.5,80.0,4.0,5.0,-3.75,0,The algorithm converged to the desired accuracy.,0.20833333333333331,4.800000000000001,0.03433642002703123,0.0011789897402727115
5,3,0.0,1.0,1.5,80.0,4.0,5.0,-3.75,0,The algorithm converged to the desired accuracy.,0.21041666666666664,4.752475247524753,0.03481311638047576,0.0012119530721205498
5,3,0.0,1.0,1.5,80.0,4.0,5.0,-3.75,0,The algorithm converged to the desired accuracy.,0.21250000000000002,4.705882352941176,0.03529120720317788,0.0012454693058576345
5,3,0.0,1.0,1.5,80.0,4.0,5.0,-3.75,0,The algorithm converged to the desired accuracy.,0.21458333333333335,4.660194174757281,0.035770671873404054,0.00127954096627474
5,3,0.0,1.0,1.5,80.0,4.0,5.0,-3.75,0,The algorithm converged to the desired accuracy.,0.21666666666666667,4.615384615384615,0.03625149008015573,0.001314170533031629
5,3,0.0,1.0,1.5,80.0,4.0,5.0,-3.75,0,The algorithm converged to the desired accuracy.,0.21875,4.571428571428571,0.03673364185733286,0.0013493604441027968
5,3,0.0,1.0,1.5,80.0,4.0,5.0,-3.75,0,The algorithm converged to the desired accuracy.,0.22083333333333333,4.528301886792453,0.03721710744332974,0.0013851130864483499
5,3,0.0,1.0,1.5,80.0,4.0,5.0,-3.75,0,The algorithm converged to the desired accuracy.,0.22291666666666665,4.4859813084112155,0.03770186723978106,0.0014214307933660766
5,3,0.0,1.0,1.5,80.0,4.0,5.0,-3.75,0,The algorithm converged to the desired accuracy.,0.22499999999999998,4.444444444444445,0.03818790182285335,0.0014583158456318863
5,3,0.0,1.0,1.5,80.0,4.0,5.0,-3.75,0,The algorithm converged to the desired accuracy.,0.22708333333333336,4.403669724770642,0.0386751921800438,0.0014957704901633214
5,3,0.0,1.0,1.5,80.0,4.0,5.0,-3.75,0,The algorithm converged to the desired accuracy.,0.22916666666666669,4.363636363636363,0.039163719541804774,0.001533796928349141
5,3,0.0,1.0,1.5,80.0,4.0,5.0,-3.75,0,The algorithm converged to the desired accuracy.,0.23125,4.324324324324324,0.03965346523733475,0.0015723973053285152
5,3,0.0,1.0,1.5,80.0,4.0,5.0,-3.75,0,The algorithm converged to the desired accuracy.,0.23333333333333334,4.285714285714286,0.04014441071141449,0.0016115737113667303
5,3,0.0,1.0,1.5,80.0,4.0,5.0,-3.75,0,The algorithm converged to the desired accuracy.,0.23541666666666666,4.247787610619469,0.040636537863210684,0.0016513282095081555
5,3,0.0,1.0,1.5,80.0,4.0,5.0,-3.75,0,The algorithm converged to the desired accuracy.,0.2375,4.2105263157894735,0.041129828805336575,0.0016916628175562944
5,3,0.0,1.0,1.5,80.0,4.0,5.0,-3.75,0,The algorithm converged to the desired accuracy.,0.23958333333333331,4.173913043478261,0.04162426565680251,0.0017325794914680689
5,3,0.0,1.0,1.5,80.0,4.0,5.0,-3.75,0,The algorithm converged to the desired accuracy.,0.24166666666666664,4.137931034482759,0.042119830733853274,0.0017740801410484508
5,3,0.0,1.0,1.5,80.0,4.0,5.0,-3.75,0,The algorithm converged to the desired accuracy.,0.24375000000000002,4.102564102564102,0.04261650684611003,0.0018161666557645428
5,3,0.0,1.0,1.5,80.0,4.0,5.0,-3.75,0,The algorithm converged to the desired accuracy.,0.24583333333333335,4.067796610169491,0.043114276819729035,0.0018588408656882243
5,3,0.0,1.0,1.5,80.0,4.0,5.0,-3.75,0,The algorithm converged to the desired accuracy.,0.24791666666666667,4.033613445378151,0.04361312346202466,0.0019021045381138056
5,3,0.0,1.0,1.5,80.0,4.0,5.0,-3.75,0,The algorithm converged to the desired accuracy.,0.25,4.0,0.044113030121976246,0.0019459594265423836
5,3,0.0,1.0,1.5,80.0,4.0,5.0,-3.75,0,The algorithm converged to the desired accuracy.,0.2520833333333333,3.9669421487603307,0.044613980288613866,0.0019904072371928266
5,3,0.0,1.0,1.5,80.0,4.0,5.0,-3.75,0,The algorithm converged to the desired accuracy.,0.25416666666666665,3.934426229508197,0.04511595731001339,0.0020354496039989506
5,3,0.0,1.0,1.5,80.0,4.0,5.0,-3.75,0,The algorithm converged to the desired accuracy.,0.25625,3.9024390243902443,0.04561894503063204,0.0020810881457078278
5,3,0.0,1.0,1.5,80.0,4.0,5.0,-3.75,0,The algorithm converged to the desired accuracy.,0.25833333333333336,3.8709677419354835,0.046122927533792005,0.0021273244442874288
5,3,0.0,1.0,1.5,80.0,4.0,5.0,-3.75,0,The algorithm converged to the desired accuracy.,0.2604166666666667,3.84,0.046627888678824767,0.002174160002644875
5,3,0.0,1.0,1.5,80.0,4.0,5.0,-3.75,0,The algorithm converged to the desired accuracy.,0.2625,3.8095238095238093,0.047133812844628135,0.002221596313272432
5,3,0.0,1.0,1.5,80.0,4.0,5.0,-3.75,0,The algorithm converged to the desired accuracy.,0.26458333333333334,3.779527559055118,0.04764068462669847,0.0022696348317005435
5,3,0.0,1.0,1.5,80.0,4.0,5.0,-3.75,0,The algorithm converged to the desired accuracy.,0.26666666666666666,3.75,0.04814848835247129,0.0023182769306280635
5,3,0.0,1.0,1.5,80.0,4.0,5.0,-3.75,0,The algorithm converged to the desired accuracy.,0.26875,3.7209302325581395,0.04865720899081141,0.002367523986775499
5,3,0.0,1.0,1.5,80.0,4.0,5.0,-3.75,0,The algorithm converged to the desired accuracy.,0.2708333333333333,3.6923076923076925,0.04916683153983365,0.002417377323666381
5,3,0.0,1.0,1.5,80.0,4.0,5.0,-3.75,0,The algorithm converged to the desired accuracy.,0.27291666666666664,3.6641221374045805,0.04967734081473093,0.0024678381904229313
5,3,0.0,1.0,1.5,80.0,4.0,5.0,-3.75,0,The algorithm converged to the desired accuracy.,0.275,3.6363636363636362,0.050188722378540204,0.0025189078539901823
5,3,0.0,1.0,1.5,80.0,4.0,5.0,-3.75,0,The algorithm converged to the desired accuracy.,0.27708333333333335,3.6090225563909772,0.05070096149492383,0.0025705874965097487
5,3,0.0,1.0,1.5,80.0,4.0,5.0,-3.75,0,The algorithm converged to the desired accuracy.,0.2791666666666667,3.582089552238806,0.05121404362653734,0.0026228782645808697
5,3,0.0,1.0,1.5,80.0,4.0,5.0,-3.75,0,The algorithm converged to the desired accuracy.,0.28125,3.5555555555555554,0.05172795476262655,0.002675781303924339
5,3,0.0,1.0,1.5,80.0,4.0,5.0,-3.75,0,The algorithm converged to the desired accuracy.,0.2833333333333333,3.5294117647058822,0.052242680415809824,0.0027292976570284394
5,3,0.0,1.0,1.5,80.0,4.0,5.0,-3.75,0,The algorithm converged to the desired accuracy.,0.28541666666666665,3.5036496350364965,0.05275820683608251,0.002783428388558863
5,3,0.0,1.0,1.5,80.0,4.0,5.0,-3.75,0,The algorithm converged to the desired accuracy.,0.2875,3.4782608695652177,0.05327452012559268,0.0028381744946121795
5,3,0.0,1.0,1.5,80.0,4.0,5.0,-3.75,0,The algorithm converged to the desired accuracy.,0.28958333333333336,3.4532374100719423,0.05379160639093735,0.002893536918117532
5,3,0.0,1.0,1.5,80.0,4.0,5.0,-3.75,0,The algorithm converged to the desired accuracy.,0.2916666666666667,3.4285714285714284,0.054309452383535795,0.0029495166181995416
5,3,0.0,1.0,1.5,80.0,4.0,5.0,-3.75,0,The algorithm converged to the desired accuracy.,0.29375,3.404255319148936,0.05482804428412532,0.003006114440022007
5,3,0.0,1.0,1.5,80.0,4.0,5.0,-3.75,0,The algorithm converged to the desired accuracy.,0.29583333333333334,3.380281690140845,0.05534736910901458,0.0030633312672895016
5,3,0.0,1.0,1.5,80.0,4.0,5.0,-3.75,0,The algorithm converged to the desired accuracy.,0.29791666666666666,3.3566433566433567,0.05586741352100335,0.003121167893526788
5,3,0.0,1.0,1.5,80.0,4.0,5.0,-3.75,0,The algorithm converged to the desired accuracy.,0.3,3.3333333333333335,0.05638816446803254,0.0031796250920738877
5,3,0.0,1.0,1.75,80.0,4.0,5.0,-3.9375,0,The algorithm converged to the desired accuracy.,0.05,20.0,0.0019334418316112065,3.738197316224097e-06
5,3,0.0,1.0,1.75,80.0,4.0,5.0,-3.9375,0,The algorithm converged to the desired accuracy.,0.052083333333333336,19.2,0.0020685867859609798,4.279051291052376e-06
5,3,0.0,1.0,1.75,80.0,4.0,5.0,-3.9375,0,The algorithm converged to the desired accuracy.,0.05416666666666667,18.46153846153846,0.002207122175249069,4.871388296476182e-06
5,3,0.0,1.0,1.75,80.0,4.0,5.0,-3.9375,0,The algorithm converged to the desired accuracy.,0.05625,17.77777777777778,0.0023489798489179387,5.5177063306225425e-06
5,3,0.0,1.0,1.75,80.0,4.0,5.0,-3.9375,0,The algorithm converged to the desired accuracy.,0.058333333333333334,17.142857142857142,0.0024940945334964333,6.220507542016791e-06
5,3,0.0,1.0,1.75,80.0,4.0,5.0,-3.9375,0,The algorithm converged to the desired accuracy.,0.06041666666666667,16.551724137931036,0.002642403603597491,6.982296804305007e-06
5,3,0.0,1.0,1.75,80.0,4.0,5.0,-3.9375,0,The algorithm converged to the desired accuracy.,0.0625,16.0,0.002793846878217059,7.805580378923207e-06
5,3,0.0,1.0,1.75,80.0,4.0,5.0,-3.9375,0,The algorithm converged to the desired accuracy.,0.06458333333333334,15.483870967741934,0.002948366456553138,8.692864762127707e-06
5,3,0.0,1.0,1.75,80.0,4.0,5.0,-3.9375,0,The algorithm converged to the desired accuracy.,0.06666666666666667,15.0,0.003105906576988171,9.646655664978378e-06
5,3,0.0,1.0,1.75,80.0,4.0,5.0,-3.9375,0,The algorithm converged to the desired accuracy.,0.06875,14.545454545454545,0.0032664133891922,1.0669456429094073e-05
5,3,0.0,1.0,1.75,80.0,4.0,5.0,-3.9375,0,The algorithm converged to the desired accuracy.,0.07083333333333333,14.117647058823529,0.003429834946985661,1.1763767763564132e-05
5,3,0.0,1.0,1.75,80.0,4.0,5.0,-3.9375,0,The algorithm converged to the desired accuracy.,0.07291666666666667,13.714285714285714,0.0035961209578414467,1.2932085943426484e-05
5,3,0.0,1.0,1.75,80.0,4.0,5.0,-3.9375,0,The algorithm converged to the desired accuracy.,0.07500000000000001,13.333333333333332,0.0037652228193112325,1.4176902879062026e-05
5,3,0.0,1.0,1.75,80.0,4.0,5.0,-3.9375,0,The algorithm converged to the desired accuracy.,0.07708333333333334,12.972972972972972,0.003937093384758712,1.550070432031081e-05
5,3,0.0,1.0,1.75,80.0,4.0,5.0,-3.9375,0,The algorithm converged to the desired accuracy.,0.07916666666666666,12.631578947368421,0.004111686944817015,1.690596953217868e-05
5,3,0.0,1.0,1.75,80.0,4.0,5.0,-3.9375,0,The algorithm converged to the desired accuracy.,0.08125,12.307692307692307,0.004288959162852786,1.839517070061887e-05
5,3,0.0,1.0,1.75,80.0,4.0,5.0,-3.9375,0,The algorithm converged to the desired accuracy.,0.08333333333333334,11.999999999999998,0.0044688669618093415,1.9970771922351055e-05
5,3,0.0,1.0,1.75,80.0,4.0,5.0,-3.9375,0,The algorithm converged to the desired accuracy.,0.08541666666666667,11.707317073170731,0.004651368463640906,2.1635228584553167e-05
5,3,0.0,1.0,1.75,80.0,4.0,5.0,-3.9375,0,The algorithm converged to the desired accuracy.,0.0875,11.428571428571429,0.00483642293091755,2.33909867667051e-05
5,3,0.0,1.0,1.75,80.0,4.0,5.0,-3.9375,0,The algorithm converged to the desired accuracy.,0.08958333333333333,11.162790697674419,0.005023990709148638,2.5240482645611837e-05
5,3,0.0,1.0,1.75,80.0,4.0,5.0,-3.9375,0,The algorithm converged to the desired accuracy.,0.09166666666666667,10.909090909090908,0.005214033171824652,2.718614191688784e-05
5,3,0.0,1.0,1.75,80.0,4.0,5.0,-3.9375,0,The algorithm converged to the desired accuracy.,0.09375,10.666666666666666,0.005406512666041615,2.923037920806841e-05
5,3,0.0,1.0,1.75,80.0,4.0,5.0,-3.9375,0,The algorithm converged to the desired accuracy.,0.09583333333333333,10.434782608695652,0.005601392456309935,3.137559744960585e-05
5,3,0.0,1.0,1.75,80.0,4.0,5.0,-3.9375,0,The algorithm converged to the desired accuracy.,0.09791666666666667,10.212765957446809,0.005798636707241564,3.362418766256929e-05
5,3,0.0,1.0,1.75,80.0,4.0,5.0,-3.9375,0,The algorithm converged to the desired accuracy.,0.1,10.0,0.005998210455736421,3.597852867130573e-05
5,3,0.0,1.0,1.75,80.0,4.0,5.0,-3.9375,0,The algorithm converged to the desired accuracy.,0.10208333333333333,9.795918367346939,0.006200079526138554,3.844098613044248e-05
5,3,0.0,1.0,1.75,80.0,4.0,5.0,-3.9375,0,The algorithm converged to the desired accuracy.,0.10416666666666667,9.6,0.006404210460003541,4.1013911616018765e-05
5,3,0.0,1.0,1.75,80.0,4.0,5.0,-3.9375,0,The algorithm converged to the desired accuracy.,0.10625000000000001,9.411764705882351,0.006610570637110516,4.3699644148227735e-05
5,3,0.0,1.0,1.75,80.0,4.0,5.0,-3.9375,0,The algorithm converged to the desired accuracy.,0.10833333333333334,9.23076923076923,0.00681912810586767,4.65005081242344e-05
5,3,0.0,1.0,1.75,80.0,4.0,5.0,-3.9375,0,The algorithm converged to the desired accuracy.,0.11041666666666666,9.056603773584905,0.007029851531522223,4.9418812555245345e-05
5,3,0.0,1.0,1.75,80.0,4.0,5.0,-3.9375,0,The algorithm converged to the desired accuracy.,0.1125,8.88888888888889,0.007242710377046979,5.245685360578399e-05
5,3,0.0,1.0,1.75,80.0,4.0,5.0,-3.9375,0,The algorithm converged to the desired accuracy.,0.11458333333333333,8.727272727272728,0.0074576745461913,5.561690963690961e-05
5,3,0.0,1.0,1.75,80.0,4.0,5.0,-3.9375,0,The algorithm converged to the desired accuracy.,0.11666666666666667,8.571428571428571,0.007674714749641847,5.890124648837012e-05
5,3,0.0,1.0,1.75,80.0,4.0,5.0,-3.9375,0,The algorithm converged to the desired accuracy.,0.11875000000000001,8.421052631578947,0.00789380206781896,6.23121110859029e-05
5,3,0.0,1.0,1.75,80.0,4.0,5.0,-3.9375,0,The algorithm converged to the desired accuracy.,0.12083333333333333,8.275862068965518,0.00811490834695629,6.585173747950088e-05
5,3,0.0,1.0,1.75,80.0,4.0,5.0,-3.9375,0,The algorithm converged to the desired accuracy.,0.12291666666666667,8.135593220338983,0.008338005791329406,6.952234057624271e-05
5,3,0.0,1.0,1.75,80.0,4.0,5.0,-3.9375,0,The algorithm converged to the desired accuracy.,0.125,8.0,0.008563067239479565,7.332612054784819e-05
5,3,0.0,1.0,1.75,80.0,4.0,5.0,-3.9375,0,The algorithm converged to the desired accuracy.,0.12708333333333333,7.868852459016394,0.008790066024302283,7.726526071159335e-05
5,3,0.0,1.0,1.75,80.0,4.0,5.0,-3.9375,0,The algorithm converged to the desired accuracy.,0.12916666666666665,7.741935483870969,0.009018975851448743,8.134192540901559e-05
5,3,0.0,1.0,1.75,80.0,4.0,5.0,-3.9375,0,The algorithm converged to the desired accuracy.,0.13125,7.619047619047619,0.009249771046261982,8.555826440826649e-05
5,3,0.0,1.0,1.75,80.0,4.0,5.0,-3.9375,0,The algorithm converged to the desired accuracy.,0.13333333333333333,7.5,0.00948242632179962,8.991640894835827e-05
5,3,0.0,1.0,1.75,80.0,4.0,5.0,-3.9375,0,The algorithm converged to the desired accuracy.,0.13541666666666669,7.384615384615383,0.009716916758541102,9.441847129241692e-05
5,3,0.0,1.0,1.75,80.0,4.0,5.0,-3.9375,0,The algorithm converged to the desired accuracy.,0.1375,7.2727272727272725,0.00995321795035243,9.906654756721785e-05
5,3,0.0,1.0,1.75,80.0,4.0,5.0,-3.9375,0,The algorithm converged to the desired accuracy.,0.13958333333333334,7.164179104477612,0.01019130590883572,0.00010386271612746985
5,3,0.0,1.0,1.75,80.0,4.0,5.0,-3.9375,0,The algorithm converged to the desired accuracy.,0.14166666666666666,7.0588235294117645,0.010431156994211764,0.000108809036237893
5,3,0.0,1.0,1.75,80.0,4.0,5.0,-3.9375,0,The algorithm converged to the desired accuracy.,0.14375,6.9565217391304355,0.010672747931065941,0.00011390754840007232
5,3,0.0,1.0,1.75,80.0,4.0,5.0,-3.9375,0,The algorithm converged to the desired accuracy.,0.14583333333333331,6.857142857142858,0.010916055850633656,0.00011916027533415328
5,3,0.0,1.0,1.75,80.0,4.0,5.0,-3.9375,0,The algorithm converged to the desired accuracy.,0.14791666666666667,6.76056338028169,0.011161058271737937,0.00012456922174512985
5,3,0.0,1.0,1.75,80.0,4.0,5.0,-3.9375,0,The algorithm converged to the desired accuracy.,0.15000000000000002,6.666666666666666,0.011407733046620388,0.00013013637326295488
5,3,0.0,1.0,1.75,80.0,4.0,5.0,-3.9375,0,The algorithm converged to the desired accuracy.,0.15208333333333335,6.575342465753424,0.01165605835883172,0.0001358636964644908
5,3,0.0,1.0,1.75,80.0,4.0,5.0,-3.9375,0,The algorithm converged to the desired accuracy.,0.15416666666666667,6.486486486486486,0.011906012720412756,0.00014175313889863036
5,3,0.0,1.0,1.75,80.0,4.0,5.0,-3.9375,0,The algorithm converged to the desired accuracy.,0.15625,6.4,0.012157574966586756,0.00014780662906817697
5,3,0.0,1.0,1.75,80.0,4.0,5.0,-3.9375,0,The algorithm converged to the desired accuracy.,0.15833333333333333,6.315789473684211,0.012410724248795125,0.0001540260763796313
5,3,0.0,1.0,1.75,80.0,4.0,5.0,-3.9375,0,The algorithm converged to the desired accuracy.,0.16041666666666665,6.233766233766234,0.012665440027818983,0.00016041337109827934
5,3,0.0,1.0,1.75,80.0,4.0,5.0,-3.9375,0,The algorithm converged to the desired accuracy.,0.1625,6.153846153846153,0.012921702065915044,0.00016697038428027314
5,3,0.0,1.0,1.75,80.0,4.0,5.0,-3.9375,0,The algorithm converged to the desired accuracy.,0.16458333333333333,6.075949367088608,0.013179490413307514,0.00017369896755446465
5,3,0.0,1.0,1.75,80.0,4.0,5.0,-3.9375,0,The algorithm converged to the desired accuracy.,0.16666666666666669,5.999999999999999,0.013438785400809174,0.0001806009530490018
5,3,0.0,1.0,1.75,80.0,4.0,5.0,-3.9375,0,The algorithm converged to the desired accuracy.,0.16875,5.925925925925926,0.013699567633500966,0.00018767815334486726
5,3,0.0,1.0,1.75,80.0,4.0,5.0,-3.9375,0,The algorithm converged to the desired accuracy.,0.17083333333333334,5.853658536585366,0.013961817984320175,0.00019493236142728628
5,3,0.0,1.0,1.75,80.0,4.0,5.0,-3.9375,0,The algorithm converged to the desired accuracy.,0.17291666666666666,5.783132530120482,0.014225517587677093,0.0002023653506373103
5,3,0.0,1.0,1.75,80.0,4.0,5.0,-3.9375,0,The algorithm converged to the desired accuracy.,0.175,5.714285714285714,0.014490647833164014,0.00020997887462478093
5,3,0.0,1.0,1.75,80.0,4.0,5.0,-3.9375,0,The algorithm converged to the desired accuracy.,0.17708333333333331,5.647058823529412,0.014757190359372896,0.00021777466730276833
5,3,0.0,1.0,1.75,80.0,4.0,5.0,-3.9375,0,The algorithm converged to the desired accuracy.,0.17916666666666664,5.58139534883721,0.015025127047798157,0.00022575444280247575
5,3,0.0,1.0,1.75,80.0,4.0,5.0,-3.9375,0,The algorithm converged to the desired accuracy.,0.18125000000000002,5.517241379310344,0.015294440016767235,0.00023391989542649092
5,3,0.0,1.0,1.75,80.0,4.0,5.0,-3.9375,0,The algorithm converged to the desired accuracy.,0.18333333333333335,5.454545454545454,0.015565111615312563,0.00024227269959713806
5,3,0.0,1.0,1.75,80.0,4.0,5.0,-3.9375,0,The algorithm converged to the desired accuracy.,0.18541666666666667,5.393258426966292,0.01583712441751579,0.0002508145098158749
5,3,0.0,1.0,1.75,80.0,4.0,5.0,-3.9375,0,The algorithm converged to the desired accuracy.,0.1875,5.333333333333333,0.016110461222019763,0.00025954696078620254
5,3,0.0,1.0,1.75,80.0,4.0,5.0,-3.9375,0,The algorithm converged to the desired accuracy.,0.18958333333333333,5.274725274725275,0.016385105047902655,0.00026847166743080507
5,3,0.0,1.0,1.75,80.0,4.0,5.0,-3.9375,0,The algorithm converged to the desired accuracy.,0.19166666666666665,5.217391304347826,0.016661039128428822,0.00027759022483903625
5,3,0.0,1.0,1.75,80.0,4.0,5.0,-3.9375,0,The algorithm converged to the desired accuracy.,0.19374999999999998,5.161290322580646,0.016938246905707284,0.00028690420823870237
5,3,0.0,1.0,1.75,80.0,4.0,5.0,-3.9375,0,The algorithm converged to the desired accuracy.,0.19583333333333336,5.106382978723404,0.017216712024683816,0.0002964151729408923
5,3,0.0,1.0,1.75,80.0,4.0,5.0,-3.9375,0,The algorithm converged to the desired accuracy.,0.19791666666666669,5.052631578947368,0.017496418326250516,0.0003061246542471549
5,3,0.0,1.0,1.75,80.0,4.0,5.0,-3.9375,0,The algorithm converged to the desired accuracy.,0.2,5.0,0.017777349839255874,0.0003160341673072909
5,3,0.0,1.0,1.75,80.0,4.0,5.0,-3.9375,0,The algorithm converged to the desired accuracy.,0.20208333333333334,4.948453608247423,0.01805949077119048,0.0003261452069147141
5,3,0.0,1.0,1.75,80.0,4.0,5.0,-3.9375,0,The algorithm converged to the desired accuracy.,0.20416666666666666,4.8979591836734695,0.0183428255133279,0.000336459247812393
5,3,0.0,1.0,1.75,80.0,4.0,5.0,-3.9375,0,The algorithm converged to the desired accuracy.,0.20625,4.848484848484849,0.018627338679204783,0.0003469777462697986
5,3,0.0,1.0,1.75,80.0,4.0,5.0,-3.9375,0,The algorithm converged to the desired accuracy.,0.20833333333333331,4.800000000000001,0.018913015067810547,0.0003577021389552288
5,3,0.0,1.0,1.75,80.0,4.0,5.0,-3.9375,0,The algorithm converged to the desired accuracy.,0.21041666666666664,4.752475247524753,0.019199839642197472,0.0003686338422860976
5,3,0.0,1.0,1.75,80.0,4.0,5.0,-3.9375,0,The algorithm converged to the desired accuracy.,0.21250000000000002,4.705882352941176,0.01948779751558275,0.00037977425200835324
5,3,0.0,1.0,1.75,80.0,4.0,5.0,-3.9375,0,The algorithm converged to the desired accuracy.,0.21458333333333335,4.660194174757281,0.019776873937606052,0.0003911247427439615
5,3,0.0,1.0,1.75,80.0,4.0,5.0,-3.9375,0,The algorithm converged to the desired accuracy.,0.21666666666666667,4.615384615384615,0.020067054359261954,0.0004026866706575742
5,3,0.0,1.0,1.75,80.0,4.0,5.0,-3.9375,0,The algorithm converged to the desired accuracy.,0.21875,4.571428571428571,0.02035832445595316,0.0004144613746538606
5,3,0.0,1.0,1.75,80.0,4.0,5.0,-3.9375,0,The algorithm converged to the desired accuracy.,0.22083333333333333,4.528301886792453,0.020650670035518404,0.00042645017291585767
5,3,0.0,1.0,1.75,80.0,4.0,5.0,-3.9375,0,The algorithm converged to the desired accuracy.,0.22291666666666665,4.4859813084112155,0.020944077011320523,0.0004386543618561248
5,3,0.0,1.0,1.75,80.0,4.0,5.0,-3.9375,0,The algorithm converged to the desired accuracy.,0.22499999999999998,4.444444444444445,0.021238531409941294,0.0004510752164510629
5,3,0.0,1.0,1.75,80.0,4.0,5.0,-3.9375,0,The algorithm converged to the desired accuracy.,0.22708333333333336,4.403669724770642,0.021534019527906383,0.00046371399702825345
5,3,0.0,1.0,1.75,80.0,4.0,5.0,-3.9375,0,The algorithm converged to the desired accuracy.,0.22916666666666669,4.363636363636363,0.021830527821059948,0.0004765719449460724
5,3,0.0,1.0,1.75,80.0,4.0,5.0,-3.9375,0,The algorithm converged to the desired accuracy.,0.23125,4.324324324324324,0.022128042809569124,0.0004896502785821238
5,3,0.0,1.0,1.75,80.0,4.0,5.0,-3.9375,0,The algorithm converged to the desired accuracy.,0.23333333333333334,4.285714285714286,0.022426551089147276,0.0005029501937541329
5,3,0.0,1.0,1.75,80.0,4.0,5.0,-3.9375,0,The algorithm converged to the desired accuracy.,0.23541666666666666,4.247787610619469,0.022726039555506457,0.0005164728738784441
5,3,0.0,1.0,1.75,80.0,4.0,5.0,-3.9375,0,The algorithm converged to the desired accuracy.,0.2375,4.2105263157894735,0.02302649524547331,0.0005302194832898049
5,3,0.0,1.0,1.75,80.0,4.0,5.0,-3.9375,0,The algorithm converged to the desired accuracy.,0.23958333333333331,4.173913043478261,0.02332790520006959,0.0005441911610234338
5,3,0.0,1.0,1.75,80.0,4.0,5.0,-3.9375,0,The algorithm converged to the desired accuracy.,0.24166666666666664,4.137931034482759,0.023630256590970424,0.0005583890265551012
5,3,0.0,1.0,1.75,80.0,4.0,5.0,-3.9375,0,The algorithm converged to the desired accuracy.,0.24375000000000002,4.102564102564102,0.023933536917176555,0.000572814189365853
5,3,0.0,1.0,1.75,80.0,4.0,5.0,-3.9375,0,The algorithm converged to the desired accuracy.,0.24583333333333335,4.067796610169491,0.024237733689335413,0.0005874677343951448
5,3,0.0,1.0,1.75,80.0,4.0,5.0,-3.9375,0,The algorithm converged to the desired accuracy.,0.24791666666666667,4.033613445378151,0.024542834406167967,0.0006023507206885821
5,3,0.0,1.0,1.75,80.0,4.0,5.0,-3.9375,0,The algorithm converged to the desired accuracy.,0.25,4.0,0.024848826926665672,0.000617464199631385
5,3,0.0,1.0,1.75,80.0,4.0,5.0,-3.9375,0,The algorithm converged to the desired accuracy.,0.2520833333333333,3.9669421487603307,0.02515569920399541,0.0006328092024418954
5,3,0.0,1.0,1.75,80.0,4.0,5.0,-3.9375,0,The algorithm converged to the desired accuracy.,0.25416666666666665,3.934426229508197,0.025463439098818617,0.0006483867307392446
5,3,0.0,1.0,1.75,80.0,4.0,5.0,-3.9375,0,The algorithm converged to the desired accuracy.,0.25625,3.9024390243902443,0.025772034802861086,0.0006641977778798831
5,3,0.0,1.0,1.75,80.0,4.0,5.0,-3.9375,0,The algorithm converged to the desired accuracy.,0.25833333333333336,3.8709677419354835,0.026081474668249817,0.0006802433208705569
5,3,0.0,1.0,1.75,80.0,4.0,5.0,-3.9375,0,The algorithm converged to the desired accuracy.,0.2604166666666667,3.84,0.026391746899709283,0.0006965243044183146
5,3,0.0,1.0,1.75,80.0,4.0,5.0,-3.9375,0,The algorithm converged to the desired accuracy.,0.2625,3.8095238095238093,0.026702840049250127,0.0007130416666958365
5,3,0.0,1.0,1.75,80.0,4.0,5.0,-3.9375,0,The algorithm converged to the desired accuracy.,0.26458333333333334,3.779527559055118,0.0270147428150356,0.0007297963293625175
5,3,0.0,1.0,1.75,80.0,4.0,5.0,-3.9375,0,The algorithm converged to the desired accuracy.,0.26666666666666666,3.75,0.02732744371863817,0.0007467891801953367
5,3,0.0,1.0,1.75,80.0,4.0,5.0,-3.9375,0,The algorithm converged to the desired accuracy.,0.26875,3.7209302325581395,0.027640931710861714,0.0007640211058445207
5,3,0.0,1.0,1.75,80.0,4.0,5.0,-3.9375,0,The algorithm converged to the desired accuracy.,0.2708333333333333,3.6923076923076925,0.027955195764323162,0.0007814929702216317
5,3,0.0,1.0,1.75,80.0,4.0,5.0,-3.9375,0,The algorithm converged to the desired accuracy.,0.27291666666666664,3.6641221374045805,0.02827022473185566,0.0007992056063896234
5,3,0.0,1.0,1.75,80.0,4.0,5.0,-3.9375,0,The algorithm converged to the desired accuracy.,0.275,3.6363636363636362,0.028586007967315294,0.0008171598515074134
5,3,0.0,1.0,1.75,80.0,4.0,5.0,-3.9375,0,The algorithm converged to the desired accuracy.,0.27708333333333335,3.6090225563909772,0.02890253462742254,0.000835356507889359
5,3,0.0,1.0,1.75,80.0,4.0,5.0,-3.9375,0,The algorithm converged to the desired accuracy.,0.2791666666666667,3.582089552238806,0.029219794004072288,0.0008537963616404189
5,3,0.0,1.0,1.75,80.0,4.0,5.0,-3.9375,0,The algorithm converged to the desired accuracy.,0.28125,3.5555555555555554,0.029537775743370825,0.0008724801958656659
5,3,0.0,1.0,1.75,80.0,4.0,5.0,-3.9375,0,The algorithm converged to the desired accuracy.,0.2833333333333333,3.5294117647058822,0.029856469175826027,0.0008914087516470497
5,3,0.0,1.0,1.75,80.0,4.0,5.0,-3.9375,0,The algorithm converged to the desired accuracy.,0.28541666666666665,3.5036496350364965,0.030175864127180645,0.0009105827758220677
5,3,0.0,1.0,1.75,80.0,4.0,5.0,-3.9375,0,The algorithm converged to the desired accuracy.,0.2875,3.4782608695652177,0.03049595032733634,0.0009300029863673654
5,3,0.0,1.0,1.75,80.0,4.0,5.0,-3.9375,0,The algorithm converged to the desired accuracy.,0.28958333333333336,3.4532374100719423,0.030816717511937528,0.0009496700782105571
5,3,0.0,1.0,1.75,80.0,4.0,5.0,-3.9375,0,The algorithm converged to the desired accuracy.,0.2916666666666667,3.4285714285714284,0.031138155850788687,0.0009695847497880057
5,3,0.0,1.0,1.75,80.0,4.0,5.0,-3.9375,0,The algorithm converged to the desired accuracy.,0.29375,3.404255319148936,0.0314602551350012,0.0009897476531593693
5,3,0.0,1.0,1.75,80.0,4.0,5.0,-3.9375,0,The algorithm converged to the desired accuracy.,0.29583333333333334,3.380281690140845,0.03178300571772821,0.0010101594524531442
5,3,0.0,1.0,1.75,80.0,4.0,5.0,-3.9375,0,The algorithm converged to the desired accuracy.,0.29791666666666666,3.3566433566433567,0.032106397718750075,0.00103082077447456
5,3,0.0,1.0,1.75,80.0,4.0,5.0,-3.9375,0,The algorithm converged to the desired accuracy.,0.3,3.3333333333333335,0.032430421451788524,0.0010517322355406253
5,3,0.0,1.0,2.0,80.0,4.0,5.0,-4.0,0,The algorithm converged to the desired accuracy.,0.05,20.0,0.000726848899643712,5.283093229132749e-07
5,3,0.0,1.0,2.0,80.0,4.0,5.0,-4.0,0,The algorithm converged to the desired accuracy.,0.052083333333333336,19.2,0.0007799539873466157,6.083282223778847e-07
5,3,0.0,1.0,2.0,80.0,4.0,5.0,-4.0,0,The algorithm converged to the desired accuracy.,0.05416666666666667,18.46153846153846,0.0008345288269813964,6.964383630629455e-07
5,3,0.0,1.0,2.0,80.0,4.0,5.0,-4.0,0,The algorithm converged to the desired accuracy.,0.05625,17.77777777777778,0.000890546589119337,7.930732273920851e-07
5,3,0.0,1.0,2.0,80.0,4.0,5.0,-4.0,0,The algorithm converged to the desired accuracy.,0.058333333333333334,17.142857142857142,0.0009479814581437399,8.986688449843313e-07
5,3,0.0,1.0,2.0,80.0,4.0,5.0,-4.0,0,The algorithm converged to the desired accuracy.,0.06041666666666667,16.551724137931036,0.0010068085570900905,1.01366347062983e-06
5,3,0.0,1.0,2.0,80.0,4.0,5.0,-4.0,0,The algorithm converged to the desired accuracy.,0.0625,16.0,0.0010670038803248395,1.1384972806282643e-06
5,3,0.0,1.0,2.0,80.0,4.0,5.0,-4.0,0,The algorithm converged to the desired accuracy.,0.06458333333333334,15.483870967741934,0.0011285442404438957,1.2736121026390894e-06
5,3,0.0,1.0,2.0,80.0,4.0,5.0,-4.0,0,The algorithm converged to the desired accuracy.,0.06666666666666667,15.0,0.0011914072229700136,1.4194511709451196e-06
5,3,0.0,1.0,2.0,80.0,4.0,5.0,-4.0,0,The algorithm converged to the desired accuracy.,0.06875,14.545454545454545,0.0012555711030134491,1.5764587947224093e-06
5,3,0.0,1.0,2.0,80.0,4.0,5.0,-4.0,0,The algorithm converged to the desired accuracy.,0.07083333333333333,14.117647058823529,0.0013210148528949395,1.7450802415690387e-06
5,3,0.0,1.0,2.0,80.0,4.0,5.0,-4.0,0,The algorithm converged to the desired accuracy.,0.07291666666666667,13.714285714285714,0.0013877180466363582,1.9257613769602295e-06
5,3,0.0,1.0,2.0,80.0,4.0,5.0,-4.0,0,The algorithm converged to the desired accuracy.,0.07500000000000001,13.333333333333332,0.001455660883702589,2.1189486083418027e-06
5,3,0.0,1.0,2.0,80.0,4.0,5.0,-4.0,0,The algorithm converged to the desired accuracy.,0.07708333333333334,12.972972972972972,0.0015248240981912027,2.3250885304246147e-06
5,3,0.0,1.0,2.0,80.0,4.0,5.0,-4.0,0,The algorithm converged to the desired accuracy.,0.07916666666666666,12.631578947368421,0.0015951889577912317,2.5446278110590762e-06
5,3,0.0,1.0,2.0,80.0,4.0,5.0,-4.0,0,The algorithm converged to the desired accuracy.,0.08125,12.307692307692307,0.0016667372428037768,2.778013036549136e-06
5,3,0.0,1.0,2.0,80.0,4.0,5.0,-4.0,0,The algorithm converged to the desired accuracy.,0.08333333333333334,11.999999999999998,0.0017394512040210263,3.025690491170198e-06
5,3,0.0,1.0,2.0,80.0,4.0,5.0,-4.0,0,The algorithm converged to the desired accuracy.,0.08541666666666667,11.707317073170731,0.0018133135421935212,3.2881060023024148e-06
5,3,0.0,1.0,2.0,80.0,4.0,5.0,-4.0,0,The algorithm converged to the desired accuracy.,0.0875,11.428571428571429,0.0018883073879425818,3.565704791358536e-06
5,3,0.0,1.0,2.0,80.0,4.0,5.0,-4.0,0,The algorithm converged to the desired accuracy.,0.08958333333333333,11.162790697674419,0.001964416281548327,3.858931327212155e-06
5,3,0.0,1.0,2.0,80.0,4.0,5.0,-4.0,0,The algorithm converged to the desired accuracy.,0.09166666666666667,10.909090909090908,0.0020416241534996493,4.16822918415316e-06
5,3,0.0,1.0,2.0,80.0,4.0,5.0,-4.0,0,The algorithm converged to the desired accuracy.,0.09375,10.666666666666666,0.0021199153049383406,4.494040900111818e-06
5,3,0.0,1.0,2.0,80.0,4.0,5.0,-4.0,0,The algorithm converged to the desired accuracy.,0.09583333333333333,10.434782608695652,0.0021992743870083526,4.836807829350965e-06
5,3,0.0,1.0,2.0,80.0,4.0,5.0,-4.0,0,The algorithm converged to the desired accuracy.,0.09791666666666667,10.212765957446809,0.0022796863964372033,5.196970066100842e-06
5,3,0.0,1.0,2.0,80.0,4.0,5.0,-4.0,0,The algorithm converged to the desired accuracy.,0.1,10.0,0.0023611366664440924,5.574966357626721e-06
5,3,0.0,1.0,2.0,80.0,4.0,5.0,-4.0,0,The algorithm converged to the desired accuracy.,0.10208333333333333,9.795918367346939,0.0024436108331605654,5.9712339039396725e-06
5,3,0.0,1.0,2.0,80.0,4.0,5.0,-4.0,0,The algorithm converged to the desired accuracy.,0.10416666666666667,9.6,0.002527094807973456,6.3862081684863984e-06
5,3,0.0,1.0,2.0,80.0,4.0,5.0,-4.0,0,The algorithm converged to the desired accuracy.,0.10625000000000001,9.411764705882351,0.002611574831180543,6.8203230988556815e-06
5,3,0.0,1.0,2.0,80.0,4.0,5.0,-4.0,0,The algorithm converged to the desired accuracy.,0.10833333333333334,9.23076923076923,0.0026970374017414637,7.274010746392346e-06
5,3,0.0,1.0,2.0,80.0,4.0,5.0,-4.0,0,The algorithm converged to the desired accuracy.,0.11041666666666666,9.056603773584905,0.002783469256925092,7.747701104247125e-06
5,3,0.0,1.0,2.0,80.0,4.0,5.0,-4.0,0,The algorithm converged to the desired accuracy.,0.1125,8.88888888888889,0.002870857451206455,8.241822505147624e-06
5,3,0.0,1.0,2.0,80.0,4.0,5.0,-4.0,0,The algorithm converged to the desired accuracy.,0.11458333333333333,8.727272727272728,0.0029591892054286915,8.756800753525691e-06
5,3,0.0,1.0,2.0,80.0,4.0,5.0,-4.0,0,The algorithm converged to the desired accuracy.,0.11666666666666667,8.571428571428571,0.0030484520646542573,9.293059990494804e-06
5,3,0.0,1.0,2.0,80.0,4.0,5.0,-4.0,0,The algorithm converged to the desired accuracy.,0.11875000000000001,8.421052631578947,0.0031386337126534398,9.851021582204715e-06
5,3,0.0,1.0,2.0,80.0,4.0,5.0,-4.0,0,The algorithm converged to the desired accuracy.,0.12083333333333333,8.275862068965518,0.0032297221425348723,1.0431105117980046e-05
5,3,0.0,1.0,2.0,80.0,4.0,5.0,-4.0,0,The algorithm converged to the desired accuracy.,0.12291666666666667,8.135593220338983,0.003321705483449185,1.1033727318776384e-05
5,3,0.0,1.0,2.0,80.0,4.0,5.0,-4.0,0,The algorithm converged to the desired accuracy.,0.125,8.0,0.003414572119906152,1.1659302762040393e-05
5,3,0.0,1.0,2.0,80.0,4.0,5.0,-4.0,0,The algorithm converged to the desired accuracy.,0.12708333333333333,7.868852459016394,0.003508310632918865,1.2308243497051567e-05
5,3,0.0,1.0,2.0,80.0,4.0,5.0,-4.0,0,The algorithm converged to the desired accuracy.,0.12916666666666665,7.741935483870969,0.003602909748781846,1.2980958657867264e-05
5,3,0.0,1.0,2.0,80.0,4.0,5.0,-4.0,0,The algorithm converged to the desired accuracy.,0.13125,7.619047619047619,0.0036983584458779393,1.3677855194196686e-05
5,3,0.0,1.0,2.0,80.0,4.0,5.0,-4.0,0,The algorithm converged to the desired accuracy.,0.13333333333333333,7.5,0.00379464585603347,1.4399337172711985e-05
5,3,0.0,1.0,2.0,80.0,4.0,5.0,-4.0,0,The algorithm converged to the desired accuracy.,0.13541666666666669,7.384615384615383,0.0038917612565300794,1.5145805677828582e-05
5,3,0.0,1.0,2.0,80.0,4.0,5.0,-4.0,0,The algorithm converged to the desired accuracy.,0.1375,7.2727272727272725,0.003989694133537241,1.591765927918148e-05
5,3,0.0,1.0,2.0,80.0,4.0,5.0,-4.0,0,The algorithm converged to the desired accuracy.,0.13958333333333334,7.164179104477612,0.004088434141759141,1.6715293731501804e-05
5,3,0.0,1.0,2.0,80.0,4.0,5.0,-4.0,0,The algorithm converged to the desired accuracy.,0.14166666666666666,7.0588235294117645,0.004187971075355719,1.7539101728016133e-05
5,3,0.0,1.0,2.0,80.0,4.0,5.0,-4.0,0,The algorithm converged to the desired accuracy.,0.14375,6.9565217391304355,0.004288294875300406,1.8389472937527722e-05
5,3,0.0,1.0,2.0,80.0,4.0,5.0,-4.0,0,The algorithm converged to the desired accuracy.,0.14583333333333331,6.857142857142858,0.00438939564815495,1.9266794156041613e-05
5,3,0.0,1.0,2.0,80.0,4.0,5.0,-4.0,0,The algorithm converged to the desired accuracy.,0.14791666666666667,6.76056338028169,0.004491263658440575,2.017144924962902e-05
5,3,0.0,1.0,2.0,80.0,4.0,5.0,-4.0,0,The algorithm converged to the desired accuracy.,0.15000000000000002,6.666666666666666,0.004593889305828077,2.1103818954201567e-05
5,3,0.0,1.0,2.0,80.0,4.0,5.0,-4.0,0,The algorithm converged to the desired accuracy.,0.15208333333333335,6.575342465753424,0.004697263124703848,2.206428086270256e-05
5,3,0.0,1.0,2.0,80.0,4.0,5.0,-4.0,0,The algorithm converged to the desired accuracy.,0.15416666666666667,6.486486486486486,0.004801375783409375,2.305320941350999e-05
5,3,0.0,1.0,2.0,80.0,4.0,5.0,-4.0,0,The algorithm converged to the desired accuracy.,0.15625,6.4,0.004906218082386294,2.4070975871934248e-05
5,3,0.0,1.0,2.0,80.0,4.0,5.0,-4.0,0,The algorithm converged to the desired accuracy.,0.15833333333333333,6.315789473684211,0.00501178095158477,2.511794830666794e-05
5,3,0.0,1.0,2.0,80.0,4.0,5.0,-4.0,0,The algorithm converged to the desired accuracy.,0.16041666666666665,6.233766233766234,0.005118055447886524,2.6194491567640925e-05
5,3,0.0,1.0,2.0,80.0,4.0,5.0,-4.0,0,The algorithm converged to the desired accuracy.,0.1625,6.153846153846153,0.0052250327520829455,2.730096726033948e-05
5,3,0.0,1.0,2.0,80.0,4.0,5.0,-4.0,0,The algorithm converged to the desired accuracy.,0.16458333333333333,6.075949367088608,0.005332704163392893,2.8437733694267893e-05
5,3,0.0,1.0,2.0,80.0,4.0,5.0,-4.0,0,The algorithm converged to the desired accuracy.,0.16666666666666669,5.999999999999999,0.005441061096605028,2.9605145856988714e-05
5,3,0.0,1.0,2.0,80.0,4.0,5.0,-4.0,0,The algorithm converged to the desired accuracy.,0.16875,5.925925925925926,0.005550095079660187,3.080355539326822e-05
5,3,0.0,1.0,2.0,80.0,4.0,5.0,-4.0,0,The algorithm converged to the desired accuracy.,0.17083333333333334,5.853658536585366,0.005659797751177843,3.2033310584237775e-05
5,3,0.0,1.0,2.0,80.0,4.0,5.0,-4.0,0,The algorithm converged to the desired accuracy.,0.17291666666666666,5.783132530120482,0.005770160857979206,3.3294756326955326e-05
5,3,0.0,1.0,2.0,80.0,4.0,5.0,-4.0,0,The algorithm converged to the desired accuracy.,0.175,5.714285714285714,0.005881176252635342,3.458823411456188e-05
5,3,0.0,1.0,2.0,80.0,4.0,5.0,-4.0,0,The algorithm converged to the desired accuracy.,0.17708333333333331,5.647058823529412,0.005992835891048154,3.591408201703492e-05
5,3,0.0,1.0,2.0,80.0,4.0,5.0,-4.0,0,The algorithm converged to the desired accuracy.,0.17916666666666664,5.58139534883721,0.006105131830054788,3.727263466234812e-05
5,3,0.0,1.0,2.0,80.0,4.0,5.0,-4.0,0,The algorithm converged to the desired accuracy.,0.18125000000000002,5.517241379310344,0.00621805622503125,3.8664223217649884e-05
5,3,0.0,1.0,2.0,80.0,4.0,5.0,-4.0,0,The algorithm converged to the desired accuracy.,0.18333333333333335,5.454545454545454,0.006331601327458452,4.0089175369873634e-05
5,3,0.0,1.0,2.0,80.0,4.0,5.0,-4.0,0,The algorithm converged to the desired accuracy.,0.18541666666666667,5.393258426966292,0.006445759482681472,4.154781530857812e-05
5,3,0.0,1.0,2.0,80.0,4.0,5.0,-4.0,0,The algorithm converged to the desired accuracy.,0.1875,5.333333333333333,0.006560523129898296,4.304046373793053e-05
5,3,0.0,1.0,2.0,80.0,4.0,5.0,-4.0,0,The algorithm converged to the desired accuracy.,0.18958333333333333,5.274725274725275,0.006675884800562891,4.456743787038663e-05
5,3,0.0,1.0,2.0,80.0,4.0,5.0,-4.0,0,The algorithm converged to the desired accuracy.,0.19166666666666665,5.217391304347826,0.006791837115860034,4.612905140837394e-05
5,3,0.0,1.0,2.0,80.0,4.0,5.0,-4.0,0,The algorithm converged to the desired accuracy.,0.19374999999999998,5.161290322580646,0.006908372784563329,4.772561453049528e-05
5,3,0.0,1.0,2.0,80.0,4.0,5.0,-4.0,0,The algorithm converged to the desired accuracy.,0.19583333333333336,5.106382978723404,0.007025484600594997,4.935743387319744e-05
5,3,0.0,1.0,2.0,80.0,4.0,5.0,-4.0,0,The algorithm converged to the desired accuracy.,0.19791666666666669,5.052631578947368,0.007143165440193429,5.102481250597379e-05
5,3,0.0,1.0,2.0,80.0,4.0,5.0,-4.0,0,The algorithm converged to the desired accuracy.,0.2,5.0,0.0072614082585939965,5.2728049897977095e-05
5,3,0.0,1.0,2.0,80.0,4.0,5.0,-4.0,0,The algorithm converged to the desired accuracy.,0.20208333333333334,4.948453608247423,0.007380206086124978,5.446744187367617e-05
5,3,0.0,1.0,2.0,80.0,4.0,5.0,-4.0,0,The algorithm converged to the desired accuracy.,0.20416666666666666,4.8979591836734695,0.007499552030574185,5.6243280659289385e-05
5,3,0.0,1.0,2.0,80.0,4.0,5.0,-4.0,0,The algorithm converged to the desired accuracy.,0.20625,4.848484848484849,0.007619439294034992,5.8055855155484456e-05
5,3,0.0,1.0,2.0,80.0,4.0,5.0,-4.0,0,The algorithm converged to the desired accuracy.,0.20833333333333331,4.800000000000001,0.007739861157056342,5.990545073050953e-05
5,3,0.0,1.0,2.0,80.0,4.0,5.0,-4.0,0,The algorithm converged to the desired accuracy.,0.21041666666666664,4.752475247524753,0.0078608109694716,6.179234909776503e-05
5,3,0.0,1.0,2.0,80.0,4.0,5.0,-4.0,0,The algorithm converged to the desired accuracy.,0.21250000000000002,4.705882352941176,0.00798228214446553,6.371682823385322e-05
5,3,0.0,1.0,2.0,80.0,4.0,5.0,-4.0,0,The algorithm converged to the desired accuracy.,0.21458333333333335,4.660194174757281,0.008104268152697856,6.567916229083272e-05
5,3,0.0,1.0,2.0,80.0,4.0,5.0,-4.0,0,The algorithm converged to the desired accuracy.,0.21666666666666667,4.615384615384615,0.00822676255063512,6.767962206453245e-05
5,3,0.0,1.0,2.0,80.0,4.0,5.0,-4.0,0,The algorithm converged to the desired accuracy.,0.21875,4.571428571428571,0.008349758990690643,6.971847520261922e-05
5,3,0.0,1.0,2.0,80.0,4.0,5.0,-4.0,0,The algorithm converged to the desired accuracy.,0.22083333333333333,4.528301886792453,0.008473251181340515,7.179598558208843e-05
5,3,0.0,1.0,2.0,80.0,4.0,5.0,-4.0,0,The algorithm converged to the desired accuracy.,0.22291666666666665,4.4859813084112155,0.008597232875492066,7.391241311544157e-05
5,3,0.0,1.0,2.0,80.0,4.0,5.0,-4.0,0,The algorithm converged to the desired accuracy.,0.22499999999999998,4.444444444444445,0.008721697873898844,7.606801380357163e-05
5,3,0.0,1.0,2.0,80.0,4.0,5.0,-4.0,0,The algorithm converged to the desired accuracy.,0.22708333333333336,4.403669724770642,0.008846640093450667,7.826304094304882e-05
5,3,0.0,1.0,2.0,80.0,4.0,5.0,-4.0,0,The algorithm converged to the desired accuracy.,0.22916666666666669,4.363636363636363,0.008972053519140495,8.049774435032134e-05
5,3,0.0,1.0,2.0,80.0,4.0,5.0,-4.0,0,The algorithm converged to the desired accuracy.,0.23125,4.324324324324324,0.00909793216278409,8.277236963862118e-05
5,3,0.0,1.0,2.0,80.0,4.0,5.0,-4.0,0,The algorithm converged to the desired accuracy.,0.23333333333333334,4.285714285714286,0.009224270067947054,8.508715828642395e-05
5,3,0.0,1.0,2.0,80.0,4.0,5.0,-4.0,0,The algorithm converged to the desired accuracy.,0.23541666666666666,4.247787610619469,0.009351061407761182,8.744234945172052e-05
5,3,0.0,1.0,2.0,80.0,4.0,5.0,-4.0,0,The algorithm converged to the desired accuracy.,0.2375,4.2105263157894735,0.009478300415834908,8.98381787728162e-05
5,3,0.0,1.0,2.0,80.0,4.0,5.0,-4.0,0,The algorithm converged to the desired accuracy.,0.23958333333333331,4.173913043478261,0.009605981326660747,9.227487724815495e-05
5,3,0.0,1.0,2.0,80.0,4.0,5.0,-4.0,0,The algorithm converged to the desired accuracy.,0.24166666666666664,4.137931034482759,0.009734098430739373,9.475267225932273e-05
5,3,0.0,1.0,2.0,80.0,4.0,5.0,-4.0,0,The algorithm converged to the desired accuracy.,0.24375000000000002,4.102564102564102,0.009862646160360757,9.727178928447878e-05
5,3,0.0,1.0,2.0,80.0,4.0,5.0,-4.0,0,The algorithm converged to the desired accuracy.,0.24583333333333335,4.067796610169491,0.009991618952122874,9.9832449284421e-05
5,3,0.0,1.0,2.0,80.0,4.0,5.0,-4.0,0,The algorithm converged to the desired accuracy.,0.24791666666666667,4.033613445378151,0.010121011236662592,0.00010243486845265044
5,3,0.0,1.0,2.0,80.0,4.0,5.0,-4.0,0,The algorithm converged to the desired accuracy.,0.25,4.0,0.010250817600965247,0.0001050792614882589
5,3,0.0,1.0,2.0,80.0,4.0,5.0,-4.0,0,The algorithm converged to the desired accuracy.,0.2520833333333333,3.9669421487603307,0.010381032672446902,0.00010776583934641007
5,3,0.0,1.0,2.0,80.0,4.0,5.0,-4.0,0,The algorithm converged to the desired accuracy.,0.25416666666666665,3.934426229508197,0.01051165103756327,0.00011049480753550498
5,3,0.0,1.0,2.0,80.0,4.0,5.0,-4.0,0,The algorithm converged to the desired accuracy.,0.25625,3.9024390243902443,0.0106426674265701,0.00011326636995257623
5,3,0.0,1.0,2.0,80.0,4.0,5.0,-4.0,0,The algorithm converged to the desired accuracy.,0.25833333333333336,3.8709677419354835,0.010774076639177295,0.00011608072742686591
5,3,0.0,1.0,2.0,80.0,4.0,5.0,-4.0,0,The algorithm converged to the desired accuracy.,0.2604166666666667,3.84,0.010905873410288648,0.00011893807484124096
5,3,0.0,1.0,2.0,80.0,4.0,5.0,-4.0,0,The algorithm converged to the desired accuracy.,0.2625,3.8095238095238093,0.011038052625856897,0.00012183860577118634
5,3,0.0,1.0,2.0,80.0,4.0,5.0,-4.0,0,The algorithm converged to the desired accuracy.,0.26458333333333334,3.779527559055118,0.011170609235207591,0.0001247825106857051
5,3,0.0,1.0,2.0,80.0,4.0,5.0,-4.0,0,The algorithm converged to the desired accuracy.,0.26666666666666666,3.75,0.011303538110194853,0.00012776997380862745
5,3,0.0,1.0,2.0,80.0,4.0,5.0,-4.0,0,The algorithm converged to the desired accuracy.,0.26875,3.7209302325581395,0.011436834309652814,0.00013080117902645175
5,3,0.0,1.0,2.0,80.0,4.0,5.0,-4.0,0,The algorithm converged to the desired accuracy.,0.2708333333333333,3.6923076923076925,0.011570492901630166,0.00013387630598667407
5,3,0.0,1.0,2.0,80.0,4.0,5.0,-4.0,0,The algorithm converged to the desired accuracy.,0.27291666666666664,3.6641221374045805,0.011704508901560015,0.00013699552862669762
5,3,0.0,1.0,2.0,80.0,4.0,5.0,-4.0,0,The algorithm converged to the desired accuracy.,0.275,3.6363636363636362,0.01183887754337073,0.00014015902148692777
5,3,0.0,1.0,2.0,80.0,4.0,5.0,-4.0,0,The algorithm converged to the desired accuracy.,0.27708333333333335,3.6090225563909772,0.011973593974672677,0.00014336695267031785
5,3,0.0,1.0,2.0,80.0,4.0,5.0,-4.0,0,The algorithm converged to the desired accuracy.,0.2791666666666667,3.582089552238806,0.012108653401872537,0.00014661948720667937
5,3,0.0,1.0,2.0,80.0,4.0,5.0,-4.0,0,The algorithm converged to the desired accuracy.,0.28125,3.5555555555555554,0.012244051185915624,0.0001499167894433218
5,3,0.0,1.0,2.0,80.0,4.0,5.0,-4.0,0,The algorithm converged to the desired accuracy.,0.2833333333333333,3.5294117647058822,0.012379782549703178,0.0001532590159779353
5,3,0.0,1.0,2.0,80.0,4.0,5.0,-4.0,0,The algorithm converged to the desired accuracy.,0.28541666666666665,3.5036496350364965,0.012515842932347199,0.00015664632430718533
5,3,0.0,1.0,2.0,80.0,4.0,5.0,-4.0,0,The algorithm converged to the desired accuracy.,0.2875,3.4782608695652177,0.012652227730973855,0.0001600788665564238
5,3,0.0,1.0,2.0,80.0,4.0,5.0,-4.0,0,The algorithm converged to the desired accuracy.,0.28958333333333336,3.4532374100719423,0.012788932345096114,0.0001635567905274456
5,3,0.0,1.0,2.0,80.0,4.0,5.0,-4.0,0,The algorithm converged to the desired accuracy.,0.2916666666666667,3.4285714285714284,0.012925952363900392,0.00016708024451382212
5,3,0.0,1.0,2.0,80.0,4.0,5.0,-4.0,0,The algorithm converged to the desired accuracy.,0.29375,3.404255319148936,0.013063283210982567,0.000170649368250339
5,3,0.0,1.0,2.0,80.0,4.0,5.0,-4.0,0,The algorithm converged to the desired accuracy.,0.29583333333333334,3.380281690140845,0.013200920555575127,0.00017426430351460593
5,3,0.0,1.0,2.0,80.0,4.0,5.0,-4.0,0,The algorithm converged to the desired accuracy.,0.29791666666666666,3.3566433566433567,0.013338859964870125,0.00017792518516241502
5,3,0.0,1.0,2.0,80.0,4.0,5.0,-4.0,0,The algorithm converged to the desired accuracy.,0.3,3.3333333333333335,0.013477097090829894,0.0001816321459956556
5,3,0.0,1.0,2.25,80.0,4.0,5.0,-3.9375,0,The algorithm converged to the desired accuracy.,0.05,20.0,0.000216165368301218,4.672746645280122e-08
5,3,0.0,1.0,2.25,80.0,4.0,5.0,-3.9375,0,The algorithm converged to the desired accuracy.,0.052083333333333336,19.2,0.00023127503353832793,5.348814113815471e-08
5,3,0.0,1.0,2.25,80.0,4.0,5.0,-3.9375,0,The algorithm converged to the desired accuracy.,0.05416666666666667,18.46153846153846,0.0002467637609252061,6.089235370595226e-08
5,3,0.0,1.0,2.25,80.0,4.0,5.0,-3.9375,0,The algorithm converged to the desired accuracy.,0.05625,17.77777777777778,0.00026262393099788493,6.897132913278183e-08
5,3,0.0,1.0,2.25,80.0,4.0,5.0,-3.9375,0,The algorithm converged to the desired accuracy.,0.058333333333333334,17.142857142857142,0.0002788482459604325,7.775634427520987e-08
5,3,0.0,1.0,2.25,80.0,4.0,5.0,-3.9375,0,The algorithm converged to the desired accuracy.,0.06041666666666667,16.551724137931036,0.00029542970408171995,8.727871005381262e-08
5,3,0.0,1.0,2.25,80.0,4.0,5.0,-3.9375,0,The algorithm converged to the desired accuracy.,0.0625,16.0,0.00031236157692094606,9.756975473654011e-08
5,3,0.0,1.0,2.25,80.0,4.0,5.0,-3.9375,0,The algorithm converged to the desired accuracy.,0.06458333333333334,15.483870967741934,0.00032963739097164983,1.0866080952659632e-07
5,3,0.0,1.0,2.25,80.0,4.0,5.0,-3.9375,0,The algorithm converged to the desired accuracy.,0.06666666666666667,15.0,0.00034725091189546177,1.2058319581222975e-07
5,3,0.0,1.0,2.25,80.0,4.0,5.0,-3.9375,0,The algorithm converged to the desired accuracy.,0.06875,14.545454545454545,0.00036519611904246185,1.3336820536367596e-07
5,3,0.0,1.0,2.25,80.0,4.0,5.0,-3.9375,0,The algorithm converged to the desired accuracy.,0.07083333333333333,14.117647058823529,0.00038346720465321627,1.4704709704455164e-07
5,3,0.0,1.0,2.25,80.0,4.0,5.0,-3.9375,0,The algorithm converged to the desired accuracy.,0.07291666666666667,13.714285714285714,0.0004020585458522566,1.616510742928311e-07
5,3,0.0,1.0,2.25,80.0,4.0,5.0,-3.9375,0,The algorithm converged to the desired accuracy.,0.07500000000000001,13.333333333333332,0.00042096470872066626,1.7721128598827539e-07
5,3,0.0,1.0,2.25,80.0,4.0,5.0,-3.9375,0,The algorithm converged to the desired accuracy.,0.07708333333333334,12.972972972972972,0.0004401804221042607,1.9375880400388511e-07
5,3,0.0,1.0,2.25,80.0,4.0,5.0,-3.9375,0,The algorithm converged to the desired accuracy.,0.07916666666666666,12.631578947368421,0.0004597005755404636,2.113246191522335e-07
5,3,0.0,1.0,2.25,80.0,4.0,5.0,-3.9375,0,The algorithm converged to the desired accuracy.,0.08125,12.307692307692307,0.0004795202120429711,2.2993963375773598e-07
5,3,0.0,1.0,2.25,80.0,4.0,5.0,-3.9375,0,The algorithm converged to the desired accuracy.,0.08333333333333334,11.999999999999998,0.0004996345154504323,2.496346490293883e-07
5,3,0.0,1.0,2.25,80.0,4.0,5.0,-3.9375,0,The algorithm converged to the desired accuracy.,0.08541666666666667,11.707317073170731,0.0005200388036549914,2.704403573069147e-07
5,3,0.0,1.0,2.25,80.0,4.0,5.0,-3.9375,0,The algorithm converged to the desired accuracy.,0.0875,11.428571428571429,0.0005407285220735206,2.923873345838138e-07
5,3,0.0,1.0,2.25,80.0,4.0,5.0,-3.9375,0,The algorithm converged to the desired accuracy.,0.08958333333333333,11.162790697674419,0.0005616992371991865,3.1550603307014805e-07
5,3,0.0,1.0,2.25,80.0,4.0,5.0,-3.9375,0,The algorithm converged to the desired accuracy.,0.09166666666666667,10.909090909090908,0.000582946630456938,3.398267739610979e-07
5,3,0.0,1.0,2.25,80.0,4.0,5.0,-3.9375,0,The algorithm converged to the desired accuracy.,0.09375,10.666666666666666,0.0006044664921241336,3.653797401008552e-07
5,3,0.0,1.0,2.25,80.0,4.0,5.0,-3.9375,0,The algorithm converged to the desired accuracy.,0.09583333333333333,10.434782608695652,0.0006262547150481769,3.921949681200733e-07
5,3,0.0,1.0,2.25,80.0,4.0,5.0,-3.9375,0,The algorithm converged to the desired accuracy.,0.09791666666666667,10.212765957446809,0.0006483072927108844,4.203023457821163e-07
5,3,0.0,1.0,2.25,80.0,4.0,5.0,-3.9375,0,The algorithm converged to the desired accuracy.,0.1,10.0,0.0006706203161188317,4.497316083913217e-07
5,3,0.0,1.0,2.25,80.0,4.0,5.0,-3.9375,0,The algorithm converged to the desired accuracy.,0.10208333333333333,9.795918367346939,0.0006931899643175246,4.80512326630531e-07
5,3,0.0,1.0,2.25,80.0,4.0,5.0,-3.9375,0,The algorithm converged to the desired accuracy.,0.10416666666666667,9.6,0.000716012496539156,5.126738952002348e-07
5,3,0.0,1.0,2.25,80.0,4.0,5.0,-3.9375,0,The algorithm converged to the desired accuracy.,0.10625000000000001,9.411764705882351,0.0007390842657321604,5.462455518528468e-07
5,3,0.0,1.0,2.25,80.0,4.0,5.0,-3.9375,0,The algorithm converged to the desired accuracy.,0.10833333333333334,9.23076923076923,0.0007624016995999746,5.8125635155293e-07
5,3,0.0,1.0,2.25,80.0,4.0,5.0,-3.9375,0,The algorithm converged to the desired accuracy.,0.11041666666666666,9.056603773584905,0.000785961294810735,6.177351569405672e-07
5,3,0.0,1.0,2.25,80.0,4.0,5.0,-3.9375,0,The algorithm converged to the desired accuracy.,0.1125,8.88888888888889,0.000809759637221009,6.557106700723001e-07
5,3,0.0,1.0,2.25,80.0,4.0,5.0,-3.9375,0,The algorithm converged to the desired accuracy.,0.11458333333333333,8.727272727272728,0.0008337933619676822,6.952113704613703e-07
5,3,0.0,1.0,2.25,80.0,4.0,5.0,-3.9375,0,The algorithm converged to the desired accuracy.,0.11666666666666667,8.571428571428571,0.0008580591944059726,7.362655811046268e-07
5,3,0.0,1.0,2.25,80.0,4.0,5.0,-3.9375,0,The algorithm converged to the desired accuracy.,0.11875000000000001,8.421052631578947,0.0008825539012285803,7.789013885737866e-07
5,3,0.0,1.0,2.25,80.0,4.0,5.0,-3.9375,0,The algorithm converged to the desired accuracy.,0.12083333333333333,8.275862068965518,0.0009072743347487357,8.231467184937609e-07
5,3,0.0,1.0,2.25,80.0,4.0,5.0,-3.9375,0,The algorithm converged to the desired accuracy.,0.12291666666666667,8.135593220338983,0.0009322173873099741,8.690292572030342e-07
5,3,0.0,1.0,2.25,80.0,4.0,5.0,-3.9375,0,The algorithm converged to the desired accuracy.,0.125,8.0,0.0009573800221688893,9.16576506848103e-07
5,3,0.0,1.0,2.25,80.0,4.0,5.0,-3.9375,0,The algorithm converged to the desired accuracy.,0.12708333333333333,7.868852459016394,0.0009827592578525613,9.658157588949171e-07
5,3,0.0,1.0,2.25,80.0,4.0,5.0,-3.9375,0,The algorithm converged to the desired accuracy.,0.12916666666666665,7.741935483870969,0.0010083521545634219,1.016774067612695e-06
5,3,0.0,1.0,2.25,80.0,4.0,5.0,-3.9375,0,The algorithm converged to the desired accuracy.,0.13125,7.619047619047619,0.0010341558417875571,1.0694783051033309e-06
5,3,0.0,1.0,2.25,80.0,4.0,5.0,-3.9375,0,The algorithm converged to the desired accuracy.,0.13333333333333333,7.5,0.0010601674923588625,1.1239551118544789e-06
5,3,0.0,1.0,2.25,80.0,4.0,5.0,-3.9375,0,The algorithm converged to the desired accuracy.,0.13541666666666669,7.384615384615383,0.0010863843201902408,1.1802308911552117e-06
5,3,0.0,1.0,2.25,80.0,4.0,5.0,-3.9375,0,The algorithm converged to the desired accuracy.,0.1375,7.2727272727272725,0.0011128035965929579,1.2383318445902225e-06
5,3,0.0,1.0,2.25,80.0,4.0,5.0,-3.9375,0,The algorithm converged to the desired accuracy.,0.13958333333333334,7.164179104477612,0.0011394226395825973,1.2982839515933735e-06
5,3,0.0,1.0,2.25,80.0,4.0,5.0,-3.9375,0,The algorithm converged to the desired accuracy.,0.14166666666666666,7.0588235294117645,0.0011662388061514945,1.3601129529736632e-06
5,3,0.0,1.0,2.25,80.0,4.0,5.0,-3.9375,0,The algorithm converged to the desired accuracy.,0.14375,6.9565217391304355,0.0011932494940291845,1.4238443550009047e-06
5,3,0.0,1.0,2.25,80.0,4.0,5.0,-3.9375,0,The algorithm converged to the desired accuracy.,0.14583333333333331,6.857142857142858,0.0012204521464100574,1.489503441676916e-06
5,3,0.0,1.0,2.25,80.0,4.0,5.0,-3.9375,0,The algorithm converged to the desired accuracy.,0.14791666666666667,6.76056338028169,0.0012478442498221175,1.5571152718141233e-06
5,3,0.0,1.0,2.25,80.0,4.0,5.0,-3.9375,0,The algorithm converged to the desired accuracy.,0.15000000000000002,6.666666666666666,0.0012754233280706981,1.6267046657869357e-06
5,3,0.0,1.0,2.25,80.0,4.0,5.0,-3.9375,0,The algorithm converged to the desired accuracy.,0.15208333333333335,6.575342465753424,0.0013031869420026183,1.6982962058061357e-06
5,3,0.0,1.0,2.25,80.0,4.0,5.0,-3.9375,0,The algorithm converged to the desired accuracy.,0.15416666666666667,6.486486486486486,0.0013311326891910062,1.77191423623288e-06
5,3,0.0,1.0,2.25,80.0,4.0,5.0,-3.9375,0,The algorithm converged to the desired accuracy.,0.15625,6.4,0.0013592582033418866,1.8475828633522135e-06
5,3,0.0,1.0,2.25,80.0,4.0,5.0,-3.9375,0,The algorithm converged to the desired accuracy.,0.15833333333333333,6.315789473684211,0.0013875611535155456,1.9253259547453915e-06
5,3,0.0,1.0,2.25,80.0,4.0,5.0,-3.9375,0,The algorithm converged to the desired accuracy.,0.16041666666666665,6.233766233766234,0.001416039243357504,2.0051671387284927e-06
5,3,0.0,1.0,2.25,80.0,4.0,5.0,-3.9375,0,The algorithm converged to the desired accuracy.,0.1625,6.153846153846153,0.0014446902102192758,2.087129803503415e-06
5,3,0.0,1.0,2.25,80.0,4.0,5.0,-3.9375,0,The algorithm converged to the desired accuracy.,0.16458333333333333,6.075949367088608,0.0014735118236481202,2.171237094430809e-06
5,3,0.0,1.0,2.25,80.0,4.0,5.0,-3.9375,0,The algorithm converged to the desired accuracy.,0.16666666666666669,5.999999999999999,0.0015025018845620539,2.2575119131125236e-06
5,3,0.0,1.0,2.25,80.0,4.0,5.0,-3.9375,0,The algorithm converged to the desired accuracy.,0.16875,5.925925925925926,0.0015316582245432043,2.345976916810841e-06
5,3,0.0,1.0,2.25,80.0,4.0,5.0,-3.9375,0,The algorithm converged to the desired accuracy.,0.17083333333333334,5.853658536585366,0.0015609787051209505,2.4366545178410795e-06
5,3,0.0,1.0,2.25,80.0,4.0,5.0,-3.9375,0,The algorithm converged to the desired accuracy.,0.17291666666666666,5.783132530120482,0.0015904612170582406,2.5295668829663797e-06
5,3,0.0,1.0,2.25,80.0,4.0,5.0,-3.9375,0,The algorithm converged to the desired accuracy.,0.175,5.714285714285714,0.0016201036796482386,2.6247359328097626e-06
5,3,0.0,1.0,2.25,80.0,4.0,5.0,-3.9375,0,The algorithm converged to the desired accuracy.,0.17708333333333331,5.647058823529412,0.0016499040400231172,2.722183341284604e-06
5,3,0.0,1.0,2.25,80.0,4.0,5.0,-3.9375,0,The algorithm converged to the desired accuracy.,0.17916666666666664,5.58139534883721,0.0016798602724723707,2.8219305350309476e-06
5,3,0.0,1.0,2.25,80.0,4.0,5.0,-3.9375,0,The algorithm converged to the desired accuracy.,0.18125000000000002,5.517241379310344,0.0017099703777642286,2.923998692831139e-06
5,3,0.0,1.0,2.25,80.0,4.0,5.0,-3.9375,0,The algorithm converged to the desired accuracy.,0.18333333333333335,5.454545454545454,0.0017402323824605226,3.0284087449642268e-06
5,3,0.0,1.0,2.25,80.0,4.0,5.0,-3.9375,0,The algorithm converged to the desired accuracy.,0.18541666666666667,5.393258426966292,0.0017706443382843535,3.135181372698436e-06
5,3,0.0,1.0,2.25,80.0,4.0,5.0,-3.9375,0,The algorithm converged to the desired accuracy.,0.1875,5.333333333333333,0.0018012043220655262,3.244337009827532e-06
5,3,0.0,1.0,2.25,80.0,4.0,5.0,-3.9375,0,The algorithm converged to the desired accuracy.,0.18958333333333333,5.274725274725275,0.0018319104352792644,3.355895842885064e-06
5,3,0.0,1.0,2.25,80.0,4.0,5.0,-3.9375,0,The algorithm converged to the desired accuracy.,0.19166666666666665,5.217391304347826,0.001862760803347535,3.469877810487954e-06
5,3,0.0,1.0,2.25,80.0,4.0,5.0,-3.9375,0,The algorithm converged to the desired accuracy.,0.19374999999999998,5.161290322580646,0.001893753575041848,3.5863026029837807e-06
5,3,0.0,1.0,2.25,80.0,4.0,5.0,-3.9375,0,The algorithm converged to the desired accuracy.,0.19583333333333336,5.106382978723404,0.0019248869218115529,3.7051896617611554e-06
5,3,0.0,1.0,2.25,80.0,4.0,5.0,-3.9375,0,The algorithm converged to the desired accuracy.,0.19791666666666669,5.052631578947368,0.001956159037013463,3.826558178089439e-06
5,3,0.0,1.0,2.25,80.0,4.0,5.0,-3.9375,0,The algorithm converged to the desired accuracy.,0.2,5.0,0.0019875681350185553,3.950427091341138e-06
5,3,0.0,1.0,2.25,80.0,4.0,5.0,-3.9375,0,The algorithm converged to the desired accuracy.,0.20208333333333334,4.948453608247423,0.0020191124501706013,4.076815086433929e-06
5,3,0.0,1.0,2.25,80.0,4.0,5.0,-3.9375,0,The algorithm converged to the desired accuracy.,0.20416666666666666,4.8979591836734695,0.0020507902373609332,4.205740597654913e-06
5,3,0.0,1.0,2.25,80.0,4.0,5.0,-3.9375,0,The algorithm converged to the desired accuracy.,0.20625,4.848484848484849,0.002082599776330652,4.3372218283724825e-06
5,3,0.0,1.0,2.25,80.0,4.0,5.0,-3.9375,0,The algorithm converged to the desired accuracy.,0.20833333333333331,4.800000000000001,0.002114539367555109,4.471276736940361e-06
5,3,0.0,1.0,2.25,80.0,4.0,5.0,-3.9375,0,The algorithm converged to the desired accuracy.,0.21041666666666664,4.752475247524753,0.0021466073298524392,4.607923028576219e-06
5,3,0.0,1.0,2.25,80.0,4.0,5.0,-3.9375,0,The algorithm converged to the desired accuracy.,0.21250000000000002,4.705882352941176,0.002178801998829728,4.747178150104418e-06
5,3,0.0,1.0,2.25,80.0,4.0,5.0,-3.9375,0,The algorithm converged to the desired accuracy.,0.21458333333333335,4.660194174757281,0.002211121725346554,4.8890592842995215e-06
5,3,0.0,1.0,2.25,80.0,4.0,5.0,-3.9375,0,The algorithm converged to the desired accuracy.,0.21666666666666667,4.615384615384615,0.0022435648827746606,5.033583383219677e-06
5,3,0.0,1.0,2.25,80.0,4.0,5.0,-3.9375,0,The algorithm converged to the desired accuracy.,0.21875,4.571428571428571,0.002276129869575385,5.1807671831732586e-06
5,3,0.0,1.0,2.25,80.0,4.0,5.0,-3.9375,0,The algorithm converged to the desired accuracy.,0.22083333333333333,4.528301886792453,0.002308815099016858,5.3306271614482244e-06
5,3,0.0,1.0,2.25,80.0,4.0,5.0,-3.9375,0,The algorithm converged to the desired accuracy.,0.22291666666666665,4.4859813084112155,0.0023416189961651666,5.483179523201562e-06
5,3,0.0,1.0,2.25,80.0,4.0,5.0,-3.9375,0,The algorithm converged to the desired accuracy.,0.22499999999999998,4.444444444444445,0.0023745399987446596,5.638440205638288e-06
5,3,0.0,1.0,2.25,80.0,4.0,5.0,-3.9375,0,The algorithm converged to the desired accuracy.,0.22708333333333336,4.403669724770642,0.00240757657466033,5.796424962853168e-06
5,3,0.0,1.0,2.25,80.0,4.0,5.0,-3.9375,0,The algorithm converged to the desired accuracy.,0.22916666666666669,4.363636363636363,0.002440727209629521,5.957149311825908e-06
5,3,0.0,1.0,2.25,80.0,4.0,5.0,-3.9375,0,The algorithm converged to the desired accuracy.,0.23125,4.324324324324324,0.0024739903965611005,6.120628482276551e-06
5,3,0.0,1.0,2.25,80.0,4.0,5.0,-3.9375,0,The algorithm converged to the desired accuracy.,0.23333333333333334,4.285714285714286,0.0025073646368102627,6.286877421926661e-06
5,3,0.0,1.0,2.25,80.0,4.0,5.0,-3.9375,0,The algorithm converged to the desired accuracy.,0.23541666666666666,4.247787610619469,0.0025408484652730775,6.455910923480553e-06
5,3,0.0,1.0,2.25,80.0,4.0,5.0,-3.9375,0,The algorithm converged to the desired accuracy.,0.2375,4.2105263157894735,0.002574440432622702,6.627743541122564e-06
5,3,0.0,1.0,2.25,80.0,4.0,5.0,-3.9375,0,The algorithm converged to the desired accuracy.,0.23958333333333331,4.173913043478261,0.002608139090001322,6.802389512792925e-06
5,3,0.0,1.0,2.25,80.0,4.0,5.0,-3.9375,0,The algorithm converged to the desired accuracy.,0.24166666666666664,4.137931034482759,0.002641943003158616,6.979862831938767e-06
5,3,0.0,1.0,2.25,80.0,4.0,5.0,-3.9375,0,The algorithm converged to the desired accuracy.,0.24375000000000002,4.102564102564102,0.0026758507744403773,7.160177367073167e-06
5,3,0.0,1.0,2.25,80.0,4.0,5.0,-3.9375,0,The algorithm converged to the desired accuracy.,0.24583333333333335,4.067796610169491,0.0027098610074945385,7.343346679939315e-06
5,3,0.0,1.0,2.25,80.0,4.0,5.0,-3.9375,0,The algorithm converged to the desired accuracy.,0.24791666666666667,4.033613445378151,0.002743972304635613,7.529384008607278e-06
5,3,0.0,1.0,2.25,80.0,4.0,5.0,-3.9375,0,The algorithm converged to the desired accuracy.,0.25,4.0,0.002778183308457582,7.718302495392316e-06
5,3,0.0,1.0,2.25,80.0,4.0,5.0,-3.9375,0,The algorithm converged to the desired accuracy.,0.2520833333333333,3.9669421487603307,0.0028124926720835544,7.910115030523691e-06
5,3,0.0,1.0,2.25,80.0,4.0,5.0,-3.9375,0,The algorithm converged to the desired accuracy.,0.25416666666666665,3.934426229508197,0.002846899038294221,8.10483413424056e-06
5,3,0.0,1.0,2.25,80.0,4.0,5.0,-3.9375,0,The algorithm converged to the desired accuracy.,0.25625,3.9024390243902443,0.0028814010868843895,8.302472223498541e-06
5,3,0.0,1.0,2.25,80.0,4.0,5.0,-3.9375,0,The algorithm converged to the desired accuracy.,0.25833333333333336,3.8709677419354835,0.0029159975155822688,8.503041510881964e-06
5,3,0.0,1.0,2.25,80.0,4.0,5.0,-3.9375,0,The algorithm converged to the desired accuracy.,0.2604166666666667,3.84,0.0029506870056359652,8.70655380522894e-06
5,3,0.0,1.0,2.25,80.0,4.0,5.0,-3.9375,0,The algorithm converged to the desired accuracy.,0.2625,3.8095238095238093,0.002985468277121356,8.913020833697957e-06
5,3,0.0,1.0,2.25,80.0,4.0,5.0,-3.9375,0,The algorithm converged to the desired accuracy.,0.26458333333333334,3.779527559055118,0.0030203400664546814,9.12245411703147e-06
5,3,0.0,1.0,2.25,80.0,4.0,5.0,-3.9375,0,The algorithm converged to the desired accuracy.,0.26666666666666666,3.75,0.0030553010903087295,9.334864752441711e-06
5,3,0.0,1.0,2.25,80.0,4.0,5.0,-3.9375,0,The algorithm converged to the desired accuracy.,0.26875,3.7209302325581395,0.003090350113345818,9.55026382305651e-06
5,3,0.0,1.0,2.25,80.0,4.0,5.0,-3.9375,0,The algorithm converged to the desired accuracy.,0.2708333333333333,3.6923076923076925,0.0031254859026670395,9.768662127770398e-06
5,3,0.0,1.0,2.25,80.0,4.0,5.0,-3.9375,0,The algorithm converged to the desired accuracy.,0.27291666666666664,3.6641221374045805,0.003160707211981251,9.990070079870293e-06
5,3,0.0,1.0,2.25,80.0,4.0,5.0,-3.9375,0,The algorithm converged to the desired accuracy.,0.275,3.6363636363636362,0.00319601285101338,1.0214498143842672e-05
5,3,0.0,1.0,2.25,80.0,4.0,5.0,-3.9375,0,The algorithm converged to the desired accuracy.,0.27708333333333335,3.6090225563909772,0.0032314016074479184,1.0441956348616991e-05
5,3,0.0,1.0,2.25,80.0,4.0,5.0,-3.9375,0,The algorithm converged to the desired accuracy.,0.2791666666666667,3.582089552238806,0.0032668722840823203,1.0672454520505237e-05
5,3,0.0,1.0,2.25,80.0,4.0,5.0,-3.9375,0,The algorithm converged to the desired accuracy.,0.28125,3.5555555555555554,0.003302423723316078,1.0906002448320828e-05
5,3,0.0,1.0,2.25,80.0,4.0,5.0,-3.9375,0,The algorithm converged to the desired accuracy.,0.2833333333333333,3.5294117647058822,0.0033380547322637063,1.1142609395588124e-05
5,3,0.0,1.0,2.25,80.0,4.0,5.0,-3.9375,0,The algorithm converged to the desired accuracy.,0.28541666666666665,3.5036496350364965,0.003373764173408665,1.1382284697775853e-05
5,3,0.0,1.0,2.25,80.0,4.0,5.0,-3.9375,0,The algorithm converged to the desired accuracy.,0.2875,3.4782608695652177,0.003409550898519051,1.1625037329592069e-05
5,3,0.0,1.0,2.25,80.0,4.0,5.0,-3.9375,0,The algorithm converged to the desired accuracy.,0.28958333333333336,3.4532374100719423,0.003445413760005026,1.187087597763197e-05
5,3,0.0,1.0,2.25,80.0,4.0,5.0,-3.9375,0,The algorithm converged to the desired accuracy.,0.2916666666666667,3.4285714285714284,0.0034813516588173155,1.2119809372350075e-05
5,3,0.0,1.0,2.25,80.0,4.0,5.0,-3.9375,0,The algorithm converged to the desired accuracy.,0.29375,3.404255319148936,0.0035173634535674756,1.237184566449212e-05
5,3,0.0,1.0,2.25,80.0,4.0,5.0,-3.9375,0,The algorithm converged to the desired accuracy.,0.29583333333333334,3.380281690140845,0.0035534480657052393,1.2626993155664307e-05
5,3,0.0,1.0,2.25,80.0,4.0,5.0,-3.9375,0,The algorithm converged to the desired accuracy.,0.29791666666666666,3.3566433566433567,0.0035896043905884675,1.2885259680932003e-05
5,3,0.0,1.0,2.25,80.0,4.0,5.0,-3.9375,0,The algorithm converged to the desired accuracy.,0.3,3.3333333333333335,0.003625831345258329,1.3146652944257823e-05
5,3,0.0,1.0,2.5,80.0,4.0,5.0,-3.75,0,The algorithm converged to the desired accuracy.,0.05,20.0,5.48573523959487e-05,3.0093291118932985e-09
5,3,0.0,1.0,2.5,80.0,4.0,5.0,-3.75,0,The algorithm converged to the desired accuracy.,0.052083333333333336,19.2,5.8259732326931016e-05,3.394196410805651e-09
5,3,0.0,1.0,2.5,80.0,4.0,5.0,-3.75,0,The algorithm converged to the desired accuracy.,0.05416666666666667,18.46153846153846,6.172463181608232e-05,3.809930172830921e-09
5,3,0.0,1.0,2.5,80.0,4.0,5.0,-3.75,0,The algorithm converged to the desired accuracy.,0.05625,17.77777777777778,6.525047393548531e-05,4.257624348805448e-09
5,3,0.0,1.0,2.5,80.0,4.0,5.0,-3.75,0,The algorithm converged to the desired accuracy.,0.058333333333333334,17.142857142857142,6.883576349861051e-05,4.73836233643664e-09
5,3,0.0,1.0,2.5,80.0,4.0,5.0,-3.75,0,The algorithm converged to the desired accuracy.,0.06041666666666667,16.551724137931036,7.247907974303187e-05,5.253217000396773e-09
5,3,0.0,1.0,2.5,80.0,4.0,5.0,-3.75,0,The algorithm converged to the desired accuracy.,0.0625,16.0,7.617906989551938e-05,5.8032506901464264e-09
5,3,0.0,1.0,2.5,80.0,4.0,5.0,-3.75,0,The algorithm converged to the desired accuracy.,0.06458333333333334,15.483870967741934,7.993444386424248e-05,6.389515315885732e-09
5,3,0.0,1.0,2.5,80.0,4.0,5.0,-3.75,0,The algorithm converged to the desired accuracy.,0.06666666666666667,15.0,8.374396965562165e-05,7.01305245368168e-09
5,3,0.0,1.0,2.5,80.0,4.0,5.0,-3.75,0,The algorithm converged to the desired accuracy.,0.06875,14.545454545454545,8.760646715811395e-05,7.674893087925699e-09
5,3,0.0,1.0,2.5,80.0,4.0,5.0,-3.75,0,The algorithm converged to the desired accuracy.,0.07083333333333333,14.117647058823529,9.152080677592969e-05,8.376058072917058e-09
5,3,0.0,1.0,2.5,80.0,4.0,5.0,-3.75,0,The algorithm converged to the desired accuracy.,0.07291666666666667,13.714285714285714,9.548590306596246e-05,9.11755768432238e-09
5,3,0.0,1.0,2.5,80.0,4.0,5.0,-3.75,0,The algorithm converged to the desired accuracy.,0.07500000000000001,13.333333333333332,9.950071454667712e-05,9.900392195299325e-09
5,3,0.0,1.0,2.5,80.0,4.0,5.0,-3.75,0,The algorithm converged to the desired accuracy.,0.07708333333333334,12.972972972972972,0.00010356423793314778,1.0725551378673645e-08
5,3,0.0,1.0,2.5,80.0,4.0,5.0,-3.75,0,The algorithm converged to the desired accuracy.,0.07916666666666666,12.631578947368421,0.00010767550699569005,1.1594014806778897e-08
5,3,0.0,1.0,2.5,80.0,4.0,5.0,-3.75,0,The algorithm converged to the desired accuracy.,0.08125,12.307692307692307,0.00011183359052601318,1.2506751969939985e-08
5,3,0.0,1.0,2.5,80.0,4.0,5.0,-3.75,0,The algorithm converged to the desired accuracy.,0.08333333333333334,11.999999999999998,0.00011603758937110154,1.3464722147056377e-08
5,3,0.0,1.0,2.5,80.0,4.0,5.0,-3.75,0,The algorithm converged to the desired accuracy.,0.08541666666666667,11.707317073170731,0.00012028663462745083,1.4468874469997853e-08
5,3,0.0,1.0,2.5,80.0,4.0,5.0,-3.75,0,The algorithm converged to the desired accuracy.,0.0875,11.428571428571429,0.0001245798859348865,1.5520147979549333e-08
5,3,0.0,1.0,2.5,80.0,4.0,5.0,-3.75,0,The algorithm converged to the desired accuracy.,0.08958333333333333,11.162790697674419,0.00012891652983487237,1.661947166466554e-08
5,3,0.0,1.0,2.5,80.0,4.0,5.0,-3.75,0,The algorithm converged to the desired accuracy.,0.09166666666666667,10.909090909090908,0.00013329577822963635,1.7767764493844397e-08
5,3,0.0,1.0,2.5,80.0,4.0,5.0,-3.75,0,The algorithm converged to the desired accuracy.,0.09375,10.666666666666666,0.00013771686689403317,1.8965935427108848e-08
5,3,0.0,1.0,2.5,80.0,4.0,5.0,-3.75,0,The algorithm converged to the desired accuracy.,0.09583333333333333,10.434782608695652,0.00014217905398798288,2.0214883392917748e-08
5,3,0.0,1.0,2.5,80.0,4.0,5.0,-3.75,0,The algorithm converged to the desired accuracy.,0.09791666666666667,10.212765957446809,0.00014668161939082882,2.1515497467115967e-08
5,3,0.0,1.0,2.5,80.0,4.0,5.0,-3.75,0,The algorithm converged to the desired accuracy.,0.1,10.0,0.00015122386384582213,2.286865699645975e-08
5,3,0.0,1.0,2.5,80.0,4.0,5.0,-3.75,0,The algorithm converged to the desired accuracy.,0.10208333333333333,9.795918367346939,0.00015580510697699038,2.4275231360111417e-08
5,3,0.0,1.0,2.5,80.0,4.0,5.0,-3.75,0,The algorithm converged to the desired accuracy.,0.10416666666666667,9.6,0.0001604246856366351,2.57360797616132e-08
5,3,0.0,1.0,2.5,80.0,4.0,5.0,-3.75,0,The algorithm converged to the desired accuracy.,0.10625000000000001,9.411764705882351,0.00016508195612195762,2.7252052237051942e-08
5,3,0.0,1.0,2.5,80.0,4.0,5.0,-3.75,0,The algorithm converged to the desired accuracy.,0.10833333333333334,9.23076923076923,0.00016977629054871975,2.8823988832483307e-08
5,3,0.0,1.0,2.5,80.0,4.0,5.0,-3.75,0,The algorithm converged to the desired accuracy.,0.11041666666666666,9.056603773584905,0.00017450707563309174,3.04527194460136e-08
5,3,0.0,1.0,2.5,80.0,4.0,5.0,-3.75,0,The algorithm converged to the desired accuracy.,0.1125,8.88888888888889,0.00017927371613933103,3.213906529840544e-08
5,3,0.0,1.0,2.5,80.0,4.0,5.0,-3.75,0,The algorithm converged to the desired accuracy.,0.11458333333333333,8.727272727272728,0.00018407562757446165,3.3883836666931907e-08
5,3,0.0,1.0,2.5,80.0,4.0,5.0,-3.75,0,The algorithm converged to the desired accuracy.,0.11666666666666667,8.571428571428571,0.00018891224335819634,3.56878356906264e-08
5,3,0.0,1.0,2.5,80.0,4.0,5.0,-3.75,0,The algorithm converged to the desired accuracy.,0.11875000000000001,8.421052631578947,0.00019378300596093563,3.7551853399256015e-08
5,3,0.0,1.0,2.5,80.0,4.0,5.0,-3.75,0,The algorithm converged to the desired accuracy.,0.12083333333333333,8.275862068965518,0.00019868737466677223,3.9476672851974324e-08
5,3,0.0,1.0,2.5,80.0,4.0,5.0,-3.75,0,The algorithm converged to the desired accuracy.,0.12291666666666667,8.135593220338983,0.00020362481734297825,4.1463066237961254e-08
5,3,0.0,1.0,2.5,80.0,4.0,5.0,-3.75,0,The algorithm converged to the desired accuracy.,0.125,8.0,0.00020859481581883216,4.351179718649251e-08
5,3,0.0,1.0,2.5,80.0,4.0,5.0,-3.75,0,The algorithm converged to the desired accuracy.,0.12708333333333333,7.868852459016394,0.00021359686300159996,4.562361988412426e-08
5,3,0.0,1.0,2.5,80.0,4.0,5.0,-3.75,0,The algorithm converged to the desired accuracy.,0.12916666666666665,7.741935483870969,0.00021863046038188521,4.779927820679508e-08
5,3,0.0,1.0,2.5,80.0,4.0,5.0,-3.75,0,The algorithm converged to the desired accuracy.,0.13125,7.619047619047619,0.00022369512282179485,5.0039507974257887e-08
5,3,0.0,1.0,2.5,80.0,4.0,5.0,-3.75,0,The algorithm converged to the desired accuracy.,0.13333333333333333,7.5,0.00022879037388765392,5.234503518365247e-08
5,3,0.0,1.0,2.5,80.0,4.0,5.0,-3.75,0,The algorithm converged to the desired accuracy.,0.13541666666666669,7.384615384615383,0.00023391574538062562,5.471657593697367e-08
5,3,0.0,1.0,2.5,80.0,4.0,5.0,-3.75,0,The algorithm converged to the desired accuracy.,0.1375,7.2727272727272725,0.00023907078013510563,5.7154837914408015e-08
5,3,0.0,1.0,2.5,80.0,4.0,5.0,-3.75,0,The algorithm converged to the desired accuracy.,0.13958333333333334,7.164179104477612,0.000244255030064077,5.966051971160316e-08
5,3,0.0,1.0,2.5,80.0,4.0,5.0,-3.75,0,The algorithm converged to the desired accuracy.,0.14166666666666666,7.0588235294117645,0.00024946805474142947,6.223431033647285e-08
5,3,0.0,1.0,2.5,80.0,4.0,5.0,-3.75,0,The algorithm converged to the desired accuracy.,0.14375,6.9565217391304355,0.00025470942165433037,6.487688947948346e-08
5,3,0.0,1.0,2.5,80.0,4.0,5.0,-3.75,0,The algorithm converged to the desired accuracy.,0.14583333333333331,6.857142857142858,0.0002599787069742724,6.758892808001458e-08
5,3,0.0,1.0,2.5,80.0,4.0,5.0,-3.75,0,The algorithm converged to the desired accuracy.,0.14791666666666667,6.76056338028169,0.00026527549512750127,7.037108831514095e-08
5,3,0.0,1.0,2.5,80.0,4.0,5.0,-3.75,0,The algorithm converged to the desired accuracy.,0.15000000000000002,6.666666666666666,0.00027059937768744946,7.322402320483492e-08
5,3,0.0,1.0,2.5,80.0,4.0,5.0,-3.75,0,The algorithm converged to the desired accuracy.,0.15208333333333335,6.575342465753424,0.00027594995328834165,7.614837671983794e-08
5,3,0.0,1.0,2.5,80.0,4.0,5.0,-3.75,0,The algorithm converged to the desired accuracy.,0.15416666666666667,6.486486486486486,0.0002813268275269201,7.914478388636146e-08
5,3,0.0,1.0,2.5,80.0,4.0,5.0,-3.75,0,The algorithm converged to the desired accuracy.,0.15625,6.4,0.00028672961281782936,8.221387086666233e-08
5,3,0.0,1.0,2.5,80.0,4.0,5.0,-3.75,0,The algorithm converged to the desired accuracy.,0.15833333333333333,6.315789473684211,0.00029215792821902175,8.535625502123106e-08
5,3,0.0,1.0,2.5,80.0,4.0,5.0,-3.75,0,The algorithm converged to the desired accuracy.,0.16041666666666665,6.233766233766234,0.00029761139926111303,8.857254497015763e-08
5,3,0.0,1.0,2.5,80.0,4.0,5.0,-3.75,0,The algorithm converged to the desired accuracy.,0.1625,6.153846153846153,0.0003030896577595582,9.186334064080611e-08
5,3,0.0,1.0,2.5,80.0,4.0,5.0,-3.75,0,The algorithm converged to the desired accuracy.,0.16458333333333333,6.075949367088608,0.00030859234151996173,9.522923324477269e-08
5,3,0.0,1.0,2.5,80.0,4.0,5.0,-3.75,0,The algorithm converged to the desired accuracy.,0.16666666666666669,5.999999999999999,0.00031411909416445257,9.867080531869622e-08
5,3,0.0,1.0,2.5,80.0,4.0,5.0,-3.75,0,The algorithm converged to the desired accuracy.,0.16875,5.925925925925926,0.00031966956498026447,1.0218863077467153e-07
5,3,0.0,1.0,2.5,80.0,4.0,5.0,-3.75,0,The algorithm converged to the desired accuracy.,0.17083333333333334,5.853658536585366,0.0003252434087682052,1.057832749471618e-07
5,3,0.0,1.0,2.5,80.0,4.0,5.0,-3.75,0,The algorithm converged to the desired accuracy.,0.17291666666666666,5.783132530120482,0.00033084028569325876,1.0945529463759708e-07
5,3,0.0,1.0,2.5,80.0,4.0,5.0,-3.75,0,The algorithm converged to the desired accuracy.,0.175,5.714285714285714,0.00033645986113847227,1.1320523815732004e-07
5,3,0.0,1.0,2.5,80.0,4.0,5.0,-3.75,0,The algorithm converged to the desired accuracy.,0.17708333333333331,5.647058823529412,0.0003421018055623647,1.1703364536902996e-07
5,3,0.0,1.0,2.5,80.0,4.0,5.0,-3.75,0,The algorithm converged to the desired accuracy.,0.17916666666666664,5.58139534883721,0.00034776579435932874,1.209410477263749e-07
5,3,0.0,1.0,2.5,80.0,4.0,5.0,-3.75,0,The algorithm converged to the desired accuracy.,0.18125000000000002,5.517241379310344,0.00035345150772185736,1.249279683108542e-07
5,3,0.0,1.0,2.5,80.0,4.0,5.0,-3.75,0,The algorithm converged to the desired accuracy.,0.18333333333333335,5.454545454545454,0.0003591586305028797,1.2899492186470407e-07
5,3,0.0,1.0,2.5,80.0,4.0,5.0,-3.75,0,The algorithm converged to the desired accuracy.,0.18541666666666667,5.393258426966292,0.00036488685208829665,1.3314241482690647e-07
5,3,0.0,1.0,2.5,80.0,4.0,5.0,-3.75,0,The algorithm converged to the desired accuracy.,0.1875,5.333333333333333,0.0003706358663695525,1.3737094543950878e-07
5,3,0.0,1.0,2.5,80.0,4.0,5.0,-3.75,0,The algorithm converged to the desired accuracy.,0.18958333333333333,5.274725274725275,0.00037640537164736,1.4168100380498718e-07
5,3,0.0,1.0,2.5,80.0,4.0,5.0,-3.75,0,The algorithm converged to the desired accuracy.,0.19166666666666665,5.217391304347826,0.0003821950704954984,1.4607307191105898e-07
5,3,0.0,1.0,2.5,80.0,4.0,5.0,-3.75,0,The algorithm converged to the desired accuracy.,0.19374999999999998,5.161290322580646,0.0003880046696430409,1.505476236648053e-07
5,3,0.0,1.0,2.5,80.0,4.0,5.0,-3.75,0,The algorithm converged to the desired accuracy.,0.19583333333333336,5.106382978723404,0.0003938338798447751,1.5510512491358876e-07
5,3,0.0,1.0,2.5,80.0,4.0,5.0,-3.75,0,The algorithm converged to the desired accuracy.,0.19791666666666669,5.052631578947368,0.0003996824157357226,1.59746033448343e-07
5,3,0.0,1.0,2.5,80.0,4.0,5.0,-3.75,0,The algorithm converged to the desired accuracy.,0.2,5.0,0.0004055499956656757,1.644707989844296e-07
5,3,0.0,1.0,2.5,80.0,4.0,5.0,-3.75,0,The algorithm converged to the desired accuracy.,0.20208333333333334,4.948453608247423,0.00041143634150953966,1.6927986311475454e-07
5,3,0.0,1.0,2.5,80.0,4.0,5.0,-3.75,0,The algorithm converged to the desired accuracy.,0.20416666666666666,4.8979591836734695,0.0004173411787536915,1.7417365948352067e-07
5,3,0.0,1.0,2.5,80.0,4.0,5.0,-3.75,0,The algorithm converged to the desired accuracy.,0.20625,4.848484848484849,0.0004232642372170978,1.7915261450697166e-07
5,3,0.0,1.0,2.5,80.0,4.0,5.0,-3.75,0,The algorithm converged to the desired accuracy.,0.20833333333333331,4.800000000000001,0.0004292052503379176,1.842171469176345e-07
5,3,0.0,1.0,2.5,80.0,4.0,5.0,-3.75,0,The algorithm converged to the desired accuracy.,0.21041666666666664,4.752475247524753,0.000435163954755975,1.8936766751886024e-07
5,3,0.0,1.0,2.5,80.0,4.0,5.0,-3.75,0,The algorithm converged to the desired accuracy.,0.21250000000000002,4.705882352941176,0.00044114009003975215,1.9460457904028065e-07
5,3,0.0,1.0,2.5,80.0,4.0,5.0,-3.75,0,The algorithm converged to the desired accuracy.,0.21458333333333335,4.660194174757281,0.00044713339841757996,1.999282759804543e-07
5,3,0.0,1.0,2.5,80.0,4.0,5.0,-3.75,0,The algorithm converged to the desired accuracy.,0.21666666666666667,4.615384615384615,0.00045314362600197653,2.053391457862192e-07
5,3,0.0,1.0,2.5,80.0,4.0,5.0,-3.75,0,The algorithm converged to the desired accuracy.,0.21875,4.571428571428571,0.0004591705232166916,2.1083756939109033e-07
5,3,0.0,1.0,2.5,80.0,4.0,5.0,-3.75,0,The algorithm converged to the desired accuracy.,0.22083333333333333,4.528301886792453,0.00046521384304165327,2.16423919757584e-07
5,3,0.0,1.0,2.5,80.0,4.0,5.0,-3.75,0,The algorithm converged to the desired accuracy.,0.22291666666666665,4.4859813084112155,0.00047127334049729564,2.2209856146347994e-07
5,3,0.0,1.0,2.5,80.0,4.0,5.0,-3.75,0,The algorithm converged to the desired accuracy.,0.22499999999999998,4.444444444444445,0.00047734877278569996,2.278618508800138e-07
5,3,0.0,1.0,2.5,80.0,4.0,5.0,-3.75,0,The algorithm converged to the desired accuracy.,0.22708333333333336,4.403669724770642,0.00048343990225058143,2.3371413908805172e-07
5,3,0.0,1.0,2.5,80.0,4.0,5.0,-3.75,0,The algorithm converged to the desired accuracy.,0.22916666666666669,4.363636363636363,0.0004895464942725944,2.3965577005458733e-07
5,3,0.0,1.0,2.5,80.0,4.0,5.0,-3.75,0,The algorithm converged to the desired accuracy.,0.23125,4.324324324324324,0.0004956683154667198,2.4568707895761565e-07
5,3,0.0,1.0,2.5,80.0,4.0,5.0,-3.75,0,The algorithm converged to the desired accuracy.,0.23333333333333334,4.285714285714286,0.0005018051338927174,2.51808392401088e-07
5,3,0.0,1.0,2.5,80.0,4.0,5.0,-3.75,0,The algorithm converged to the desired accuracy.,0.23541666666666666,4.247787610619469,0.0005079567232901706,2.58020032735687e-07
5,3,0.0,1.0,2.5,80.0,4.0,5.0,-3.75,0,The algorithm converged to the desired accuracy.,0.2375,4.2105263157894735,0.0005141228600667452,2.643223152432101e-07
5,3,0.0,1.0,2.5,80.0,4.0,5.0,-3.75,0,The algorithm converged to the desired accuracy.,0.23958333333333331,4.173913043478261,0.0005203033207100701,2.707155455419261e-07
5,3,0.0,1.0,2.5,80.0,4.0,5.0,-3.75,0,The algorithm converged to the desired accuracy.,0.24166666666666664,4.137931034482759,0.0005264978841732057,2.772000220388623e-07
5,3,0.0,1.0,2.5,80.0,4.0,5.0,-3.75,0,The algorithm converged to the desired accuracy.,0.24375000000000002,4.102564102564102,0.0005327063355764159,2.8377603996325306e-07
5,3,0.0,1.0,2.5,80.0,4.0,5.0,-3.75,0,The algorithm converged to the desired accuracy.,0.24583333333333335,4.067796610169491,0.0005389284602466546,2.9044388526383e-07
5,3,0.0,1.0,2.5,80.0,4.0,5.0,-3.75,0,The algorithm converged to the desired accuracy.,0.24791666666666667,4.033613445378151,0.0005451640432753506,2.972038340803284e-07
5,3,0.0,1.0,2.5,80.0,4.0,5.0,-3.75,0,The algorithm converged to the desired accuracy.,0.25,4.0,0.0005514128765247464,3.0405616039729517e-07
5,3,0.0,1.0,2.5,80.0,4.0,5.0,-3.75,0,The algorithm converged to the desired accuracy.,0.2520833333333333,3.9669421487603307,0.0005576747536077178,3.110011308114287e-07
5,3,0.0,1.0,2.5,80.0,4.0,5.0,-3.75,0,The algorithm converged to the desired accuracy.,0.25416666666666665,3.934426229508197,0.0005639494663752124,3.1803900062488684e-07
5,3,0.0,1.0,2.5,80.0,4.0,5.0,-3.75,0,The algorithm converged to the desired accuracy.,0.25625,3.9024390243902443,0.0005702368128829467,3.251700227669008e-07
5,3,0.0,1.0,2.5,80.0,4.0,5.0,-3.75,0,The algorithm converged to the desired accuracy.,0.25833333333333336,3.8709677419354835,0.0005765365941724471,3.32394444419965e-07
5,3,0.0,1.0,2.5,80.0,4.0,5.0,-3.75,0,The algorithm converged to the desired accuracy.,0.2604166666666667,3.84,0.0005828486084853577,3.3971250041331775e-07
5,3,0.0,1.0,2.5,80.0,4.0,5.0,-3.75,0,The algorithm converged to the desired accuracy.,0.2625,3.8095238095238093,0.0005891726605579007,3.4712442394887527e-07
5,3,0.0,1.0,2.5,80.0,4.0,5.0,-3.75,0,The algorithm converged to the desired accuracy.,0.26458333333333334,3.779527559055118,0.0005955085578337809,3.5463044245326957e-07
5,3,0.0,1.0,2.5,80.0,4.0,5.0,-3.75,0,The algorithm converged to the desired accuracy.,0.26666666666666666,3.75,0.0006018561044059423,3.6223077041069655e-07
5,3,0.0,1.0,2.5,80.0,4.0,5.0,-3.75,0,The algorithm converged to the desired accuracy.,0.26875,3.7209302325581395,0.0006082151123851948,3.699256229337352e-07
5,3,0.0,1.0,2.5,80.0,4.0,5.0,-3.75,0,The algorithm converged to the desired accuracy.,0.2708333333333333,3.6923076923076925,0.000614585394247974,3.777152068229376e-07
5,3,0.0,1.0,2.5,80.0,4.0,5.0,-3.75,0,The algorithm converged to the desired accuracy.,0.27291666666666664,3.6641221374045805,0.0006209667601841909,3.8559971725365047e-07
5,3,0.0,1.0,2.5,80.0,4.0,5.0,-3.75,0,The algorithm converged to the desired accuracy.,0.275,3.6363636363636362,0.0006273590297318078,3.935793521860353e-07
5,3,0.0,1.0,2.5,80.0,4.0,5.0,-3.75,0,The algorithm converged to the desired accuracy.,0.27708333333333335,3.6090225563909772,0.0006337620186866042,4.0165429632971966e-07
5,3,0.0,1.0,2.5,80.0,4.0,5.0,-3.75,0,The algorithm converged to the desired accuracy.,0.2791666666666667,3.582089552238806,0.0006401755453317742,4.0982472884083446e-07
5,3,0.0,1.0,2.5,80.0,4.0,5.0,-3.75,0,The algorithm converged to the desired accuracy.,0.28125,3.5555555555555554,0.0006465994345328904,4.180908287382537e-07
5,3,0.0,1.0,2.5,80.0,4.0,5.0,-3.75,0,The algorithm converged to the desired accuracy.,0.2833333333333333,3.5294117647058822,0.0006530335051976824,4.264527589107715e-07
5,3,0.0,1.0,2.5,80.0,4.0,5.0,-3.75,0,The algorithm converged to the desired accuracy.,0.28541666666666665,3.5036496350364965,0.0006594775854510923,4.349106857124028e-07
5,3,0.0,1.0,2.5,80.0,4.0,5.0,-3.75,0,The algorithm converged to the desired accuracy.,0.2875,3.4782608695652177,0.0006659315015699705,4.434647647832356e-07
5,3,0.0,1.0,2.5,80.0,4.0,5.0,-3.75,0,The algorithm converged to the desired accuracy.,0.28958333333333336,3.4532374100719423,0.0006723950798867801,4.5211514345594943e-07
5,3,0.0,1.0,2.5,80.0,4.0,5.0,-3.75,0,The algorithm converged to the desired accuracy.,0.2916666666666667,3.4285714285714284,0.0006788681547942617,4.608619715937657e-07
5,3,0.0,1.0,2.5,80.0,4.0,5.0,-3.75,0,The algorithm converged to the desired accuracy.,0.29375,3.404255319148936,0.0006853505535516319,4.6970538125352825e-07
5,3,0.0,1.0,2.5,80.0,4.0,5.0,-3.75,0,The algorithm converged to the desired accuracy.,0.29583333333333334,3.380281690140845,0.0006918421138627488,4.786455105140767e-07
5,3,0.0,1.0,2.5,80.0,4.0,5.0,-3.75,0,The algorithm converged to the desired accuracy.,0.29791666666666666,3.3566433566433567,0.0006983426690126098,4.876824833636554e-07
5,3,0.0,1.0,2.5,80.0,4.0,5.0,-3.75,0,The algorithm converged to the desired accuracy.,0.3,3.3333333333333335,0.000704852055850476,4.968164206366426e-07
5,3,0.0,1.0,3.0,80.0,4.0,5.0,-3.0,0,The algorithm converged to the desired accuracy.,0.05,20.0,3.123328983155498e-06,9.755183937019157e-12
5,3,0.0,1.0,3.0,80.0,4.0,5.0,-3.0,0,The algorithm converged to the desired accuracy.,0.052083333333333336,19.2,3.2533099677705455e-06,1.0584025746395189e-11
5,3,0.0,1.0,3.0,80.0,4.0,5.0,-3.0,0,The algorithm converged to the desired accuracy.,0.05416666666666667,18.46153846153846,3.3832716750580587e-06,1.1446527227250163e-11
5,3,0.0,1.0,3.0,80.0,4.0,5.0,-3.0,0,The algorithm converged to the desired accuracy.,0.05625,17.77777777777778,3.5132133455889104e-06,1.2342668011624025e-11
5,3,0.0,1.0,3.0,80.0,4.0,5.0,-3.0,0,The algorithm converged to the desired accuracy.,0.058333333333333334,17.142857142857142,3.6431342198518657e-06,1.3272426943855662e-11
5,3,0.0,1.0,3.0,80.0,4.0,5.0,-3.0,0,The algorithm converged to the desired accuracy.,0.06041666666666667,16.551724137931036,3.7730335367544737e-06,1.4235782069473973e-11
5,3,0.0,1.0,3.0,80.0,4.0,5.0,-3.0,0,The algorithm converged to the desired accuracy.,0.0625,16.0,3.902910532356037e-06,1.523271062357568e-11
5,3,0.0,1.0,3.0,80.0,4.0,5.0,-3.0,0,The algorithm converged to the desired accuracy.,0.06458333333333334,15.483870967741934,4.03276444716269e-06,1.6263189086299394e-11
5,3,0.0,1.0,3.0,80.0,4.0,5.0,-3.0,0,The algorithm converged to the desired accuracy.,0.06666666666666667,15.0,4.162594534807682e-06,1.7327193261210782e-11
5,3,0.0,1.0,3.0,80.0,4.0,5.0,-3.0,0,The algorithm converged to the desired accuracy.,0.06875,14.545454545454545,4.292400022954018e-06,1.8424697957055656e-11
5,3,0.0,1.0,3.0,80.0,4.0,5.0,-3.0,0,The algorithm converged to the desired accuracy.,0.07083333333333333,14.117647058823529,4.422180170651476e-06,1.9555677461703122e-11
5,3,0.0,1.0,3.0,80.0,4.0,5.0,-3.0,0,The algorithm converged to the desired accuracy.,0.07291666666666667,13.714285714285714,4.551934207352657e-06,2.072010502806726e-11
5,3,0.0,1.0,3.0,80.0,4.0,5.0,-3.0,0,The algorithm converged to the desired accuracy.,0.07500000000000001,13.333333333333332,4.681661397742563e-06,2.1917953443112852e-11
5,3,0.0,1.0,3.0,80.0,4.0,5.0,-3.0,0,The algorithm converged to the desired accuracy.,0.07708333333333334,12.972972972972972,4.811360980508535e-06,2.3149194484760056e-11
5,3,0.0,1.0,3.0,80.0,4.0,5.0,-3.0,0,The algorithm converged to the desired accuracy.,0.07916666666666666,12.631578947368421,4.941032200101216e-06,2.4413799202437063e-11
5,3,0.0,1.0,3.0,80.0,4.0,5.0,-3.0,0,The algorithm converged to the desired accuracy.,0.08125,12.307692307692307,5.070674313555452e-06,2.5711737994151054e-11
5,3,0.0,1.0,3.0,80.0,4.0,5.0,-3.0,0,The algorithm converged to the desired accuracy.,0.08333333333333334,11.999999999999998,5.20028657390452e-06,2.7042980450731607e-11
5,3,0.0,1.0,3.0,80.0,4.0,5.0,-3.0,0,The algorithm converged to the desired accuracy.,0.08541666666666667,11.707317073170731,5.329868233887942e-06,2.840749539060777e-11
5,3,0.0,1.0,3.0,80.0,4.0,5.0,-3.0,0,The algorithm converged to the desired accuracy.,0.0875,11.428571428571429,5.459418548089727e-06,2.980525088322614e-11
5,3,0.0,1.0,3.0,80.0,4.0,5.0,-3.0,0,The algorithm converged to the desired accuracy.,0.08958333333333333,11.162790697674419,5.588936773285335e-06,3.123621425578109e-11
5,3,0.0,1.0,3.0,80.0,4.0,5.0,-3.0,0,The algorithm converged to the desired accuracy.,0.09166666666666667,10.909090909090908,5.718422168117702e-06,3.270035209281996e-11
5,3,0.0,1.0,3.0,80.0,4.0,5.0,-3.0,0,The algorithm converged to the desired accuracy.,0.09375,10.666666666666666,5.847873991482267e-06,3.419763022025474e-11
5,3,0.0,1.0,3.0,80.0,4.0,5.0,-3.0,0,The algorithm converged to the desired accuracy.,0.09583333333333333,10.434782608695652,5.9772914989250995e-06,3.572801366312226e-11
5,3,0.0,1.0,3.0,80.0,4.0,5.0,-3.0,0,The algorithm converged to the desired accuracy.,0.09791666666666667,10.212765957446809,6.106673952922056e-06,3.729146676729669e-11
5,3,0.0,1.0,3.0,80.0,4.0,5.0,-3.0,0,The algorithm converged to the desired accuracy.,0.1,10.0,6.236020627475961e-06,3.8887953266305675e-11
5,3,0.0,1.0,3.0,80.0,4.0,5.0,-3.0,0,The algorithm converged to the desired accuracy.,0.10208333333333333,9.795918367346939,6.365330789889832e-06,4.0517436064719515e-11
5,3,0.0,1.0,3.0,80.0,4.0,5.0,-3.0,0,The algorithm converged to the desired accuracy.,0.10416666666666667,9.6,6.494603688175231e-06,4.217987706645931e-11
5,3,0.0,1.0,3.0,80.0,4.0,5.0,-3.0,0,The algorithm converged to the desired accuracy.,0.10625000000000001,9.411764705882351,6.623838609047485e-06,4.3875237918708126e-11
5,3,0.0,1.0,3.0,80.0,4.0,5.0,-3.0,0,The algorithm converged to the desired accuracy.,0.10833333333333334,9.23076923076923,6.753034825396254e-06,4.560347935301461e-11
5,3,0.0,1.0,3.0,80.0,4.0,5.0,-3.0,0,The algorithm converged to the desired accuracy.,0.11041666666666666,9.056603773584905,6.882191588757273e-06,4.736456106436136e-11
5,3,0.0,1.0,3.0,80.0,4.0,5.0,-3.0,0,The algorithm converged to the desired accuracy.,0.1125,8.88888888888889,7.011308205471268e-06,4.915844275210873e-11
5,3,0.0,1.0,3.0,80.0,4.0,5.0,-3.0,0,The algorithm converged to the desired accuracy.,0.11458333333333333,8.727272727272728,7.140383915837874e-06,5.0985082465556204e-11
5,3,0.0,1.0,3.0,80.0,4.0,5.0,-3.0,0,The algorithm converged to the desired accuracy.,0.11666666666666667,8.571428571428571,7.269418035686173e-06,5.284443857755941e-11
5,3,0.0,1.0,3.0,80.0,4.0,5.0,-3.0,0,The algorithm converged to the desired accuracy.,0.11875000000000001,8.421052631578947,7.398409807240332e-06,5.473646767586992e-11
5,3,0.0,1.0,3.0,80.0,4.0,5.0,-3.0,0,The algorithm converged to the desired accuracy.,0.12083333333333333,8.275862068965518,7.527358548377011e-06,5.6661126715824465e-11
5,3,0.0,1.0,3.0,80.0,4.0,5.0,-3.0,0,The algorithm converged to the desired accuracy.,0.12291666666666667,8.135593220338983,7.656263515115369e-06,5.861837101288675e-11
5,3,0.0,1.0,3.0,80.0,4.0,5.0,-3.0,0,The algorithm converged to the desired accuracy.,0.125,8.0,7.785124006022352e-06,6.060815578914552e-11
5,3,0.0,1.0,3.0,80.0,4.0,5.0,-3.0,0,The algorithm converged to the desired accuracy.,0.12708333333333333,7.868852459016394,7.913939319108688e-06,6.263043554653448e-11
5,3,0.0,1.0,3.0,80.0,4.0,5.0,-3.0,0,The algorithm converged to the desired accuracy.,0.12916666666666665,7.741935483870969,8.042708716284317e-06,6.468516349499573e-11
5,3,0.0,1.0,3.0,80.0,4.0,5.0,-3.0,0,The algorithm converged to the desired accuracy.,0.13125,7.619047619047619,8.171431513927917e-06,6.677229298681429e-11
5,3,0.0,1.0,3.0,80.0,4.0,5.0,-3.0,0,The algorithm converged to the desired accuracy.,0.13333333333333333,7.5,8.300107008349093e-06,6.889177635004573e-11
5,3,0.0,1.0,3.0,80.0,4.0,5.0,-3.0,0,The algorithm converged to the desired accuracy.,0.13541666666666669,7.384615384615383,8.428734474606815e-06,7.104356484342543e-11
5,3,0.0,1.0,3.0,80.0,4.0,5.0,-3.0,0,The algorithm converged to the desired accuracy.,0.1375,7.2727272727272725,8.557313220543379e-06,7.32276095544865e-11
5,3,0.0,1.0,3.0,80.0,4.0,5.0,-3.0,0,The algorithm converged to the desired accuracy.,0.13958333333333334,7.164179104477612,8.685842558655318e-06,7.544386095374795e-11
5,3,0.0,1.0,3.0,80.0,4.0,5.0,-3.0,0,The algorithm converged to the desired accuracy.,0.14166666666666666,7.0588235294117645,8.814321787512402e-06,7.769226857381582e-11
5,3,0.0,1.0,3.0,80.0,4.0,5.0,-3.0,0,The algorithm converged to the desired accuracy.,0.14375,6.9565217391304355,8.942750201330021e-06,7.997278116338813e-11
5,3,0.0,1.0,3.0,80.0,4.0,5.0,-3.0,0,The algorithm converged to the desired accuracy.,0.14583333333333331,6.857142857142858,9.071127107739198e-06,8.228534700476092e-11
5,3,0.0,1.0,3.0,80.0,4.0,5.0,-3.0,0,The algorithm converged to the desired accuracy.,0.14791666666666667,6.76056338028169,9.199451824875927e-06,8.462991387821303e-11
5,3,0.0,1.0,3.0,80.0,4.0,5.0,-3.0,0,The algorithm converged to the desired accuracy.,0.15000000000000002,6.666666666666666,9.327723667168669e-06,8.700642881105852e-11
5,3,0.0,1.0,3.0,80.0,4.0,5.0,-3.0,0,The algorithm converged to the desired accuracy.,0.15208333333333335,6.575342465753424,9.455941948066782e-06,8.941483812520902e-11
5,3,0.0,1.0,3.0,80.0,4.0,5.0,-3.0,0,The algorithm converged to the desired accuracy.,0.15416666666666667,6.486486486486486,9.584105982317339e-06,9.185508748029099e-11
5,3,0.0,1.0,3.0,80.0,4.0,5.0,-3.0,0,The algorithm converged to the desired accuracy.,0.15625,6.4,9.7122150872562e-06,9.432712190112696e-11
5,3,0.0,1.0,3.0,80.0,4.0,5.0,-3.0,0,The algorithm converged to the desired accuracy.,0.15833333333333333,6.315789473684211,9.840268583416242e-06,9.683088579376868e-11
5,3,0.0,1.0,3.0,80.0,4.0,5.0,-3.0,0,The algorithm converged to the desired accuracy.,0.16041666666666665,6.233766233766234,9.968265795034594e-06,9.936632296045667e-11
5,3,0.0,1.0,3.0,80.0,4.0,5.0,-3.0,0,The algorithm converged to the desired accuracy.,0.1625,6.153846153846153,1.0096206050113095e-05,1.0193337660634026e-10
5,3,0.0,1.0,3.0,80.0,4.0,5.0,-3.0,0,The algorithm converged to the desired accuracy.,0.16458333333333333,6.075949367088608,1.0224088678626165e-05,1.0453198930841171e-10
5,3,0.0,1.0,3.0,80.0,4.0,5.0,-3.0,0,The algorithm converged to the desired accuracy.,0.16666666666666669,5.999999999999999,1.0351913012584454e-05,1.0716210302011534e-10
5,3,0.0,1.0,3.0,80.0,4.0,5.0,-3.0,0,The algorithm converged to the desired accuracy.,0.16875,5.925925925925926,1.0479678386327144e-05,1.0982365908085228e-10
5,3,0.0,1.0,3.0,80.0,4.0,5.0,-3.0,0,The algorithm converged to the desired accuracy.,0.17083333333333334,5.853658536585366,1.0607384136692224e-05,1.1251659822334985e-10
5,3,0.0,1.0,3.0,80.0,4.0,5.0,-3.0,0,The algorithm converged to the desired accuracy.,0.17291666666666666,5.783132530120482,1.0735029603109523e-05,1.1524086057963779e-10
5,3,0.0,1.0,3.0,80.0,4.0,5.0,-3.0,0,The algorithm converged to the desired accuracy.,0.175,5.714285714285714,1.0862614127642325e-05,1.1799638568605464e-10
5,3,0.0,1.0,3.0,80.0,4.0,5.0,-3.0,0,The algorithm converged to the desired accuracy.,0.17708333333333331,5.647058823529412,1.0990137054987918e-05,1.207831124874185e-10
5,3,0.0,1.0,3.0,80.0,4.0,5.0,-3.0,0,The algorithm converged to the desired accuracy.,0.17916666666666664,5.58139534883721,1.1117597732434648e-05,1.2360097934023603e-10
5,3,0.0,1.0,3.0,80.0,4.0,5.0,-3.0,0,The algorithm converged to the desired accuracy.,0.18125000000000002,5.517241379310344,1.1244995509762869e-05,1.264499240145871e-10
5,3,0.0,1.0,3.0,80.0,4.0,5.0,-3.0,0,The algorithm converged to the desired accuracy.,0.18333333333333335,5.454545454545454,1.1372329739068448e-05,1.2932988369410064e-10
5,3,0.0,1.0,3.0,80.0,4.0,5.0,-3.0,0,The algorithm converged to the desired accuracy.,0.18541666666666667,5.393258426966292,1.1499599774669874e-05,1.322407949775874e-10
5,3,0.0,1.0,3.0,80.0,4.0,5.0,-3.0,0,The algorithm converged to the desired accuracy.,0.1875,5.333333333333333,1.1626804974500397e-05,1.351825939150672e-10
5,3,0.0,1.0,3.0,80.0,4.0,5.0,-3.0,0,The algorithm converged to the desired accuracy.,0.18958333333333333,5.274725274725275,1.1753944700349055e-05,1.3815521601886364e-10
5,3,0.0,1.0,3.0,80.0,4.0,5.0,-3.0,0,The algorithm converged to the desired accuracy.,0.19166666666666665,5.217391304347826,1.1881018317402738e-05,1.411585962584594e-10
5,3,0.0,1.0,3.0,80.0,4.0,5.0,-3.0,0,The algorithm converged to the desired accuracy.,0.19374999999999998,5.161290322580646,1.2008025194022203e-05,1.4419266906027198e-10
5,3,0.0,1.0,3.0,80.0,4.0,5.0,-3.0,0,The algorithm converged to the desired accuracy.,0.19583333333333336,5.106382978723404,1.2134964701281823e-05,1.4725736830135583e-10
5,3,0.0,1.0,3.0,80.0,4.0,5.0,-3.0,0,The algorithm converged to the desired accuracy.,0.19791666666666669,5.052631578947368,1.2261836212217495e-05,1.503526272952483e-10
5,3,0.0,1.0,3.0,80.0,4.0,5.0,-3.0,0,The algorithm converged to the desired accuracy.,0.2,5.0,1.2388639100728401e-05,1.534783787680966e-10
5,3,0.0,1.0,3.0,80.0,4.0,5.0,-3.0,0,The algorithm converged to the desired accuracy.,0.20208333333333334,4.948453608247423,1.2515372740077217e-05,1.566345548230679e-10
5,3,0.0,1.0,3.0,80.0,4.0,5.0,-3.0,0,The algorithm converged to the desired accuracy.,0.20416666666666666,4.8979591836734695,1.2642036505554447e-05,1.598210870077713e-10
5,3,0.0,1.0,3.0,80.0,4.0,5.0,-3.0,0,The algorithm converged to the desired accuracy.,0.20625,4.848484848484849,1.2768629786731255e-05,1.6303790663060065e-10
5,3,0.0,1.0,3.0,80.0,4.0,5.0,-3.0,0,The algorithm converged to the desired accuracy.,0.20833333333333331,4.800000000000001,1.2895151977721704e-05,1.6628494452853998e-10
5,3,0.0,1.0,3.0,80.0,4.0,5.0,-3.0,0,The algorithm converged to the desired accuracy.,0.21041666666666664,4.752475247524753,1.3021602472007747e-05,1.6956213093899828e-10
5,3,0.0,1.0,3.0,80.0,4.0,5.0,-3.0,0,The algorithm converged to the desired accuracy.,0.21250000000000002,4.705882352941176,1.3147980659501774e-05,1.7286939542263272e-10
5,3,0.0,1.0,3.0,80.0,4.0,5.0,-3.0,0,The algorithm converged to the desired accuracy.,0.21458333333333335,4.660194174757281,1.3274285923675468e-05,1.7620666678348868e-10
5,3,0.0,1.0,3.0,80.0,4.0,5.0,-3.0,0,The algorithm converged to the desired accuracy.,0.21666666666666667,4.615384615384615,1.340051766110391e-05,1.7957387358555778e-10
5,3,0.0,1.0,3.0,80.0,4.0,5.0,-3.0,0,The algorithm converged to the desired accuracy.,0.21875,4.571428571428571,1.3526675288806631e-05,1.8297094436881196e-10
5,3,0.0,1.0,3.0,80.0,4.0,5.0,-3.0,0,The algorithm converged to the desired accuracy.,0.22083333333333333,4.528301886792453,1.3652758218733112e-05,1.8639780697918455e-10
5,3,0.0,1.0,3.0,80.0,4.0,5.0,-3.0,0,The algorithm converged to the desired accuracy.,0.22291666666666665,4.4859813084112155,1.3778765851111452e-05,1.898543883797551e-10
5,3,0.0,1.0,3.0,80.0,4.0,5.0,-3.0,0,The algorithm converged to the desired accuracy.,0.22499999999999998,4.444444444444445,1.3904697577633338e-05,1.9334061472544242e-10
5,3,0.0,1.0,3.0,80.0,4.0,5.0,-3.0,0,The algorithm converged to the desired accuracy.,0.22708333333333336,4.403669724770642,1.4030552826491893e-05,1.9685641261697965e-10
5,3,0.0,1.0,3.0,80.0,4.0,5.0,-3.0,0,The algorithm converged to the desired accuracy.,0.22916666666666669,4.363636363636363,1.415633103164448e-05,2.0040170827750046e-10
5,3,0.0,1.0,3.0,80.0,4.0,5.0,-3.0,0,The algorithm converged to the desired accuracy.,0.23125,4.324324324324324,1.4282031606881534e-05,2.0397642681996312e-10
5,3,0.0,1.0,3.0,80.0,4.0,5.0,-3.0,0,The algorithm converged to the desired accuracy.,0.23333333333333334,4.285714285714286,1.4407653949998248e-05,2.0758049234290012e-10
5,3,0.0,1.0,3.0,80.0,4.0,5.0,-3.0,0,The algorithm converged to the desired accuracy.,0.23541666666666666,4.247787610619469,1.4533197506276497e-05,2.1121382975644139e-10
5,3,0.0,1.0,3.0,80.0,4.0,5.0,-3.0,0,The algorithm converged to the desired accuracy.,0.2375,4.2105263157894735,1.4658661724415994e-05,2.1487636355085849e-10
5,3,0.0,1.0,3.0,80.0,4.0,5.0,-3.0,0,The algorithm converged to the desired accuracy.,0.23958333333333331,4.173913043478261,1.4784046019178454e-05,2.185680166971863e-10
5,3,0.0,1.0,3.0,80.0,4.0,5.0,-3.0,0,The algorithm converged to the desired accuracy.,0.24166666666666664,4.137931034482759,1.4909349807479794e-05,2.2228871168179775e-10
5,3,0.0,1.0,3.0,80.0,4.0,5.0,-3.0,0,The algorithm converged to the desired accuracy.,0.24375000000000002,4.102564102564102,1.5034572563364918e-05,2.2603837216308516e-10
5,3,0.0,1.0,3.0,80.0,4.0,5.0,-3.0,0,The algorithm converged to the desired accuracy.,0.24583333333333335,4.067796610169491,1.5159713730901392e-05,2.298169204028802e-10
5,3,0.0,1.0,3.0,80.0,4.0,5.0,-3.0,0,The algorithm converged to the desired accuracy.,0.24791666666666667,4.033613445378151,1.5284772718695648e-05,2.3362427706218276e-10
5,3,0.0,1.0,3.0,80.0,4.0,5.0,-3.0,0,The algorithm converged to the desired accuracy.,0.25,4.0,1.540974900304539e-05,2.3746036433685845e-10
5,3,0.0,1.0,3.0,80.0,4.0,5.0,-3.0,0,The algorithm converged to the desired accuracy.,0.2520833333333333,3.9669421487603307,1.553464205485681e-05,2.4132510377252574e-10
5,3,0.0,1.0,3.0,80.0,4.0,5.0,-3.0,0,The algorithm converged to the desired accuracy.,0.25416666666666665,3.934426229508197,1.5659451289245164e-05,2.4521841468024204e-10
5,3,0.0,1.0,3.0,80.0,4.0,5.0,-3.0,0,The algorithm converged to the desired accuracy.,0.25625,3.9024390243902443,1.578417618225707e-05,2.491402177525314e-10
5,3,0.0,1.0,3.0,80.0,4.0,5.0,-3.0,0,The algorithm converged to the desired accuracy.,0.25833333333333336,3.8709677419354835,1.590881622427087e-05,2.530904336576241e-10
5,3,0.0,1.0,3.0,80.0,4.0,5.0,-3.0,0,The algorithm converged to the desired accuracy.,0.2604166666666667,3.84,1.6033370836709522e-05,2.570689803874474e-10
5,3,0.0,1.0,3.0,80.0,4.0,5.0,-3.0,0,The algorithm converged to the desired accuracy.,0.2625,3.8095238095238093,1.6157839507472932e-05,2.610757775492531e-10
5,3,0.0,1.0,3.0,80.0,4.0,5.0,-3.0,0,The algorithm converged to the desired accuracy.,0.26458333333333334,3.779527559055118,1.628222173627162e-05,2.6511074466911606e-10
5,3,0.0,1.0,3.0,80.0,4.0,5.0,-3.0,0,The algorithm converged to the desired accuracy.,0.26666666666666666,3.75,1.6406516947765073e-05,2.6917379835730257e-10
5,3,0.0,1.0,3.0,80.0,4.0,5.0,-3.0,0,The algorithm converged to the desired accuracy.,0.26875,3.7209302325581395,1.6530724656239155e-05,2.7326485766039314e-10
5,3,0.0,1.0,3.0,80.0,4.0,5.0,-3.0,0,The algorithm converged to the desired accuracy.,0.2708333333333333,3.6923076923076925,1.665484435542867e-05,2.773838405035543e-10
5,3,0.0,1.0,3.0,80.0,4.0,5.0,-3.0,0,The algorithm converged to the desired accuracy.,0.27291666666666664,3.6641221374045805,1.6778875481112e-05,2.815306624106615e-10
5,3,0.0,1.0,3.0,80.0,4.0,5.0,-3.0,0,The algorithm converged to the desired accuracy.,0.275,3.6363636363636362,1.6902817578738822e-05,2.857052421001221e-10
5,3,0.0,1.0,3.0,80.0,4.0,5.0,-3.0,0,The algorithm converged to the desired accuracy.,0.27708333333333335,3.6090225563909772,1.702667011570378e-05,2.899074952290002e-10
5,3,0.0,1.0,3.0,80.0,4.0,5.0,-3.0,0,The algorithm converged to the desired accuracy.,0.2791666666666667,3.582089552238806,1.7150432571427273e-05,2.941373373870735e-10
5,3,0.0,1.0,3.0,80.0,4.0,5.0,-3.0,0,The algorithm converged to the desired accuracy.,0.28125,3.5555555555555554,1.7274104496131723e-05,2.983946861432782e-10
5,3,0.0,1.0,3.0,80.0,4.0,5.0,-3.0,0,The algorithm converged to the desired accuracy.,0.2833333333333333,3.5294117647058822,1.7397685331977247e-05,3.0267945491049625e-10
5,3,0.0,1.0,3.0,80.0,4.0,5.0,-3.0,0,The algorithm converged to the desired accuracy.,0.28541666666666665,3.5036496350364965,1.7521174630316054e-05,3.069915604260309e-10
5,3,0.0,1.0,3.0,80.0,4.0,5.0,-3.0,0,The algorithm converged to the desired accuracy.,0.2875,3.4782608695652177,1.7644571893941213e-05,3.113309173204602e-10
5,3,0.0,1.0,3.0,80.0,4.0,5.0,-3.0,0,The algorithm converged to the desired accuracy.,0.28958333333333336,3.4532374100719423,1.776787660487619e-05,3.156974390461066e-10
5,3,0.0,1.0,3.0,80.0,4.0,5.0,-3.0,0,The algorithm converged to the desired accuracy.,0.2916666666666667,3.4285714285714284,1.7891088338444953e-05,3.20091041934041e-10
5,3,0.0,1.0,3.0,80.0,4.0,5.0,-3.0,0,The algorithm converged to the desired accuracy.,0.29375,3.404255319148936,1.801420654769955e-05,3.2451163754318137e-10
5,3,0.0,1.0,3.0,80.0,4.0,5.0,-3.0,0,The algorithm converged to the desired accuracy.,0.29583333333333334,3.380281690140845,1.8137230813422946e-05,3.2895914157937876e-10
5,3,0.0,1.0,3.0,80.0,4.0,5.0,-3.0,0,The algorithm converged to the desired accuracy.,0.29791666666666666,3.3566433566433567,1.8260160633460568e-05,3.3343346635978306e-10
5,3,0.0,1.0,3.0,80.0,4.0,5.0,-3.0,0,The algorithm converged to the desired accuracy.,0.3,3.3333333333333335,1.8382995536384854e-05,3.3793452489074545e-10
5,3,0.0,1.0,3.5,80.0,4.0,5.0,-1.75,0,The algorithm converged to the desired accuracy.,0.05,20.0,1.7469110487863015e-07,3.051698212371656e-14
5,3,0.0,1.0,3.5,80.0,4.0,5.0,-1.75,0,The algorithm converged to the desired accuracy.,0.052083333333333336,19.2,1.7829313512186187e-07,3.1788442031582494e-14
5,3,0.0,1.0,3.5,80.0,4.0,5.0,-1.75,0,The algorithm converged to the desired accuracy.,0.05416666666666667,18.46153846153846,1.818237845197617e-07,3.305988861708873e-14
5,3,0.0,1.0,3.5,80.0,4.0,5.0,-1.75,0,The algorithm converged to the desired accuracy.,0.05625,17.77777777777778,1.8528713083806624e-07,3.4331320854202676e-14
5,3,0.0,1.0,3.5,80.0,4.0,5.0,-1.75,0,The algorithm converged to the desired accuracy.,0.058333333333333334,17.142857142857142,1.8868687732639182e-07,3.560273767518483e-14
5,3,0.0,1.0,3.5,80.0,4.0,5.0,-1.75,0,The algorithm converged to the desired accuracy.,0.06041666666666667,16.551724137931036,1.9202639912958852e-07,3.6874137962676035e-14
5,3,0.0,1.0,3.5,80.0,4.0,5.0,-1.75,0,The algorithm converged to the desired accuracy.,0.0625,16.0,1.9530878255464058e-07,3.8145520542975876e-14
5,3,0.0,1.0,3.5,80.0,4.0,5.0,-1.75,0,The algorithm converged to the desired accuracy.,0.06458333333333334,15.483870967741934,1.9853685860704335e-07,3.9416884225553126e-14
5,3,0.0,1.0,3.5,80.0,4.0,5.0,-1.75,0,The algorithm converged to the desired accuracy.,0.06666666666666667,15.0,2.0171323171838933e-07,4.068822785027663e-14
5,3,0.0,1.0,3.5,80.0,4.0,5.0,-1.75,0,The algorithm converged to the desired accuracy.,0.06875,14.545454545454545,2.048403038370491e-07,4.195955007605459e-14
5,3,0.0,1.0,3.5,80.0,4.0,5.0,-1.75,0,The algorithm converged to the desired accuracy.,0.07083333333333333,14.117647058823529,2.079202964874552e-07,4.323084969143127e-14
5,3,0.0,1.0,3.5,80.0,4.0,5.0,-1.75,0,The algorithm converged to the desired accuracy.,0.07291666666666667,13.714285714285714,2.109552684443367e-07,4.4502125284422154e-14
5,3,0.0,1.0,3.5,80.0,4.0,5.0,-1.75,0,The algorithm converged to the desired accuracy.,0.07500000000000001,13.333333333333332,2.1394713270831013e-07,4.577337559410727e-14
5,3,0.0,1.0,3.5,80.0,4.0,5.0,-1.75,0,The algorithm converged to the desired accuracy.,0.07708333333333334,12.972972972972972,2.1689766983269425e-07,4.7044599178852443e-14
5,3,0.0,1.0,3.5,80.0,4.0,5.0,-1.75,0,The algorithm converged to the desired accuracy.,0.07916666666666666,12.631578947368421,2.1980854075424372e-07,4.831579458851002e-14
5,3,0.0,1.0,3.5,80.0,4.0,5.0,-1.75,0,The algorithm converged to the desired accuracy.,0.08125,12.307692307692307,2.2268129782687624e-07,4.9586960401861956e-14
5,3,0.0,1.0,3.5,80.0,4.0,5.0,-1.75,0,The algorithm converged to the desired accuracy.,0.08333333333333334,11.999999999999998,2.2551739431078408e-07,5.085809513672567e-14
5,3,0.0,1.0,3.5,80.0,4.0,5.0,-1.75,0,The algorithm converged to the desired accuracy.,0.08541666666666667,11.707317073170731,2.2831819303376388e-07,5.212919727020306e-14
5,3,0.0,1.0,3.5,80.0,4.0,5.0,-1.75,0,The algorithm converged to the desired accuracy.,0.0875,11.428571428571429,2.3108497409063638e-07,5.340026525047009e-14
5,3,0.0,1.0,3.5,80.0,4.0,5.0,-1.75,0,The algorithm converged to the desired accuracy.,0.08958333333333333,11.162790697674419,2.3381894170246534e-07,5.4671297498860884e-14
5,3,0.0,1.0,3.5,80.0,4.0,5.0,-1.75,0,The algorithm converged to the desired accuracy.,0.09166666666666667,10.909090909090908,2.3652123035424786e-07,5.5942292408287176e-14
5,3,0.0,1.0,3.5,80.0,4.0,5.0,-1.75,0,The algorithm converged to the desired accuracy.,0.09375,10.666666666666666,2.3919291029332733e-07,5.721324833459174e-14
5,3,0.0,1.0,3.5,80.0,4.0,5.0,-1.75,0,The algorithm converged to the desired accuracy.,0.09583333333333333,10.434782608695652,2.418349924576334e-07,5.848416357698362e-14
5,3,0.0,1.0,3.5,80.0,4.0,5.0,-1.75,0,The algorithm converged to the desired accuracy.,0.09791666666666667,10.212765957446809,2.4444843307818805e-07,5.975503643438139e-14
5,3,0.0,1.0,3.5,80.0,4.0,5.0,-1.75,0,The algorithm converged to the desired accuracy.,0.1,10.0,2.4703413778485415e-07,6.10258652311063e-14
5,3,0.0,1.0,3.5,80.0,4.0,5.0,-1.75,0,The algorithm converged to the desired accuracy.,0.10208333333333333,9.795918367346939,2.495929650790148e-07,6.22966482169343e-14
5,3,0.0,1.0,3.5,80.0,4.0,5.0,-1.75,0,The algorithm converged to the desired accuracy.,0.10416666666666667,9.6,2.521257295438534e-07,6.356738349802032e-14
5,3,0.0,1.0,3.5,80.0,4.0,5.0,-1.75,0,The algorithm converged to the desired accuracy.,0.10625000000000001,9.411764705882351,2.5463320552476945e-07,6.483806935581948e-14
5,3,0.0,1.0,3.5,80.0,4.0,5.0,-1.75,0,The algorithm converged to the desired accuracy.,0.10833333333333334,9.23076923076923,2.571161293239017e-07,6.610870395850534e-14
5,3,0.0,1.0,3.5,80.0,4.0,5.0,-1.75,0,The algorithm converged to the desired accuracy.,0.11041666666666666,9.056603773584905,2.5957520166502993e-07,6.737928531944095e-14
5,3,0.0,1.0,3.5,80.0,4.0,5.0,-1.75,0,The algorithm converged to the desired accuracy.,0.1125,8.88888888888889,2.620110908289135e-07,6.864981171735717e-14
5,3,0.0,1.0,3.5,80.0,4.0,5.0,-1.75,0,The algorithm converged to the desired accuracy.,0.11458333333333333,8.727272727272728,2.6442443349574855e-07,6.992028102954755e-14
5,3,0.0,1.0,3.5,80.0,4.0,5.0,-1.75,0,The algorithm converged to the desired accuracy.,0.11666666666666667,8.571428571428571,2.6681583819974185e-07,7.119069151423083e-14
5,3,0.0,1.0,3.5,80.0,4.0,5.0,-1.75,0,The algorithm converged to the desired accuracy.,0.11875000000000001,8.421052631578947,2.691858855620928e-07,7.246104098584812e-14
5,3,0.0,1.0,3.5,80.0,4.0,5.0,-1.75,0,The algorithm converged to the desired accuracy.,0.12083333333333333,8.275862068965518,2.715351315054593e-07,7.373132764168709e-14
5,3,0.0,1.0,3.5,80.0,4.0,5.0,-1.75,0,The algorithm converged to the desired accuracy.,0.12291666666666667,8.135593220338983,2.738641073598427e-07,7.500154930000345e-14
5,3,0.0,1.0,3.5,80.0,4.0,5.0,-1.75,0,The algorithm converged to the desired accuracy.,0.125,8.0,2.761733223522172e-07,7.627170397906167e-14
5,3,0.0,1.0,3.5,80.0,4.0,5.0,-1.75,0,The algorithm converged to the desired accuracy.,0.12708333333333333,7.868852459016394,2.7846326446912915e-07,7.754178965880416e-14
5,3,0.0,1.0,3.5,80.0,4.0,5.0,-1.75,0,The algorithm converged to the desired accuracy.,0.12916666666666665,7.741935483870969,2.807344013158941e-07,7.881180408219347e-14
5,3,0.0,1.0,3.5,80.0,4.0,5.0,-1.75,0,The algorithm converged to the desired accuracy.,0.13125,7.619047619047619,2.8298718214846197e-07,8.008174526032679e-14
5,3,0.0,1.0,3.5,80.0,4.0,5.0,-1.75,0,The algorithm converged to the desired accuracy.,0.13333333333333333,7.5,2.852220381695627e-07,8.135161105759948e-14
5,3,0.0,1.0,3.5,80.0,4.0,5.0,-1.75,0,The algorithm converged to the desired accuracy.,0.13541666666666669,7.384615384615383,2.8743938349525945e-07,8.262139918413483e-14
5,3,0.0,1.0,3.5,80.0,4.0,5.0,-1.75,0,The algorithm converged to the desired accuracy.,0.1375,7.2727272727272725,2.896396165900937e-07,8.389110749845647e-14
5,3,0.0,1.0,3.5,80.0,4.0,5.0,-1.75,0,The algorithm converged to the desired accuracy.,0.13958333333333334,7.164179104477612,2.918231208296195e-07,8.51607338507387e-14
5,3,0.0,1.0,3.5,80.0,4.0,5.0,-1.75,0,The algorithm converged to the desired accuracy.,0.14166666666666666,7.0588235294117645,2.939902651086611e-07,8.643027597866084e-14
5,3,0.0,1.0,3.5,80.0,4.0,5.0,-1.75,0,The algorithm converged to the desired accuracy.,0.14375,6.9565217391304355,2.961414046712955e-07,8.7699731560688e-14
5,3,0.0,1.0,3.5,80.0,4.0,5.0,-1.75,0,The algorithm converged to the desired accuracy.,0.14583333333333331,6.857142857142858,2.98276881967842e-07,8.896909831645794e-14
5,3,0.0,1.0,3.5,80.0,4.0,5.0,-1.75,0,The algorithm converged to the desired accuracy.,0.14791666666666667,6.76056338028169,3.0039702726683235e-07,9.023837399075002e-14
5,3,0.0,1.0,3.5,80.0,4.0,5.0,-1.75,0,The algorithm converged to the desired accuracy.,0.15000000000000002,6.666666666666666,3.0250215912252375e-07,9.150755627378868e-14
5,3,0.0,1.0,3.5,80.0,4.0,5.0,-1.75,0,The algorithm converged to the desired accuracy.,0.15208333333333335,6.575342465753424,3.045925849665287e-07,9.277664281659201e-14
5,3,0.0,1.0,3.5,80.0,4.0,5.0,-1.75,0,The algorithm converged to the desired accuracy.,0.15416666666666667,6.486486486486486,3.0666860165968375e-07,9.40456312439058e-14
5,3,0.0,1.0,3.5,80.0,4.0,5.0,-1.75,0,The algorithm converged to the desired accuracy.,0.15625,6.4,3.0873049600206606e-07,9.531451916168173e-14
5,3,0.0,1.0,3.5,80.0,4.0,5.0,-1.75,0,The algorithm converged to the desired accuracy.,0.15833333333333333,6.315789473684211,3.1077854520662357e-07,9.658330416074537e-14
5,3,0.0,1.0,3.5,80.0,4.0,5.0,-1.75,0,The algorithm converged to the desired accuracy.,0.16041666666666665,6.233766233766234,3.128130173441467e-07,9.785198381994944e-14
5,3,0.0,1.0,3.5,80.0,4.0,5.0,-1.75,0,The algorithm converged to the desired accuracy.,0.1625,6.153846153846153,3.1483417175824903e-07,9.912055570670265e-14
5,3,0.0,1.0,3.5,80.0,4.0,5.0,-1.75,0,The algorithm converged to the desired accuracy.,0.16458333333333333,6.075949367088608,3.1684225943989657e-07,1.0038901736697872e-13
5,3,0.0,1.0,3.5,80.0,4.0,5.0,-1.75,0,The algorithm converged to the desired accuracy.,0.16666666666666669,5.999999999999999,3.1883752339690453e-07,1.0165736632587164e-13
5,3,0.0,1.0,3.5,80.0,4.0,5.0,-1.75,0,The algorithm converged to the desired accuracy.,0.16875,5.925925925925926,3.208201990047311e-07,1.0292560008943527e-13
5,3,0.0,1.0,3.5,80.0,4.0,5.0,-1.75,0,The algorithm converged to the desired accuracy.,0.17083333333333334,5.853658536585366,3.2279051433683637e-07,1.0419371614583936e-13
5,3,0.0,1.0,3.5,80.0,4.0,5.0,-1.75,0,The algorithm converged to the desired accuracy.,0.17291666666666666,5.783132530120482,3.247486904763303e-07,1.0546171196609138e-13
5,3,0.0,1.0,3.5,80.0,4.0,5.0,-1.75,0,The algorithm converged to the desired accuracy.,0.175,5.714285714285714,3.2669494181034864e-07,1.0672958500446708e-13
5,3,0.0,1.0,3.5,80.0,4.0,5.0,-1.75,0,The algorithm converged to the desired accuracy.,0.17708333333333331,5.647058823529412,3.2862947630835854e-07,1.0799733269870599e-13
5,3,0.0,1.0,3.5,80.0,4.0,5.0,-1.75,0,The algorithm converged to the desired accuracy.,0.17916666666666664,5.58139534883721,3.305524957853991e-07,1.0926495246995627e-13
5,3,0.0,1.0,3.5,80.0,4.0,5.0,-1.75,0,The algorithm converged to the desired accuracy.,0.18125000000000002,5.517241379310344,3.324641961510937e-07,1.1053244172239292e-13
5,3,0.0,1.0,3.5,80.0,4.0,5.0,-1.75,0,The algorithm converged to the desired accuracy.,0.18333333333333335,5.454545454545454,3.343647676451341e-07,1.117997978423845e-13
5,3,0.0,1.0,3.5,80.0,4.0,5.0,-1.75,0,The algorithm converged to the desired accuracy.,0.18541666666666667,5.393258426966292,3.3625439506141483e-07,1.1306701819811804e-13
5,3,0.0,1.0,3.5,80.0,4.0,5.0,-1.75,0,The algorithm converged to the desired accuracy.,0.1875,5.333333333333333,3.381332579735838e-07,1.1433410014783016e-13
5,3,0.0,1.0,3.5,80.0,4.0,5.0,-1.75,0,The algorithm converged to the desired accuracy.,0.18958333333333333,5.274725274725275,3.400015309399405e-07,1.1560104104150334e-13
5,3,0.0,1.0,3.5,80.0,4.0,5.0,-1.75,0,The algorithm converged to the desired accuracy.,0.19166666666666665,5.217391304347826,3.418593836921909e-07,1.168678382184046e-13
5,3,0.0,1.0,3.5,80.0,4.0,5.0,-1.75,0,The algorithm converged to the desired accuracy.,0.19374999999999998,5.161290322580646,3.43706981316922e-07,1.1813448900599097e-13
5,3,0.0,1.0,3.5,80.0,4.0,5.0,-1.75,0,The algorithm converged to the desired accuracy.,0.19583333333333336,5.106382978723404,3.45544484426286e-07,1.1940099071742778e-13
5,3,0.0,1.0,3.5,80.0,4.0,5.0,-1.75,0,The algorithm converged to the desired accuracy.,0.19791666666666669,5.052631578947368,3.4737204931799177e-07,1.2066734064738132e-13
5,3,0.0,1.0,3.5,80.0,4.0,5.0,-1.75,0,The algorithm converged to the desired accuracy.,0.2,5.0,3.491898281246999e-07,1.2193353606575746e-13
5,3,0.0,1.0,3.5,80.0,4.0,5.0,-1.75,0,The algorithm converged to the desired accuracy.,0.20208333333333334,4.948453608247423,3.5099796895287945e-07,1.2319957420904653e-13
5,3,0.0,1.0,3.5,80.0,4.0,5.0,-1.75,0,The algorithm converged to the desired accuracy.,0.20416666666666666,4.8979591836734695,3.527966160494064e-07,1.2446545229591229e-13
5,3,0.0,1.0,3.5,80.0,4.0,5.0,-1.75,0,The algorithm converged to the desired accuracy.,0.20625,4.848484848484849,3.5458591004090787e-07,1.2573116759953882e-13
5,3,0.0,1.0,3.5,80.0,4.0,5.0,-1.75,0,The algorithm converged to the desired accuracy.,0.20833333333333331,4.800000000000001,3.56365987982808e-07,1.2699671739096287e-13
5,3,0.0,1.0,3.5,80.0,4.0,5.0,-1.75,0,The algorithm converged to the desired accuracy.,0.21041666666666664,4.752475247524753,3.581369834416263e-07,1.2826209890866774e-13
5,3,0.0,1.0,3.5,80.0,4.0,5.0,-1.75,0,The algorithm converged to the desired accuracy.,0.21250000000000002,4.705882352941176,3.598990265912288e-07,1.2952730934131401e-13
5,3,0.0,1.0,3.5,80.0,4.0,5.0,-1.75,0,The algorithm converged to the desired accuracy.,0.21458333333333335,4.660194174757281,3.616522443048307e-07,1.3079234581072095e-13
5,3,0.0,1.0,3.5,80.0,4.0,5.0,-1.75,0,The algorithm converged to the desired accuracy.,0.21666666666666667,4.615384615384615,3.633967604249841e-07,1.320572054873733e-13
5,3,0.0,1.0,3.5,80.0,4.0,5.0,-1.75,0,The algorithm converged to the desired accuracy.,0.21875,4.571428571428571,3.6513269592707917e-07,1.3332188563497685e-13
5,3,0.0,1.0,3.5,80.0,4.0,5.0,-1.75,0,The algorithm converged to the desired accuracy.,0.22083333333333333,4.528301886792453,3.6686016881002684e-07,1.3458638345932138e-13
5,3,0.0,1.0,3.5,80.0,4.0,5.0,-1.75,0,The algorithm converged to the desired accuracy.,0.22291666666666665,4.4859813084112155,3.6857929413976204e-07,1.3585069606856521e-13
5,3,0.0,1.0,3.5,80.0,4.0,5.0,-1.75,0,The algorithm converged to the desired accuracy.,0.22499999999999998,4.444444444444445,3.70290184168883e-07,1.371148204918253e-13
5,3,0.0,1.0,3.5,80.0,4.0,5.0,-1.75,0,The algorithm converged to the desired accuracy.,0.22708333333333336,4.403669724770642,3.7199294878820506e-07,1.3837875394814414e-13
5,3,0.0,1.0,3.5,80.0,4.0,5.0,-1.75,0,The algorithm converged to the desired accuracy.,0.22916666666666669,4.363636363636363,3.7368769536092154e-07,1.3964249366415691e-13
5,3,0.0,1.0,3.5,80.0,4.0,5.0,-1.75,0,The algorithm converged to the desired accuracy.,0.23125,4.324324324324324,3.7537452859594413e-07,1.4090603671862728e-13
5,3,0.0,1.0,3.5,80.0,4.0,5.0,-1.75,0,The algorithm converged to the desired accuracy.,0.23333333333333334,4.285714285714286,3.770535506620149e-07,1.4216938006683265e-13
5,3,0.0,1.0,3.5,80.0,4.0,5.0,-1.75,0,The algorithm converged to the desired accuracy.,0.23541666666666666,4.247787610619469,3.787248617691092e-07,1.4343252092203088e-13
5,3,0.0,1.0,3.5,80.0,4.0,5.0,-1.75,0,The algorithm converged to the desired accuracy.,0.2375,4.2105263157894735,3.803885598857398e-07,1.4469545649194705e-13
5,3,0.0,1.0,3.5,80.0,4.0,5.0,-1.75,0,The algorithm converged to the desired accuracy.,0.23958333333333331,4.173913043478261,3.820447405124259e-07,1.4595818375320684e-13
5,3,0.0,1.0,3.5,80.0,4.0,5.0,-1.75,0,The algorithm converged to the desired accuracy.,0.24166666666666664,4.137931034482759,3.836934970367248e-07,1.4722069966827114e-13
5,3,0.0,1.0,3.5,80.0,4.0,5.0,-1.75,0,The algorithm converged to the desired accuracy.,0.24375000000000002,4.102564102564102,3.853349212296377e-07,1.4848300151905109e-13
5,3,0.0,1.0,3.5,80.0,4.0,5.0,-1.75,0,The algorithm converged to the desired accuracy.,0.24583333333333335,4.067796610169491,3.869691026171136e-07,1.4974508638029417e-13
5,3,0.0,1.0,3.5,80.0,4.0,5.0,-1.75,0,The algorithm converged to the desired accuracy.,0.24791666666666667,4.033613445378151,3.8859612849992685e-07,1.5100695108513165e-13
5,3,0.0,1.0,3.5,80.0,4.0,5.0,-1.75,0,The algorithm converged to the desired accuracy.,0.25,4.0,3.902160848196803e-07,1.522685928519999e-13
5,3,0.0,1.0,3.5,80.0,4.0,5.0,-1.75,0,The algorithm converged to the desired accuracy.,0.2520833333333333,3.9669421487603307,3.918290556373704e-07,1.5353000884167352e-13
5,3,0.0,1.0,3.5,80.0,4.0,5.0,-1.75,0,The algorithm converged to the desired accuracy.,0.25416666666666665,3.934426229508197,3.9343512279523344e-07,1.5479119584890042e-13
5,3,0.0,1.0,3.5,80.0,4.0,5.0,-1.75,0,The algorithm converged to the desired accuracy.,0.25625,3.9024390243902443,3.950343668781839e-07,1.5605215101484757e-13
5,3,0.0,1.0,3.5,80.0,4.0,5.0,-1.75,0,The algorithm converged to the desired accuracy.,0.25833333333333336,3.8709677419354835,3.9662686689638737e-07,1.5731287154404458e-13
5,3,0.0,1.0,3.5,80.0,4.0,5.0,-1.75,0,The algorithm converged to the desired accuracy.,0.2604166666666667,3.84,3.98212699688331e-07,1.585733541930689e-13
5,3,0.0,1.0,3.5,80.0,4.0,5.0,-1.75,0,The algorithm converged to the desired accuracy.,0.2625,3.8095238095238093,3.9979194101609686e-07,1.5983359610141828e-13
5,3,0.0,1.0,3.5,80.0,4.0,5.0,-1.75,0,The algorithm converged to the desired accuracy.,0.26458333333333334,3.779527559055118,4.0136466518291986e-07,1.6109359445739735e-13
5,3,0.0,1.0,3.5,80.0,4.0,5.0,-1.75,0,The algorithm converged to the desired accuracy.,0.26666666666666666,3.75,4.029309444084829e-07,1.6235334596191195e-13
5,3,0.0,1.0,3.5,80.0,4.0,5.0,-1.75,0,The algorithm converged to the desired accuracy.,0.26875,3.7209302325581395,4.044908501369892e-07,1.6361284784454426e-13
5,3,0.0,1.0,3.5,80.0,4.0,5.0,-1.75,0,The algorithm converged to the desired accuracy.,0.2708333333333333,3.6923076923076925,4.060444522270869e-07,1.6487209718439504e-13
5,3,0.0,1.0,3.5,80.0,4.0,5.0,-1.75,0,The algorithm converged to the desired accuracy.,0.27291666666666664,3.6641221374045805,4.0759181870689605e-07,1.661310906767952e-13
5,3,0.0,1.0,3.5,80.0,4.0,5.0,-1.75,0,The algorithm converged to the desired accuracy.,0.275,3.6363636363636362,4.091330170911142e-07,1.6738982567407796e-13
5,3,0.0,1.0,3.5,80.0,4.0,5.0,-1.75,0,The algorithm converged to the desired accuracy.,0.27708333333333335,3.6090225563909772,4.106681129817663e-07,1.6864829902000476e-13
5,3,0.0,1.0,3.5,80.0,4.0,5.0,-1.75,0,The algorithm converged to the desired accuracy.,0.2791666666666667,3.582089552238806,4.121971707921044e-07,1.699065076090153e-13
5,3,0.0,1.0,3.5,80.0,4.0,5.0,-1.75,0,The algorithm converged to the desired accuracy.,0.28125,3.5555555555555554,4.1372025422331457e-07,1.7116444875460403e-13
5,3,0.0,1.0,3.5,80.0,4.0,5.0,-1.75,0,The algorithm converged to the desired accuracy.,0.2833333333333333,3.5294117647058822,4.152374249405771e-07,1.724221190712814e-13
5,3,0.0,1.0,3.5,80.0,4.0,5.0,-1.75,0,The algorithm converged to the desired accuracy.,0.28541666666666665,3.5036496350364965,4.1674874425020116e-07,1.7367951583411958e-13
5,3,0.0,1.0,3.5,80.0,4.0,5.0,-1.75,0,The algorithm converged to the desired accuracy.,0.2875,3.4782608695652177,4.182542719342126e-07,1.7493663599121826e-13
5,3,0.0,1.0,3.5,80.0,4.0,5.0,-1.75,0,The algorithm converged to the desired accuracy.,0.28958333333333336,3.4532374100719423,4.1975406649221425e-07,1.7619347633675022e-13
5,3,0.0,1.0,3.5,80.0,4.0,5.0,-1.75,0,The algorithm converged to the desired accuracy.,0.2916666666666667,3.4285714285714284,4.212481860261641e-07,1.7745003423033375e-13
5,3,0.0,1.0,3.5,80.0,4.0,5.0,-1.75,0,The algorithm converged to the desired accuracy.,0.29375,3.404255319148936,4.2273668664734036e-07,1.7870630623757163e-13
5,3,0.0,1.0,3.5,80.0,4.0,5.0,-1.75,0,The algorithm converged to the desired accuracy.,0.29583333333333334,3.380281690140845,4.242196243798557e-07,1.7996228970898588e-13
5,3,0.0,1.0,3.5,80.0,4.0,5.0,-1.75,0,The algorithm converged to the desired accuracy.,0.29791666666666666,3.3566433566433567,4.2569705360527985e-07,1.8121798144821652e-13
5,3,0.0,1.0,3.5,80.0,4.0,5.0,-1.75,0,The algorithm converged to the desired accuracy.,0.3,3.3333333333333335,4.271690279402599e-07,1.8247337843142653e-13
5,3,0.0,1.0,4.0,80.0,4.0,5.0,0.0,0,The algorithm converged to the desired accuracy.,0.05,20.0,9.765624999999988e-09,9.536743164062476e-17
5,3,0.0,1.0,4.0,80.0,4.0,5.0,0.0,0,The algorithm converged to the desired accuracy.,0.052083333333333336,19.2,9.765624999999986e-09,9.536743164062472e-17
5,3,0.0,1.0,4.0,80.0,4.0,5.0,0.0,0,The algorithm converged to the desired accuracy.,0.05416666666666667,18.46153846153846,9.765624999999981e-09,9.536743164062463e-17
5,3,0.0,1.0,4.0,80.0,4.0,5.0,0.0,0,The algorithm converged to the desired accuracy.,0.05625,17.77777777777778,9.765624999999981e-09,9.536743164062463e-17
5,3,0.0,1.0,4.0,80.0,4.0,5.0,0.0,0,The algorithm converged to the desired accuracy.,0.058333333333333334,17.142857142857142,9.765624999999978e-09,9.536743164062456e-17
5,3,0.0,1.0,4.0,80.0,4.0,5.0,0.0,0,The algorithm converged to the desired accuracy.,0.06041666666666667,16.551724137931036,9.765624999999973e-09,9.536743164062446e-17
5,3,0.0,1.0,4.0,80.0,4.0,5.0,0.0,0,The algorithm converged to the desired accuracy.,0.0625,16.0,9.765624999999968e-09,9.536743164062437e-17
5,3,0.0,1.0,4.0,80.0,4.0,5.0,0.0,0,The algorithm converged to the desired accuracy.,0.06458333333333334,15.483870967741934,9.765624999999964e-09,9.53674316406243e-17
5,3,0.0,1.0,4.0,80.0,4.0,5.0,0.0,0,The algorithm converged to the desired accuracy.,0.06666666666666667,15.0,9.76562499999996e-09,9.53674316406242e-17
5,3,0.0,1.0,4.0,80.0,4.0,5.0,0.0,0,The algorithm converged to the desired accuracy.,0.06875,14.545454545454545,9.765624999999953e-09,9.536743164062408e-17
5,3,0.0,1.0,4.0,80.0,4.0,5.0,0.0,0,The algorithm converged to the desired accuracy.,0.07083333333333333,14.117647058823529,9.765624999999946e-09,9.536743164062394e-17
5,3,0.0,1.0,4.0,80.0,4.0,5.0,0.0,0,The algorithm converged to the desired accuracy.,0.07291666666666667,13.714285714285714,9.76562499999994e-09,9.536743164062382e-17
5,3,0.0,1.0,4.0,80.0,4.0,5.0,0.0,0,The algorithm converged to the desired accuracy.,0.07500000000000001,13.333333333333332,9.765624999999933e-09,9.53674316406237e-17
5,3,0.0,1.0,4.0,80.0,4.0,5.0,0.0,0,The algorithm converged to the desired accuracy.,0.07708333333333334,12.972972972972972,9.765624999999926e-09,9.536743164062356e-17
5,3,0.0,1.0,4.0,80.0,4.0,5.0,0.0,0,The algorithm converged to the desired accuracy.,0.07916666666666666,12.631578947368421,9.765624999999918e-09,9.53674316406234e-17
5,3,0.0,1.0,4.0,80.0,4.0,5.0,0.0,0,The algorithm converged to the desired accuracy.,0.08125,12.307692307692307,9.765624999999908e-09,9.53674316406232e-17
5,3,0.0,1.0,4.0,80.0,4.0,5.0,0.0,0,The algorithm converged to the desired accuracy.,0.08333333333333334,11.999999999999998,9.765624999999898e-09,9.536743164062301e-17
5,3,0.0,1.0,4.0,80.0,4.0,5.0,0.0,0,The algorithm converged to the desired accuracy.,0.08541666666666667,11.707317073170731,9.765624999999888e-09,9.536743164062282e-17
5,3,0.0,1.0,4.0,80.0,4.0,5.0,0.0,0,The algorithm converged to the desired accuracy.,0.0875,11.428571428571429,9.765624999999875e-09,9.536743164062256e-17
5,3,0.0,1.0,4.0,80.0,4.0,5.0,0.0,0,The algorithm converged to the desired accuracy.,0.08958333333333333,11.162790697674419,9.765624999999863e-09,9.536743164062233e-17
5,3,0.0,1.0,4.0,80.0,4.0,5.0,0.0,0,The algorithm converged to the desired accuracy.,0.09166666666666667,10.909090909090908,9.76562499999985e-09,9.536743164062207e-17
5,3,0.0,1.0,4.0,80.0,4.0,5.0,0.0,0,The algorithm converged to the desired accuracy.,0.09375,10.666666666666666,9.765624999999837e-09,9.536743164062181e-17
5,3,0.0,1.0,4.0,80.0,4.0,5.0,0.0,0,The algorithm converged to the desired accuracy.,0.09583333333333333,10.434782608695652,9.765624999999822e-09,9.536743164062153e-17
5,3,0.0,1.0,4.0,80.0,4.0,5.0,0.0,0,The algorithm converged to the desired accuracy.,0.09791666666666667,10.212765957446809,9.765624999999804e-09,9.536743164062117e-17
5,3,0.0,1.0,4.0,80.0,4.0,5.0,0.0,0,The algorithm converged to the desired accuracy.,0.1,10.0,9.765624999999787e-09,9.536743164062085e-17
5,3,0.0,1.0,4.0,80.0,4.0,5.0,0.0,0,The algorithm converged to the desired accuracy.,0.10208333333333333,9.795918367346939,9.76562499999977e-09,9.536743164062049e-17
5,3,0.0,1.0,4.0,80.0,4.0,5.0,0.0,0,The algorithm converged to the desired accuracy.,0.10416666666666667,9.6,9.76562499999975e-09,9.536743164062011e-17
5,3,0.0,1.0,4.0,80.0,4.0,5.0,0.0,0,The algorithm converged to the desired accuracy.,0.10625000000000001,9.411764705882351,9.76562499999973e-09,9.536743164061972e-17
5,3,0.0,1.0,4.0,80.0,4.0,5.0,0.0,0,The algorithm converged to the desired accuracy.,0.10833333333333334,9.23076923076923,9.765624999999708e-09,9.53674316406193e-17
5,3,0.0,1.0,4.0,80.0,4.0,5.0,0.0,0,The algorithm converged to the desired accuracy.,0.11041666666666666,9.056603773584905,9.765624999999685e-09,9.536743164061884e-17
5,3,0.0,1.0,4.0,80.0,4.0,5.0,0.0,0,The algorithm converged to the desired accuracy.,0.1125,8.88888888888889,9.765624999999662e-09,9.53674316406184e-17
5,3,0.0,1.0,4.0,80.0,4.0,5.0,0.0,0,The algorithm converged to the desired accuracy.,0.11458333333333333,8.727272727272728,9.765624999999632e-09,9.53674316406178e-17
5,3,0.0,1.0,4.0,80.0,4.0,5.0,0.0,0,The algorithm converged to the desired accuracy.,0.11666666666666667,8.571428571428571,9.765624999999605e-09,9.536743164061729e-17
5,3,0.0,1.0,4.0,80.0,4.0,5.0,0.0,0,The algorithm converged to the desired accuracy.,0.11875000000000001,8.421052631578947,9.765624999999576e-09,9.536743164061671e-17
5,3,0.0,1.0,4.0,80.0,4.0,5.0,0.0,0,The algorithm converged to the desired accuracy.,0.12083333333333333,8.275862068965518,9.765624999999548e-09,9.536743164061617e-17
5,3,0.0,1.0,4.0,80.0,4.0,5.0,0.0,0,The algorithm converged to the desired accuracy.,0.12291666666666667,8.135593220338983,9.765624999999516e-09,9.536743164061555e-17
5,3,0.0,1.0,4.0,80.0,4.0,5.0,0.0,0,The algorithm converged to the desired accuracy.,0.125,8.0,9.765624999999481e-09,9.536743164061487e-17
5,3,0.0,1.0,4.0,80.0,4.0,5.0,0.0,0,The algorithm converged to the desired accuracy.,0.12708333333333333,7.868852459016394,9.765624999999445e-09,9.536743164061416e-17
5,3,0.0,1.0,4.0,80.0,4.0,5.0,0.0,0,The algorithm converged to the desired accuracy.,0.12916666666666665,7.741935483870969,9.765624999999407e-09,9.536743164061342e-17
5,3,0.0,1.0,4.0,80.0,4.0,5.0,0.0,0,The algorithm converged to the desired accuracy.,0.13125,7.619047619047619,9.765624999999369e-09,9.536743164061268e-17
5,3,0.0,1.0,4.0,80.0,4.0,5.0,0.0,0,The algorithm converged to the desired accuracy.,0.13333333333333333,7.5,9.765624999999326e-09,9.536743164061183e-17
5,3,0.0,1.0,4.0,80.0,4.0,5.0,0.0,0,The algorithm converged to the desired accuracy.,0.13541666666666669,7.384615384615383,9.765624999999284e-09,9.536743164061103e-17
5,3,0.0,1.0,4.0,80.0,4.0,5.0,0.0,0,The algorithm converged to the desired accuracy.,0.1375,7.2727272727272725,9.76562499999924e-09,9.536743164061015e-17
5,3,0.0,1.0,4.0,80.0,4.0,5.0,0.0,0,The algorithm converged to the desired accuracy.,0.13958333333333334,7.164179104477612,9.765624999999192e-09,9.536743164060921e-17
5,3,0.0,1.0,4.0,80.0,4.0,5.0,0.0,0,The algorithm converged to the desired accuracy.,0.14166666666666666,7.0588235294117645,9.765624999999142e-09,9.536743164060824e-17
5,3,0.0,1.0,4.0,80.0,4.0,5.0,0.0,0,The algorithm converged to the desired accuracy.,0.14375,6.9565217391304355,9.765624999999091e-09,9.536743164060724e-17
5,3,0.0,1.0,4.0,80.0,4.0,5.0,0.0,0,The algorithm converged to the desired accuracy.,0.14583333333333331,6.857142857142858,9.765624999999038e-09,9.536743164060621e-17
5,3,0.0,1.0,4.0,80.0,4.0,5.0,0.0,0,The algorithm converged to the desired accuracy.,0.14791666666666667,6.76056338028169,9.76562499999898e-09,9.536743164060508e-17
5,3,0.0,1.0,4.0,80.0,4.0,5.0,0.0,0,The algorithm converged to the desired accuracy.,0.15000000000000002,6.666666666666666,9.765624999998922e-09,9.536743164060395e-17
5,3,0.0,1.0,4.0,80.0,4.0,5.0,0.0,0,The algorithm converged to the desired accuracy.,0.15208333333333335,6.575342465753424,9.765624999998861e-09,9.536743164060276e-17
5,3,0.0,1.0,4.0,80.0,4.0,5.0,0.0,0,The algorithm converged to the desired accuracy.,0.15416666666666667,6.486486486486486,9.765624999998796e-09,9.53674316406015e-17
5,3,0.0,1.0,4.0,80.0,4.0,5.0,0.0,0,The algorithm converged to the desired accuracy.,0.15625,6.4,9.76562499999873e-09,9.53674316406002e-17
5,3,0.0,1.0,4.0,80.0,4.0,5.0,0.0,0,The algorithm converged to the desired accuracy.,0.15833333333333333,6.315789473684211,9.76562499999866e-09,9.536743164059885e-17
5,3,0.0,1.0,4.0,80.0,4.0,5.0,0.0,0,The algorithm converged to the desired accuracy.,0.16041666666666665,6.233766233766234,9.765624999998588e-09,9.536743164059742e-17
5,3,0.0,1.0,4.0,80.0,4.0,5.0,0.0,0,The algorithm converged to the desired accuracy.,0.1625,6.153846153846153,9.765624999998514e-09,9.536743164059596e-17
5,3,0.0,1.0,4.0,80.0,4.0,5.0,0.0,0,The algorithm converged to the desired accuracy.,0.16458333333333333,6.075949367088608,9.765624999998437e-09,9.536743164059448e-17
5,3,0.0,1.0,4.0,80.0,4.0,5.0,0.0,0,The algorithm converged to the desired accuracy.,0.16666666666666669,5.999999999999999,9.765624999998356e-09,9.53674316405929e-17
5,3,0.0,1.0,4.0,80.0,4.0,5.0,0.0,0,The algorithm converged to the desired accuracy.,0.16875,5.925925925925926,9.765624999998274e-09,9.536743164059128e-17
5,3,0.0,1.0,4.0,80.0,4.0,5.0,0.0,0,The algorithm converged to the desired accuracy.,0.17083333333333334,5.853658536585366,9.765624999998184e-09,9.536743164058954e-17
5,3,0.0,1.0,4.0,80.0,4.0,5.0,0.0,0,The algorithm converged to the desired accuracy.,0.17291666666666666,5.783132530120482,9.765624999998095e-09,9.536743164058779e-17
5,3,0.0,1.0,4.0,80.0,4.0,5.0,0.0,0,The algorithm converged to the desired accuracy.,0.175,5.714285714285714,9.765624999998002e-09,9.536743164058598e-17
5,3,0.0,1.0,4.0,80.0,4.0,5.0,0.0,0,The algorithm converged to the desired accuracy.,0.17708333333333331,5.647058823529412,9.765624999997905e-09,9.536743164058408e-17
5,3,0.0,1.0,4.0,80.0,4.0,5.0,0.0,0,The algorithm converged to the desired accuracy.,0.17916666666666664,5.58139534883721,9.765624999997804e-09,9.536743164058211e-17
5,3,0.0,1.0,4.0,80.0,4.0,5.0,0.0,0,The algorithm converged to the desired accuracy.,0.18125000000000002,5.517241379310344,9.765624999997701e-09,9.53674316405801e-17
5,3,0.0,1.0,4.0,80.0,4.0,5.0,0.0,0,The algorithm converged to the desired accuracy.,0.18333333333333335,5.454545454545454,9.765624999997592e-09,9.536743164057797e-17
5,3,0.0,1.0,4.0,80.0,4.0,5.0,0.0,0,The algorithm converged to the desired accuracy.,0.18541666666666667,5.393258426966292,9.765624999997481e-09,9.536743164057581e-17
5,3,0.0,1.0,4.0,80.0,4.0,5.0,0.0,0,The algorithm converged to the desired accuracy.,0.1875,5.333333333333333,9.765624999997365e-09,9.536743164057354e-17
5,3,0.0,1.0,4.0,80.0,4.0,5.0,0.0,0,The algorithm converged to the desired accuracy.,0.18958333333333333,5.274725274725275,9.765624999997246e-09,9.536743164057121e-17
5,3,0.0,1.0,4.0,80.0,4.0,5.0,0.0,0,The algorithm converged to the desired accuracy.,0.19166666666666665,5.217391304347826,9.765624999997122e-09,9.53674316405688e-17
5,3,0.0,1.0,4.0,80.0,4.0,5.0,0.0,0,The algorithm converged to the desired accuracy.,0.19374999999999998,5.161290322580646,9.765624999996995e-09,9.536743164056631e-17
5,3,0.0,1.0,4.0,80.0,4.0,5.0,0.0,0,The algorithm converged to the desired accuracy.,0.19583333333333336,5.106382978723404,9.765624999996864e-09,9.536743164056376e-17
5,3,0.0,1.0,4.0,80.0,4.0,5.0,0.0,0,The algorithm converged to the desired accuracy.,0.19791666666666669,5.052631578947368,9.76562499999673e-09,9.536743164056113e-17
5,3,0.0,1.0,4.0,80.0,4.0,5.0,0.0,0,The algorithm converged to the desired accuracy.,0.2,5.0,9.765624999996588e-09,9.536743164055836e-17
5,3,0.0,1.0,4.0,80.0,4.0,5.0,0.0,0,The algorithm converged to the desired accuracy.,0.20208333333333334,4.948453608247423,9.765624999996442e-09,9.536743164055551e-17
5,3,0.0,1.0,4.0,80.0,4.0,5.0,0.0,0,The algorithm converged to the desired accuracy.,0.20416666666666666,4.8979591836734695,9.765624999996295e-09,9.536743164055264e-17
5,3,0.0,1.0,4.0,80.0,4.0,5.0,0.0,0,The algorithm converged to the desired accuracy.,0.20625,4.848484848484849,9.765624999996141e-09,9.536743164054963e-17
5,3,0.0,1.0,4.0,80.0,4.0,5.0,0.0,0,The algorithm converged to the desired accuracy.,0.20833333333333331,4.800000000000001,9.76562499999598e-09,9.53674316405465e-17
5,3,0.0,1.0,4.0,80.0,4.0,5.0,0.0,0,The algorithm converged to the desired accuracy.,0.21041666666666664,4.752475247524753,9.765624999995819e-09,9.536743164054333e-17
5,3,0.0,1.0,4.0,80.0,4.0,5.0,0.0,0,The algorithm converged to the desired accuracy.,0.21250000000000002,4.705882352941176,9.765624999995651e-09,9.536743164054007e-17
5,3,0.0,1.0,4.0,80.0,4.0,5.0,0.0,0,The algorithm converged to the desired accuracy.,0.21458333333333335,4.660194174757281,9.765624999995478e-09,9.536743164053668e-17
5,3,0.0,1.0,4.0,80.0,4.0,5.0,0.0,0,The algorithm converged to the desired accuracy.,0.21666666666666667,4.615384615384615,9.765624999995299e-09,9.536743164053319e-17
5,3,0.0,1.0,4.0,80.0,4.0,5.0,0.0,0,The algorithm converged to the desired accuracy.,0.21875,4.571428571428571,9.765624999995114e-09,9.536743164052956e-17
5,3,0.0,1.0,4.0,80.0,4.0,5.0,0.0,0,The algorithm converged to the desired accuracy.,0.22083333333333333,4.528301886792453,9.765624999994927e-09,9.536743164052592e-17
5,3,0.0,1.0,4.0,80.0,4.0,5.0,0.0,0,The algorithm converged to the desired accuracy.,0.22291666666666665,4.4859813084112155,9.765624999994732e-09,9.536743164052211e-17
5,3,0.0,1.0,4.0,80.0,4.0,5.0,0.0,0,The algorithm converged to the desired accuracy.,0.22499999999999998,4.444444444444445,9.765624999994531e-09,9.53674316405182e-17
5,3,0.0,1.0,4.0,80.0,4.0,5.0,0.0,0,The algorithm converged to the desired accuracy.,0.22708333333333336,4.403669724770642,9.765624999994325e-09,9.536743164051416e-17
5,3,0.0,1.0,4.0,80.0,4.0,5.0,0.0,0,The algorithm converged to the desired accuracy.,0.22916666666666669,4.363636363636363,9.765624999994113e-09,9.536743164051001e-17
5,3,0.0,1.0,4.0,80.0,4.0,5.0,0.0,0,The algorithm converged to the desired accuracy.,0.23125,4.324324324324324,9.765624999993896e-09,9.536743164050579e-17
5,3,0.0,1.0,4.0,80.0,4.0,5.0,0.0,0,The algorithm converged to the desired accuracy.,0.23333333333333334,4.285714285714286,9.765624999993675e-09,9.536743164050146e-17
5,3,0.0,1.0,4.0,80.0,4.0,5.0,0.0,0,The algorithm converged to the desired accuracy.,0.23541666666666666,4.247787610619469,9.765624999993443e-09,9.536743164049694e-17
5,3,0.0,1.0,4.0,80.0,4.0,5.0,0.0,0,The algorithm converged to the desired accuracy.,0.2375,4.2105263157894735,9.765624999993208e-09,9.536743164049234e-17
5,3,0.0,1.0,4.0,80.0,4.0,5.0,0.0,0,The algorithm converged to the desired accuracy.,0.23958333333333331,4.173913043478261,9.765624999992965e-09,9.536743164048759e-17
5,3,0.0,1.0,4.0,80.0,4.0,5.0,0.0,0,The algorithm converged to the desired accuracy.,0.24166666666666664,4.137931034482759,9.765624999992717e-09,9.536743164048275e-17
5,3,0.0,1.0,4.0,80.0,4.0,5.0,0.0,0,The algorithm converged to the desired accuracy.,0.24375000000000002,4.102564102564102,9.765624999992459e-09,9.536743164047771e-17
5,3,0.0,1.0,4.0,80.0,4.0,5.0,0.0,0,The algorithm converged to the desired accuracy.,0.24583333333333335,4.067796610169491,9.765624999992199e-09,9.536743164047263e-17
5,3,0.0,1.0,4.0,80.0,4.0,5.0,0.0,0,The algorithm converged to the desired accuracy.,0.24791666666666667,4.033613445378151,9.76562499999193e-09,9.53674316404674e-17
5,3,0.0,1.0,4.0,80.0,4.0,5.0,0.0,0,The algorithm converged to the desired accuracy.,0.25,4.0,9.765624999991655e-09,9.5367431640462e-17
5,3,0.0,1.0,4.0,80.0,4.0,5.0,0.0,0,The algorithm converged to the desired accuracy.,0.2520833333333333,3.9669421487603307,9.765624999991373e-09,9.536743164045651e-17
5,3,0.0,1.0,4.0,80.0,4.0,5.0,0.0,0,The algorithm converged to the desired accuracy.,0.25416666666666665,3.934426229508197,9.765624999991082e-09,9.536743164045083e-17
5,3,0.0,1.0,4.0,80.0,4.0,5.0,0.0,0,The algorithm converged to the desired accuracy.,0.25625,3.9024390243902443,9.765624999990786e-09,9.536743164044504e-17
5,3,0.0,1.0,4.0,80.0,4.0,5.0,0.0,0,The algorithm converged to the desired accuracy.,0.25833333333333336,3.8709677419354835,9.76562499999048e-09,9.536743164043907e-17
5,3,0.0,1.0,4.0,80.0,4.0,5.0,0.0,0,The algorithm converged to the desired accuracy.,0.2604166666666667,3.84,9.765624999990167e-09,9.536743164043295e-17
5,3,0.0,1.0,4.0,80.0,4.0,5.0,0.0,0,The algorithm converged to the desired accuracy.,0.2625,3.8095238095238093,9.765624999989846e-09,9.536743164042669e-17
5,3,0.0,1.0,4.0,80.0,4.0,5.0,0.0,0,The algorithm converged to the desired accuracy.,0.26458333333333334,3.779527559055118,9.765624999989517e-09,9.536743164042026e-17
5,3,0.0,1.0,4.0,80.0,4.0,5.0,0.0,0,The algorithm converged to the desired accuracy.,0.26666666666666666,3.75,9.765624999989181e-09,9.53674316404137e-17
5,3,0.0,1.0,4.0,80.0,4.0,5.0,0.0,0,The algorithm converged to the desired accuracy.,0.26875,3.7209302325581395,9.765624999988837e-09,9.536743164040698e-17
5,3,0.0,1.0,4.0,80.0,4.0,5.0,0.0,0,The algorithm converged to the desired accuracy.,0.2708333333333333,3.6923076923076925,9.765624999988485e-09,9.536743164040009e-17
5,3,0.0,1.0,4.0,80.0,4.0,5.0,0.0,0,The algorithm converged to the desired accuracy.,0.27291666666666664,3.6641221374045805,9.765624999988126e-09,9.536743164039308e-17
5,3,0.0,1.0,4.0,80.0,4.0,5.0,0.0,0,The algorithm converged to the desired accuracy.,0.275,3.6363636363636362,9.765624999987759e-09,9.53674316403859e-17
5,3,0.0,1.0,4.0,80.0,4.0,5.0,0.0,0,The algorithm converged to the desired accuracy.,0.27708333333333335,3.6090225563909772,9.765624999987381e-09,9.536743164037855e-17
5,3,0.0,1.0,4.0,80.0,4.0,5.0,0.0,0,The algorithm converged to the desired accuracy.,0.2791666666666667,3.582089552238806,9.765624999986996e-09,9.536743164037101e-17
5,3,0.0,1.0,4.0,80.0,4.0,5.0,0.0,0,The algorithm converged to the desired accuracy.,0.28125,3.5555555555555554,9.765624999986604e-09,9.536743164036336e-17
5,3,0.0,1.0,4.0,80.0,4.0,5.0,0.0,0,The algorithm converged to the desired accuracy.,0.2833333333333333,3.5294117647058822,9.765624999986202e-09,9.536743164035551e-17
5,3,0.0,1.0,4.0,80.0,4.0,5.0,0.0,0,The algorithm converged to the desired accuracy.,0.28541666666666665,3.5036496350364965,9.765624999985791e-09,9.536743164034748e-17
5,3,0.0,1.0,4.0,80.0,4.0,5.0,0.0,0,The algorithm converged to the desired accuracy.,0.2875,3.4782608695652177,9.765624999985371e-09,9.536743164033929e-17
5,3,0.0,1.0,4.0,80.0,4.0,5.0,0.0,0,The algorithm converged to the desired accuracy.,0.28958333333333336,3.4532374100719423,9.765624999984943e-09,9.536743164033092e-17
5,3,0.0,1.0,4.0,80.0,4.0,5.0,0.0,0,The algorithm converged to the desired accuracy.,0.2916666666666667,3.4285714285714284,9.765624999984501e-09,9.536743164032229e-17
5,3,0.0,1.0,4.0,80.0,4.0,5.0,0.0,0,The algorithm converged to the desired accuracy.,0.29375,3.404255319148936,9.765624999984053e-09,9.536743164031353e-17
5,3,0.0,1.0,4.0,80.0,4.0,5.0,0.0,0,The algorithm converged to the desired accuracy.,0.29583333333333334,3.380281690140845,9.765624999983594e-09,9.536743164030458e-17
5,3,0.0,1.0,4.0,80.0,4.0,5.0,0.0,0,The algorithm converged to the desired accuracy.,0.29791666666666666,3.3566433566433567,9.765624999983128e-09,9.536743164029547e-17
5,3,0.0,1.0,4.0,80.0,4.0,5.0,0.0,0,The algorithm converged to the desired accuracy.,0.3,3.3333333333333335,9.76562499998265e-09,9.536743164028613e-17
